settlement,region_kingdom,capital,settlement_population,settlement_economy,rumored_treasure_value,demographic_breakdown,average_age,most_likely_cause_of_death,government_type,class_density,tax_rate,exports,imports,ruler,military,magic_academy,languages,religions,region_population,region_economy,area,average_temperature,annual_rainfall,magical_climate,dragon_sightings,sources,canon_status,source_confidence,hidden_economy,trade_balance,risk_index,geo_lat,geo_lon
Amn Settlement 0001,Amn,Athkatla,217,1629063,77005,"{""humans"": 170, ""elves"": 17, ""dwarves"": 12, ""halflings"": 12, ""half-orcs"": 3, ""misc."": 3}",136,old age,"[""Satrapy""]","{""poor"": 0.5332, ""middle"": 0.2792, ""wealthy"": 0.028, ""aristocrat"": 0.1596}",2,"[[""cloth"", ""grain"", ""horses"", ""salt"", ""wine""]]","[[""glass"", ""mercenaries""]]",Ruler AMN-617,professional guard,arcanum,Orc,Selune,135123,611983508,388.79,59.4,75.9,8,0,synthetic generator v3,derived,0.62,1962109,3,29.6,14.97252,-10.20278
Waterdeep Settlement 0002,Waterdeep,Waterdeep,641,3763634,177614,"{""humans"": 503, ""elves"": 50, ""dwarves"": 27, ""halflings"": 18, ""half-orcs"": 41, ""misc."": 2}",91,war,"[""Democracy""]","{""poor"": 0.5662, ""middle"": 0.2874, ""wealthy"": 0.0403, ""aristocrat"": 0.1061}",2,"[[""armor"", ""fish"", ""horses"", ""weapons""]]","[[""coal"", ""glass"", ""mercenaries"", ""ore"", ""spices""]]",Ruler WAT-260,small militia,arcanum,Elvish,Lathander,111501,517924535,428.94,47.0,62.8,10,0,synthetic generator v3,synthetic,0.38,3873199,-1,36.6,46.83193,-26.24122
Amn Settlement 0003,Amn,Athkatla,339,833716,29249,"{""humans"": 262, ""elves"": 11, ""dwarves"": 24, ""halflings"": 26, ""half-orcs"": 15, ""misc."": 1}",35,arcane mishap,"[""Theocracy""]","{""poor"": 0.6176, ""middle"": 0.2991, ""wealthy"": 0.0786, ""aristocrat"": 0.0047}",0,"[[""books"", ""gems"", ""weapons"", ""wine""]]","[[""glass"", ""magic items"", ""parchment"", ""spices""]]",Ruler AMN-15,professional guard,local academy,"Common, Draconic, Orc",Chauntea,135123,611983508,323.65,72.3,56.2,5,0,synthetic generator v3,derived,0.75,824390,0,17.5,10.15874,-36.16
Amn Settlement 0004,Amn,Athkatla,2124,15752973,926151,"{""humans"": 1635, ""elves"": 183, ""dwarves"": 122, ""halflings"": 71, ""half-orcs"": 109, ""misc."": 4}",146,arcane mishap,"[""Satrapy""]","{""poor"": 0.5735, ""middle"": 0.201, ""wealthy"": 0.0755, ""aristocrat"": 0.15}",18,"[[""cloth"", ""horses"", ""timber"", ""weapons""]]","[[""coal"", ""jewelry""]]",Ruler AMN-521,mercenary heavy,arcanum,Halfling,Lathander,135123,611983508,421.01,61.7,69.5,7,1,synthetic generator v3,synthetic,0.48,18768370,2,39.8,16.7978,-33.27529
Waterdeep Settlement 0005,Waterdeep,Waterdeep,827,7072388,13107,"{""humans"": 650, ""elves"": 76, ""dwarves"": 52, ""halflings"": 22, ""half-orcs"": 24, ""misc."": 3}",127,famine,"[""Confederacy""]","{""poor"": 0.4905, ""middle"": 0.2979, ""wealthy"": 0.0313, ""aristocrat"": 0.1803}",3,"[[""gems"", ""grain"", ""timber""]]","[[""glass"", ""ore""]]",Ruler WAT-960,naval patrol,guilds,"Dwarvish, Elvish, Orc","Mystra, Tempus, Tyr",111501,517924535,271.54,52.4,57.3,4,0,synthetic generator v3,synthetic,0.54,8441434,1,16.4,46.1919,-20.14154
Baldurs Gate Settlement 0006,Baldurs Gate,Baldur's Gate,1148,8486484,609198,"{""humans"": 926, ""elves"": 74, ""dwarves"": 43, ""halflings"": 56, ""half-orcs"": 47, ""misc."": 2}",97,disease,"[""Confederacy""]","{""poor"": 0.4854, ""middle"": 0.3103, ""wealthy"": 0.0448, ""aristocrat"": 0.1595}",6,"[[""salt""]]","[[""magic items"", ""silk""]]",Ruler BAL-792,professional guard,arcanum,"Common, Elvish",Tyr,88949,460120908,382.67,63.9,34.6,7,0,synthetic generator v3,synthetic,0.44,9084781,-1,29.3,36.43113,-22.86337
Sembia Settlement 0007,Sembia,Selgaunt,2018,4653335,145072,"{""humans"": 1554, ""elves"": 87, ""dwarves"": 206, ""halflings"": 44, ""half-orcs"": 124, ""misc."": 3}",121,old age,"[""Democracy""]","{""poor"": 0.5578, ""middle"": 0.3707, ""wealthy"": 0.0665, ""aristocrat"": 0.005}",19,"[[""armor"", ""gems"", ""wine""]]","[[""glass"", ""jewelry"", ""mercenaries"", ""silk""]]",Ruler SEM-623,naval patrol,arcanum,"Common, Orc","Selune, Torm",115850,569433233,222.9,60.1,41.9,1,0,synthetic generator v3,derived,0.8,3701763,-1,18.7,33.09148,28.21582
Baldurs Gate Settlement 0008,Baldurs Gate,Baldur's Gate,1125,4207175,137143,"{""humans"": 796, ""elves"": 94, ""dwarves"": 64, ""halflings"": 103, ""half-orcs"": 66, ""misc."": 2}",48,famine,"[""Theocracy""]","{""poor"": 0.6158, ""middle"": 0.2623, ""wealthy"": 0.0727, ""aristocrat"": 0.0492}",15,"[[""armor"", ""gems"", ""grain"", ""weapons"", ""wine""]]","[[""mercenaries"", ""parchment""]]",Ruler BAL-23,naval patrol,None,"Draconic, Halfling, Orc",Lathander,88949,460120908,481.13,63.1,69.7,1,0,synthetic generator v3,synthetic,0.52,4383963,3,15.5,16.36864,-21.05217
Calimshan Settlement 0009,Calimshan,Memnon,1753,3750717,180557,"{""humans"": 1425, ""elves"": 67, ""dwarves"": 96, ""halflings"": 110, ""half-orcs"": 53, ""misc."": 2}",77,crime,"[""Theocracy""]","{""poor"": 0.5846, ""middle"": 0.3795, ""wealthy"": 0.0309, ""aristocrat"": 0.005}",0,"[[""cloth"", ""gems""]]","[[""coal"", ""glass"", ""jewelry"", ""silk"", ""spices""]]",Ruler CAL-252,naval patrol,local academy,Common,"Lathander, Tempus",104596,622107818,462.82,73.4,26.6,2,0,synthetic generator v3,synthetic,0.57,4153792,-3,7.0,20.48111,-52.85089
Sembia Settlement 0010,Sembia,Selgaunt,1599,12994197,455841,"{""humans"": 1250, ""elves"": 134, ""dwarves"": 116, ""halflings"": 40, ""half-orcs"": 56, ""misc."": 3}",92,famine,"[""Confederacy""]","{""poor"": 0.5045, ""middle"": 0.2634, ""wealthy"": 0.0335, ""aristocrat"": 0.1986}",14,"[[""armor"", ""fish"", ""grain"", ""timber""]]","[[""glass"", ""ore""]]",Ruler SEM-145,professional guard,guilds,"Draconic, Elvish",Tyr,115850,569433233,469.04,52.7,62.6,4,0,synthetic generator v3,derived,0.78,14929306,2,25.2,37.21596,44.83393
Neverwinter Settlement 0011,Neverwinter,Neverwinter,6304,50579589,985985,"{""humans"": 4657, ""elves"": 654, ""dwarves"": 528, ""halflings"": 215, ""half-orcs"": 248, ""misc."": 2}",136,monster attack,"[""Magocracy""]","{""poor"": 0.4925, ""middle"": 0.2524, ""wealthy"": 0.0711, ""aristocrat"": 0.184}",15,"[[""cloth"", ""timber""]]","[[""glass"", ""mercenaries"", ""ore"", ""spices""]]",Ruler NEV-238,naval patrol,local academy,Dwarvish,Tempus,41958,200003469,118.25,52.3,43.0,2,0,synthetic generator v3,derived,0.62,61792821,-2,19.0,55.5406,-49.25117
Sembia Settlement 0012,Sembia,Selgaunt,529,1928777,174129,"{""humans"": 387, ""elves"": 61, ""dwarves"": 23, ""halflings"": 40, ""half-orcs"": 15, ""misc."": 3}",137,disease,"[""Merchant Council""]","{""poor"": 0.5901, ""middle"": 0.3179, ""wealthy"": 0.034, ""aristocrat"": 0.058}",20,"[[""books"", ""gems"", ""wine""]]","[[""jewelry"", ""magic items"", ""silk""]]",Ruler SEM-9,naval patrol,guilds,"Dwarvish, Halfling","Lathander, Mystra, Selune",115850,569433233,70.76,55.6,47.7,8,0,synthetic generator v3,synthetic,0.63,2552146,0,44.0,29.82623,51.67137
Amn Settlement 0013,Amn,Athkatla,3914,21352576,368947,"{""humans"": 3089, ""elves"": 280, ""dwarves"": 202, ""halflings"": 116, ""half-orcs"": 225, ""misc."": 2}",83,war,"[""Satrapy""]","{""poor"": 0.5839, ""middle"": 0.2359, ""wealthy"": 0.0912, ""aristocrat"": 0.089}",18,"[[""fish"", ""gems"", ""horses""]]","[[""coal""]]",Ruler AMN-890,mercenary heavy,local academy,Common,Tyr,135123,611983508,357.44,68.8,70.5,9,0,synthetic generator v3,derived,0.73,25531116,2,45.9,23.04676,-16.0803
Calimshan Settlement 0014,Calimshan,Memnon,478,4328596,172920,"{""humans"": 378, ""elves"": 23, ""dwarves"": 25, ""halflings"": 19, ""half-orcs"": 30, ""misc."": 3}",149,crime,"[""Theocracy""]","{""poor"": 0.4634, ""middle"": 0.3033, ""wealthy"": 0.0212, ""aristocrat"": 0.2121}",0,"[[""books"", ""cloth"", ""fish"", ""gems"", ""salt""]]","[[""ore"", ""parchment""]]",Ruler CAL-522,mercenary heavy,local academy,"Common, Orc","Mystra, Selune, Tempus",104596,622107818,534.16,85.3,14.4,8,0,synthetic generator v3,derived,0.84,5811989,3,28.0,5.60212,-63.89726
Neverwinter Settlement 0015,Neverwinter,Neverwinter,1050,2175966,84324,"{""humans"": 727, ""elves"": 85, ""dwarves"": 77, ""halflings"": 99, ""half-orcs"": 60, ""misc."": 2}",83,crime,"[""Dictatorship""]","{""poor"": 0.6096, ""middle"": 0.3537, ""wealthy"": 0.0283, ""aristocrat"": 0.0084}",14,"[[""cloth"", ""fish"", ""grain"", ""horses"", ""timber""]]","[[""coal"", ""glass"", ""mercenaries""]]",Ruler NEV-296,professional guard,None,"Common, Dwarvish",Mystra,41958,200003469,132.11,44.0,53.6,8,0,synthetic generator v3,derived,0.63,2065538,2,39.2,42.78705,-40.62354
Calimshan Settlement 0016,Calimshan,Memnon,12261,53556194,3161305,"{""humans"": 10086, ""elves"": 576, ""dwarves"": 869, ""halflings"": 420, ""half-orcs"": 307, ""misc."": 3}",83,monster attack,"[""Theocracy""]","{""poor"": 0.4947, ""middle"": 0.3766, ""wealthy"": 0.0693, ""aristocrat"": 0.0594}",14,"[[""fish"", ""salt"", ""timber""]]","[[""glass"", ""ore"", ""silk""]]",Ruler CAL-302,naval patrol,guilds,"Draconic, Elvish, Orc","Mystra, Tempus, Torm",104596,622107818,462.49,83.5,49.6,5,0,synthetic generator v3,derived,0.66,57586395,0,28.7,6.48977,-49.82736
Waterdeep Settlement 0017,Waterdeep,Waterdeep,2453,14999687,997116,"{""humans"": 1922, ""elves"": 156, ""dwarves"": 148, ""halflings"": 172, ""half-orcs"": 52, ""misc."": 3}",98,monster attack,"[""Dictatorship""]","{""poor"": 0.5131, ""middle"": 0.3217, ""wealthy"": 0.06, ""aristocrat"": 0.1052}",0,"[[""salt""]]","[[""coal"", ""jewelry"", ""spices""]]",Ruler WAT-407,mercenary heavy,guilds,"Elvish, Halfling, Orc",Chauntea,111501,517924535,137.43,47.4,43.0,3,0,synthetic generator v3,derived,0.66,14476562,-2,10.5,29.23344,-4.27929
Waterdeep Settlement 0018,Waterdeep,Waterdeep,2265,5463961,193640,"{""humans"": 1742, ""elves"": 134, ""dwarves"": 125, ""halflings"": 203, ""half-orcs"": 59, ""misc."": 2}",88,old age,"[""Satrapy""]","{""poor"": 0.6423, ""middle"": 0.2815, ""wealthy"": 0.0715, ""aristocrat"": 0.0047}",3,"[[""armor"", ""gems"", ""weapons""]]","[[""parchment""]]",Ruler WAT-228,naval patrol,None,"Dwarvish, Halfling, Orc",Tempus,111501,517924535,88.15,53.5,51.8,8,0,synthetic generator v3,synthetic,0.45,5041709,2,30.4,33.76338,-17.67343
Tethyr Settlement 0019,Tethyr,Darromar,715,4559911,113139,"{""humans"": 548, ""elves"": 62, ""dwarves"": 44, ""halflings"": 46, ""half-orcs"": 13, ""misc."": 2}",79,old age,"[""Merchant Council""]","{""poor"": 0.5195, ""middle"": 0.3062, ""wealthy"": 0.0262, ""aristocrat"": 0.1481}",0,"[[""books""]]","[[""jewelry"", ""mercenaries""]]",Ruler TET-378,mercenary heavy,arcanum,"Draconic, Dwarvish, Elvish","Chauntea, Torm",94697,355319062,315.83,72.5,46.0,5,0,synthetic generator v3,derived,0.85,4302842,-1,17.5,8.17828,-18.88638
Cormyr Settlement 0020,Cormyr,Suzail,259,1288486,51044,"{""humans"": 192, ""elves"": 19, ""dwarves"": 15, ""halflings"": 22, ""half-orcs"": 9, ""misc."": 2}",49,arcane mishap,"[""Patriarchy""]","{""poor"": 0.5977, ""middle"": 0.2746, ""wealthy"": 0.0293, ""aristocrat"": 0.0984}",0,"[[""cloth""]]","[[""glass""]]",Ruler COR-567,naval patrol,arcanum,"Dwarvish, Elvish, Orc",Lathander,128212,529868877,116.66,63.9,58.5,2,0,synthetic generator v3,synthetic,0.36,1683610,0,7.0,20.0265,16.99441
Sembia Settlement 0021,Sembia,Selgaunt,257,535460,15293,"{""humans"": 179, ""elves"": 28, ""dwarves"": 16, ""halflings"": 19, ""half-orcs"": 13, ""misc."": 2}",172,arcane mishap,"[""Theocracy""]","{""poor"": 0.617, ""middle"": 0.3246, ""wealthy"": 0.0537, ""aristocrat"": 0.0047}",0,"[[""books"", ""cloth"", ""timber"", ""wine""]]","[[""magic items"", ""ore"", ""parchment"", ""spices""]]",Ruler SEM-184,naval patrol,guilds,Draconic,Mystra,115850,569433233,478.75,52.2,61.9,4,0,synthetic generator v3,derived,0.79,604329,0,14.0,27.90854,38.35874
Amn Settlement 0022,Amn,Athkatla,237,549099,40045,"{""humans"": 190, ""elves"": 13, ""dwarves"": 10, ""halflings"": 6, ""half-orcs"": 15, ""misc."": 3}",81,arcane mishap,"[""Monarchy""]","{""poor"": 0.5724, ""middle"": 0.3819, ""wealthy"": 0.0407, ""aristocrat"": 0.005}",9,"[[""cloth""]]","[[""coal"", ""jewelry"", ""ore"", ""parchment"", ""spices""]]",Ruler AMN-522,professional guard,None,"Dwarvish, Orc","Lathander, Torm",135123,611983508,431.84,61.9,87.3,7,0,synthetic generator v3,synthetic,0.35,674492,-4,31.7,13.50721,-32.60622
Baldurs Gate Settlement 0023,Baldurs Gate,Baldur's Gate,1455,7815827,412960,"{""humans"": 1185, ""elves"": 87, ""dwarves"": 77, ""halflings"": 60, ""half-orcs"": 44, ""misc."": 2}",131,monster attack,"[""Theocracy""]","{""poor"": 0.5513, ""middle"": 0.2957, ""wealthy"": 0.0536, ""aristocrat"": 0.0994}",0,"[[""books"", ""cloth""]]","[[""jewelry""]]",Ruler BAL-476,mercenary heavy,None,Halfling,Tempus,88949,460120908,513.81,57.0,49.8,5,7,synthetic generator v3,synthetic,0.52,6491692,1,23.8,25.11801,-16.14567
Waterdeep Settlement 0024,Waterdeep,Waterdeep,933,2283732,27489,"{""humans"": 680, ""elves"": 63, ""dwarves"": 49, ""halflings"": 96, ""half-orcs"": 43, ""misc."": 2}",108,arcane mishap,"[""Confederacy""]","{""poor"": 0.6164, ""middle"": 0.3112, ""wealthy"": 0.0678, ""aristocrat"": 0.0046}",0,"[[""books"", ""fish"", ""grain"", ""horses"", ""wine""]]","[[""glass"", ""silk""]]",Ruler WAT-624,naval patrol,local academy,Dwarvish,"Chauntea, Lathander, Tempus",111501,517924535,310.11,58.2,58.5,3,0,synthetic generator v3,synthetic,0.5,2201013,3,10.5,48.84928,-26.55838
Baldurs Gate Settlement 0025,Baldurs Gate,Baldur's Gate,2253,4611603,78547,"{""humans"": 1689, ""elves"": 155, ""dwarves"": 168, ""halflings"": 189, ""half-orcs"": 49, ""misc."": 3}",63,monster attack,"[""Patriarchy""]","{""poor"": 0.6942, ""middle"": 0.2422, ""wealthy"": 0.0586, ""aristocrat"": 0.005}",12,"[[""cloth"", ""gems"", ""weapons""]]","[[""parchment""]]",Ruler BAL-405,professional guard,guilds,"Common, Halfling, Orc","Mystra, Tempus, Tyr",88949,460120908,74.07,63.8,44.1,3,0,synthetic generator v3,synthetic,0.67,5994362,2,20.1,30.27732,-21.18145
Sembia Settlement 0026,Sembia,Selgaunt,509,1126354,2179,"{""humans"": 369, ""elves"": 40, ""dwarves"": 42, ""halflings"": 34, ""half-orcs"": 21, ""misc."": 3}",67,crime,"[""Confederacy""]","{""poor"": 0.6232, ""middle"": 0.2973, ""wealthy"": 0.0744, ""aristocrat"": 0.0051}",10,"[[""armor"", ""gems"", ""horses"", ""timber"", ""wine""]]","[[""coal"", ""glass"", ""jewelry"", ""magic items""]]",Ruler SEM-483,naval patrol,None,"Common, Halfling","Selune, Tyr",115850,569433233,543.12,60.2,60.8,10,1,synthetic generator v3,synthetic,0.63,1163343,1,43.9,39.45423,47.36424
Waterdeep Settlement 0027,Waterdeep,Waterdeep,8013,53242847,1550673,"{""humans"": 6150, ""elves"": 536, ""dwarves"": 610, ""halflings"": 415, ""half-orcs"": 300, ""misc."": 2}",109,disease,"[""Democracy""]","{""poor"": 0.4557, ""middle"": 0.3538, ""wealthy"": 0.0778, ""aristocrat"": 0.1127}",0,"[[""cloth""]]","[[""silk""]]",Ruler WAT-759,mercenary heavy,guilds,Halfling,"Selune, Tempus, Torm",111501,517924535,532.02,51.2,33.4,0,0,synthetic generator v3,derived,0.72,51272200,0,0.0,47.45404,-6.40426
Amn Settlement 0028,Amn,Athkatla,360,813103,18121,"{""humans"": 265, ""elves"": 14, ""dwarves"": 31, ""halflings"": 30, ""half-orcs"": 18, ""misc."": 2}",140,famine,"[""Patriarchy""]","{""poor"": 0.5921, ""middle"": 0.3621, ""wealthy"": 0.0412, ""aristocrat"": 0.0046}",0,"[[""books"", ""salt""]]","[[""glass"", ""jewelry"", ""mercenaries"", ""spices""]]",Ruler AMN-30,naval patrol,None,Elvish,Chauntea,135123,611983508,137.27,67.7,68.0,2,0,synthetic generator v3,synthetic,0.62,792425,-2,7.0,23.99688,-13.08221
Cormyr Settlement 0029,Cormyr,Suzail,827,7227993,53665,"{""humans"": 664, ""elves"": 63, ""dwarves"": 34, ""halflings"": 35, ""half-orcs"": 28, ""misc."": 3}",77,crime,"[""Satrapy""]","{""poor"": 0.4858, ""middle"": 0.2358, ""wealthy"": 0.0786, ""aristocrat"": 0.1998}",0,"[[""armor"", ""horses"", ""wine""]]","[[""glass"", ""magic items"", ""mercenaries"", ""parchment"", ""silk""]]",Ruler COR-343,mercenary heavy,None,"Common, Draconic","Lathander, Tempus, Torm",128212,529868877,59.87,63.4,69.6,2,0,synthetic generator v3,derived,0.7,7870357,-2,7.0,28.51199,18.30423
Waterdeep Settlement 0030,Waterdeep,Waterdeep,46917,205981260,3677320,"{""humans"": 37885, ""elves"": 2860, ""dwarves"": 2200, ""halflings"": 3252, ""half-orcs"": 718, ""misc."": 2}",149,disease,"[""Confederacy""]","{""poor"": 0.5116, ""middle"": 0.3834, ""wealthy"": 0.0474, ""aristocrat"": 0.0576}",0,"[[""armor"", ""cloth"", ""fish"", ""salt""]]","[[""jewelry"", ""magic items"", ""parchment""]]",Ruler WAT-111,small militia,None,"Halfling, Orc","Lathander, Selune",111501,517924535,21.31,58.3,44.6,9,0,synthetic generator v3,derived,0.75,216289356,1,31.5,38.12959,-14.63755
Waterdeep Settlement 0031,Waterdeep,Waterdeep,207,2544114,212418,"{""humans"": 157, ""elves"": 12, ""dwarves"": 13, ""halflings"": 12, ""half-orcs"": 10, ""misc."": 3}",121,disease,"[""Democracy""]","{""poor"": 0.4557, ""middle"": 0.2233, ""wealthy"": 0.0355, ""aristocrat"": 0.2855}",5,"[[""armor""]]","[[""mercenaries"", ""ore"", ""spices""]]",Ruler WAT-708,mercenary heavy,guilds,"Draconic, Halfling","Tempus, Torm",111501,517924535,493.62,44.9,57.4,0,0,synthetic generator v3,synthetic,0.48,3283985,-2,4.0,34.7935,-23.22972
Calimshan Settlement 0032,Calimshan,Memnon,179,797404,32797,"{""humans"": 134, ""elves"": 23, ""dwarves"": 13, ""halflings"": 4, ""half-orcs"": 3, ""misc."": 2}",112,war,"[""Satrapy""]","{""poor"": 0.6383, ""middle"": 0.2359, ""wealthy"": 0.049, ""aristocrat"": 0.0768}",13,"[[""gems"", ""horses"", ""salt""]]","[[""coal"", ""glass"", ""magic items"", ""ore"", ""parchment""]]",Ruler CAL-844,naval patrol,arcanum,"Draconic, Halfling",Tempus,104596,622107818,527.17,74.3,39.3,3,0,synthetic generator v3,synthetic,0.4,718492,-2,20.9,6.79603,-44.18995
Sembia Settlement 0033,Sembia,Selgaunt,2087,7850319,510879,"{""humans"": 1604, ""elves"": 199, ""dwarves"": 62, ""halflings"": 150, ""half-orcs"": 68, ""misc."": 4}",121,old age,"[""Merchant Council""]","{""poor"": 0.6463, ""middle"": 0.2523, ""wealthy"": 0.0359, ""aristocrat"": 0.0655}",0,"[[""gems"", ""grain"", ""wine""]]","[[""glass""]]",Ruler SEM-682,naval patrol,local academy,"Common, Elvish",Selune,115850,569433233,207.52,49.2,47.9,0,0,synthetic generator v3,derived,0.67,10442192,2,0.0,28.57891,31.52076
Neverwinter Settlement 0034,Neverwinter,Neverwinter,761,3959681,20163,"{""humans"": 644, ""elves"": 20, ""dwarves"": 51, ""halflings"": 19, ""half-orcs"": 23, ""misc."": 4}",40,disease,"[""Satrapy""]","{""poor"": 0.5267, ""middle"": 0.3113, ""wealthy"": 0.0659, ""aristocrat"": 0.0961}",0,"[[""books"", ""fish"", ""grain"", ""horses"", ""salt""]]","[[""magic items""]]",Ruler NEV-93,mercenary heavy,None,"Draconic, Dwarvish, Halfling",Tyr,41958,200003469,541.72,40.0,42.4,5,0,synthetic generator v3,synthetic,0.47,4960915,4,17.5,40.91096,-50.52786
Calimshan Settlement 0035,Calimshan,Memnon,2164,18866965,830797,"{""humans"": 1641, ""elves"": 115, ""dwarves"": 150, ""halflings"": 144, ""half-orcs"": 111, ""misc."": 3}",79,disease,"[""Satrapy""]","{""poor"": 0.5374, ""middle"": 0.2271, ""wealthy"": 0.0303, ""aristocrat"": 0.2052}",0,"[[""weapons""]]","[[""glass"", ""magic items"", ""mercenaries"", ""spices""]]",Ruler CAL-824,small militia,local academy,"Common, Dwarvish",Tempus,104596,622107818,527.5,84.4,22.6,1,0,synthetic generator v3,synthetic,0.45,18778843,-3,3.5,11.04236,-53.9439
Amn Settlement 0036,Amn,Athkatla,311,725989,49892,"{""humans"": 230, ""elves"": 27, ""dwarves"": 16, ""halflings"": 23, ""half-orcs"": 11, ""misc."": 4}",170,war,"[""Monarchy""]","{""poor"": 0.5827, ""middle"": 0.3643, ""wealthy"": 0.0483, ""aristocrat"": 0.0047}",0,"[[""armor"", ""cloth"", ""grain""]]","[[""coal"", ""mercenaries"", ""parchment"", ""spices""]]",Ruler AMN-634,mercenary heavy,local academy,Dwarvish,"Lathander, Tyr",135123,611983508,91.99,72.0,59.4,6,0,synthetic generator v3,derived,0.79,783858,-1,21.0,18.20464,-38.20751
Baldurs Gate Settlement 0037,Baldurs Gate,Baldur's Gate,3235,14746619,243308,"{""humans"": 2243, ""elves"": 395, ""dwarves"": 177, ""halflings"": 288, ""half-orcs"": 129, ""misc."": 3}",50,old age,"[""Satrapy""]","{""poor"": 0.5413, ""middle"": 0.3476, ""wealthy"": 0.0337, ""aristocrat"": 0.0774}",4,"[[""books"", ""cloth"", ""fish"", ""horses"", ""timber""]]","[[""jewelry"", ""magic items"", ""silk"", ""spices""]]",Ruler BAL-691,small militia,None,"Common, Orc",Tyr,88949,460120908,276.52,55.8,66.4,8,0,synthetic generator v3,derived,0.66,16845656,1,31.2,34.18186,-10.62065
Amn Settlement 0038,Amn,Athkatla,4101,14628538,115289,"{""humans"": 3379, ""elves"": 142, ""dwarves"": 156, ""halflings"": 369, ""half-orcs"": 53, ""misc."": 2}",115,arcane mishap,"[""Democracy""]","{""poor"": 0.5856, ""middle"": 0.2935, ""wealthy"": 0.0873, ""aristocrat"": 0.0336}",7,"[[""cloth"", ""gems"", ""weapons"", ""wine""]]","[[""coal"", ""jewelry"", ""ore"", ""parchment"", ""silk""]]",Ruler AMN-427,professional guard,arcanum,"Elvish, Halfling",Mystra,135123,611983508,29.21,73.1,82.9,6,0,synthetic generator v3,derived,0.68,17226812,-1,26.6,9.23192,-8.22901
Calimshan Settlement 0039,Calimshan,Memnon,1389,3288821,52832,"{""humans"": 1019, ""elves"": 99, ""dwarves"": 106, ""halflings"": 114, ""half-orcs"": 49, ""misc."": 2}",81,famine,"[""Dictatorship""]","{""poor"": 0.5516, ""middle"": 0.3901, ""wealthy"": 0.0533, ""aristocrat"": 0.005}",3,"[[""grain"", ""salt"", ""timber""]]","[[""ore""]]",Ruler CAL-336,mercenary heavy,local academy,Dwarvish,"Lathander, Torm, Tyr",104596,622107818,426.09,72.2,22.9,7,0,synthetic generator v3,derived,0.8,4334220,2,26.9,18.23943,-42.0894
Sembia Settlement 0040,Sembia,Selgaunt,9244,21273886,596667,"{""humans"": 6322, ""elves"": 993, ""dwarves"": 659, ""halflings"": 816, ""half-orcs"": 451, ""misc."": 3}",160,famine,"[""Monarchy""]","{""poor"": 0.6123, ""middle"": 0.2973, ""wealthy"": 0.0855, ""aristocrat"": 0.0049}",20,"[[""fish"", ""horses"", ""salt""]]","[[""coal"", ""glass"", ""magic items""]]",Ruler SEM-313,professional guard,arcanum,"Common, Dwarvish","Chauntea, Lathander",115850,569433233,432.06,53.6,44.1,10,0,synthetic generator v3,derived,0.82,17919292,0,51.0,46.14776,47.38135
Tethyr Settlement 0041,Tethyr,Darromar,9571,19190027,1244787,"{""humans"": 7273, ""elves"": 669, ""dwarves"": 489, ""halflings"": 891, ""half-orcs"": 246, ""misc."": 3}",91,monster attack,"[""Satrapy""]","{""poor"": 0.6297, ""middle"": 0.3131, ""wealthy"": 0.0526, ""aristocrat"": 0.0046}",12,"[[""cloth"", ""grain"", ""weapons""]]","[[""glass"", ""magic items"", ""mercenaries"", ""parchment"", ""silk""]]",Ruler TET-43,professional guard,None,"Common, Draconic","Mystra, Torm",94697,355319062,82.27,69.6,80.2,10,1,synthetic generator v3,derived,0.85,17829419,-2,45.5,13.40672,-39.11126
Waterdeep Settlement 0042,Waterdeep,Waterdeep,3359,22830880,317676,"{""humans"": 2447, ""elves"": 331, ""dwarves"": 254, ""halflings"": 137, ""half-orcs"": 187, ""misc."": 3}",82,famine,"[""Satrapy""]","{""poor"": 0.5424, ""middle"": 0.292, ""wealthy"": 0.0328, ""aristocrat"": 0.1328}",0,"[[""books"", ""fish"", ""gems"", ""salt""]]","[[""coal"", ""jewelry"", ""ore""]]",Ruler WAT-924,naval patrol,local academy,Dwarvish,"Mystra, Tempus, Tyr",111501,517924535,283.49,47.2,49.2,10,0,synthetic generator v3,derived,0.86,20955023,1,35.0,39.78464,-10.5886
Calimshan Settlement 0043,Calimshan,Memnon,12405,52065351,49235,"{""humans"": 9732, ""elves"": 1142, ""dwarves"": 909, ""halflings"": 404, ""half-orcs"": 215, ""misc."": 3}",179,disease,"[""Satrapy""]","{""poor"": 0.5263, ""middle"": 0.3777, ""wealthy"": 0.0318, ""aristocrat"": 0.0642}",0,"[[""books"", ""cloth"", ""gems"", ""horses"", ""wine""]]","[[""coal"", ""magic items"", ""parchment"", ""spices""]]",Ruler CAL-920,small militia,None,"Common, Dwarvish","Torm, Tyr",104596,622107818,413.76,75.5,26.2,5,0,synthetic generator v3,synthetic,0.41,50943077,1,17.5,13.91144,-62.73186
Amn Settlement 0044,Amn,Athkatla,3100,7534739,141222,"{""humans"": 2440, ""elves"": 363, ""dwarves"": 131, ""halflings"": 70, ""half-orcs"": 94, ""misc."": 2}",89,arcane mishap,"[""Monarchy""]","{""poor"": 0.6587, ""middle"": 0.2484, ""wealthy"": 0.088, ""aristocrat"": 0.0049}",18,"[[""books"", ""gems"", ""grain"", ""horses"", ""wine""]]","[[""glass"", ""magic items"", ""mercenaries"", ""ore""]]",Ruler AMN-663,small militia,local academy,"Halfling, Orc",Lathander,135123,611983508,11.21,63.9,69.7,3,0,synthetic generator v3,derived,0.7,9159711,1,24.9,15.33619,-27.92751
Amn Settlement 0045,Amn,Athkatla,1994,12794713,866828,"{""humans"": 1563, ""elves"": 119, ""dwarves"": 85, ""halflings"": 196, ""half-orcs"": 29, ""misc."": 2}",98,famine,"[""Confederacy""]","{""poor"": 0.5244, ""middle"": 0.3188, ""wealthy"": 0.031, ""aristocrat"": 0.1258}",0,"[[""horses"", ""weapons""]]","[[""glass"", ""mercenaries"", ""ore"", ""parchment"", ""silk""]]",Ruler AMN-851,mercenary heavy,None,Draconic,"Torm, Tyr",135123,611983508,431.31,71.3,73.2,10,0,synthetic generator v3,derived,0.65,16005732,-3,35.0,11.26684,-12.05063
Amn Settlement 0046,Amn,Athkatla,382,2785532,147499,"{""humans"": 276, ""elves"": 39, ""dwarves"": 32, ""halflings"": 26, ""half-orcs"": 7, ""misc."": 2}",74,famine,"[""Merchant Council""]","{""poor"": 0.4634, ""middle"": 0.3614, ""wealthy"": 0.0269, ""aristocrat"": 0.1483}",0,"[[""armor"", ""horses"", ""salt"", ""timber"", ""wine""]]","[[""coal"", ""ore"", ""parchment"", ""spices""]]",Ruler AMN-244,naval patrol,None,"Elvish, Halfling","Lathander, Torm",135123,611983508,384.54,70.2,91.8,4,0,synthetic generator v3,derived,0.86,2651035,1,14.0,12.31166,-13.29593
Calimshan Settlement 0047,Calimshan,Memnon,1209,2599643,106804,"{""humans"": 970, ""elves"": 40, ""dwarves"": 80, ""halflings"": 54, ""half-orcs"": 61, ""misc."": 4}",66,crime,"[""Magocracy""]","{""poor"": 0.66, ""middle"": 0.2759, ""wealthy"": 0.0591, ""aristocrat"": 0.005}",0,"[[""armor"", ""salt""]]","[[""coal"", ""magic items"", ""mercenaries"", ""ore"", ""parchment""]]",Ruler CAL-108,mercenary heavy,arcanum,"Dwarvish, Orc","Chauntea, Mystra, Tempus",104596,622107818,388.44,74.1,18.3,6,0,synthetic generator v3,derived,0.68,2338048,-3,21.0,5.08898,-56.15003
Baldurs Gate Settlement 0048,Baldurs Gate,Baldur's Gate,222,787289,71395,"{""humans"": 169, ""elves"": 18, ""dwarves"": 14, ""halflings"": 14, ""half-orcs"": 5, ""misc."": 2}",50,arcane mishap,"[""Satrapy""]","{""poor"": 0.6613, ""middle"": 0.2291, ""wealthy"": 0.0606, ""aristocrat"": 0.049}",6,"[[""armor"", ""horses"", ""salt""]]","[[""coal"", ""glass"", ""jewelry"", ""ore""]]",Ruler BAL-402,professional guard,guilds,"Dwarvish, Orc","Chauntea, Lathander, Tyr",88949,460120908,292.28,49.2,53.1,8,2,synthetic generator v3,synthetic,0.48,1036304,-1,34.6,31.5846,-19.19533
Amn Settlement 0049,Amn,Athkatla,3325,19547382,1377949,"{""humans"": 2479, ""elves"": 115, ""dwarves"": 288, ""halflings"": 263, ""half-orcs"": 178, ""misc."": 2}",90,famine,"[""Satrapy""]","{""poor"": 0.4524, ""middle"": 0.3892, ""wealthy"": 0.0599, ""aristocrat"": 0.0985}",0,"[[""armor"", ""books"", ""weapons""]]","[[""coal"", ""glass"", ""jewelry"", ""mercenaries"", ""parchment""]]",Ruler AMN-868,naval patrol,guilds,Orc,"Selune, Torm",135123,611983508,547.08,64.2,68.4,0,0,synthetic generator v3,synthetic,0.69,25016409,-2,0.0,20.78981,-30.80188
Baldurs Gate Settlement 0050,Baldurs Gate,Baldur's Gate,1177,9607762,504723,"{""humans"": 896, ""elves"": 91, ""dwarves"": 91, ""halflings"": 82, ""half-orcs"": 14, ""misc."": 3}",124,old age,"[""Patriarchy""]","{""poor"": 0.4622, ""middle"": 0.3174, ""wealthy"": 0.0369, ""aristocrat"": 0.1835}",9,"[[""timber"", ""weapons""]]","[[""jewelry"", ""spices""]]",Ruler BAL-499,naval patrol,guilds,"Elvish, Halfling","Selune, Tempus",88949,460120908,90.88,57.2,38.7,7,0,synthetic generator v3,derived,0.69,8108292,0,31.7,16.02945,-18.2538
Calimshan Settlement 0051,Calimshan,Memnon,507,984447,32344,"{""humans"": 332, ""elves"": 54, ""dwarves"": 46, ""halflings"": 49, ""half-orcs"": 24, ""misc."": 2}",78,famine,"[""Confederacy""]","{""poor"": 0.6364, ""middle"": 0.3378, ""wealthy"": 0.0211, ""aristocrat"": 0.0047}",7,"[[""books"", ""cloth"", ""weapons""]]","[[""jewelry"", ""magic items"", ""parchment"", ""silk""]]",Ruler CAL-912,professional guard,None,"Draconic, Elvish, Halfling","Mystra, Tempus, Torm",104596,622107818,344.01,83.6,35.3,1,0,synthetic generator v3,synthetic,0.62,1064468,-1,9.1,8.39476,-46.89276
Calimshan Settlement 0052,Calimshan,Memnon,332,2494125,109131,"{""humans"": 257, ""elves"": 10, ""dwarves"": 31, ""halflings"": 16, ""half-orcs"": 15, ""misc."": 3}",78,arcane mishap,"[""Satrapy""]","{""poor"": 0.4728, ""middle"": 0.2796, ""wealthy"": 0.0986, ""aristocrat"": 0.149}",7,"[[""books"", ""cloth"", ""fish"", ""horses""]]","[[""glass""]]",Ruler CAL-237,small militia,local academy,"Draconic, Orc","Lathander, Tyr",104596,622107818,367.02,72.8,29.9,2,0,synthetic generator v3,derived,0.77,2628473,3,12.6,7.39085,-48.63548
Neverwinter Settlement 0053,Neverwinter,Neverwinter,697,3757743,309540,"{""humans"": 531, ""elves"": 81, ""dwarves"": 35, ""halflings"": 29, ""half-orcs"": 18, ""misc."": 3}",47,war,"[""Monarchy""]","{""poor"": 0.5777, ""middle"": 0.2752, ""wealthy"": 0.0347, ""aristocrat"": 0.1124}",14,"[[""books""]]","[[""coal"", ""glass"", ""parchment""]]",Ruler NEV-352,small militia,guilds,"Common, Halfling, Orc","Chauntea, Torm",41958,200003469,299.43,46.6,28.9,2,0,synthetic generator v3,derived,0.64,4959418,-2,18.2,50.78027,-55.65701
Baldurs Gate Settlement 0054,Baldurs Gate,Baldur's Gate,345,2849395,130842,"{""humans"": 259, ""elves"": 13, ""dwarves"": 25, ""halflings"": 26, ""half-orcs"": 19, ""misc."": 3}",134,old age,"[""Democracy""]","{""poor"": 0.4924, ""middle"": 0.2372, ""wealthy"": 0.0934, ""aristocrat"": 0.177}",0,"[[""cloth"", ""wine""]]","[[""coal"", ""glass"", ""magic items"", ""mercenaries"", ""spices""]]",Ruler BAL-445,professional guard,arcanum,Orc,Torm,88949,460120908,107.53,56.1,50.0,7,0,synthetic generator v3,derived,0.67,2961210,-3,24.5,29.77464,-15.95786
Tethyr Settlement 0055,Tethyr,Darromar,552,1938217,48717,"{""humans"": 412, ""elves"": 40, ""dwarves"": 37, ""halflings"": 45, ""half-orcs"": 15, ""misc."": 3}",155,old age,"[""Merchant Council""]","{""poor"": 0.5717, ""middle"": 0.34, ""wealthy"": 0.0337, ""aristocrat"": 0.0546}",8,"[[""salt""]]","[[""mercenaries"", ""ore"", ""parchment"", ""spices""]]",Ruler TET-757,mercenary heavy,guilds,"Dwarvish, Halfling","Chauntea, Lathander, Tyr",94697,355319062,66.77,67.6,45.9,0,0,synthetic generator v3,synthetic,0.55,2010761,-3,6.4,12.82506,-28.90737
Neverwinter Settlement 0056,Neverwinter,Neverwinter,1261,2916117,4368,"{""humans"": 1001, ""elves"": 53, ""dwarves"": 37, ""halflings"": 111, ""half-orcs"": 55, ""misc."": 4}",147,old age,"[""Merchant Council""]","{""poor"": 0.5799, ""middle"": 0.3433, ""wealthy"": 0.0718, ""aristocrat"": 0.005}",5,"[[""cloth"", ""timber""]]","[[""glass"", ""jewelry"", ""ore"", ""parchment"", ""silk""]]",Ruler NEV-587,naval patrol,None,"Draconic, Orc",Tempus,41958,200003469,266.72,44.5,38.0,5,0,synthetic generator v3,synthetic,0.51,3738497,-3,21.5,35.84463,-39.35978
Cormyr Settlement 0057,Cormyr,Suzail,2418,14415073,109352,"{""humans"": 1885, ""elves"": 179, ""dwarves"": 175, ""halflings"": 94, ""half-orcs"": 82, ""misc."": 3}",56,arcane mishap,"[""Dictatorship""]","{""poor"": 0.4685, ""middle"": 0.3706, ""wealthy"": 0.0435, ""aristocrat"": 0.1174}",0,"[[""gems"", ""grain"", ""salt"", ""wine""]]","[[""glass"", ""silk"", ""spices""]]",Ruler COR-618,mercenary heavy,guilds,"Dwarvish, Orc","Torm, Tyr",128212,529868877,161.88,57.9,77.0,9,0,synthetic generator v3,derived,0.72,16921068,1,31.5,21.43857,24.94422
Calimshan Settlement 0058,Calimshan,Memnon,846,4851759,254619,"{""humans"": 630, ""elves"": 77, ""dwarves"": 88, ""halflings"": 28, ""half-orcs"": 21, ""misc."": 2}",117,crime,"[""Satrapy""]","{""poor"": 0.4804, ""middle"": 0.343, ""wealthy"": 0.0777, ""aristocrat"": 0.0989}",19,"[[""fish"", ""grain"", ""weapons"", ""wine""]]","[[""coal"", ""mercenaries"", ""silk"", ""spices""]]",Ruler CAL-654,naval patrol,None,"Draconic, Elvish, Orc",Tempus,104596,622107818,390.26,74.1,30.5,3,0,synthetic generator v3,synthetic,0.55,4528538,0,25.7,23.0541,-49.27328
Neverwinter Settlement 0059,Neverwinter,Neverwinter,1625,6672882,384788,"{""humans"": 1189, ""elves"": 130, ""dwarves"": 55, ""halflings"": 155, ""half-orcs"": 94, ""misc."": 2}",86,crime,"[""Patriarchy""]","{""poor"": 0.602, ""middle"": 0.2434, ""wealthy"": 0.0945, ""aristocrat"": 0.0601}",6,"[[""armor"", ""books"", ""fish"", ""timber""]]","[[""jewelry""]]",Ruler NEV-451,small militia,arcanum,Dwarvish,"Chauntea, Lathander",41958,200003469,259.61,53.5,60.8,8,0,synthetic generator v3,derived,0.73,6075690,3,32.8,46.85294,-27.80308
Neverwinter Settlement 0060,Neverwinter,Neverwinter,310,1947983,30436,"{""humans"": 246, ""elves"": 13, ""dwarves"": 19, ""halflings"": 22, ""half-orcs"": 8, ""misc."": 2}",115,famine,"[""Merchant Council""]","{""poor"": 0.4544, ""middle"": 0.3754, ""wealthy"": 0.0387, ""aristocrat"": 0.1315}",18,"[[""books"", ""weapons""]]","[[""mercenaries"", ""ore"", ""parchment"", ""silk""]]",Ruler NEV-166,small militia,None,"Elvish, Halfling","Mystra, Torm",41958,200003469,353.96,45.4,30.0,3,0,synthetic generator v3,derived,0.69,2365420,-2,24.9,55.61987,-34.02653
Amn Settlement 0061,Amn,Athkatla,912,6621494,232971,"{""humans"": 672, ""elves"": 83, ""dwarves"": 75, ""halflings"": 49, ""half-orcs"": 31, ""misc."": 2}",87,war,"[""Monarchy""]","{""poor"": 0.461, ""middle"": 0.3321, ""wealthy"": 0.0683, ""aristocrat"": 0.1386}",0,"[[""horses"", ""salt""]]","[[""coal"", ""ore"", ""silk""]]",Ruler AMN-695,small militia,None,"Dwarvish, Elvish","Tempus, Torm",135123,611983508,438.8,63.4,81.2,0,0,synthetic generator v3,synthetic,0.37,6054270,-1,0.0,27.11035,-39.15784
Tethyr Settlement 0062,Tethyr,Darromar,730,4464236,341807,"{""humans"": 590, ""elves"": 27, ""dwarves"": 45, ""halflings"": 21, ""half-orcs"": 44, ""misc."": 3}",156,monster attack,"[""Monarchy""]","{""poor"": 0.4747, ""middle"": 0.3257, ""wealthy"": 0.0733, ""aristocrat"": 0.1263}",0,"[[""cloth"", ""gems"", ""grain"", ""horses""]]","[[""coal""]]",Ruler TET-152,professional guard,guilds,"Common, Dwarvish","Selune, Tempus",94697,355319062,146.15,65.7,54.5,8,0,synthetic generator v3,derived,0.66,4919396,3,28.0,2.19511,-19.54771
Waterdeep Settlement 0063,Waterdeep,Waterdeep,1396,3218797,188744,"{""humans"": 983, ""elves"": 129, ""dwarves"": 92, ""halflings"": 103, ""half-orcs"": 88, ""misc."": 1}",63,old age,"[""Confederacy""]","{""poor"": 0.578, ""middle"": 0.3842, ""wealthy"": 0.0329, ""aristocrat"": 0.0049}",10,"[[""weapons"", ""wine""]]","[[""glass"", ""parchment""]]",Ruler WAT-559,professional guard,local academy,Draconic,Mystra,111501,517924535,342.67,45.6,31.6,10,0,synthetic generator v3,derived,0.85,2985114,0,43.0,54.74884,-27.83997
Amn Settlement 0064,Amn,Athkatla,2721,7476291,402422,"{""humans"": 2196, ""elves"": 219, ""dwarves"": 119, ""halflings"": 75, ""half-orcs"": 110, ""misc."": 2}",149,famine,"[""Confederacy""]","{""poor"": 0.5308, ""middle"": 0.3762, ""wealthy"": 0.088, ""aristocrat"": 0.005}",14,"[[""fish"", ""grain"", ""horses"", ""timber""]]","[[""mercenaries"", ""silk"", ""spices""]]",Ruler AMN-860,professional guard,arcanum,Draconic,"Lathander, Tempus, Torm",135123,611983508,467.88,71.5,74.1,9,0,synthetic generator v3,synthetic,0.51,6800031,1,42.7,11.89083,-41.19158
Calimshan Settlement 0065,Calimshan,Memnon,2309,15347468,353025,"{""humans"": 1832, ""elves"": 121, ""dwarves"": 119, ""halflings"": 195, ""half-orcs"": 40, ""misc."": 2}",40,disease,"[""Theocracy""]","{""poor"": 0.5369, ""middle"": 0.2689, ""wealthy"": 0.0591, ""aristocrat"": 0.1351}",18,"[[""books""]]","[[""glass"", ""magic items"", ""mercenaries"", ""parchment""]]",Ruler CAL-248,small militia,guilds,Common,Tyr,104596,622107818,223.95,79.8,26.2,10,0,synthetic generator v3,synthetic,0.4,12413120,-3,49.4,11.63088,-65.7067
Amn Settlement 0066,Amn,Athkatla,515,1269276,27839,"{""humans"": 430, ""elves"": 27, ""dwarves"": 27, ""halflings"": 13, ""half-orcs"": 15, ""misc."": 3}",145,monster attack,"[""Dictatorship""]","{""poor"": 0.5773, ""middle"": 0.3521, ""wealthy"": 0.0661, ""aristocrat"": 0.0045}",0,"[[""gems"", ""grain"", ""salt"", ""timber""]]","[[""jewelry"", ""parchment"", ""silk"", ""spices""]]",Ruler AMN-416,professional guard,local academy,Draconic,"Lathander, Tempus, Torm",135123,611983508,252.84,59.9,66.0,4,0,synthetic generator v3,synthetic,0.6,1277532,0,14.0,24.35985,-42.15983
Calimshan Settlement 0067,Calimshan,Memnon,1146,2609642,87774,"{""humans"": 840, ""elves"": 134, ""dwarves"": 63, ""halflings"": 80, ""half-orcs"": 27, ""misc."": 2}",38,old age,"[""Democracy""]","{""poor"": 0.6817, ""middle"": 0.2276, ""wealthy"": 0.0857, ""aristocrat"": 0.005}",13,"[[""cloth"", ""fish"", ""gems"", ""horses"", ""salt""]]","[[""glass"", ""mercenaries""]]",Ruler CAL-353,professional guard,guilds,Halfling,Chauntea,104596,622107818,282.23,85.4,37.9,0,0,synthetic generator v3,derived,0.82,2728229,3,10.4,17.84263,-50.35954
Baldurs Gate Settlement 0068,Baldurs Gate,Baldur's Gate,744,7077016,294933,"{""humans"": 604, ""elves"": 38, ""dwarves"": 48, ""halflings"": 43, ""half-orcs"": 9, ""misc."": 2}",47,famine,"[""Magocracy""]","{""poor"": 0.5041, ""middle"": 0.2005, ""wealthy"": 0.0745, ""aristocrat"": 0.2209}",0,"[[""books"", ""cloth"", ""timber""]]","[[""coal"", ""glass"", ""jewelry"", ""parchment"", ""spices""]]",Ruler BAL-790,small militia,guilds,"Elvish, Halfling",Chauntea,88949,460120908,263.0,57.1,55.6,10,0,synthetic generator v3,synthetic,0.49,6160575,-2,35.0,31.48599,-33.84828
Amn Settlement 0069,Amn,Athkatla,631,2329287,106252,"{""humans"": 485, ""elves"": 24, ""dwarves"": 51, ""halflings"": 35, ""half-orcs"": 33, ""misc."": 3}",107,monster attack,"[""Patriarchy""]","{""poor"": 0.536, ""middle"": 0.3798, ""wealthy"": 0.0409, ""aristocrat"": 0.0433}",9,"[[""salt"", ""wine""]]","[[""parchment""]]",Ruler AMN-703,professional guard,guilds,"Common, Halfling",Mystra,135123,611983508,548.34,73.3,60.2,0,0,synthetic generator v3,synthetic,0.58,2313130,1,7.2,21.60873,-37.82357
Calimshan Settlement 0070,Calimshan,Memnon,1451,4061030,187925,"{""humans"": 1093, ""elves"": 76, ""dwarves"": 61, ""halflings"": 147, ""half-orcs"": 72, ""misc."": 2}",129,monster attack,"[""Satrapy""]","{""poor"": 0.6417, ""middle"": 0.288, ""wealthy"": 0.0433, ""aristocrat"": 0.027}",2,"[[""books"", ""fish""]]","[[""spices""]]",Ruler CAL-63,mercenary heavy,local academy,Dwarvish,Selune,104596,622107818,277.06,79.9,15.8,2,0,synthetic generator v3,synthetic,0.64,4841007,1,8.6,9.851,-62.54462
Baldurs Gate Settlement 0071,Baldurs Gate,Baldur's Gate,972,3206870,174591,"{""humans"": 747, ""elves"": 42, ""dwarves"": 97, ""halflings"": 30, ""half-orcs"": 54, ""misc."": 2}",140,war,"[""Merchant Council""]","{""poor"": 0.5881, ""middle"": 0.295, ""wealthy"": 0.0863, ""aristocrat"": 0.0306}",2,"[[""gems""]]","[[""glass"", ""magic items"", ""mercenaries""]]",Ruler BAL-998,mercenary heavy,local academy,"Elvish, Halfling",Torm,88949,460120908,143.02,55.0,45.4,8,0,synthetic generator v3,synthetic,0.35,3962843,-2,29.6,22.04955,-10.39467
Baldurs Gate Settlement 0072,Baldurs Gate,Baldur's Gate,530,4365367,179081,"{""humans"": 418, ""elves"": 34, ""dwarves"": 40, ""halflings"": 15, ""half-orcs"": 20, ""misc."": 3}",46,crime,"[""Confederacy""]","{""poor"": 0.5441, ""middle"": 0.2368, ""wealthy"": 0.0248, ""aristocrat"": 0.1943}",0,"[[""books"", ""fish"", ""timber"", ""weapons""]]","[[""coal"", ""glass"", ""parchment"", ""silk"", ""spices""]]",Ruler BAL-391,small militia,guilds,Elvish,Tempus,88949,460120908,29.35,51.4,50.9,8,0,synthetic generator v3,derived,0.68,5592795,-1,28.0,28.81292,-20.75229
Sembia Settlement 0073,Sembia,Selgaunt,304,765374,17348,"{""humans"": 224, ""elves"": 22, ""dwarves"": 28, ""halflings"": 20, ""half-orcs"": 8, ""misc."": 2}",156,disease,"[""Monarchy""]","{""poor"": 0.5251, ""middle"": 0.3811, ""wealthy"": 0.0889, ""aristocrat"": 0.0049}",16,"[[""armor"", ""cloth"", ""horses"", ""weapons""]]","[[""jewelry"", ""magic items"", ""parchment"", ""spices""]]",Ruler SEM-234,professional guard,local academy,"Dwarvish, Orc","Lathander, Mystra",115850,569433233,516.22,58.2,65.3,5,0,synthetic generator v3,synthetic,0.35,936767,0,30.3,36.95771,29.75817
Tethyr Settlement 0074,Tethyr,Darromar,525,1055336,87814,"{""humans"": 413, ""elves"": 23, ""dwarves"": 27, ""halflings"": 48, ""half-orcs"": 12, ""misc."": 2}",102,old age,"[""Patriarchy""]","{""poor"": 0.6043, ""middle"": 0.3474, ""wealthy"": 0.0435, ""aristocrat"": 0.0048}",14,"[[""books"", ""fish"", ""gems"", ""grain"", ""weapons""]]","[[""glass"", ""jewelry""]]",Ruler TET-998,professional guard,arcanum,"Dwarvish, Halfling","Selune, Torm",94697,355319062,343.25,60.6,46.1,10,0,synthetic generator v3,synthetic,0.42,1342282,3,46.2,4.26285,-31.62587
Baldur's Gate,Baldurs Gate,Baldur's Gate,1197,11552385,505372,"{""humans"": 931, ""elves"": 79, ""dwarves"": 81, ""halflings"": 51, ""half-orcs"": 53, ""misc."": 2}",143,disease,"[""Magocracy""]","{""poor"": 0.4795, ""middle"": 0.2247, ""wealthy"": 0.0718, ""aristocrat"": 0.224}",0,"[[""salt"", ""timber""]]","[[""coal"", ""jewelry"", ""mercenaries""]]",Ruler BAL-75,professional guard,arcanum,"Common, Draconic, Dwarvish","Lathander, Mystra",88949,460120908,21.59,59.2,65.8,1,0,synthetic generator v3,canonical,0.9,13297299,-1,3.5,18.59364,-17.90069
Tethyr Settlement 0076,Tethyr,Darromar,16836,37412841,1511604,"{""humans"": 13495, ""elves"": 1116, ""dwarves"": 835, ""halflings"": 1144, ""half-orcs"": 245, ""misc."": 1}",69,disease,"[""Monarchy""]","{""poor"": 0.5743, ""middle"": 0.3542, ""wealthy"": 0.0666, ""aristocrat"": 0.0049}",6,"[[""armor"", ""timber""]]","[[""coal"", ""glass"", ""jewelry"", ""ore""]]",Ruler TET-97,mercenary heavy,guilds,"Draconic, Dwarvish","Chauntea, Selune, Tyr",94697,355319062,250.06,68.1,49.2,8,0,synthetic generator v3,synthetic,0.58,49446073,-2,32.8,6.88221,-16.3807
Baldurs Gate Settlement 0077,Baldurs Gate,Baldur's Gate,2358,4822473,107803,"{""humans"": 1882, ""elves"": 87, ""dwarves"": 179, ""halflings"": 169, ""half-orcs"": 38, ""misc."": 3}",93,crime,"[""Magocracy""]","{""poor"": 0.6182, ""middle"": 0.3449, ""wealthy"": 0.032, ""aristocrat"": 0.0049}",4,"[[""cloth"", ""fish"", ""gems"", ""grain"", ""weapons""]]","[[""jewelry"", ""mercenaries"", ""ore"", ""spices""]]",Ruler BAL-365,small militia,None,"Common, Halfling","Mystra, Tempus",88949,460120908,172.5,58.5,51.9,7,0,synthetic generator v3,synthetic,0.54,5298733,1,27.7,36.40983,-7.05776
Tethyr Settlement 0078,Tethyr,Darromar,1386,2918782,134317,"{""humans"": 1053, ""elves"": 88, ""dwarves"": 68, ""halflings"": 102, ""half-orcs"": 73, ""misc."": 2}",93,arcane mishap,"[""Dictatorship""]","{""poor"": 0.6335, ""middle"": 0.2917, ""wealthy"": 0.0702, ""aristocrat"": 0.0046}",17,"[[""armor"", ""horses"", ""salt"", ""timber"", ""weapons""]]","[[""jewelry"", ""mercenaries"", ""parchment"", ""spices""]]",Ruler TET-469,small militia,guilds,"Common, Draconic, Orc","Chauntea, Lathander, Selune",94697,355319062,391.78,71.5,61.7,2,0,synthetic generator v3,derived,0.72,3505638,1,20.6,5.25725,-52.78646
Sembia Settlement 0079,Sembia,Selgaunt,1249,10494320,561546,"{""humans"": 966, ""elves"": 74, ""dwarves"": 87, ""halflings"": 70, ""half-orcs"": 50, ""misc."": 2}",100,disease,"[""Patriarchy""]","{""poor"": 0.4639, ""middle"": 0.261, ""wealthy"": 0.0801, ""aristocrat"": 0.195}",14,"[[""gems"", ""grain"", ""timber"", ""wine""]]","[[""glass"", ""jewelry"", ""ore"", ""silk""]]",Ruler SEM-365,naval patrol,guilds,"Common, Dwarvish, Elvish","Chauntea, Tyr",115850,569433233,62.24,52.6,46.2,5,0,synthetic generator v3,derived,0.84,9702111,0,28.7,24.56949,52.2584
Amn Settlement 0080,Amn,Athkatla,6781,28775501,2645074,"{""humans"": 5289, ""elves"": 396, ""dwarves"": 592, ""halflings"": 339, ""half-orcs"": 163, ""misc."": 2}",122,famine,"[""Patriarchy""]","{""poor"": 0.5454, ""middle"": 0.3599, ""wealthy"": 0.0325, ""aristocrat"": 0.0622}",11,"[[""armor""]]","[[""coal"", ""jewelry""]]",Ruler AMN-826,small militia,arcanum,Dwarvish,"Selune, Torm",135123,611983508,35.52,63.5,88.6,9,0,synthetic generator v3,derived,0.61,38381302,-1,40.3,23.27486,-36.18149
Calimshan Settlement 0081,Calimshan,Memnon,1995,18011740,366603,"{""humans"": 1490, ""elves"": 161, ""dwarves"": 129, ""halflings"": 124, ""half-orcs"": 88, ""misc."": 3}",42,old age,"[""Monarchy""]","{""poor"": 0.4553, ""middle"": 0.3122, ""wealthy"": 0.022, ""aristocrat"": 0.2105}",0,"[[""armor"", ""books"", ""cloth"", ""grain"", ""timber""]]","[[""coal"", ""jewelry"", ""ore"", ""parchment""]]",Ruler CAL-72,naval patrol,None,"Dwarvish, Elvish",Tempus,104596,622107818,402.4,76.7,33.3,10,0,synthetic generator v3,derived,0.65,17717670,1,35.0,8.75561,-62.01851
Calimshan Settlement 0082,Calimshan,Memnon,757,3143951,184919,"{""humans"": 611, ""elves"": 37, ""dwarves"": 22, ""halflings"": 50, ""half-orcs"": 34, ""misc."": 3}",145,old age,"[""Satrapy""]","{""poor"": 0.6333, ""middle"": 0.2437, ""wealthy"": 0.0577, ""aristocrat"": 0.0653}",0,"[[""armor"", ""cloth""]]","[[""mercenaries"", ""ore""]]",Ruler CAL-335,professional guard,local academy,"Halfling, Orc","Mystra, Selune",104596,622107818,45.86,85.6,26.2,7,0,synthetic generator v3,synthetic,0.64,3258692,0,24.5,21.99994,-63.64921
Amn Settlement 0083,Amn,Athkatla,2509,13797334,799738,"{""humans"": 1826, ""elves"": 225, ""dwarves"": 216, ""halflings"": 194, ""half-orcs"": 47, ""misc."": 1}",95,war,"[""Monarchy""]","{""poor"": 0.5221, ""middle"": 0.3289, ""wealthy"": 0.0559, ""aristocrat"": 0.0931}",14,"[[""books"", ""grain"", ""weapons"", ""wine""]]","[[""glass"", ""magic items"", ""spices""]]",Ruler AMN-634,naval patrol,guilds,"Common, Dwarvish, Orc",Lathander,135123,611983508,235.79,61.0,74.0,1,0,synthetic generator v3,synthetic,0.42,13297635,1,14.7,26.28164,-27.12247
Amn Settlement 0084,Amn,Athkatla,2136,14017340,449980,"{""humans"": 1776, ""elves"": 52, ""dwarves"": 153, ""halflings"": 52, ""half-orcs"": 100, ""misc."": 3}",25,arcane mishap,"[""Magocracy""]","{""poor"": 0.5319, ""middle"": 0.2697, ""wealthy"": 0.0773, ""aristocrat"": 0.1211}",18,"[[""cloth"", ""timber""]]","[[""jewelry"", ""silk""]]",Ruler AMN-175,naval patrol,None,"Draconic, Elvish, Orc",Mystra,135123,611983508,79.82,66.2,82.9,5,1,synthetic generator v3,synthetic,0.7,13812802,0,32.8,23.32824,-17.64025
Amn Settlement 0085,Amn,Athkatla,3014,8226763,330109,"{""humans"": 2164, ""elves"": 323, ""dwarves"": 276, ""halflings"": 166, ""half-orcs"": 83, ""misc."": 2}",148,famine,"[""Merchant Council""]","{""poor"": 0.5457, ""middle"": 0.3575, ""wealthy"": 0.0921, ""aristocrat"": 0.0047}",1,"[[""fish"", ""weapons""]]","[[""coal"", ""jewelry"", ""ore"", ""silk""]]",Ruler AMN-702,professional guard,local academy,"Common, Elvish","Chauntea, Mystra, Tyr",135123,611983508,57.55,62.2,85.4,9,0,synthetic generator v3,synthetic,0.62,6739987,-2,32.3,18.52148,-36.3114
Calimshan Settlement 0086,Calimshan,Memnon,436,1471561,62243,"{""humans"": 352, ""elves"": 9, ""dwarves"": 34, ""halflings"": 23, ""half-orcs"": 15, ""misc."": 3}",61,old age,"[""Patriarchy""]","{""poor"": 0.6707, ""middle"": 0.2507, ""wealthy"": 0.0286, ""aristocrat"": 0.05}",6,"[[""horses"", ""salt""]]","[[""silk""]]",Ruler CAL-820,mercenary heavy,None,"Draconic, Dwarvish, Orc",Chauntea,104596,622107818,215.83,74.6,13.8,2,0,synthetic generator v3,derived,0.8,1645253,1,11.8,17.39304,-34.84308
Sembia Settlement 0087,Sembia,Selgaunt,1379,10233892,808660,"{""humans"": 1090, ""elves"": 112, ""dwarves"": 105, ""halflings"": 55, ""half-orcs"": 14, ""misc."": 3}",131,crime,"[""Patriarchy""]","{""poor"": 0.584, ""middle"": 0.208, ""wealthy"": 0.0249, ""aristocrat"": 0.1831}",11,"[[""horses"", ""timber"", ""weapons""]]","[[""jewelry"", ""magic items""]]",Ruler SEM-607,small militia,None,"Dwarvish, Elvish, Orc","Lathander, Tempus",115850,569433233,400.43,60.4,53.0,8,0,synthetic generator v3,derived,0.74,11839672,1,36.8,36.01498,26.8511
Cormyr Settlement 0088,Cormyr,Suzail,8128,18398455,562916,"{""humans"": 6259, ""elves"": 296, ""dwarves"": 664, ""halflings"": 766, ""half-orcs"": 141, ""misc."": 2}",131,war,"[""Confederacy""]","{""poor"": 0.6187, ""middle"": 0.3033, ""wealthy"": 0.0735, ""aristocrat"": 0.0045}",0,"[[""cloth""]]","[[""magic items"", ""mercenaries"", ""parchment"", ""silk"", ""spices""]]",Ruler COR-294,professional guard,arcanum,Halfling,"Tempus, Torm",128212,529868877,346.27,58.9,66.9,5,0,synthetic generator v3,derived,0.82,20726867,-4,17.5,28.90588,-4.57403
Baldurs Gate Settlement 0089,Baldurs Gate,Baldur's Gate,667,3081729,236429,"{""humans"": 543, ""elves"": 30, ""dwarves"": 24, ""halflings"": 56, ""half-orcs"": 10, ""misc."": 4}",128,monster attack,"[""Theocracy""]","{""poor"": 0.4995, ""middle"": 0.3459, ""wealthy"": 0.09, ""aristocrat"": 0.0646}",0,"[[""books"", ""fish"", ""horses"", ""timber"", ""weapons""]]","[[""coal"", ""ore""]]",Ruler BAL-312,professional guard,None,Common,Selune,88949,460120908,463.47,51.7,49.9,2,0,synthetic generator v3,derived,0.63,3871898,3,7.0,17.56231,-26.94064
Neverwinter Settlement 0090,Neverwinter,Neverwinter,935,1651303,81028,"{""humans"": 796, ""elves"": 26, ""dwarves"": 63, ""halflings"": 33, ""half-orcs"": 15, ""misc."": 2}",148,old age,"[""Dictatorship""]","{""poor"": 0.6904, ""middle"": 0.2793, ""wealthy"": 0.0253, ""aristocrat"": 0.005}",7,"[[""cloth"", ""salt""]]","[[""jewelry"", ""silk""]]",Ruler NEV-866,mercenary heavy,None,"Common, Orc",Tyr,41958,200003469,464.61,40.8,56.7,7,0,synthetic generator v3,derived,0.78,1297517,0,30.1,55.65101,-24.79443
Baldurs Gate Settlement 0091,Baldurs Gate,Baldur's Gate,3927,19737514,838045,"{""humans"": 2791, ""elves"": 473, ""dwarves"": 173, ""halflings"": 390, ""half-orcs"": 96, ""misc."": 4}",53,war,"[""Satrapy""]","{""poor"": 0.579, ""middle"": 0.2426, ""wealthy"": 0.0967, ""aristocrat"": 0.0817}",12,"[[""armor"", ""cloth"", ""fish"", ""grain"", ""timber""]]","[[""glass"", ""jewelry"", ""mercenaries"", ""parchment""]]",Ruler BAL-746,naval patrol,None,"Draconic, Dwarvish, Orc","Chauntea, Selune, Torm",88949,460120908,332.2,54.4,58.4,10,0,synthetic generator v3,synthetic,0.39,16829208,1,44.6,36.01106,-7.23364
Baldurs Gate Settlement 0092,Baldurs Gate,Baldur's Gate,2236,5442217,140344,"{""humans"": 1758, ""elves"": 125, ""dwarves"": 190, ""halflings"": 97, ""half-orcs"": 63, ""misc."": 3}",164,disease,"[""Magocracy""]","{""poor"": 0.5747, ""middle"": 0.3452, ""wealthy"": 0.0752, ""aristocrat"": 0.0049}",0,"[[""timber""]]","[[""magic items"", ""mercenaries"", ""spices""]]",Ruler BAL-401,naval patrol,local academy,Draconic,Torm,88949,460120908,394.96,61.7,62.6,7,0,synthetic generator v3,derived,0.7,6997637,-2,24.5,40.31055,-31.81715
Cormyr Settlement 0093,Cormyr,Suzail,2034,4752797,127099,"{""humans"": 1629, ""elves"": 60, ""dwarves"": 75, ""halflings"": 217, ""half-orcs"": 51, ""misc."": 2}",149,monster attack,"[""Magocracy""]","{""poor"": 0.6142, ""middle"": 0.2997, ""wealthy"": 0.0812, ""aristocrat"": 0.0049}",0,"[[""fish"", ""wine""]]","[[""glass"", ""parchment""]]",Ruler COR-303,naval patrol,arcanum,"Halfling, Orc",Lathander,128212,529868877,253.53,53.4,69.1,4,0,synthetic generator v3,synthetic,0.39,4845790,0,14.0,19.48672,0.64301
Sembia Settlement 0094,Sembia,Selgaunt,11653,27217460,586361,"{""humans"": 9071, ""elves"": 588, ""dwarves"": 732, ""halflings"": 822, ""half-orcs"": 438, ""misc."": 2}",120,disease,"[""Theocracy""]","{""poor"": 0.6267, ""middle"": 0.2724, ""wealthy"": 0.096, ""aristocrat"": 0.0049}",0,"[[""books""]]","[[""parchment""]]",Ruler SEM-640,naval patrol,None,Common,"Chauntea, Mystra",115850,569433233,469.23,54.7,65.2,3,0,synthetic generator v3,derived,0.86,22214009,0,10.5,35.32196,52.36347
Sembia Settlement 0095,Sembia,Selgaunt,1323,8937914,62352,"{""humans"": 1018, ""elves"": 138, ""dwarves"": 54, ""halflings"": 80, ""half-orcs"": 31, ""misc."": 2}",104,arcane mishap,"[""Theocracy""]","{""poor"": 0.4781, ""middle"": 0.3333, ""wealthy"": 0.0377, ""aristocrat"": 0.1509}",0,"[[""books""]]","[[""coal"", ""glass"", ""jewelry"", ""mercenaries"", ""ore""]]",Ruler SEM-735,mercenary heavy,arcanum,Orc,"Selune, Torm",115850,569433233,337.86,48.0,66.3,8,0,synthetic generator v3,derived,0.77,8823989,-4,28.0,36.01161,38.81399
Sembia Settlement 0096,Sembia,Selgaunt,1702,5136340,46376,"{""humans"": 1366, ""elves"": 109, ""dwarves"": 89, ""halflings"": 89, ""half-orcs"": 47, ""misc."": 2}",174,monster attack,"[""Dictatorship""]","{""poor"": 0.5892, ""middle"": 0.3335, ""wealthy"": 0.0415, ""aristocrat"": 0.0358}",0,"[[""books"", ""cloth"", ""grain"", ""horses"", ""salt""]]","[[""coal"", ""glass"", ""mercenaries"", ""silk"", ""spices""]]",Ruler SEM-645,small militia,guilds,"Elvish, Orc","Mystra, Tyr",115850,569433233,145.22,48.4,50.8,0,0,synthetic generator v3,synthetic,0.58,5659691,0,0.0,34.00788,29.77459
Tethyr Settlement 0097,Tethyr,Darromar,1182,4658839,129561,"{""humans"": 962, ""elves"": 54, ""dwarves"": 72, ""halflings"": 71, ""half-orcs"": 20, ""misc."": 3}",88,old age,"[""Magocracy""]","{""poor"": 0.6231, ""middle"": 0.2298, ""wealthy"": 0.085, ""aristocrat"": 0.0621}",15,"[[""books"", ""cloth"", ""gems"", ""salt"", ""wine""]]","[[""jewelry""]]",Ruler TET-533,small militia,guilds,"Halfling, Orc","Chauntea, Selune",94697,355319062,129.04,68.2,61.9,10,0,synthetic generator v3,derived,0.64,5419028,4,47.0,18.36855,-41.48169
Waterdeep Settlement 0098,Waterdeep,Waterdeep,737,3440499,35880,"{""humans"": 580, ""elves"": 30, ""dwarves"": 34, ""halflings"": 66, ""half-orcs"": 24, ""misc."": 3}",45,crime,"[""Magocracy""]","{""poor"": 0.5702, ""middle"": 0.2992, ""wealthy"": 0.0641, ""aristocrat"": 0.0665}",8,"[[""horses"", ""salt"", ""timber""]]","[[""glass"", ""jewelry"", ""magic items""]]",Ruler WAT-609,mercenary heavy,local academy,Dwarvish,"Mystra, Selune, Tempus",111501,517924535,59.15,49.4,46.9,5,0,synthetic generator v3,derived,0.72,3642329,0,23.9,41.62301,-41.04341
Waterdeep Settlement 0099,Waterdeep,Waterdeep,1936,8689435,116717,"{""humans"": 1544, ""elves"": 162, ""dwarves"": 69, ""halflings"": 60, ""half-orcs"": 98, ""misc."": 3}",34,war,"[""Patriarchy""]","{""poor"": 0.5568, ""middle"": 0.3326, ""wealthy"": 0.0467, ""aristocrat"": 0.0639}",0,"[[""armor"", ""cloth"", ""timber""]]","[[""glass"", ""silk"", ""spices""]]",Ruler WAT-679,naval patrol,guilds,"Dwarvish, Halfling",Torm,111501,517924535,408.07,47.8,35.3,5,0,synthetic generator v3,synthetic,0.47,10476294,0,17.5,39.92641,-12.74783
Baldurs Gate Settlement 0100,Baldurs Gate,Baldur's Gate,2333,12912680,940321,"{""humans"": 1677, ""elves"": 240, ""dwarves"": 234, ""halflings"": 76, ""half-orcs"": 103, ""misc."": 3}",71,crime,"[""Magocracy""]","{""poor"": 0.5875, ""middle"": 0.2581, ""wealthy"": 0.0456, ""aristocrat"": 0.1088}",11,"[[""fish"", ""gems"", ""salt"", ""wine""]]","[[""coal"", ""jewelry"", ""mercenaries"", ""silk""]]",Ruler BAL-576,professional guard,arcanum,"Common, Elvish",Tyr,88949,460120908,84.01,49.0,48.4,8,0,synthetic generator v3,derived,0.72,15893316,0,36.8,20.72072,-10.22826
Waterdeep Settlement 0101,Waterdeep,Waterdeep,501,1582005,33092,"{""humans"": 374, ""elves"": 55, ""dwarves"": 31, ""halflings"": 31, ""half-orcs"": 7, ""misc."": 3}",160,war,"[""Confederacy""]","{""poor"": 0.6143, ""middle"": 0.2979, ""wealthy"": 0.0614, ""aristocrat"": 0.0264}",11,"[[""books"", ""grain""]]","[[""jewelry"", ""ore"", ""parchment""]]",Ruler WAT-559,mercenary heavy,arcanum,"Elvish, Halfling, Orc",Torm,111501,517924535,365.01,57.5,43.3,3,0,synthetic generator v3,derived,0.73,1780388,-1,19.3,29.20555,-34.68648
Cormyr Settlement 0102,Cormyr,Suzail,1162,6215027,122889,"{""humans"": 884, ""elves"": 156, ""dwarves"": 40, ""halflings"": 29, ""half-orcs"": 50, ""misc."": 3}",26,monster attack,"[""Theocracy""]","{""poor"": 0.5532, ""middle"": 0.2828, ""wealthy"": 0.0642, ""aristocrat"": 0.0998}",0,"[[""books"", ""cloth"", ""salt""]]","[[""magic items"", ""silk"", ""spices""]]",Ruler COR-997,small militia,arcanum,Common,"Tempus, Tyr",128212,529868877,85.2,54.5,48.6,9,0,synthetic generator v3,derived,0.76,6477581,0,31.5,38.57563,-6.97006
Amn Settlement 0103,Amn,Athkatla,1337,8819765,20268,"{""humans"": 1025, ""elves"": 109, ""dwarves"": 118, ""halflings"": 48, ""half-orcs"": 35, ""misc."": 2}",78,famine,"[""Monarchy""]","{""poor"": 0.477, ""middle"": 0.3119, ""wealthy"": 0.0971, ""aristocrat"": 0.114}",1,"[[""books"", ""fish"", ""timber""]]","[[""glass"", ""ore""]]",Ruler AMN-757,naval patrol,local academy,"Common, Dwarvish",Chauntea,135123,611983508,161.54,68.8,78.7,5,0,synthetic generator v3,derived,0.69,9822901,1,18.3,25.24463,-40.26456
Amn Settlement 0104,Amn,Athkatla,11526,92799468,4364453,"{""humans"": 9139, ""elves"": 574, ""dwarves"": 656, ""halflings"": 767, ""half-orcs"": 388, ""misc."": 2}",118,arcane mishap,"[""Patriarchy""]","{""poor"": 0.4532, ""middle"": 0.3382, ""wealthy"": 0.0414, ""aristocrat"": 0.1672}",11,"[[""books"", ""salt"", ""wine""]]","[[""coal"", ""jewelry"", ""magic items"", ""mercenaries"", ""silk""]]",Ruler AMN-307,mercenary heavy,local academy,"Draconic, Dwarvish, Orc","Chauntea, Mystra, Torm",135123,611983508,273.73,71.8,65.1,8,0,synthetic generator v3,synthetic,0.44,86756245,-2,36.8,9.48674,-10.76412
Neverwinter Settlement 0105,Neverwinter,Neverwinter,1976,6039888,50451,"{""humans"": 1515, ""elves"": 124, ""dwarves"": 110, ""halflings"": 133, ""half-orcs"": 93, ""misc."": 1}",177,monster attack,"[""Theocracy""]","{""poor"": 0.6642, ""middle"": 0.252, ""wealthy"": 0.0424, ""aristocrat"": 0.0414}",10,"[[""armor"", ""cloth"", ""gems""]]","[[""coal"", ""mercenaries"", ""ore"", ""parchment"", ""spices""]]",Ruler NEV-327,small militia,None,"Common, Halfling, Orc","Mystra, Tempus",41958,200003469,325.12,53.4,60.7,9,0,synthetic generator v3,derived,0.78,7610175,-2,39.5,42.95,-21.15599
Amn Settlement 0106,Amn,Athkatla,3197,8324121,32880,"{""humans"": 2584, ""elves"": 141, ""dwarves"": 121, ""halflings"": 223, ""half-orcs"": 125, ""misc."": 3}",77,monster attack,"[""Monarchy""]","{""poor"": 0.572, ""middle"": 0.3404, ""wealthy"": 0.0828, ""aristocrat"": 0.0048}",0,"[[""salt""]]","[[""glass"", ""jewelry"", ""magic items"", ""ore"", ""silk""]]",Ruler AMN-127,mercenary heavy,local academy,Draconic,"Selune, Tempus",135123,611983508,491.93,61.7,88.3,4,0,synthetic generator v3,synthetic,0.57,9702625,-4,14.0,9.18697,-30.14288
Amn Settlement 0107,Amn,Athkatla,1542,6513924,7488,"{""humans"": 1167, ""elves"": 70, ""dwarves"": 101, ""halflings"": 130, ""half-orcs"": 71, ""misc."": 3}",61,crime,"[""Confederacy""]","{""poor"": 0.6849, ""middle"": 0.2114, ""wealthy"": 0.0317, ""aristocrat"": 0.072}",9,"[[""armor"", ""gems"", ""horses"", ""weapons"", ""wine""]]","[[""coal"", ""magic items"", ""parchment"", ""silk""]]",Ruler AMN-131,small militia,guilds,Dwarvish,Mystra,135123,611983508,199.65,66.6,72.5,4,0,synthetic generator v3,derived,0.66,6823536,1,21.2,19.3928,-24.82049
Neverwinter Settlement 0108,Neverwinter,Neverwinter,696,1317725,50714,"{""humans"": 568, ""elves"": 33, ""dwarves"": 51, ""halflings"": 26, ""half-orcs"": 17, ""misc."": 1}",51,crime,"[""Monarchy""]","{""poor"": 0.6395, ""middle"": 0.3275, ""wealthy"": 0.0282, ""aristocrat"": 0.0048}",17,"[[""wine""]]","[[""parchment""]]",Ruler NEV-424,mercenary heavy,local academy,Elvish,Chauntea,41958,200003469,144.11,50.0,52.4,5,0,synthetic generator v3,synthetic,0.68,1123886,0,31.1,35.99919,-28.82566
Tethyr Settlement 0109,Tethyr,Darromar,1254,2558965,16545,"{""humans"": 929, ""elves"": 122, ""dwarves"": 59, ""halflings"": 102, ""half-orcs"": 40, ""misc."": 2}",54,disease,"[""Merchant Council""]","{""poor"": 0.6377, ""middle"": 0.2973, ""wealthy"": 0.0602, ""aristocrat"": 0.0048}",0,"[[""books"", ""cloth"", ""salt"", ""timber"", ""wine""]]","[[""jewelry"", ""magic items""]]",Ruler TET-419,mercenary heavy,None,"Draconic, Halfling, Orc",Tempus,94697,355319062,33.73,60.1,49.6,5,0,synthetic generator v3,derived,0.85,2085290,3,17.5,25.02563,-27.86481
Waterdeep Settlement 0110,Waterdeep,Waterdeep,2055,9326541,112692,"{""humans"": 1560, ""elves"": 128, ""dwarves"": 177, ""halflings"": 161, ""half-orcs"": 26, ""misc."": 3}",86,famine,"[""Monarchy""]","{""poor"": 0.538, ""middle"": 0.3556, ""wealthy"": 0.0413, ""aristocrat"": 0.0651}",19,"[[""salt"", ""wine""]]","[[""jewelry""]]",Ruler WAT-468,professional guard,guilds,Draconic,"Mystra, Tempus, Tyr",111501,517924535,421.48,57.6,27.8,9,0,synthetic generator v3,synthetic,0.37,9822535,1,46.7,51.41659,-15.83238
Waterdeep Settlement 0111,Waterdeep,Waterdeep,1600,4790858,412152,"{""humans"": 1214, ""elves"": 47, ""dwarves"": 118, ""halflings"": 138, ""half-orcs"": 81, ""misc."": 2}",71,war,"[""Monarchy""]","{""poor"": 0.6193, ""middle"": 0.3213, ""wealthy"": 0.0311, ""aristocrat"": 0.0283}",12,"[[""cloth"", ""grain""]]","[[""jewelry"", ""magic items"", ""parchment"", ""spices""]]",Ruler WAT-176,small militia,arcanum,Elvish,"Selune, Tyr",111501,517924535,399.0,57.1,55.7,10,0,synthetic generator v3,derived,0.62,6110136,-2,44.6,51.54561,-16.73155
Cormyr Settlement 0112,Cormyr,Suzail,524,5351370,158205,"{""humans"": 347, ""elves"": 50, ""dwarves"": 50, ""halflings"": 47, ""half-orcs"": 28, ""misc."": 2}",172,crime,"[""Satrapy""]","{""poor"": 0.4855, ""middle"": 0.2289, ""wealthy"": 0.0286, ""aristocrat"": 0.257}",8,"[[""books"", ""timber""]]","[[""mercenaries"", ""ore"", ""spices""]]",Ruler COR-72,mercenary heavy,local academy,"Draconic, Orc","Chauntea, Lathander, Tyr",128212,529868877,428.44,66.3,72.1,3,0,synthetic generator v3,synthetic,0.46,5426139,-1,16.9,19.68766,19.78703
Neverwinter Settlement 0113,Neverwinter,Neverwinter,2236,5535762,282619,"{""humans"": 1639, ""elves"": 205, ""dwarves"": 175, ""halflings"": 86, ""half-orcs"": 128, ""misc."": 3}",142,monster attack,"[""Satrapy""]","{""poor"": 0.6903, ""middle"": 0.2529, ""wealthy"": 0.0297, ""aristocrat"": 0.0271}",17,"[[""gems"", ""horses"", ""salt""]]","[[""jewelry"", ""magic items"", ""ore"", ""spices""]]",Ruler NEV-204,professional guard,arcanum,"Dwarvish, Halfling","Chauntea, Selune, Tyr",41958,200003469,321.44,51.3,34.1,8,0,synthetic generator v3,derived,0.69,6768233,-1,41.6,64.10267,-27.26134
Sembia Settlement 0114,Sembia,Selgaunt,3860,13230314,569066,"{""humans"": 3242, ""elves"": 166, ""dwarves"": 116, ""halflings"": 126, ""half-orcs"": 208, ""misc."": 2}",171,monster attack,"[""Confederacy""]","{""poor"": 0.6052, ""middle"": 0.2865, ""wealthy"": 0.0622, ""aristocrat"": 0.0461}",10,"[[""books"", ""cloth"", ""gems""]]","[[""glass"", ""silk""]]",Ruler SEM-946,mercenary heavy,guilds,Draconic,"Mystra, Tyr",115850,569433233,527.44,47.1,51.4,6,0,synthetic generator v3,derived,0.78,17531993,1,29.0,44.5946,31.21997
Neverwinter Settlement 0115,Neverwinter,Neverwinter,1151,7227566,340166,"{""humans"": 899, ""elves"": 50, ""dwarves"": 101, ""halflings"": 55, ""half-orcs"": 43, ""misc."": 3}",43,monster attack,"[""Satrapy""]","{""poor"": 0.4592, ""middle"": 0.3761, ""wealthy"": 0.0315, ""aristocrat"": 0.1332}",15,"[[""cloth"", ""gems"", ""grain"", ""salt"", ""weapons""]]","[[""coal"", ""magic items"", ""ore"", ""parchment""]]",Ruler NEV-161,mercenary heavy,local academy,"Common, Halfling",Torm,41958,200003469,268.01,42.9,43.8,1,0,synthetic generator v3,derived,0.7,6612077,1,15.5,45.0723,-53.72698
Tethyr Settlement 0116,Tethyr,Darromar,1213,11411885,498169,"{""humans"": 954, ""elves"": 94, ""dwarves"": 53, ""halflings"": 98, ""half-orcs"": 11, ""misc."": 3}",162,war,"[""Dictatorship""]","{""poor"": 0.512, ""middle"": 0.2061, ""wealthy"": 0.0349, ""aristocrat"": 0.247}",0,"[[""cloth"", ""grain"", ""salt"", ""timber"", ""wine""]]","[[""magic items""]]",Ruler TET-953,mercenary heavy,None,"Dwarvish, Elvish, Halfling","Lathander, Torm, Tyr",94697,355319062,73.58,64.3,61.2,8,0,synthetic generator v3,synthetic,0.46,11931787,4,28.0,15.82138,-34.30907
Waterdeep Settlement 0117,Waterdeep,Waterdeep,829,5075008,129118,"{""humans"": 639, ""elves"": 87, ""dwarves"": 41, ""halflings"": 41, ""half-orcs"": 19, ""misc."": 2}",140,famine,"[""Democracy""]","{""poor"": 0.5556, ""middle"": 0.2961, ""wealthy"": 0.0345, ""aristocrat"": 0.1138}",1,"[[""armor"", ""books"", ""horses"", ""timber""]]","[[""magic items""]]",Ruler WAT-996,naval patrol,local academy,"Draconic, Orc",Mystra,111501,517924535,260.19,56.5,38.2,9,2,synthetic generator v3,synthetic,0.51,4501435,3,34.1,34.4037,-8.45212
Sembia Settlement 0118,Sembia,Selgaunt,662,1352981,58147,"{""humans"": 504, ""elves"": 48, ""dwarves"": 34, ""halflings"": 44, ""half-orcs"": 29, ""misc."": 3}",162,monster attack,"[""Merchant Council""]","{""poor"": 0.6081, ""middle"": 0.3433, ""wealthy"": 0.0438, ""aristocrat"": 0.0048}",0,"[[""books"", ""fish"", ""horses"", ""wine""]]","[[""glass"", ""jewelry"", ""mercenaries"", ""parchment""]]",Ruler SEM-405,professional guard,arcanum,"Common, Draconic, Elvish","Chauntea, Selune, Tempus",115850,569433233,454.93,49.9,55.3,2,0,synthetic generator v3,derived,0.8,1252417,0,7.0,27.12587,48.34726
Sembia Settlement 0119,Sembia,Selgaunt,259,1635823,79768,"{""humans"": 191, ""elves"": 31, ""dwarves"": 12, ""halflings"": 21, ""half-orcs"": 2, ""misc."": 2}",92,disease,"[""Magocracy""]","{""poor"": 0.4973, ""middle"": 0.3015, ""wealthy"": 0.07, ""aristocrat"": 0.1312}",3,"[[""armor"", ""books"", ""weapons""]]","[[""coal"", ""mercenaries"", ""ore"", ""silk""]]",Ruler SEM-854,small militia,arcanum,Draconic,"Lathander, Mystra, Selune",115850,569433233,35.02,59.7,48.3,8,0,synthetic generator v3,synthetic,0.64,1994007,-1,30.4,24.17203,51.76421
Tethyr Settlement 0120,Tethyr,Darromar,715,5430132,181392,"{""humans"": 488, ""elves"": 69, ""dwarves"": 61, ""halflings"": 58, ""half-orcs"": 37, ""misc."": 2}",154,famine,"[""Magocracy""]","{""poor"": 0.5259, ""middle"": 0.2161, ""wealthy"": 0.0799, ""aristocrat"": 0.1781}",17,"[[""books"", ""horses""]]","[[""glass"", ""mercenaries"", ""ore"", ""spices""]]",Ruler TET-800,professional guard,arcanum,"Common, Elvish","Lathander, Torm, Tyr",94697,355319062,84.08,62.1,78.5,1,0,synthetic generator v3,synthetic,0.63,6111367,-2,17.1,3.11839,-48.45194
Calimshan Settlement 0121,Calimshan,Memnon,2190,4975790,29838,"{""humans"": 1568, ""elves"": 210, ""dwarves"": 174, ""halflings"": 168, ""half-orcs"": 68, ""misc."": 2}",30,famine,"[""Monarchy""]","{""poor"": 0.5883, ""middle"": 0.3532, ""wealthy"": 0.0539, ""aristocrat"": 0.0046}",6,"[[""cloth"", ""gems"", ""grain"", ""salt"", ""wine""]]","[[""coal"", ""glass"", ""magic items"", ""parchment"", ""spices""]]",Ruler CAL-394,naval patrol,arcanum,Orc,"Chauntea, Tempus",104596,622107818,448.67,81.2,43.3,9,0,synthetic generator v3,synthetic,0.63,5468148,0,36.3,2.15285,-34.69157
Baldurs Gate Settlement 0122,Baldurs Gate,Baldur's Gate,2589,21391145,735374,"{""humans"": 2013, ""elves"": 135, ""dwarves"": 231, ""halflings"": 131, ""half-orcs"": 76, ""misc."": 3}",60,famine,"[""Monarchy""]","{""poor"": 0.4781, ""middle"": 0.2553, ""wealthy"": 0.0898, ""aristocrat"": 0.1768}",5,"[[""books"", ""fish"", ""grain""]]","[[""mercenaries"", ""ore"", ""spices""]]",Ruler BAL-11,professional guard,None,"Common, Dwarvish, Halfling",Selune,88949,460120908,308.92,50.7,41.1,2,0,synthetic generator v3,synthetic,0.63,20075847,0,11.0,30.70826,-23.78926
Tethyr Settlement 0123,Tethyr,Darromar,6312,39786164,269210,"{""humans"": 4760, ""elves"": 307, ""dwarves"": 670, ""halflings"": 197, ""half-orcs"": 376, ""misc."": 2}",156,disease,"[""Monarchy""]","{""poor"": 0.5179, ""middle"": 0.2993, ""wealthy"": 0.0402, ""aristocrat"": 0.1426}",0,"[[""books"", ""salt"", ""weapons""]]","[[""glass""]]",Ruler TET-513,small militia,guilds,"Common, Draconic","Mystra, Selune",94697,355319062,392.31,74.2,50.9,8,0,synthetic generator v3,synthetic,0.6,43180612,2,28.0,23.89995,-20.71578
Sembia Settlement 0124,Sembia,Selgaunt,2960,7644188,19930,"{""humans"": 1981, ""elves"": 313, ""dwarves"": 267, ""halflings"": 279, ""half-orcs"": 117, ""misc."": 3}",86,crime,"[""Magocracy""]","{""poor"": 0.5136, ""middle"": 0.3868, ""wealthy"": 0.0946, ""aristocrat"": 0.005}",0,"[[""armor"", ""fish"", ""gems""]]","[[""ore""]]",Ruler SEM-933,naval patrol,guilds,"Draconic, Dwarvish, Halfling",Tempus,115850,569433233,168.45,51.5,47.0,4,0,synthetic generator v3,derived,0.84,7539770,2,14.0,42.35696,53.81726
Tethyr Settlement 0125,Tethyr,Darromar,3203,21726929,245474,"{""humans"": 2598, ""elves"": 145, ""dwarves"": 207, ""halflings"": 165, ""half-orcs"": 85, ""misc."": 3}",53,monster attack,"[""Patriarchy""]","{""poor"": 0.5229, ""middle"": 0.2882, ""wealthy"": 0.0272, ""aristocrat"": 0.1617}",8,"[[""fish"", ""salt""]]","[[""coal"", ""glass"", ""jewelry"", ""magic items"", ""mercenaries""]]",Ruler TET-692,naval patrol,None,Draconic,"Chauntea, Mystra, Selune",94697,355319062,87.16,62.4,61.9,5,0,synthetic generator v3,derived,0.81,27350670,-3,23.9,19.47529,-27.70827
Baldurs Gate Settlement 0126,Baldurs Gate,Baldur's Gate,295,1986501,41334,"{""humans"": 217, ""elves"": 29, ""dwarves"": 13, ""halflings"": 19, ""half-orcs"": 14, ""misc."": 3}",55,disease,"[""Monarchy""]","{""poor"": 0.4839, ""middle"": 0.3511, ""wealthy"": 0.0213, ""aristocrat"": 0.1437}",0,"[[""armor"", ""fish"", ""gems"", ""horses"", ""timber""]]","[[""parchment""]]",Ruler BAL-557,small militia,None,"Halfling, Orc","Chauntea, Lathander, Tyr",88949,460120908,479.69,62.2,41.5,2,0,synthetic generator v3,derived,0.74,2306478,4,7.0,20.80328,-20.87324
Baldurs Gate Settlement 0127,Baldurs Gate,Baldur's Gate,413,3418160,213420,"{""humans"": 323, ""elves"": 34, ""dwarves"": 14, ""halflings"": 28, ""half-orcs"": 12, ""misc."": 2}",131,famine,"[""Monarchy""]","{""poor"": 0.5361, ""middle"": 0.2225, ""wealthy"": 0.0521, ""aristocrat"": 0.1893}",0,"[[""fish"", ""grain"", ""salt""]]","[[""coal"", ""jewelry"", ""magic items"", ""mercenaries"", ""silk""]]",Ruler BAL-574,small militia,None,"Draconic, Dwarvish, Orc",Selune,88949,460120908,226.74,53.0,54.1,2,0,synthetic generator v3,synthetic,0.51,4313130,-2,7.0,19.70236,-29.9162
Waterdeep Settlement 0128,Waterdeep,Waterdeep,843,2151261,51191,"{""humans"": 635, ""elves"": 56, ""dwarves"": 43, ""halflings"": 81, ""half-orcs"": 25, ""misc."": 3}",165,monster attack,"[""Patriarchy""]","{""poor"": 0.6545, ""middle"": 0.2462, ""wealthy"": 0.0944, ""aristocrat"": 0.0049}",14,"[[""armor"", ""gems""]]","[[""glass"", ""ore"", ""parchment"", ""silk"", ""spices""]]",Ruler WAT-301,small militia,arcanum,"Common, Draconic, Dwarvish","Lathander, Mystra, Selune",111501,517924535,312.06,58.6,34.8,3,0,synthetic generator v3,synthetic,0.38,2039755,-3,21.7,48.57654,-41.77742
Waterdeep Settlement 0129,Waterdeep,Waterdeep,2902,24938579,709495,"{""humans"": 2223, ""elves"": 284, ""dwarves"": 135, ""halflings"": 99, ""half-orcs"": 158, ""misc."": 3}",112,old age,"[""Magocracy""]","{""poor"": 0.5038, ""middle"": 0.232, ""wealthy"": 0.0949, ""aristocrat"": 0.1693}",0,"[[""gems""]]","[[""jewelry"", ""parchment""]]",Ruler WAT-866,naval patrol,local academy,"Draconic, Dwarvish, Orc","Mystra, Tempus",111501,517924535,291.41,54.5,29.9,5,0,synthetic generator v3,synthetic,0.47,25631922,-1,17.5,29.05272,-4.95261
Baldurs Gate Settlement 0130,Baldurs Gate,Baldur's Gate,2481,5241753,372286,"{""humans"": 1865, ""elves"": 227, ""dwarves"": 150, ""halflings"": 147, ""half-orcs"": 89, ""misc."": 3}",145,arcane mishap,"[""Satrapy""]","{""poor"": 0.6083, ""middle"": 0.3462, ""wealthy"": 0.0411, ""aristocrat"": 0.0044}",13,"[[""gems""]]","[[""spices""]]",Ruler BAL-676,mercenary heavy,local academy,"Elvish, Halfling","Lathander, Mystra, Tempus",88949,460120908,304.24,57.3,60.6,8,0,synthetic generator v3,synthetic,0.46,5577059,0,38.4,17.6011,-30.15053
Cormyr Settlement 0131,Cormyr,Suzail,9153,51655042,1376184,"{""humans"": 7127, ""elves"": 716, ""dwarves"": 552, ""halflings"": 311, ""half-orcs"": 444, ""misc."": 3}",86,arcane mishap,"[""Theocracy""]","{""poor"": 0.5281, ""middle"": 0.3319, ""wealthy"": 0.0244, ""aristocrat"": 0.1156}",1,"[[""fish"", ""gems"", ""salt"", ""weapons"", ""wine""]]","[[""coal"", ""mercenaries"", ""spices""]]",Ruler COR-196,naval patrol,arcanum,"Draconic, Dwarvish, Orc",Selune,128212,529868877,258.49,61.1,72.5,0,0,synthetic generator v3,synthetic,0.35,55056440,2,0.8,24.36,11.49031
Calimshan Settlement 0132,Calimshan,Memnon,4187,38489523,2282350,"{""humans"": 2923, ""elves"": 442, ""dwarves"": 290, ""halflings"": 287, ""half-orcs"": 242, ""misc."": 3}",148,famine,"[""Dictatorship""]","{""poor"": 0.5229, ""middle"": 0.2318, ""wealthy"": 0.0255, ""aristocrat"": 0.2198}",13,"[[""armor"", ""gems"", ""weapons"", ""wine""]]","[[""coal"", ""ore""]]",Ruler CAL-625,professional guard,local academy,Halfling,Tempus,104596,622107818,442.41,76.0,47.1,4,1,synthetic generator v3,synthetic,0.55,45513604,2,25.3,21.99025,-50.87081
Waterdeep Settlement 0133,Waterdeep,Waterdeep,672,1860349,3568,"{""humans"": 555, ""elves"": 17, ""dwarves"": 43, ""halflings"": 36, ""half-orcs"": 19, ""misc."": 2}",115,crime,"[""Confederacy""]","{""poor"": 0.5534, ""middle"": 0.3515, ""wealthy"": 0.0905, ""aristocrat"": 0.0046}",3,"[[""armor"", ""fish"", ""horses"", ""salt"", ""timber""]]","[[""glass"", ""mercenaries"", ""parchment""]]",Ruler WAT-9,mercenary heavy,guilds,"Elvish, Halfling","Mystra, Tyr",111501,517924535,25.33,58.3,59.8,2,0,synthetic generator v3,synthetic,0.43,1627932,2,9.4,34.50381,-40.46208
Cormyr Settlement 0134,Cormyr,Suzail,4429,27213454,139403,"{""humans"": 3395, ""elves"": 394, ""dwarves"": 214, ""halflings"": 339, ""half-orcs"": 83, ""misc."": 4}",96,crime,"[""Theocracy""]","{""poor"": 0.5151, ""middle"": 0.2967, ""wealthy"": 0.0663, ""aristocrat"": 0.1219}",6,"[[""armor"", ""books"", ""horses"", ""weapons"", ""wine""]]","[[""mercenaries""]]",Ruler COR-791,mercenary heavy,guilds,"Elvish, Halfling, Orc",Tempus,128212,529868877,92.15,53.5,67.6,6,0,synthetic generator v3,synthetic,0.59,33508349,4,25.8,40.81842,18.80534
Sembia Settlement 0135,Sembia,Selgaunt,560,3291817,192613,"{""humans"": 448, ""elves"": 47, ""dwarves"": 25, ""halflings"": 18, ""half-orcs"": 20, ""misc."": 2}",159,arcane mishap,"[""Merchant Council""]","{""poor"": 0.4582, ""middle"": 0.3597, ""wealthy"": 0.0676, ""aristocrat"": 0.1145}",15,"[[""cloth"", ""wine""]]","[[""jewelry"", ""silk""]]",Ruler SEM-82,professional guard,guilds,"Dwarvish, Elvish, Halfling",Tempus,115850,569433233,498.15,53.5,51.1,5,0,synthetic generator v3,synthetic,0.47,2883585,0,29.5,27.90068,18.15876
Waterdeep Settlement 0136,Waterdeep,Waterdeep,736,4443982,104022,"{""humans"": 568, ""elves"": 39, ""dwarves"": 54, ""halflings"": 45, ""half-orcs"": 27, ""misc."": 3}",42,old age,"[""Confederacy""]","{""poor"": 0.5124, ""middle"": 0.3445, ""wealthy"": 0.035, ""aristocrat"": 0.1081}",7,"[[""books"", ""cloth"", ""salt""]]","[[""jewelry"", ""mercenaries"", ""parchment"", ""silk"", ""spices""]]",Ruler WAT-456,professional guard,arcanum,"Draconic, Elvish","Mystra, Tempus",111501,517924535,511.3,46.4,48.0,0,0,synthetic generator v3,synthetic,0.45,3633966,-2,5.6,35.71126,-20.62469
Cormyr Settlement 0137,Cormyr,Suzail,379,780655,35300,"{""humans"": 293, ""elves"": 27, ""dwarves"": 20, ""halflings"": 27, ""half-orcs"": 10, ""misc."": 2}",124,famine,"[""Monarchy""]","{""poor"": 0.6246, ""middle"": 0.3266, ""wealthy"": 0.0443, ""aristocrat"": 0.0045}",0,"[[""gems"", ""grain"", ""timber"", ""weapons""]]","[[""glass"", ""mercenaries"", ""spices""]]",Ruler COR-78,mercenary heavy,None,"Draconic, Dwarvish, Elvish","Selune, Tempus, Torm",128212,529868877,302.8,63.3,57.3,2,0,synthetic generator v3,derived,0.82,921259,1,7.0,21.55877,24.51541
Baldurs Gate Settlement 0138,Baldurs Gate,Baldur's Gate,4139,30737004,1365394,"{""humans"": 2936, ""elves"": 271, ""dwarves"": 381, ""halflings"": 301, ""half-orcs"": 247, ""misc."": 3}",173,war,"[""Democracy""]","{""poor"": 0.4819, ""middle"": 0.3153, ""wealthy"": 0.0419, ""aristocrat"": 0.1609}",12,"[[""timber""]]","[[""mercenaries"", ""ore"", ""parchment""]]",Ruler BAL-435,professional guard,guilds,"Draconic, Orc","Chauntea, Mystra, Torm",88949,460120908,234.21,53.2,43.0,1,0,synthetic generator v3,derived,0.63,39289259,-2,13.1,25.60956,-29.98336
Sembia Settlement 0139,Sembia,Selgaunt,2460,18747888,589836,"{""humans"": 1996, ""elves"": 94, ""dwarves"": 160, ""halflings"": 142, ""half-orcs"": 65, ""misc."": 3}",59,war,"[""Monarchy""]","{""poor"": 0.4767, ""middle"": 0.2738, ""wealthy"": 0.0789, ""aristocrat"": 0.1706}",7,"[[""gems""]]","[[""ore"", ""silk"", ""spices""]]",Ruler SEM-205,professional guard,local academy,Draconic,"Chauntea, Lathander, Tyr",115850,569433233,509.7,54.5,63.9,5,0,synthetic generator v3,derived,0.85,17973295,-2,23.1,25.8556,48.23179
Sembia Settlement 0140,Sembia,Selgaunt,822,1758849,153584,"{""humans"": 654, ""elves"": 22, ""dwarves"": 38, ""halflings"": 63, ""half-orcs"": 42, ""misc."": 3}",80,arcane mishap,"[""Magocracy""]","{""poor"": 0.6043, ""middle"": 0.3329, ""wealthy"": 0.0581, ""aristocrat"": 0.0047}",8,"[[""timber""]]","[[""coal"", ""jewelry"", ""parchment"", ""spices""]]",Ruler SEM-765,small militia,None,Halfling,"Tempus, Tyr",115850,569433233,413.38,51.5,29.5,0,0,synthetic generator v3,synthetic,0.4,2299436,-3,6.4,29.19817,53.75773
Cormyr Settlement 0141,Cormyr,Suzail,366,2236989,155454,"{""humans"": 300, ""elves"": 12, ""dwarves"": 29, ""halflings"": 12, ""half-orcs"": 11, ""misc."": 2}",116,old age,"[""Confederacy""]","{""poor"": 0.4801, ""middle"": 0.3582, ""wealthy"": 0.0374, ""aristocrat"": 0.1243}",7,"[[""cloth"", ""salt""]]","[[""coal"", ""jewelry"", ""magic items"", ""mercenaries"", ""spices""]]",Ruler COR-949,mercenary heavy,guilds,"Draconic, Elvish","Chauntea, Selune, Tyr",128212,529868877,33.89,66.1,41.9,8,0,synthetic generator v3,synthetic,0.49,2904239,-3,33.6,25.30233,16.80706
Amn Settlement 0142,Amn,Athkatla,998,2480940,40172,"{""humans"": 737, ""elves"": 110, ""dwarves"": 80, ""halflings"": 29, ""half-orcs"": 40, ""misc."": 2}",54,famine,"[""Dictatorship""]","{""poor"": 0.6299, ""middle"": 0.2794, ""wealthy"": 0.0858, ""aristocrat"": 0.0049}",0,"[[""horses"", ""salt""]]","[[""magic items"", ""mercenaries"", ""spices""]]",Ruler AMN-344,naval patrol,local academy,"Common, Draconic, Dwarvish",Selune,135123,611983508,452.21,62.2,87.1,5,0,synthetic generator v3,synthetic,0.65,2495925,-1,17.5,10.36126,-36.41504
Sembia Settlement 0143,Sembia,Selgaunt,1270,3912830,70946,"{""humans"": 941, ""elves"": 92, ""dwarves"": 108, ""halflings"": 98, ""half-orcs"": 29, ""misc."": 2}",66,arcane mishap,"[""Dictatorship""]","{""poor"": 0.5729, ""middle"": 0.3364, ""wealthy"": 0.0573, ""aristocrat"": 0.0334}",10,"[[""grain""]]","[[""jewelry"", ""magic items"", ""ore"", ""spices""]]",Ruler SEM-10,mercenary heavy,None,"Common, Elvish, Orc",Lathander,115850,569433233,133.13,59.2,57.4,0,0,synthetic generator v3,derived,0.67,3156719,-3,8.0,41.77794,36.01268
Tethyr Settlement 0144,Tethyr,Darromar,898,1921125,105514,"{""humans"": 710, ""elves"": 19, ""dwarves"": 60, ""halflings"": 70, ""half-orcs"": 37, ""misc."": 2}",168,disease,"[""Magocracy""]","{""poor"": 0.5915, ""middle"": 0.3439, ""wealthy"": 0.0598, ""aristocrat"": 0.0048}",0,"[[""books"", ""fish"", ""salt"", ""timber"", ""weapons""]]","[[""parchment"", ""spices""]]",Ruler TET-234,small militia,None,Draconic,"Selune, Tyr",94697,355319062,270.43,64.2,46.0,6,0,synthetic generator v3,derived,0.64,2129779,3,21.0,4.28545,-40.99396
Baldurs Gate Settlement 0145,Baldurs Gate,Baldur's Gate,1053,2561753,28480,"{""humans"": 795, ""elves"": 64, ""dwarves"": 94, ""halflings"": 70, ""half-orcs"": 27, ""misc."": 3}",63,war,"[""Merchant Council""]","{""poor"": 0.5857, ""middle"": 0.3301, ""wealthy"": 0.0794, ""aristocrat"": 0.0048}",11,"[[""cloth"", ""fish"", ""gems"", ""weapons""]]","[[""glass"", ""jewelry"", ""parchment"", ""silk""]]",Ruler BAL-537,mercenary heavy,guilds,Common,"Chauntea, Mystra, Torm",88949,460120908,477.94,58.9,59.7,4,0,synthetic generator v3,derived,0.76,2431879,0,22.8,22.36661,-32.45415
Amn Settlement 0146,Amn,Athkatla,670,5052696,58243,"{""humans"": 520, ""elves"": 27, ""dwarves"": 48, ""halflings"": 42, ""half-orcs"": 31, ""misc."": 2}",146,arcane mishap,"[""Satrapy""]","{""poor"": 0.4719, ""middle"": 0.3079, ""wealthy"": 0.0735, ""aristocrat"": 0.1467}",0,"[[""gems""]]","[[""coal"", ""glass"", ""magic items"", ""ore"", ""parchment""]]",Ruler AMN-651,professional guard,None,"Common, Draconic, Dwarvish","Mystra, Tempus",135123,611983508,51.23,70.3,57.5,1,0,synthetic generator v3,synthetic,0.61,5115820,-4,3.5,25.89828,-14.67605
Sembia Settlement 0147,Sembia,Selgaunt,2291,10342230,571259,"{""humans"": 1863, ""elves"": 79, ""dwarves"": 130, ""halflings"": 120, ""half-orcs"": 97, ""misc."": 2}",175,disease,"[""Magocracy""]","{""poor"": 0.5932, ""middle"": 0.24, ""wealthy"": 0.0922, ""aristocrat"": 0.0746}",16,"[[""horses""]]","[[""glass"", ""mercenaries"", ""parchment"", ""silk"", ""spices""]]",Ruler SEM-616,professional guard,guilds,Elvish,"Torm, Tyr",115850,569433233,327.18,51.6,35.5,5,0,synthetic generator v3,synthetic,0.53,13448191,-4,30.3,24.02226,40.07193
Tethyr Settlement 0148,Tethyr,Darromar,1253,2900207,30756,"{""humans"": 1042, ""elves"": 92, ""dwarves"": 62, ""halflings"": 30, ""half-orcs"": 25, ""misc."": 2}",37,monster attack,"[""Satrapy""]","{""poor"": 0.5578, ""middle"": 0.3601, ""wealthy"": 0.0776, ""aristocrat"": 0.0045}",2,"[[""cloth"", ""fish"", ""gems"", ""weapons"", ""wine""]]","[[""glass"", ""magic items"", ""mercenaries"", ""parchment""]]",Ruler TET-575,mercenary heavy,arcanum,Halfling,Torm,94697,355319062,495.81,70.8,71.7,10,0,synthetic generator v3,derived,0.64,2890715,1,36.6,2.31001,-53.49805
Baldurs Gate Settlement 0149,Baldurs Gate,Baldur's Gate,2766,17916673,1166892,"{""humans"": 2211, ""elves"": 61, ""dwarves"": 211, ""halflings"": 147, ""half-orcs"": 133, ""misc."": 3}",60,monster attack,"[""Democracy""]","{""poor"": 0.499, ""middle"": 0.2955, ""wealthy"": 0.0811, ""aristocrat"": 0.1244}",18,"[[""armor"", ""books"", ""grain"", ""salt"", ""timber""]]","[[""coal"", ""ore"", ""silk""]]",Ruler BAL-928,small militia,None,"Elvish, Halfling, Orc","Mystra, Torm, Tyr",88949,460120908,19.44,56.5,48.1,4,0,synthetic generator v3,synthetic,0.66,19937599,2,28.4,35.30084,-33.48097
Suzail,Cormyr,Suzail,4395,16166378,689180,"{""humans"": 3301, ""elves"": 182, ""dwarves"": 435, ""halflings"": 198, ""half-orcs"": 276, ""misc."": 3}",90,crime,"[""Democracy""]","{""poor"": 0.6803, ""middle"": 0.2154, ""wealthy"": 0.0442, ""aristocrat"": 0.0601}",17,"[[""salt""]]","[[""magic items"", ""ore"", ""spices""]]",Ruler COR-978,naval patrol,None,"Common, Elvish",Mystra,128212,529868877,211.6,64.4,73.6,9,0,synthetic generator v3,canonical,0.89,17880586,-2,45.1,24.08849,-6.87878
Cormyr Settlement 0151,Cormyr,Suzail,3451,12133890,805102,"{""humans"": 2831, ""elves"": 108, ""dwarves"": 150, ""halflings"": 163, ""half-orcs"": 197, ""misc."": 2}",142,monster attack,"[""Merchant Council""]","{""poor"": 0.5004, ""middle"": 0.3755, ""wealthy"": 0.0923, ""aristocrat"": 0.0318}",14,"[[""armor"", ""cloth"", ""grain"", ""salt"", ""wine""]]","[[""jewelry"", ""magic items""]]",Ruler COR-856,professional guard,arcanum,Common,"Selune, Tempus, Tyr",128212,529868877,187.57,55.9,49.2,1,0,synthetic generator v3,synthetic,0.48,15278862,3,14.7,40.47887,-6.0181
Sembia Settlement 0152,Sembia,Selgaunt,3545,35325068,66822,"{""humans"": 2618, ""elves"": 243, ""dwarves"": 293, ""halflings"": 304, ""half-orcs"": 85, ""misc."": 2}",41,disease,"[""Monarchy""]","{""poor"": 0.467, ""middle"": 0.2508, ""wealthy"": 0.0242, ""aristocrat"": 0.258}",0,"[[""armor"", ""fish"", ""horses"", ""wine""]]","[[""jewelry"", ""magic items"", ""mercenaries"", ""silk""]]",Ruler SEM-872,small militia,guilds,Halfling,"Chauntea, Tempus",115850,569433233,365.55,61.9,43.7,0,0,synthetic generator v3,derived,0.83,35246321,0,0.0,32.55552,20.26793
Baldurs Gate Settlement 0153,Baldurs Gate,Baldur's Gate,1216,8690498,178356,"{""humans"": 893, ""elves"": 83, ""dwarves"": 97, ""halflings"": 78, ""half-orcs"": 62, ""misc."": 3}",148,war,"[""Magocracy""]","{""poor"": 0.4933, ""middle"": 0.2804, ""wealthy"": 0.0815, ""aristocrat"": 0.1448}",2,"[[""armor"", ""books"", ""fish"", ""weapons""]]","[[""mercenaries""]]",Ruler BAL-663,naval patrol,arcanum,"Draconic, Halfling","Chauntea, Lathander, Tempus",88949,460120908,357.86,52.4,40.3,2,0,synthetic generator v3,derived,0.7,11141050,3,8.6,31.29299,-3.94566
Sembia Settlement 0154,Sembia,Selgaunt,292,644235,36894,"{""humans"": 255, ""elves"": 6, ""dwarves"": 15, ""halflings"": 7, ""half-orcs"": 7, ""misc."": 2}",145,old age,"[""Theocracy""]","{""poor"": 0.6459, ""middle"": 0.2661, ""wealthy"": 0.0833, ""aristocrat"": 0.0047}",0,"[[""armor"", ""books"", ""horses"", ""wine""]]","[[""coal"", ""jewelry"", ""ore"", ""spices""]]",Ruler SEM-318,professional guard,arcanum,"Common, Halfling","Tempus, Torm",115850,569433233,468.02,49.6,51.4,9,0,synthetic generator v3,derived,0.83,533951,0,31.5,27.32769,30.51397
Waterdeep Settlement 0155,Waterdeep,Waterdeep,2151,18204182,431065,"{""humans"": 1631, ""elves"": 106, ""dwarves"": 199, ""halflings"": 164, ""half-orcs"": 48, ""misc."": 3}",137,famine,"[""Democracy""]","{""poor"": 0.4515, ""middle"": 0.3436, ""wealthy"": 0.0297, ""aristocrat"": 0.1752}",15,"[[""weapons""]]","[[""parchment"", ""silk"", ""spices""]]",Ruler WAT-476,naval patrol,None,"Common, Draconic, Elvish",Lathander,111501,517924535,356.89,49.2,38.3,7,0,synthetic generator v3,synthetic,0.7,18469243,-2,36.5,30.72418,-8.61721
Baldurs Gate Settlement 0156,Baldurs Gate,Baldur's Gate,5156,12005333,849293,"{""humans"": 4029, ""elves"": 167, ""dwarves"": 443, ""halflings"": 431, ""half-orcs"": 84, ""misc."": 2}",59,war,"[""Dictatorship""]","{""poor"": 0.6727, ""middle"": 0.2285, ""wealthy"": 0.0939, ""aristocrat"": 0.0049}",0,"[[""wine""]]","[[""mercenaries""]]",Ruler BAL-323,small militia,guilds,Dwarvish,"Lathander, Mystra",88949,460120908,203.42,59.8,67.1,5,0,synthetic generator v3,synthetic,0.47,12385000,0,17.5,29.87389,-4.35337
Cormyr Settlement 0157,Cormyr,Suzail,2101,4666020,144333,"{""humans"": 1633, ""elves"": 122, ""dwarves"": 197, ""halflings"": 78, ""half-orcs"": 70, ""misc."": 1}",118,arcane mishap,"[""Merchant Council""]","{""poor"": 0.6564, ""middle"": 0.26, ""wealthy"": 0.0788, ""aristocrat"": 0.0048}",16,"[[""fish"", ""salt""]]","[[""jewelry"", ""spices""]]",Ruler COR-639,professional guard,local academy,"Draconic, Elvish",Mystra,128212,529868877,130.09,56.8,73.7,4,0,synthetic generator v3,synthetic,0.44,5313937,0,26.8,26.8669,25.74112
Waterdeep Settlement 0158,Waterdeep,Waterdeep,1098,4741912,12980,"{""humans"": 808, ""elves"": 117, ""dwarves"": 75, ""halflings"": 70, ""half-orcs"": 26, ""misc."": 2}",111,war,"[""Magocracy""]","{""poor"": 0.504, ""middle"": 0.3934, ""wealthy"": 0.0477, ""aristocrat"": 0.0549}",10,"[[""weapons""]]","[[""parchment""]]",Ruler WAT-637,professional guard,arcanum,"Draconic, Dwarvish","Selune, Torm",111501,517924535,438.67,53.6,63.5,3,0,synthetic generator v3,synthetic,0.7,4546825,0,18.5,38.79924,-33.51451
Amn Settlement 0159,Amn,Athkatla,18311,47977799,972613,"{""humans"": 14520, ""elves"": 2001, ""dwarves"": 830, ""halflings"": 544, ""half-orcs"": 412, ""misc."": 4}",154,arcane mishap,"[""Confederacy""]","{""poor"": 0.5772, ""middle"": 0.331, ""wealthy"": 0.087, ""aristocrat"": 0.0048}",17,"[[""armor"", ""fish"", ""horses"", ""salt"", ""timber""]]","[[""glass"", ""jewelry"", ""parchment""]]",Ruler AMN-730,mercenary heavy,arcanum,"Common, Dwarvish","Mystra, Selune",135123,611983508,33.87,60.2,61.4,5,0,synthetic generator v3,synthetic,0.47,52662324,2,31.1,10.81402,-9.23274
Calimshan Settlement 0160,Calimshan,Memnon,856,8569200,35148,"{""humans"": 652, ""elves"": 45, ""dwarves"": 53, ""halflings"": 72, ""half-orcs"": 31, ""misc."": 3}",131,disease,"[""Dictatorship""]","{""poor"": 0.4892, ""middle"": 0.2054, ""wealthy"": 0.0725, ""aristocrat"": 0.2329}",3,"[[""books"", ""salt""]]","[[""ore"", ""parchment""]]",Ruler CAL-22,small militia,arcanum,"Draconic, Dwarvish, Halfling","Selune, Tempus, Tyr",104596,622107818,536.86,76.8,48.5,8,0,synthetic generator v3,synthetic,0.62,7306391,0,30.4,6.31239,-46.90175
Sembia Settlement 0161,Sembia,Selgaunt,1214,5266922,181753,"{""humans"": 983, ""elves"": 105, ""dwarves"": 73, ""halflings"": 38, ""half-orcs"": 13, ""misc."": 2}",94,famine,"[""Dictatorship""]","{""poor"": 0.5389, ""middle"": 0.3248, ""wealthy"": 0.066, ""aristocrat"": 0.0703}",11,"[[""horses""]]","[[""glass"", ""spices""]]",Ruler SEM-79,professional guard,None,"Common, Dwarvish, Elvish","Chauntea, Tempus, Torm",115850,569433233,520.19,50.8,34.1,4,6,synthetic generator v3,derived,0.83,6174041,-1,28.2,32.49514,53.40576
Sembia Settlement 0162,Sembia,Selgaunt,977,1950831,23728,"{""humans"": 691, ""elves"": 102, ""dwarves"": 62, ""halflings"": 86, ""half-orcs"": 33, ""misc."": 3}",127,monster attack,"[""Democracy""]","{""poor"": 0.5934, ""middle"": 0.371, ""wealthy"": 0.0307, ""aristocrat"": 0.0049}",2,"[[""grain""]]","[[""coal"", ""magic items"", ""parchment"", ""silk"", ""spices""]]",Ruler SEM-909,mercenary heavy,arcanum,"Dwarvish, Halfling","Chauntea, Selune",115850,569433233,519.75,59.7,47.8,8,3,synthetic generator v3,synthetic,0.37,1598182,-4,32.3,30.73247,47.72138
Baldurs Gate Settlement 0163,Baldurs Gate,Baldur's Gate,964,3589231,42430,"{""humans"": 735, ""elves"": 36, ""dwarves"": 72, ""halflings"": 85, ""half-orcs"": 33, ""misc."": 3}",57,crime,"[""Confederacy""]","{""poor"": 0.638, ""middle"": 0.2443, ""wealthy"": 0.066, ""aristocrat"": 0.0517}",19,"[[""armor"", ""fish"", ""gems"", ""grain"", ""wine""]]","[[""coal"", ""magic items"", ""mercenaries"", ""silk""]]",Ruler BAL-989,mercenary heavy,arcanum,"Common, Draconic, Halfling","Chauntea, Mystra, Tyr",88949,460120908,491.67,62.1,68.0,0,0,synthetic generator v3,synthetic,0.58,2922869,1,15.2,28.23682,-8.47876
Amn Settlement 0164,Amn,Athkatla,556,5651817,183769,"{""humans"": 465, ""elves"": 25, ""dwarves"": 22, ""halflings"": 15, ""half-orcs"": 27, ""misc."": 2}",131,famine,"[""Merchant Council""]","{""poor"": 0.4711, ""middle"": 0.2377, ""wealthy"": 0.0644, ""aristocrat"": 0.2268}",14,"[[""books"", ""gems"", ""weapons"", ""wine""]]","[[""jewelry"", ""magic items"", ""parchment"", ""silk""]]",Ruler AMN-765,small militia,None,Halfling,Chauntea,135123,611983508,524.89,69.2,77.9,8,0,synthetic generator v3,synthetic,0.51,6020601,0,39.2,21.65503,-39.74883
Neverwinter Settlement 0165,Neverwinter,Neverwinter,1195,4010007,67692,"{""humans"": 822, ""elves"": 134, ""dwarves"": 110, ""halflings"": 109, ""half-orcs"": 18, ""misc."": 2}",38,old age,"[""Democracy""]","{""poor"": 0.5522, ""middle"": 0.3728, ""wealthy"": 0.0294, ""aristocrat"": 0.0456}",0,"[[""fish""]]","[[""coal"", ""jewelry"", ""magic items"", ""parchment""]]",Ruler NEV-299,small militia,local academy,"Common, Draconic, Halfling","Lathander, Mystra, Tempus",41958,200003469,163.43,42.4,29.8,7,0,synthetic generator v3,derived,0.86,4366400,-3,24.5,38.02115,-18.40353
Tethyr Settlement 0166,Tethyr,Darromar,401,745890,4399,"{""humans"": 322, ""elves"": 8, ""dwarves"": 39, ""halflings"": 25, ""half-orcs"": 4, ""misc."": 3}",102,arcane mishap,"[""Patriarchy""]","{""poor"": 0.6903, ""middle"": 0.256, ""wealthy"": 0.0487, ""aristocrat"": 0.005}",8,"[[""books"", ""grain"", ""weapons"", ""wine""]]","[[""jewelry"", ""magic items"", ""parchment""]]",Ruler TET-938,naval patrol,arcanum,"Draconic, Halfling, Orc","Chauntea, Mystra",94697,355319062,325.75,62.9,54.0,6,0,synthetic generator v3,synthetic,0.65,661224,1,27.4,16.02636,-40.73828
Cormyr Settlement 0167,Cormyr,Suzail,2820,6801037,168269,"{""humans"": 2143, ""elves"": 321, ""dwarves"": 138, ""halflings"": 117, ""half-orcs"": 99, ""misc."": 2}",98,old age,"[""Merchant Council""]","{""poor"": 0.615, ""middle"": 0.2871, ""wealthy"": 0.093, ""aristocrat"": 0.0049}",13,"[[""gems"", ""horses"", ""salt"", ""weapons""]]","[[""glass"", ""silk""]]",Ruler COR-273,small militia,local academy,Elvish,"Torm, Tyr",128212,529868877,463.87,57.9,60.8,2,0,synthetic generator v3,synthetic,0.48,5878106,2,17.4,31.15469,2.26613
Amn Settlement 0168,Amn,Athkatla,549,3500004,80700,"{""humans"": 427, ""elves"": 20, ""dwarves"": 27, ""halflings"": 45, ""half-orcs"": 28, ""misc."": 2}",125,arcane mishap,"[""Satrapy""]","{""poor"": 0.4629, ""middle"": 0.3919, ""wealthy"": 0.0236, ""aristocrat"": 0.1216}",19,"[[""fish"", ""salt""]]","[[""glass"", ""mercenaries"", ""silk""]]",Ruler AMN-646,professional guard,arcanum,"Draconic, Dwarvish","Selune, Tyr",135123,611983508,399.58,70.9,70.0,10,0,synthetic generator v3,derived,0.83,3008491,-1,50.2,23.99269,-35.06587
Sembia Settlement 0169,Sembia,Selgaunt,1483,3283959,9315,"{""humans"": 1185, ""elves"": 38, ""dwarves"": 116, ""halflings"": 119, ""half-orcs"": 23, ""misc."": 2}",145,monster attack,"[""Monarchy""]","{""poor"": 0.6697, ""middle"": 0.233, ""wealthy"": 0.0925, ""aristocrat"": 0.0048}",15,"[[""cloth"", ""salt"", ""timber"", ""weapons""]]","[[""coal"", ""glass""]]",Ruler SEM-590,mercenary heavy,None,"Draconic, Orc","Torm, Tyr",115850,569433233,272.95,59.5,50.5,8,2,synthetic generator v3,synthetic,0.52,4051191,2,41.8,29.92587,26.91215
Sembia Settlement 0170,Sembia,Selgaunt,1279,2748748,228090,"{""humans"": 963, ""elves"": 98, ""dwarves"": 112, ""halflings"": 69, ""half-orcs"": 34, ""misc."": 3}",120,war,"[""Magocracy""]","{""poor"": 0.5989, ""middle"": 0.3391, ""wealthy"": 0.0572, ""aristocrat"": 0.0048}",0,"[[""grain""]]","[[""ore"", ""parchment""]]",Ruler SEM-891,professional guard,guilds,Dwarvish,"Mystra, Tyr",115850,569433233,479.37,49.2,37.2,10,0,synthetic generator v3,derived,0.77,3637146,-1,35.0,31.42354,23.00921
Neverwinter Settlement 0171,Neverwinter,Neverwinter,984,6416001,129737,"{""humans"": 791, ""elves"": 34, ""dwarves"": 79, ""halflings"": 50, ""half-orcs"": 27, ""misc."": 3}",125,war,"[""Democracy""]","{""poor"": 0.5773, ""middle"": 0.244, ""wealthy"": 0.0284, ""aristocrat"": 0.1503}",18,"[[""cloth"", ""gems"", ""grain"", ""timber""]]","[[""coal"", ""glass"", ""ore"", ""parchment"", ""spices""]]",Ruler NEV-354,mercenary heavy,arcanum,"Draconic, Orc","Mystra, Selune",41958,200003469,343.4,49.2,52.9,8,1,synthetic generator v3,synthetic,0.45,7238170,-1,43.3,36.51071,-30.30395
Cormyr Settlement 0172,Cormyr,Suzail,3810,27066526,971556,"{""humans"": 2846, ""elves"": 313, ""dwarves"": 158, ""halflings"": 329, ""half-orcs"": 161, ""misc."": 3}",125,war,"[""Confederacy""]","{""poor"": 0.4911, ""middle"": 0.3134, ""wealthy"": 0.0392, ""aristocrat"": 0.1563}",0,"[[""cloth"", ""fish"", ""timber""]]","[[""magic items"", ""ore""]]",Ruler COR-348,professional guard,arcanum,Orc,"Lathander, Mystra",128212,529868877,507.38,61.6,71.9,3,0,synthetic generator v3,synthetic,0.39,27029046,1,10.5,30.50023,18.37177
Calimshan Settlement 0173,Calimshan,Memnon,1283,3005419,172419,"{""humans"": 1058, ""elves"": 64, ""dwarves"": 59, ""halflings"": 33, ""half-orcs"": 66, ""misc."": 3}",38,old age,"[""Theocracy""]","{""poor"": 0.653, ""middle"": 0.2563, ""wealthy"": 0.0858, ""aristocrat"": 0.0049}",16,"[[""books"", ""grain"", ""salt"", ""weapons"", ""wine""]]","[[""coal""]]",Ruler CAL-211,professional guard,arcanum,Orc,"Chauntea, Mystra, Selune",104596,622107818,328.86,77.7,14.2,9,0,synthetic generator v3,synthetic,0.5,3240249,4,44.3,21.5775,-63.51416
Tethyr Settlement 0174,Tethyr,Darromar,5661,29334764,790761,"{""humans"": 4510, ""elves"": 118, ""dwarves"": 216, ""halflings"": 498, ""half-orcs"": 316, ""misc."": 3}",178,famine,"[""Merchant Council""]","{""poor"": 0.4885, ""middle"": 0.381, ""wealthy"": 0.0242, ""aristocrat"": 0.1063}",15,"[[""cloth"", ""horses""]]","[[""coal"", ""glass"", ""magic items"", ""ore"", ""silk""]]",Ruler TET-420,mercenary heavy,local academy,"Elvish, Halfling, Orc",Tempus,94697,355319062,292.46,63.1,65.7,2,0,synthetic generator v3,derived,0.74,37875242,-3,19.0,5.5974,-30.0731
Tethyr Settlement 0175,Tethyr,Darromar,2640,5790368,33302,"{""humans"": 2025, ""elves"": 91, ""dwarves"": 291, ""halflings"": 126, ""half-orcs"": 104, ""misc."": 3}",162,arcane mishap,"[""Dictatorship""]","{""poor"": 0.601, ""middle"": 0.3212, ""wealthy"": 0.0733, ""aristocrat"": 0.0045}",0,"[[""horses""]]","[[""coal"", ""mercenaries"", ""ore""]]",Ruler TET-605,naval patrol,arcanum,"Draconic, Elvish, Halfling","Chauntea, Lathander, Tempus",94697,355319062,106.98,62.7,80.0,1,0,synthetic generator v3,derived,0.6,4913451,-2,3.5,23.88683,-18.9863
Neverwinter Settlement 0176,Neverwinter,Neverwinter,5450,23998882,221192,"{""humans"": 3803, ""elves"": 553, ""dwarves"": 424, ""halflings"": 408, ""half-orcs"": 259, ""misc."": 3}",98,war,"[""Patriarchy""]","{""poor"": 0.5494, ""middle"": 0.3327, ""wealthy"": 0.0409, ""aristocrat"": 0.077}",7,"[[""gems"", ""salt"", ""timber""]]","[[""jewelry"", ""magic items"", ""mercenaries"", ""parchment"", ""silk""]]",Ruler NEV-885,naval patrol,arcanum,"Common, Draconic","Chauntea, Mystra, Selune",41958,200003469,455.38,44.3,44.7,10,0,synthetic generator v3,derived,0.7,24631474,-2,40.6,37.12459,-42.62456
Cormyr Settlement 0177,Cormyr,Suzail,2572,16355049,534915,"{""humans"": 1926, ""elves"": 104, ""dwarves"": 227, ""halflings"": 245, ""half-orcs"": 67, ""misc."": 3}",33,crime,"[""Merchant Council""]","{""poor"": 0.5048, ""middle"": 0.3148, ""wealthy"": 0.0488, ""aristocrat"": 0.1316}",0,"[[""gems""]]","[[""glass"", ""parchment"", ""silk""]]",Ruler COR-269,small militia,arcanum,Halfling,Selune,128212,529868877,200.17,56.1,40.7,6,0,synthetic generator v3,synthetic,0.64,16911223,-2,21.0,22.60258,-2.86862
Neverwinter Settlement 0178,Neverwinter,Neverwinter,1028,6481560,117421,"{""humans"": 811, ""elves"": 23, ""dwarves"": 77, ""halflings"": 68, ""half-orcs"": 45, ""misc."": 4}",30,monster attack,"[""Dictatorship""]","{""poor"": 0.5932, ""middle"": 0.2145, ""wealthy"": 0.0529, ""aristocrat"": 0.1394}",0,"[[""books"", ""timber"", ""wine""]]","[[""coal"", ""jewelry"", ""mercenaries"", ""silk""]]",Ruler NEV-296,mercenary heavy,None,"Draconic, Halfling, Orc","Selune, Tempus",41958,200003469,457.66,52.6,32.9,3,0,synthetic generator v3,derived,0.71,8520405,-1,10.5,62.89353,-35.68763
Sembia Settlement 0179,Sembia,Selgaunt,962,5049951,277633,"{""humans"": 704, ""elves"": 100, ""dwarves"": 75, ""halflings"": 69, ""half-orcs"": 12, ""misc."": 2}",78,famine,"[""Theocracy""]","{""poor"": 0.6115, ""middle"": 0.2245, ""wealthy"": 0.0566, ""aristocrat"": 0.1074}",7,"[[""books"", ""weapons"", ""wine""]]","[[""glass"", ""jewelry"", ""magic items"", ""parchment""]]",Ruler SEM-601,naval patrol,None,"Dwarvish, Elvish",Selune,115850,569433233,508.22,50.2,38.6,5,0,synthetic generator v3,derived,0.73,5375292,-1,23.1,45.06951,39.75026
Cormyr Settlement 0180,Cormyr,Suzail,12947,57858178,2954675,"{""humans"": 10869, ""elves"": 599, ""dwarves"": 1016, ""halflings"": 317, ""half-orcs"": 144, ""misc."": 2}",118,arcane mishap,"[""Confederacy""]","{""poor"": 0.5692, ""middle"": 0.2895, ""wealthy"": 0.0694, ""aristocrat"": 0.0719}",0,"[[""cloth"", ""fish"", ""gems""]]","[[""magic items"", ""mercenaries""]]",Ruler COR-95,professional guard,local academy,"Draconic, Orc",Tempus,128212,529868877,301.86,63.0,68.9,10,0,synthetic generator v3,synthetic,0.54,70896302,1,35.0,19.00466,10.29787
Calimshan Settlement 0181,Calimshan,Memnon,2274,9676844,685951,"{""humans"": 1537, ""elves"": 268, ""dwarves"": 139, ""halflings"": 209, ""half-orcs"": 119, ""misc."": 2}",160,crime,"[""Democracy""]","{""poor"": 0.6818, ""middle"": 0.2175, ""wealthy"": 0.0211, ""aristocrat"": 0.0796}",11,"[[""horses""]]","[[""jewelry"", ""mercenaries"", ""parchment""]]",Ruler CAL-116,naval patrol,local academy,"Common, Dwarvish","Mystra, Selune",104596,622107818,528.08,76.6,43.0,9,0,synthetic generator v3,synthetic,0.68,9914095,-2,40.3,8.6929,-50.14535
Cormyr Settlement 0182,Cormyr,Suzail,691,1376882,10410,"{""humans"": 509, ""elves"": 57, ""dwarves"": 23, ""halflings"": 60, ""half-orcs"": 40, ""misc."": 2}",105,arcane mishap,"[""Merchant Council""]","{""poor"": 0.6386, ""middle"": 0.3195, ""wealthy"": 0.037, ""aristocrat"": 0.0049}",17,"[[""books"", ""grain"", ""horses""]]","[[""glass"", ""jewelry"", ""parchment"", ""silk""]]",Ruler COR-255,naval patrol,guilds,"Draconic, Dwarvish, Halfling","Mystra, Torm, Tyr",128212,529868877,399.89,59.9,63.2,0,0,synthetic generator v3,synthetic,0.63,1604924,-1,13.6,38.45701,3.73082
Waterdeep Settlement 0183,Waterdeep,Waterdeep,531,2207876,134004,"{""humans"": 421, ""elves"": 54, ""dwarves"": 16, ""halflings"": 11, ""half-orcs"": 26, ""misc."": 3}",87,arcane mishap,"[""Dictatorship""]","{""poor"": 0.6861, ""middle"": 0.2032, ""wealthy"": 0.047, ""aristocrat"": 0.0637}",0,"[[""weapons""]]","[[""mercenaries"", ""parchment""]]",Ruler WAT-389,professional guard,local academy,Elvish,"Chauntea, Selune, Tempus",111501,517924535,495.73,57.8,59.7,0,2,synthetic generator v3,derived,0.85,2447113,-1,1.8,32.5344,-13.3436
Calimshan Settlement 0184,Calimshan,Memnon,21691,251929518,1292834,"{""humans"": 16182, ""elves"": 2128, ""dwarves"": 1262, ""halflings"": 1336, ""half-orcs"": 781, ""misc."": 2}",35,disease,"[""Theocracy""]","{""poor"": 0.4653, ""middle"": 0.2221, ""wealthy"": 0.0212, ""aristocrat"": 0.2914}",5,"[[""armor"", ""grain"", ""salt"", ""timber"", ""weapons""]]","[[""coal"", ""magic items"", ""spices""]]",Ruler CAL-693,naval patrol,None,Draconic,"Chauntea, Mystra, Torm",104596,622107818,257.25,77.4,42.0,5,0,synthetic generator v3,synthetic,0.7,199403506,2,21.5,10.51299,-52.62398
Calimshan Settlement 0185,Calimshan,Memnon,540,4912248,351139,"{""humans"": 431, ""elves"": 12, ""dwarves"": 39, ""halflings"": 35, ""half-orcs"": 20, ""misc."": 3}",144,war,"[""Dictatorship""]","{""poor"": 0.4694, ""middle"": 0.2619, ""wealthy"": 0.0637, ""aristocrat"": 0.205}",19,"[[""weapons""]]","[[""magic items"", ""mercenaries"", ""ore"", ""parchment""]]",Ruler CAL-832,mercenary heavy,None,"Common, Elvish",Lathander,104596,622107818,363.13,83.1,33.1,0,14,synthetic generator v3,derived,0.71,6560607,-3,27.8,0.27199,-50.3874
Amn Settlement 0186,Amn,Athkatla,1796,14239461,679864,"{""humans"": 1296, ""elves"": 166, ""dwarves"": 110, ""halflings"": 140, ""half-orcs"": 81, ""misc."": 3}",125,arcane mishap,"[""Confederacy""]","{""poor"": 0.4906, ""middle"": 0.3179, ""wealthy"": 0.021, ""aristocrat"": 0.1705}",11,"[[""armor"", ""gems"", ""timber""]]","[[""silk""]]",Ruler AMN-464,professional guard,None,"Elvish, Orc","Chauntea, Mystra",135123,611983508,316.14,63.2,83.8,10,0,synthetic generator v3,synthetic,0.52,15622609,2,43.8,13.82224,-10.66216
Cormyr Settlement 0187,Cormyr,Suzail,1836,15583881,313235,"{""humans"": 1372, ""elves"": 153, ""dwarves"": 149, ""halflings"": 76, ""half-orcs"": 84, ""misc."": 2}",94,crime,"[""Dictatorship""]","{""poor"": 0.5191, ""middle"": 0.2432, ""wealthy"": 0.0343, ""aristocrat"": 0.2034}",5,"[[""horses"", ""weapons""]]","[[""magic items"", ""spices""]]",Ruler COR-63,naval patrol,local academy,"Dwarvish, Orc","Lathander, Tempus",128212,529868877,251.05,55.7,68.8,8,0,synthetic generator v3,derived,0.69,12305302,0,32.0,39.67187,27.42087
Tethyr Settlement 0188,Tethyr,Darromar,1975,3541947,7946,"{""humans"": 1655, ""elves"": 109, ""dwarves"": 70, ""halflings"": 98, ""half-orcs"": 40, ""misc."": 3}",145,arcane mishap,"[""Magocracy""]","{""poor"": 0.635, ""middle"": 0.3408, ""wealthy"": 0.0194, ""aristocrat"": 0.0048}",7,"[[""gems"", ""grain""]]","[[""glass"", ""mercenaries""]]",Ruler TET-523,small militia,arcanum,"Draconic, Orc","Lathander, Selune",94697,355319062,384.99,71.1,71.3,1,0,synthetic generator v3,derived,0.71,3565639,0,9.1,3.09655,-16.00583
Baldurs Gate Settlement 0189,Baldurs Gate,Baldur's Gate,2074,13165913,656111,"{""humans"": 1652, ""elves"": 62, ""dwarves"": 129, ""halflings"": 174, ""half-orcs"": 54, ""misc."": 3}",151,disease,"[""Merchant Council""]","{""poor"": 0.516, ""middle"": 0.2874, ""wealthy"": 0.0734, ""aristocrat"": 0.1232}",13,"[[""armor"", ""cloth"", ""fish""]]","[[""parchment"", ""spices""]]",Ruler BAL-750,naval patrol,guilds,"Draconic, Elvish, Halfling","Chauntea, Lathander",88949,460120908,377.11,63.7,35.6,10,0,synthetic generator v3,synthetic,0.63,17244959,1,45.4,25.20201,-25.37904
Calimshan Settlement 0190,Calimshan,Memnon,2320,5967948,28570,"{""humans"": 1693, ""elves"": 135, ""dwarves"": 171, ""halflings"": 198, ""half-orcs"": 121, ""misc."": 2}",107,monster attack,"[""Magocracy""]","{""poor"": 0.5687, ""middle"": 0.3349, ""wealthy"": 0.0918, ""aristocrat"": 0.0046}",4,"[[""gems"", ""grain"", ""horses"", ""weapons""]]","[[""glass"", ""spices""]]",Ruler CAL-183,professional guard,None,"Draconic, Dwarvish",Torm,104596,622107818,315.91,78.7,26.4,8,0,synthetic generator v3,derived,0.75,4891810,2,31.2,20.1151,-42.91126
Amn Settlement 0191,Amn,Athkatla,1069,2885514,34234,"{""humans"": 859, ""elves"": 44, ""dwarves"": 91, ""halflings"": 31, ""half-orcs"": 41, ""misc."": 3}",64,monster attack,"[""Theocracy""]","{""poor"": 0.5645, ""middle"": 0.3368, ""wealthy"": 0.0939, ""aristocrat"": 0.0048}",6,"[[""salt"", ""wine""]]","[[""glass"", ""jewelry"", ""magic items"", ""silk"", ""spices""]]",Ruler AMN-702,naval patrol,arcanum,"Common, Dwarvish, Halfling",Chauntea,135123,611983508,213.73,68.1,88.3,2,0,synthetic generator v3,synthetic,0.49,2413016,-3,11.8,22.0055,-10.71537
Waterdeep Settlement 0192,Waterdeep,Waterdeep,197,408591,12651,"{""humans"": 154, ""elves"": 7, ""dwarves"": 18, ""halflings"": 5, ""half-orcs"": 10, ""misc."": 3}",27,arcane mishap,"[""Satrapy""]","{""poor"": 0.646, ""middle"": 0.3239, ""wealthy"": 0.0254, ""aristocrat"": 0.0047}",0,"[[""timber""]]","[[""coal"", ""mercenaries""]]",Ruler WAT-959,small militia,None,"Dwarvish, Elvish, Halfling","Lathander, Tempus, Torm",111501,517924535,236.6,53.7,46.9,9,0,synthetic generator v3,synthetic,0.58,402320,-1,31.5,36.99722,-23.84671
Baldurs Gate Settlement 0193,Baldurs Gate,Baldur's Gate,838,5878914,38688,"{""humans"": 629, ""elves"": 55, ""dwarves"": 77, ""halflings"": 56, ""half-orcs"": 18, ""misc."": 3}",171,old age,"[""Patriarchy""]","{""poor"": 0.4713, ""middle"": 0.3441, ""wealthy"": 0.0361, ""aristocrat"": 0.1485}",2,"[[""armor"", ""horses""]]","[[""jewelry"", ""mercenaries"", ""silk"", ""spices""]]",Ruler BAL-707,naval patrol,guilds,"Dwarvish, Elvish, Orc","Chauntea, Torm, Tyr",88949,460120908,247.76,63.4,37.3,9,0,synthetic generator v3,synthetic,0.45,4877714,-2,33.1,30.85866,-35.76089
Calimshan Settlement 0194,Calimshan,Memnon,2885,28200923,2095152,"{""humans"": 2251, ""elves"": 104, ""dwarves"": 279, ""halflings"": 139, ""half-orcs"": 110, ""misc."": 2}",171,old age,"[""Monarchy""]","{""poor"": 0.5007, ""middle"": 0.2319, ""wealthy"": 0.0327, ""aristocrat"": 0.2347}",2,"[[""books"", ""cloth"", ""gems"", ""salt""]]","[[""magic items"", ""mercenaries"", ""ore"", ""parchment"", ""silk""]]",Ruler CAL-298,professional guard,guilds,"Common, Elvish","Selune, Torm",104596,622107818,184.81,82.6,30.3,8,0,synthetic generator v3,derived,0.74,35553446,-1,29.6,4.33157,-58.10277
Waterdeep Settlement 0195,Waterdeep,Waterdeep,1038,3511746,16840,"{""humans"": 840, ""elves"": 72, ""dwarves"": 78, ""halflings"": 26, ""half-orcs"": 20, ""misc."": 2}",25,war,"[""Dictatorship""]","{""poor"": 0.6483, ""middle"": 0.2853, ""wealthy"": 0.023, ""aristocrat"": 0.0434}",7,"[[""grain"", ""weapons"", ""wine""]]","[[""coal"", ""glass"", ""magic items"", ""ore"", ""spices""]]",Ruler WAT-11,mercenary heavy,local academy,Common,Tempus,111501,517924535,148.6,47.2,33.3,2,0,synthetic generator v3,synthetic,0.7,4139609,-2,12.6,31.40231,-5.30054
Waterdeep Settlement 0196,Waterdeep,Waterdeep,2019,9188750,312720,"{""humans"": 1705, ""elves"": 62, ""dwarves"": 164, ""halflings"": 56, ""half-orcs"": 29, ""misc."": 3}",37,monster attack,"[""Magocracy""]","{""poor"": 0.6651, ""middle"": 0.2136, ""wealthy"": 0.0479, ""aristocrat"": 0.0734}",15,"[[""timber""]]","[[""coal"", ""silk"", ""spices""]]",Ruler WAT-899,small militia,guilds,"Common, Dwarvish, Orc",Lathander,111501,517924535,280.44,51.0,63.8,4,0,synthetic generator v3,synthetic,0.61,7573294,-2,26.0,36.21076,-41.83626
Waterdeep Settlement 0197,Waterdeep,Waterdeep,181,861941,26572,"{""humans"": 127, ""elves"": 20, ""dwarves"": 13, ""halflings"": 10, ""half-orcs"": 8, ""misc."": 3}",121,crime,"[""Patriarchy""]","{""poor"": 0.613, ""middle"": 0.2702, ""wealthy"": 0.0393, ""aristocrat"": 0.0775}",8,"[[""armor"", ""cloth"", ""fish"", ""horses"", ""wine""]]","[[""ore"", ""spices""]]",Ruler WAT-83,small militia,guilds,"Elvish, Halfling","Tempus, Torm",111501,517924535,166.41,53.3,56.7,9,0,synthetic generator v3,synthetic,0.4,834129,3,37.9,48.1966,-20.37979
Amn Settlement 0198,Amn,Athkatla,490,1280514,36803,"{""humans"": 391, ""elves"": 38, ""dwarves"": 22, ""halflings"": 17, ""half-orcs"": 19, ""misc."": 3}",24,arcane mishap,"[""Confederacy""]","{""poor"": 0.5366, ""middle"": 0.3873, ""wealthy"": 0.0712, ""aristocrat"": 0.0049}",5,"[[""cloth"", ""gems"", ""horses"", ""salt"", ""weapons""]]","[[""glass"", ""mercenaries"", ""parchment"", ""silk"", ""spices""]]",Ruler AMN-105,small militia,arcanum,Orc,"Lathander, Selune, Tempus",135123,611983508,392.47,71.2,65.1,0,0,synthetic generator v3,derived,0.86,1668141,0,4.0,9.39946,-23.36825
Cormyr Settlement 0199,Cormyr,Suzail,628,1391424,82627,"{""humans"": 457, ""elves"": 35, ""dwarves"": 59, ""halflings"": 45, ""half-orcs"": 29, ""misc."": 3}",174,crime,"[""Monarchy""]","{""poor"": 0.6623, ""middle"": 0.2532, ""wealthy"": 0.0796, ""aristocrat"": 0.0049}",5,"[[""grain"", ""timber""]]","[[""glass""]]",Ruler COR-696,small militia,local academy,"Common, Draconic, Elvish","Torm, Tyr",128212,529868877,281.64,53.7,44.3,4,0,synthetic generator v3,derived,0.71,1566796,1,18.0,20.63858,16.10829
Amn Settlement 0200,Amn,Athkatla,932,10097533,496460,"{""humans"": 690, ""elves"": 50, ""dwarves"": 74, ""halflings"": 68, ""half-orcs"": 48, ""misc."": 2}",38,old age,"[""Patriarchy""]","{""poor"": 0.4779, ""middle"": 0.2236, ""wealthy"": 0.0478, ""aristocrat"": 0.2507}",0,"[[""books"", ""weapons""]]","[[""coal"", ""parchment""]]",Ruler AMN-112,naval patrol,guilds,"Elvish, Halfling, Orc","Lathander, Mystra, Torm",135123,611983508,483.87,68.2,75.5,1,0,synthetic generator v3,derived,0.72,11777970,0,3.5,15.84124,-24.48273
Waterdeep Settlement 0201,Waterdeep,Waterdeep,986,9135429,169752,"{""humans"": 701, ""elves"": 123, ""dwarves"": 78, ""halflings"": 63, ""half-orcs"": 18, ""misc."": 3}",43,arcane mishap,"[""Monarchy""]","{""poor"": 0.5323, ""middle"": 0.2083, ""wealthy"": 0.0616, ""aristocrat"": 0.1978}",9,"[[""fish"", ""grain"", ""timber"", ""weapons"", ""wine""]]","[[""coal"", ""glass"", ""jewelry"", ""magic items"", ""spices""]]",Ruler WAT-948,mercenary heavy,local academy,"Draconic, Dwarvish, Orc","Lathander, Tempus, Tyr",111501,517924535,306.45,50.6,46.7,2,0,synthetic generator v3,derived,0.76,7957637,0,14.2,38.01927,-17.21437
Cormyr Settlement 0202,Cormyr,Suzail,414,871295,47783,"{""humans"": 303, ""elves"": 15, ""dwarves"": 39, ""halflings"": 39, ""half-orcs"": 15, ""misc."": 3}",127,arcane mishap,"[""Confederacy""]","{""poor"": 0.5873, ""middle"": 0.3721, ""wealthy"": 0.0356, ""aristocrat"": 0.005}",0,"[[""armor"", ""grain"", ""weapons"", ""wine""]]","[[""coal"", ""glass"", ""mercenaries"", ""silk"", ""spices""]]",Ruler COR-269,mercenary heavy,guilds,Draconic,Mystra,128212,529868877,127.83,67.8,75.1,2,0,synthetic generator v3,synthetic,0.6,1051003,-1,7.0,30.71321,16.16804
Calimshan Settlement 0203,Calimshan,Memnon,1979,8269369,654505,"{""humans"": 1443, ""elves"": 231, ""dwarves"": 102, ""halflings"": 108, ""half-orcs"": 93, ""misc."": 2}",52,crime,"[""Monarchy""]","{""poor"": 0.6834, ""middle"": 0.2031, ""wealthy"": 0.0401, ""aristocrat"": 0.0734}",0,"[[""cloth"", ""fish"", ""gems"", ""timber"", ""weapons""]]","[[""coal"", ""glass"", ""magic items"", ""parchment"", ""spices""]]",Ruler CAL-858,professional guard,guilds,"Draconic, Orc","Lathander, Mystra, Tyr",104596,622107818,499.3,74.3,39.6,0,0,synthetic generator v3,derived,0.79,10675242,0,0.0,7.47832,-34.25737
Neverwinter Settlement 0204,Neverwinter,Neverwinter,2948,28016841,1413174,"{""humans"": 2324, ""elves"": 226, ""dwarves"": 252, ""halflings"": 96, ""half-orcs"": 47, ""misc."": 3}",138,crime,"[""Monarchy""]","{""poor"": 0.4967, ""middle"": 0.2384, ""wealthy"": 0.0225, ""aristocrat"": 0.2424}",9,"[[""fish"", ""gems"", ""salt""]]","[[""coal"", ""glass"", ""magic items"", ""silk"", ""spices""]]",Ruler NEV-369,mercenary heavy,None,"Draconic, Elvish, Orc",Tyr,41958,200003469,380.79,48.9,30.7,0,0,synthetic generator v3,synthetic,0.61,34030330,-2,7.2,42.09526,-47.49341
Baldurs Gate Settlement 0205,Baldurs Gate,Baldur's Gate,1550,3434770,223734,"{""humans"": 1179, ""elves"": 93, ""dwarves"": 143, ""halflings"": 72, ""half-orcs"": 61, ""misc."": 2}",87,crime,"[""Magocracy""]","{""poor"": 0.5699, ""middle"": 0.3849, ""wealthy"": 0.0402, ""aristocrat"": 0.005}",0,"[[""fish"", ""gems"", ""salt""]]","[[""coal"", ""glass""]]",Ruler BAL-714,naval patrol,local academy,"Common, Draconic, Orc","Lathander, Selune",88949,460120908,134.49,52.0,38.6,7,0,synthetic generator v3,synthetic,0.36,4027902,1,24.5,21.06275,-3.886
Baldurs Gate Settlement 0206,Baldurs Gate,Baldur's Gate,1989,14437600,642952,"{""humans"": 1404, ""elves"": 156, ""dwarves"": 179, ""halflings"": 148, ""half-orcs"": 100, ""misc."": 2}",107,arcane mishap,"[""Monarchy""]","{""poor"": 0.499, ""middle"": 0.3128, ""wealthy"": 0.0285, ""aristocrat"": 0.1597}",0,"[[""grain""]]","[[""glass"", ""magic items"", ""ore"", ""silk""]]",Ruler BAL-534,professional guard,local academy,"Draconic, Halfling, Orc",Selune,88949,460120908,161.0,60.8,70.9,7,0,synthetic generator v3,derived,0.74,13031752,-3,24.5,38.23751,-19.81049
Tethyr Settlement 0207,Tethyr,Darromar,370,787922,16266,"{""humans"": 274, ""elves"": 19, ""dwarves"": 18, ""halflings"": 35, ""half-orcs"": 21, ""misc."": 3}",155,famine,"[""Democracy""]","{""poor"": 0.5888, ""middle"": 0.3499, ""wealthy"": 0.0563, ""aristocrat"": 0.005}",0,"[[""cloth"", ""wine""]]","[[""magic items""]]",Ruler TET-165,mercenary heavy,arcanum,"Draconic, Orc","Mystra, Selune, Tempus",94697,355319062,494.41,72.2,79.6,9,0,synthetic generator v3,derived,0.6,1044612,1,31.5,4.1469,-40.04629
Amn Settlement 0208,Amn,Athkatla,1874,4224763,204787,"{""humans"": 1475, ""elves"": 60, ""dwarves"": 103, ""halflings"": 185, ""half-orcs"": 49, ""misc."": 2}",73,disease,"[""Patriarchy""]","{""poor"": 0.6033, ""middle"": 0.3487, ""wealthy"": 0.0431, ""aristocrat"": 0.0049}",2,"[[""armor"", ""fish""]]","[[""coal"", ""ore"", ""parchment""]]",Ruler AMN-906,small militia,None,"Common, Draconic","Chauntea, Mystra, Tempus",135123,611983508,261.79,72.3,56.7,8,0,synthetic generator v3,synthetic,0.49,3345658,-1,29.6,21.6812,-23.93176
Neverwinter Settlement 0209,Neverwinter,Neverwinter,751,3811202,116015,"{""humans"": 590, ""elves"": 19, ""dwarves"": 36, ""halflings"": 63, ""half-orcs"": 41, ""misc."": 2}",168,old age,"[""Confederacy""]","{""poor"": 0.5078, ""middle"": 0.3172, ""wealthy"": 0.0893, ""aristocrat"": 0.0857}",0,"[[""books"", ""fish"", ""weapons""]]","[[""coal""]]",Ruler NEV-525,small militia,local academy,Draconic,"Chauntea, Torm",41958,200003469,168.44,53.2,49.1,8,0,synthetic generator v3,synthetic,0.62,3486248,2,28.0,47.36766,-29.09296
Waterdeep Settlement 0210,Waterdeep,Waterdeep,1374,6796724,44941,"{""humans"": 1123, ""elves"": 77, ""dwarves"": 75, ""halflings"": 32, ""half-orcs"": 65, ""misc."": 2}",60,crime,"[""Confederacy""]","{""poor"": 0.6595, ""middle"": 0.2296, ""wealthy"": 0.0208, ""aristocrat"": 0.0901}",2,"[[""books""]]","[[""mercenaries"", ""ore""]]",Ruler WAT-632,naval patrol,None,"Dwarvish, Elvish","Mystra, Torm, Tyr",111501,517924535,269.17,54.3,33.2,1,0,synthetic generator v3,derived,0.73,5510367,-1,5.1,39.28387,-28.37587
Tethyr Settlement 0211,Tethyr,Darromar,1762,5308266,187450,"{""humans"": 1280, ""elves"": 163, ""dwarves"": 111, ""halflings"": 119, ""half-orcs"": 88, ""misc."": 1}",93,arcane mishap,"[""Magocracy""]","{""poor"": 0.6687, ""middle"": 0.2593, ""wealthy"": 0.0252, ""aristocrat"": 0.0468}",0,"[[""cloth"", ""grain"", ""horses""]]","[[""magic items""]]",Ruler TET-827,mercenary heavy,guilds,"Common, Halfling, Orc","Chauntea, Torm",94697,355319062,15.88,66.6,65.8,5,0,synthetic generator v3,synthetic,0.53,7053604,2,17.5,14.92431,-29.76251
Sembia Settlement 0212,Sembia,Selgaunt,1250,3063517,245195,"{""humans"": 880, ""elves"": 136, ""dwarves"": 105, ""halflings"": 73, ""half-orcs"": 53, ""misc."": 3}",123,old age,"[""Magocracy""]","{""poor"": 0.6846, ""middle"": 0.2489, ""wealthy"": 0.0425, ""aristocrat"": 0.024}",0,"[[""gems"", ""grain"", ""horses"", ""timber""]]","[[""coal"", ""glass"", ""jewelry"", ""magic items""]]",Ruler SEM-309,naval patrol,None,"Dwarvish, Elvish","Chauntea, Mystra",115850,569433233,408.27,56.6,38.8,10,0,synthetic generator v3,derived,0.79,3670182,0,35.0,33.30527,41.37065
Amn Settlement 0213,Amn,Athkatla,305,3058498,145831,"{""humans"": 246, ""elves"": 15, ""dwarves"": 24, ""halflings"": 10, ""half-orcs"": 7, ""misc."": 3}",89,disease,"[""Satrapy""]","{""poor"": 0.4823, ""middle"": 0.2098, ""wealthy"": 0.0896, ""aristocrat"": 0.2183}",0,"[[""cloth"", ""salt"", ""timber"", ""wine""]]","[[""coal"", ""ore"", ""parchment""]]",Ruler AMN-170,professional guard,arcanum,Elvish,Mystra,135123,611983508,168.23,61.3,78.4,5,0,synthetic generator v3,derived,0.72,3151927,1,17.5,12.82632,-21.54891
Neverwinter Settlement 0214,Neverwinter,Neverwinter,490,1245996,16385,"{""humans"": 377, ""elves"": 38, ""dwarves"": 16, ""halflings"": 32, ""half-orcs"": 25, ""misc."": 2}",155,famine,"[""Magocracy""]","{""poor"": 0.5723, ""middle"": 0.3489, ""wealthy"": 0.0656, ""aristocrat"": 0.0132}",1,"[[""grain"", ""horses"", ""salt"", ""timber"", ""weapons""]]","[[""mercenaries""]]",Ruler NEV-627,professional guard,None,Draconic,"Tempus, Torm",41958,200003469,246.53,45.4,39.4,7,0,synthetic generator v3,derived,0.62,1238747,4,25.3,36.11401,-52.26509
Waterdeep Settlement 0215,Waterdeep,Waterdeep,1130,2931044,89449,"{""humans"": 847, ""elves"": 44, ""dwarves"": 88, ""halflings"": 98, ""half-orcs"": 51, ""misc."": 2}",171,disease,"[""Theocracy""]","{""poor"": 0.5944, ""middle"": 0.3354, ""wealthy"": 0.0617, ""aristocrat"": 0.0085}",11,"[[""armor"", ""salt"", ""timber"", ""wine""]]","[[""magic items"", ""mercenaries"", ""parchment"", ""spices""]]",Ruler WAT-142,professional guard,arcanum,Common,"Mystra, Selune",111501,517924535,261.79,46.8,46.6,4,0,synthetic generator v3,synthetic,0.45,3456781,0,22.8,36.0675,-22.94663
Calimshan Settlement 0216,Calimshan,Memnon,1569,3605791,216433,"{""humans"": 1228, ""elves"": 122, ""dwarves"": 88, ""halflings"": 40, ""half-orcs"": 89, ""misc."": 2}",136,arcane mishap,"[""Confederacy""]","{""poor"": 0.6073, ""middle"": 0.3236, ""wealthy"": 0.0645, ""aristocrat"": 0.0046}",0,"[[""weapons""]]","[[""parchment"", ""silk""]]",Ruler CAL-737,mercenary heavy,local academy,Common,"Lathander, Selune, Torm",104596,622107818,508.29,75.1,45.9,5,0,synthetic generator v3,derived,0.8,3831363,-1,17.5,5.5151,-37.12801
Calimshan Settlement 0217,Calimshan,Memnon,1210,4783175,58173,"{""humans"": 906, ""elves"": 77, ""dwarves"": 102, ""halflings"": 80, ""half-orcs"": 42, ""misc."": 3}",179,monster attack,"[""Merchant Council""]","{""poor"": 0.4885, ""middle"": 0.3735, ""wealthy"": 0.0978, ""aristocrat"": 0.0402}",15,"[[""armor"", ""timber"", ""wine""]]","[[""parchment""]]",Ruler CAL-59,naval patrol,arcanum,"Elvish, Halfling, Orc","Lathander, Tempus",104596,622107818,144.12,84.5,37.4,4,0,synthetic generator v3,synthetic,0.48,6152093,2,26.0,5.02042,-64.86677
Baldurs Gate Settlement 0218,Baldurs Gate,Baldur's Gate,108,572294,1772,"{""humans"": 86, ""elves"": 6, ""dwarves"": 4, ""halflings"": 6, ""half-orcs"": 3, ""misc."": 3}",133,crime,"[""Confederacy""]","{""poor"": 0.4847, ""middle"": 0.3719, ""wealthy"": 0.0505, ""aristocrat"": 0.0929}",0,"[[""horses""]]","[[""magic items"", ""silk""]]",Ruler BAL-332,small militia,local academy,Orc,"Mystra, Selune, Torm",88949,460120908,382.52,60.7,49.6,8,0,synthetic generator v3,synthetic,0.36,754773,-1,28.0,29.96009,-6.34109
Tethyr Settlement 0219,Tethyr,Darromar,1508,10097289,108552,"{""humans"": 1174, ""elves"": 65, ""dwarves"": 126, ""halflings"": 59, ""half-orcs"": 81, ""misc."": 3}",110,disease,"[""Merchant Council""]","{""poor"": 0.4565, ""middle"": 0.3539, ""wealthy"": 0.0379, ""aristocrat"": 0.1517}",0,"[[""armor"", ""timber""]]","[[""ore"", ""parchment""]]",Ruler TET-768,mercenary heavy,guilds,"Elvish, Halfling, Orc",Tyr,94697,355319062,202.42,73.6,65.5,8,0,synthetic generator v3,synthetic,0.66,10480306,0,28.0,5.83437,-24.33777
Cormyr Settlement 0220,Cormyr,Suzail,1656,10172045,343534,"{""humans"": 1183, ""elves"": 156, ""dwarves"": 55, ""halflings"": 155, ""half-orcs"": 104, ""misc."": 3}",148,war,"[""Patriarchy""]","{""poor"": 0.4999, ""middle"": 0.3099, ""wealthy"": 0.0703, ""aristocrat"": 0.1199}",6,"[[""cloth"", ""fish"", ""gems"", ""salt"", ""wine""]]","[[""magic items"", ""mercenaries"", ""parchment"", ""silk"", ""spices""]]",Ruler COR-87,professional guard,local academy,"Draconic, Orc","Chauntea, Mystra, Selune",128212,529868877,11.7,54.1,46.9,6,0,synthetic generator v3,derived,0.72,12728576,0,25.8,36.48091,-5.33532
Amn Settlement 0221,Amn,Athkatla,1487,3307080,8096,"{""humans"": 1123, ""elves"": 143, ""dwarves"": 109, ""halflings"": 37, ""half-orcs"": 72, ""misc."": 3}",161,crime,"[""Magocracy""]","{""poor"": 0.6293, ""middle"": 0.3179, ""wealthy"": 0.0479, ""aristocrat"": 0.0049}",3,"[[""books"", ""fish"", ""grain""]]","[[""glass"", ""ore"", ""silk""]]",Ruler AMN-634,naval patrol,local academy,"Draconic, Elvish, Halfling",Tyr,135123,611983508,229.62,64.4,75.5,7,0,synthetic generator v3,synthetic,0.68,3371075,0,26.9,8.42119,-17.23338
Tethyr Settlement 0222,Tethyr,Darromar,18959,67947131,60112,"{""humans"": 14078, ""elves"": 2119, ""dwarves"": 580, ""halflings"": 1574, ""half-orcs"": 606, ""misc."": 2}",174,crime,"[""Democracy""]","{""poor"": 0.6193, ""middle"": 0.2356, ""wealthy"": 0.0979, ""aristocrat"": 0.0472}",17,"[[""books"", ""cloth""]]","[[""silk""]]",Ruler TET-116,naval patrol,local academy,"Dwarvish, Orc",Selune,94697,355319062,153.27,60.8,55.1,2,0,synthetic generator v3,derived,0.76,57023116,1,20.6,13.84809,-46.45287
Waterdeep Settlement 0223,Waterdeep,Waterdeep,364,800385,48786,"{""humans"": 293, ""elves"": 24, ""dwarves"": 24, ""halflings"": 12, ""half-orcs"": 9, ""misc."": 2}",49,disease,"[""Merchant Council""]","{""poor"": 0.6203, ""middle"": 0.3408, ""wealthy"": 0.0343, ""aristocrat"": 0.0046}",0,"[[""fish"", ""horses"", ""timber"", ""weapons"", ""wine""]]","[[""glass"", ""jewelry"", ""magic items"", ""parchment"", ""spices""]]",Ruler WAT-794,small militia,None,"Common, Draconic, Dwarvish",Selune,111501,517924535,52.47,56.6,63.7,6,0,synthetic generator v3,derived,0.67,769889,0,21.0,41.6602,-29.27724
Neverwinter Settlement 0224,Neverwinter,Neverwinter,2336,4818349,133031,"{""humans"": 1774, ""elves"": 208, ""dwarves"": 69, ""halflings"": 201, ""half-orcs"": 81, ""misc."": 3}",127,war,"[""Confederacy""]","{""poor"": 0.6073, ""middle"": 0.3438, ""wealthy"": 0.0443, ""aristocrat"": 0.0046}",19,"[[""cloth"", ""weapons""]]","[[""jewelry""]]",Ruler NEV-135,small militia,guilds,"Common, Dwarvish, Elvish","Lathander, Selune, Tempus",41958,200003469,307.35,43.3,40.5,1,0,synthetic generator v3,synthetic,0.48,3795980,1,18.7,43.76318,-49.77796
Athkatla,Amn,Athkatla,2191,12397924,192426,"{""humans"": 1666, ""elves"": 92, ""dwarves"": 88, ""halflings"": 210, ""half-orcs"": 133, ""misc."": 2}",101,war,"[""Democracy""]","{""poor"": 0.5005, ""middle"": 0.3738, ""wealthy"": 0.0225, ""aristocrat"": 0.1032}",12,"[[""books"", ""fish"", ""gems"", ""horses"", ""timber""]]","[[""coal"", ""silk""]]",Ruler AMN-390,naval patrol,None,"Common, Halfling, Orc","Selune, Torm, Tyr",135123,611983508,284.76,61.5,68.4,6,0,synthetic generator v3,canonical,0.89,15037925,3,30.6,9.84493,-24.87186
Sembia Settlement 0226,Sembia,Selgaunt,6333,16026510,597457,"{""humans"": 4680, ""elves"": 594, ""dwarves"": 356, ""halflings"": 417, ""half-orcs"": 284, ""misc."": 2}",177,crime,"[""Theocracy""]","{""poor"": 0.5473, ""middle"": 0.3494, ""wealthy"": 0.0983, ""aristocrat"": 0.005}",11,"[[""wine""]]","[[""ore""]]",Ruler SEM-354,small militia,local academy,"Draconic, Halfling","Lathander, Selune",115850,569433233,474.01,58.1,31.0,6,0,synthetic generator v3,synthetic,0.62,13513607,0,29.8,27.69596,47.20169
Baldurs Gate Settlement 0227,Baldurs Gate,Baldur's Gate,643,1290775,47995,"{""humans"": 486, ""elves"": 49, ""dwarves"": 46, ""halflings"": 39, ""half-orcs"": 21, ""misc."": 2}",27,crime,"[""Democracy""]","{""poor"": 0.6726, ""middle"": 0.2766, ""wealthy"": 0.046, ""aristocrat"": 0.0048}",7,"[[""fish""]]","[[""glass"", ""jewelry"", ""magic items"", ""mercenaries"", ""silk""]]",Ruler BAL-600,small militia,None,"Elvish, Halfling",Torm,88949,460120908,233.93,60.4,59.6,10,0,synthetic generator v3,derived,0.64,1305536,-4,40.6,21.23206,-23.56686
Cormyr Settlement 0228,Cormyr,Suzail,1258,7850450,435918,"{""humans"": 933, ""elves"": 116, ""dwarves"": 83, ""halflings"": 64, ""half-orcs"": 60, ""misc."": 2}",28,war,"[""Monarchy""]","{""poor"": 0.565, ""middle"": 0.2458, ""wealthy"": 0.0591, ""aristocrat"": 0.1301}",0,"[[""fish"", ""grain"", ""wine""]]","[[""coal"", ""glass"", ""magic items"", ""parchment""]]",Ruler COR-517,mercenary heavy,arcanum,Dwarvish,"Mystra, Selune, Tempus",128212,529868877,518.28,56.9,54.3,2,0,synthetic generator v3,synthetic,0.46,7954534,-1,7.0,31.59663,-7.14112
Calimshan Settlement 0229,Calimshan,Memnon,210,1068425,23886,"{""humans"": 163, ""elves"": 6, ""dwarves"": 17, ""halflings"": 17, ""half-orcs"": 3, ""misc."": 4}",52,disease,"[""Merchant Council""]","{""poor"": 0.5089, ""middle"": 0.3494, ""wealthy"": 0.0563, ""aristocrat"": 0.0854}",17,"[[""books"", ""gems"", ""grain"", ""salt""]]","[[""coal"", ""spices""]]",Ruler CAL-715,naval patrol,arcanum,Halfling,"Lathander, Selune, Tempus",104596,622107818,379.56,73.5,49.6,1,0,synthetic generator v3,derived,0.65,1061043,2,17.1,4.63939,-53.29929
Sembia Settlement 0230,Sembia,Selgaunt,1662,5367146,280893,"{""humans"": 1291, ""elves"": 129, ""dwarves"": 134, ""halflings"": 65, ""half-orcs"": 41, ""misc."": 2}",87,arcane mishap,"[""Magocracy""]","{""poor"": 0.5559, ""middle"": 0.3589, ""wealthy"": 0.0458, ""aristocrat"": 0.0394}",0,"[[""armor"", ""books"", ""fish"", ""salt"", ""timber""]]","[[""coal""]]",Ruler SEM-684,professional guard,None,"Common, Dwarvish","Lathander, Mystra, Tyr",115850,569433233,358.15,59.0,37.3,4,0,synthetic generator v3,synthetic,0.38,4402019,4,14.0,46.01218,43.9436
Sembia Settlement 0231,Sembia,Selgaunt,7592,69587056,5176213,"{""humans"": 5430, ""elves"": 900, ""dwarves"": 246, ""halflings"": 624, ""half-orcs"": 389, ""misc."": 3}",66,war,"[""Patriarchy""]","{""poor"": 0.4852, ""middle"": 0.2247, ""wealthy"": 0.0655, ""aristocrat"": 0.2246}",0,"[[""books"", ""cloth"", ""gems"", ""horses"", ""salt""]]","[[""glass""]]",Ruler SEM-299,naval patrol,local academy,"Common, Orc","Chauntea, Selune, Tyr",115850,569433233,195.1,53.4,32.9,1,0,synthetic generator v3,derived,0.79,75855023,4,3.5,44.95743,39.35277
Amn Settlement 0232,Amn,Athkatla,327,1993935,65775,"{""humans"": 255, ""elves"": 17, ""dwarves"": 19, ""halflings"": 24, ""half-orcs"": 9, ""misc."": 3}",65,war,"[""Patriarchy""]","{""poor"": 0.4987, ""middle"": 0.3532, ""wealthy"": 0.0344, ""aristocrat"": 0.1137}",0,"[[""cloth"", ""timber""]]","[[""glass"", ""magic items"", ""silk""]]",Ruler AMN-239,professional guard,guilds,"Draconic, Dwarvish, Elvish",Mystra,135123,611983508,248.82,73.7,61.6,9,0,synthetic generator v3,synthetic,0.68,2037244,-1,31.5,9.23556,-42.81849
Baldurs Gate Settlement 0233,Baldurs Gate,Baldur's Gate,971,3906007,205469,"{""humans"": 672, ""elves"": 90, ""dwarves"": 83, ""halflings"": 82, ""half-orcs"": 42, ""misc."": 2}",136,arcane mishap,"[""Merchant Council""]","{""poor"": 0.6142, ""middle"": 0.2857, ""wealthy"": 0.0342, ""aristocrat"": 0.0659}",9,"[[""cloth"", ""fish"", ""gems"", ""horses"", ""wine""]]","[[""glass"", ""jewelry"", ""ore"", ""parchment"", ""spices""]]",Ruler BAL-1,professional guard,arcanum,"Common, Elvish, Halfling","Selune, Tempus, Tyr",88949,460120908,518.24,53.8,54.0,1,0,synthetic generator v3,synthetic,0.63,4497705,0,10.7,39.84111,-31.87796
Calimshan Settlement 0234,Calimshan,Memnon,175,426872,997,"{""humans"": 132, ""elves"": 7, ""dwarves"": 15, ""halflings"": 9, ""half-orcs"": 9, ""misc."": 3}",113,old age,"[""Monarchy""]","{""poor"": 0.6665, ""middle"": 0.2408, ""wealthy"": 0.0833, ""aristocrat"": 0.0094}",0,"[[""cloth"", ""grain"", ""horses"", ""timber"", ""weapons""]]","[[""jewelry""]]",Ruler CAL-125,mercenary heavy,local academy,"Common, Draconic, Dwarvish","Mystra, Selune",104596,622107818,324.24,83.1,33.6,4,0,synthetic generator v3,synthetic,0.46,394972,4,14.0,2.25626,-38.62047
Tethyr Settlement 0235,Tethyr,Darromar,624,1385577,74421,"{""humans"": 468, ""elves"": 71, ""dwarves"": 33, ""halflings"": 38, ""half-orcs"": 11, ""misc."": 3}",82,crime,"[""Dictatorship""]","{""poor"": 0.5603, ""middle"": 0.3738, ""wealthy"": 0.0609, ""aristocrat"": 0.005}",10,"[[""books"", ""gems"", ""horses"", ""wine""]]","[[""magic items"", ""mercenaries"", ""ore""]]",Ruler TET-766,naval patrol,arcanum,"Dwarvish, Elvish","Lathander, Mystra",94697,355319062,113.36,66.0,71.1,6,0,synthetic generator v3,synthetic,0.59,1769892,1,29.0,7.62427,-25.43165
Neverwinter Settlement 0236,Neverwinter,Neverwinter,795,3624879,197473,"{""humans"": 590, ""elves"": 45, ""dwarves"": 68, ""halflings"": 47, ""half-orcs"": 42, ""misc."": 3}",179,monster attack,"[""Monarchy""]","{""poor"": 0.5022, ""middle"": 0.3381, ""wealthy"": 0.0916, ""aristocrat"": 0.0681}",0,"[[""cloth"", ""fish"", ""grain"", ""salt"", ""timber""]]","[[""jewelry"", ""mercenaries"", ""silk""]]",Ruler NEV-842,mercenary heavy,local academy,Dwarvish,Tyr,41958,200003469,512.01,43.2,29.1,5,0,synthetic generator v3,derived,0.83,2925633,2,17.5,37.66262,-45.19867
Sembia Settlement 0237,Sembia,Selgaunt,147,425248,21663,"{""humans"": 113, ""elves"": 5, ""dwarves"": 8, ""halflings"": 16, ""half-orcs"": 3, ""misc."": 2}",88,famine,"[""Patriarchy""]","{""poor"": 0.5609, ""middle"": 0.3598, ""wealthy"": 0.0518, ""aristocrat"": 0.0275}",6,"[[""salt"", ""wine""]]","[[""glass"", ""magic items""]]",Ruler SEM-66,mercenary heavy,arcanum,"Dwarvish, Orc",Chauntea,115850,569433233,294.39,60.1,61.5,1,0,synthetic generator v3,derived,0.82,472206,0,8.3,42.13677,20.65759
Baldurs Gate Settlement 0238,Baldurs Gate,Baldur's Gate,2216,10724246,682763,"{""humans"": 1698, ""elves"": 167, ""dwarves"": 71, ""halflings"": 171, ""half-orcs"": 106, ""misc."": 3}",139,crime,"[""Democracy""]","{""poor"": 0.5438, ""middle"": 0.2866, ""wealthy"": 0.0962, ""aristocrat"": 0.0734}",13,"[[""salt""]]","[[""magic items"", ""mercenaries"", ""ore"", ""spices""]]",Ruler BAL-757,naval patrol,arcanum,"Common, Dwarvish, Elvish","Chauntea, Mystra",88949,460120908,147.47,58.5,34.8,7,0,synthetic generator v3,derived,0.65,10527572,-3,34.9,16.01988,-21.16639
Waterdeep Settlement 0239,Waterdeep,Waterdeep,2427,5833368,41224,"{""humans"": 1813, ""elves"": 140, ""dwarves"": 180, ""halflings"": 197, ""half-orcs"": 94, ""misc."": 3}",166,arcane mishap,"[""Merchant Council""]","{""poor"": 0.5854, ""middle"": 0.3601, ""wealthy"": 0.0497, ""aristocrat"": 0.0048}",1,"[[""armor"", ""cloth"", ""fish"", ""timber"", ""wine""]]","[[""coal"", ""magic items"", ""mercenaries"", ""silk""]]",Ruler WAT-499,small militia,None,"Draconic, Elvish, Orc",Tempus,111501,517924535,380.47,44.9,26.6,4,0,synthetic generator v3,synthetic,0.5,4768174,1,14.8,32.9359,-8.14215
Sembia Settlement 0240,Sembia,Selgaunt,4636,19459765,300779,"{""humans"": 3394, ""elves"": 478, ""dwarves"": 204, ""halflings"": 324, ""half-orcs"": 235, ""misc."": 1}",107,disease,"[""Confederacy""]","{""poor"": 0.5996, ""middle"": 0.2768, ""wealthy"": 0.0502, ""aristocrat"": 0.0734}",0,"[[""books"", ""timber""]]","[[""ore""]]",Ruler SEM-416,small militia,None,"Common, Dwarvish","Lathander, Torm",115850,569433233,529.79,55.1,31.6,2,0,synthetic generator v3,synthetic,0.44,20227460,1,7.0,29.5139,22.54895
Baldurs Gate Settlement 0241,Baldurs Gate,Baldur's Gate,842,1771412,58326,"{""humans"": 603, ""elves"": 73, ""dwarves"": 66, ""halflings"": 57, ""half-orcs"": 40, ""misc."": 3}",121,famine,"[""Patriarchy""]","{""poor"": 0.6386, ""middle"": 0.3077, ""wealthy"": 0.049, ""aristocrat"": 0.0047}",19,"[[""grain"", ""horses""]]","[[""jewelry"", ""ore"", ""parchment"", ""silk"", ""spices""]]",Ruler BAL-717,professional guard,local academy,"Common, Dwarvish","Lathander, Torm, Tyr",88949,460120908,181.25,51.5,42.3,2,0,synthetic generator v3,derived,0.7,1659825,-3,22.2,22.62818,-29.11012
Calimshan Settlement 0242,Calimshan,Memnon,1308,2902079,41232,"{""humans"": 990, ""elves"": 83, ""dwarves"": 104, ""halflings"": 84, ""half-orcs"": 45, ""misc."": 2}",115,arcane mishap,"[""Merchant Council""]","{""poor"": 0.6557, ""middle"": 0.2715, ""wealthy"": 0.0678, ""aristocrat"": 0.005}",19,"[[""horses"", ""timber"", ""wine""]]","[[""glass"", ""jewelry"", ""ore"", ""silk"", ""spices""]]",Ruler CAL-334,mercenary heavy,None,"Common, Elvish","Selune, Torm",104596,622107818,157.73,71.8,39.6,2,0,synthetic generator v3,synthetic,0.68,3458311,-2,22.2,20.03186,-64.9258
Amn Settlement 0243,Amn,Athkatla,2470,27605778,445672,"{""humans"": 1892, ""elves"": 222, ""dwarves"": 252, ""halflings"": 64, ""half-orcs"": 38, ""misc."": 2}",161,war,"[""Democracy""]","{""poor"": 0.4752, ""middle"": 0.2369, ""wealthy"": 0.0218, ""aristocrat"": 0.2661}",11,"[[""gems"", ""salt"", ""weapons""]]","[[""coal"", ""parchment""]]",Ruler AMN-548,mercenary heavy,None,"Draconic, Elvish",Torm,135123,611983508,462.34,63.4,63.2,9,0,synthetic generator v3,derived,0.74,36268413,1,40.3,22.36111,-14.67455
Calimshan Settlement 0244,Calimshan,Memnon,899,4301074,63128,"{""humans"": 701, ""elves"": 53, ""dwarves"": 32, ""halflings"": 62, ""half-orcs"": 48, ""misc."": 3}",69,crime,"[""Theocracy""]","{""poor"": 0.5328, ""middle"": 0.3287, ""wealthy"": 0.0619, ""aristocrat"": 0.0766}",0,"[[""armor"", ""wine""]]","[[""parchment""]]",Ruler CAL-412,small militia,arcanum,Draconic,"Lathander, Tempus, Tyr",104596,622107818,324.62,76.8,24.2,9,0,synthetic generator v3,synthetic,0.55,3717183,1,31.5,10.77881,-47.35454
Amn Settlement 0245,Amn,Athkatla,777,1605181,5551,"{""humans"": 664, ""elves"": 35, ""dwarves"": 38, ""halflings"": 28, ""half-orcs"": 9, ""misc."": 3}",52,monster attack,"[""Patriarchy""]","{""poor"": 0.6313, ""middle"": 0.3368, ""wealthy"": 0.0273, ""aristocrat"": 0.0046}",8,"[[""cloth"", ""gems"", ""grain"", ""horses""]]","[[""glass"", ""mercenaries"", ""parchment""]]",Ruler AMN-881,professional guard,guilds,"Common, Draconic, Halfling","Lathander, Tempus, Tyr",135123,611983508,243.47,60.7,78.6,10,0,synthetic generator v3,synthetic,0.46,1805219,1,41.4,12.2547,-30.92519
Cormyr Settlement 0246,Cormyr,Suzail,1034,4871912,273775,"{""humans"": 829, ""elves"": 90, ""dwarves"": 39, ""halflings"": 54, ""half-orcs"": 19, ""misc."": 3}",40,war,"[""Satrapy""]","{""poor"": 0.5813, ""middle"": 0.2695, ""wealthy"": 0.0685, ""aristocrat"": 0.0807}",6,"[[""cloth"", ""fish"", ""salt"", ""weapons""]]","[[""coal"", ""glass""]]",Ruler COR-610,professional guard,arcanum,"Common, Dwarvish, Halfling","Selune, Tempus",128212,529868877,468.39,55.0,54.9,8,0,synthetic generator v3,synthetic,0.56,5594292,2,32.8,30.62053,10.2818
Cormyr Settlement 0247,Cormyr,Suzail,1390,5683030,143942,"{""humans"": 1135, ""elves"": 107, ""dwarves"": 68, ""halflings"": 30, ""half-orcs"": 48, ""misc."": 2}",133,crime,"[""Theocracy""]","{""poor"": 0.549, ""middle"": 0.3255, ""wealthy"": 0.0666, ""aristocrat"": 0.0589}",18,"[[""armor"", ""fish"", ""salt"", ""weapons""]]","[[""glass"", ""magic items"", ""ore"", ""silk"", ""spices""]]",Ruler COR-358,mercenary heavy,None,"Dwarvish, Elvish, Orc",Tyr,128212,529868877,230.69,58.3,42.4,4,0,synthetic generator v3,synthetic,0.39,4687379,-1,28.4,39.76506,24.60029
Amn Settlement 0248,Amn,Athkatla,578,1361482,19703,"{""humans"": 419, ""elves"": 67, ""dwarves"": 46, ""halflings"": 17, ""half-orcs"": 27, ""misc."": 2}",74,old age,"[""Theocracy""]","{""poor"": 0.6528, ""middle"": 0.2668, ""wealthy"": 0.0756, ""aristocrat"": 0.0048}",13,"[[""armor"", ""fish"", ""weapons"", ""wine""]]","[[""coal"", ""glass"", ""mercenaries"", ""parchment"", ""silk""]]",Ruler AMN-543,naval patrol,local academy,"Draconic, Dwarvish",Lathander,135123,611983508,380.47,63.6,67.5,8,0,synthetic generator v3,synthetic,0.53,1511377,-1,38.4,24.559,-10.00023
Tethyr Settlement 0249,Tethyr,Darromar,432,812256,26468,"{""humans"": 310, ""elves"": 48, ""dwarves"": 39, ""halflings"": 9, ""half-orcs"": 24, ""misc."": 2}",125,crime,"[""Dictatorship""]","{""poor"": 0.6811, ""middle"": 0.2652, ""wealthy"": 0.0487, ""aristocrat"": 0.005}",0,"[[""books"", ""cloth"", ""horses""]]","[[""mercenaries"", ""spices""]]",Ruler TET-779,small militia,None,"Draconic, Dwarvish, Halfling","Lathander, Mystra",94697,355319062,356.77,62.6,47.9,2,0,synthetic generator v3,synthetic,0.49,822751,1,7.0,21.99657,-55.25228
Waterdeep Settlement 0250,Waterdeep,Waterdeep,600,1501000,44033,"{""humans"": 507, ""elves"": 15, ""dwarves"": 36, ""halflings"": 15, ""half-orcs"": 24, ""misc."": 3}",98,monster attack,"[""Monarchy""]","{""poor"": 0.6025, ""middle"": 0.3213, ""wealthy"": 0.0719, ""aristocrat"": 0.0043}",0,"[[""salt""]]","[[""coal"", ""glass"", ""jewelry"", ""silk"", ""spices""]]",Ruler WAT-4,mercenary heavy,None,"Elvish, Halfling","Chauntea, Tyr",111501,517924535,287.48,45.5,51.4,7,0,synthetic generator v3,synthetic,0.41,1650936,-4,24.5,40.27708,-34.16396
Amn Settlement 0251,Amn,Athkatla,3225,14948451,265900,"{""humans"": 2614, ""elves"": 118, ""dwarves"": 108, ""halflings"": 275, ""half-orcs"": 107, ""misc."": 3}",26,war,"[""Dictatorship""]","{""poor"": 0.4611, ""middle"": 0.3981, ""wealthy"": 0.0837, ""aristocrat"": 0.0571}",14,"[[""horses"", ""wine""]]","[[""coal"", ""mercenaries"", ""spices""]]",Ruler AMN-293,small militia,arcanum,Halfling,Selune,135123,611983508,225.66,65.3,70.4,0,0,synthetic generator v3,synthetic,0.43,12856688,-1,11.2,14.45384,-12.12379
Sembia Settlement 0252,Sembia,Selgaunt,16851,124831381,9920162,"{""humans"": 13198, ""elves"": 1804, ""dwarves"": 715, ""halflings"": 423, ""half-orcs"": 710, ""misc."": 1}",99,disease,"[""Theocracy""]","{""poor"": 0.4591, ""middle"": 0.3332, ""wealthy"": 0.0366, ""aristocrat"": 0.1711}",0,"[[""salt""]]","[[""magic items"", ""parchment"", ""spices""]]",Ruler SEM-470,naval patrol,None,"Dwarvish, Elvish, Halfling","Chauntea, Selune",115850,569433233,174.94,54.7,55.3,9,0,synthetic generator v3,synthetic,0.61,143168391,-2,31.5,31.75927,45.26172
Baldurs Gate Settlement 0253,Baldurs Gate,Baldur's Gate,1428,3387502,86359,"{""humans"": 1133, ""elves"": 42, ""dwarves"": 128, ""halflings"": 98, ""half-orcs"": 25, ""misc."": 2}",178,famine,"[""Democracy""]","{""poor"": 0.6086, ""middle"": 0.3071, ""wealthy"": 0.0798, ""aristocrat"": 0.0045}",0,"[[""horses"", ""salt""]]","[[""glass""]]",Ruler BAL-849,mercenary heavy,guilds,Common,Torm,88949,460120908,305.34,53.5,54.0,4,0,synthetic generator v3,derived,0.7,4391264,1,14.0,30.38671,-15.73894
Waterdeep Settlement 0254,Waterdeep,Waterdeep,1105,3918104,108755,"{""humans"": 889, ""elves"": 73, ""dwarves"": 48, ""halflings"": 39, ""half-orcs"": 54, ""misc."": 2}",84,monster attack,"[""Theocracy""]","{""poor"": 0.5979, ""middle"": 0.2917, ""wealthy"": 0.0772, ""aristocrat"": 0.0332}",9,"[[""books"", ""cloth"", ""timber"", ""weapons"", ""wine""]]","[[""magic items""]]",Ruler WAT-994,mercenary heavy,arcanum,"Common, Elvish, Orc","Chauntea, Tempus, Torm",111501,517924535,307.0,47.4,38.7,7,0,synthetic generator v3,synthetic,0.56,3250108,4,31.7,49.57978,-32.76318
Baldurs Gate Settlement 0255,Baldurs Gate,Baldur's Gate,828,5665504,331979,"{""humans"": 622, ""elves"": 34, ""dwarves"": 89, ""halflings"": 43, ""half-orcs"": 37, ""misc."": 3}",133,war,"[""Dictatorship""]","{""poor"": 0.4866, ""middle"": 0.3334, ""wealthy"": 0.0357, ""aristocrat"": 0.1443}",1,"[[""books"", ""cloth"", ""fish"", ""timber""]]","[[""magic items"", ""silk""]]",Ruler BAL-27,professional guard,local academy,"Dwarvish, Elvish, Halfling","Selune, Tempus, Tyr",88949,460120908,404.11,50.3,49.1,2,0,synthetic generator v3,synthetic,0.68,5351681,2,7.8,31.10781,-14.06968
Waterdeep Settlement 0256,Waterdeep,Waterdeep,7105,16094706,502016,"{""humans"": 5175, ""elves"": 453, ""dwarves"": 704, ""halflings"": 609, ""half-orcs"": 161, ""misc."": 3}",114,war,"[""Dictatorship""]","{""poor"": 0.62, ""middle"": 0.3319, ""wealthy"": 0.0435, ""aristocrat"": 0.0046}",15,"[[""cloth"", ""horses""]]","[[""coal"", ""silk""]]",Ruler WAT-302,mercenary heavy,arcanum,Halfling,Chauntea,111501,517924535,190.88,50.9,33.6,5,0,synthetic generator v3,synthetic,0.52,13971413,0,29.5,38.50747,-24.02389
Baldurs Gate Settlement 0257,Baldurs Gate,Baldur's Gate,1708,3552291,30665,"{""humans"": 1270, ""elves"": 82, ""dwarves"": 145, ""halflings"": 126, ""half-orcs"": 83, ""misc."": 2}",134,monster attack,"[""Satrapy""]","{""poor"": 0.6175, ""middle"": 0.3391, ""wealthy"": 0.0389, ""aristocrat"": 0.0045}",11,"[[""horses"", ""timber""]]","[[""ore"", ""parchment""]]",Ruler BAL-780,naval patrol,guilds,Halfling,"Mystra, Tempus, Tyr",88949,460120908,542.82,63.2,49.6,0,0,synthetic generator v3,synthetic,0.39,3172421,0,8.8,32.48824,-7.09606
Baldurs Gate Settlement 0258,Baldurs Gate,Baldur's Gate,181,647876,7771,"{""humans"": 131, ""elves"": 11, ""dwarves"": 12, ""halflings"": 16, ""half-orcs"": 9, ""misc."": 2}",179,monster attack,"[""Democracy""]","{""poor"": 0.6894, ""middle"": 0.2056, ""wealthy"": 0.0509, ""aristocrat"": 0.0541}",10,"[[""books"", ""fish"", ""wine""]]","[[""coal"", ""glass"", ""magic items"", ""spices""]]",Ruler BAL-29,professional guard,local academy,Halfling,"Chauntea, Lathander, Selune",88949,460120908,284.54,54.3,69.4,9,0,synthetic generator v3,synthetic,0.38,859662,-1,39.5,28.01109,-32.40679
Calimshan Settlement 0259,Calimshan,Memnon,697,1564386,68798,"{""humans"": 562, ""elves"": 27, ""dwarves"": 41, ""halflings"": 50, ""half-orcs"": 15, ""misc."": 2}",109,famine,"[""Theocracy""]","{""poor"": 0.5984, ""middle"": 0.3448, ""wealthy"": 0.0519, ""aristocrat"": 0.0049}",0,"[[""books"", ""cloth"", ""fish"", ""gems"", ""grain""]]","[[""coal"", ""mercenaries"", ""parchment""]]",Ruler CAL-131,mercenary heavy,None,Halfling,"Lathander, Mystra, Tempus",104596,622107818,367.73,85.7,38.6,6,0,synthetic generator v3,synthetic,0.65,1576184,2,21.0,14.75598,-48.25036
Tethyr Settlement 0260,Tethyr,Darromar,2992,9778047,452736,"{""humans"": 2336, ""elves"": 181, ""dwarves"": 195, ""halflings"": 191, ""half-orcs"": 87, ""misc."": 2}",160,war,"[""Monarchy""]","{""poor"": 0.5141, ""middle"": 0.3948, ""wealthy"": 0.0528, ""aristocrat"": 0.0383}",0,"[[""cloth"", ""fish"", ""gems"", ""grain"", ""weapons""]]","[[""parchment""]]",Ruler TET-991,mercenary heavy,guilds,"Common, Halfling, Orc",Tempus,94697,355319062,501.12,62.1,77.3,6,0,synthetic generator v3,derived,0.76,9974068,4,21.0,6.34194,-51.35367
Calimshan Settlement 0261,Calimshan,Memnon,349,802644,20451,"{""humans"": 273, ""elves"": 22, ""dwarves"": 10, ""halflings"": 29, ""half-orcs"": 12, ""misc."": 3}",179,disease,"[""Democracy""]","{""poor"": 0.6053, ""middle"": 0.3272, ""wealthy"": 0.0626, ""aristocrat"": 0.0049}",0,"[[""cloth"", ""grain"", ""weapons""]]","[[""coal"", ""magic items"", ""mercenaries"", ""parchment"", ""spices""]]",Ruler CAL-276,professional guard,guilds,"Common, Draconic","Lathander, Torm",104596,622107818,539.18,85.2,25.9,10,0,synthetic generator v3,synthetic,0.43,644674,-2,35.0,8.27055,-29.071
Neverwinter Settlement 0262,Neverwinter,Neverwinter,1381,5432201,204972,"{""humans"": 1053, ""elves"": 115, ""dwarves"": 100, ""halflings"": 93, ""half-orcs"": 17, ""misc."": 3}",52,arcane mishap,"[""Merchant Council""]","{""poor"": 0.5284, ""middle"": 0.3662, ""wealthy"": 0.0463, ""aristocrat"": 0.0591}",18,"[[""armor"", ""wine""]]","[[""magic items"", ""ore"", ""silk"", ""spices""]]",Ruler NEV-162,professional guard,guilds,Dwarvish,"Chauntea, Torm",41958,200003469,176.71,53.1,26.1,3,0,synthetic generator v3,synthetic,0.39,6379529,-2,24.9,44.93565,-20.10193
Waterdeep Settlement 0263,Waterdeep,Waterdeep,1636,6536252,357126,"{""humans"": 1293, ""elves"": 43, ""dwarves"": 73, ""halflings"": 150, ""half-orcs"": 74, ""misc."": 3}",39,old age,"[""Patriarchy""]","{""poor"": 0.6404, ""middle"": 0.2603, ""wealthy"": 0.0428, ""aristocrat"": 0.0565}",1,"[[""fish"", ""gems"", ""grain"", ""salt""]]","[[""jewelry"", ""magic items"", ""mercenaries"", ""parchment"", ""spices""]]",Ruler WAT-229,naval patrol,None,Draconic,"Mystra, Tyr",111501,517924535,426.83,57.4,53.5,9,0,synthetic generator v3,derived,0.82,8207431,-1,32.3,28.76512,-31.49603
Waterdeep Settlement 0264,Waterdeep,Waterdeep,422,1033739,37914,"{""humans"": 325, ""elves"": 31, ""dwarves"": 33, ""halflings"": 26, ""half-orcs"": 5, ""misc."": 2}",174,old age,"[""Democracy""]","{""poor"": 0.6974, ""middle"": 0.2522, ""wealthy"": 0.0325, ""aristocrat"": 0.0179}",7,"[[""books"", ""gems"", ""grain"", ""salt""]]","[[""mercenaries""]]",Ruler WAT-362,naval patrol,arcanum,"Elvish, Halfling, Orc","Selune, Torm",111501,517924535,195.73,55.6,48.7,10,0,synthetic generator v3,derived,0.69,843097,3,40.6,30.45345,-38.343
Baldurs Gate Settlement 0265,Baldurs Gate,Baldur's Gate,3459,22748149,1195532,"{""humans"": 2657, ""elves"": 137, ""dwarves"": 302, ""halflings"": 296, ""half-orcs"": 66, ""misc."": 1}",105,war,"[""Satrapy""]","{""poor"": 0.5101, ""middle"": 0.2713, ""wealthy"": 0.0927, ""aristocrat"": 0.1259}",5,"[[""books"", ""cloth""]]","[[""silk"", ""spices""]]",Ruler BAL-423,mercenary heavy,local academy,"Common, Halfling",Lathander,88949,460120908,270.75,63.9,67.1,1,0,synthetic generator v3,derived,0.85,24830253,0,7.5,41.75625,-11.90514
Waterdeep Settlement 0266,Waterdeep,Waterdeep,1276,9591060,85034,"{""humans"": 957, ""elves"": 36, ""dwarves"": 86, ""halflings"": 128, ""half-orcs"": 67, ""misc."": 2}",144,famine,"[""Dictatorship""]","{""poor"": 0.5122, ""middle"": 0.2974, ""wealthy"": 0.0405, ""aristocrat"": 0.1499}",0,"[[""armor"", ""cloth"", ""gems"", ""weapons""]]","[[""mercenaries"", ""ore"", ""parchment"", ""spices""]]",Ruler WAT-12,naval patrol,arcanum,"Draconic, Halfling","Chauntea, Selune",111501,517924535,335.91,45.4,53.1,9,0,synthetic generator v3,synthetic,0.66,7555181,0,31.5,43.80207,-33.27436
Baldurs Gate Settlement 0267,Baldurs Gate,Baldur's Gate,364,817278,3490,"{""humans"": 278, ""elves"": 31, ""dwarves"": 17, ""halflings"": 12, ""half-orcs"": 24, ""misc."": 2}",83,old age,"[""Monarchy""]","{""poor"": 0.6256, ""middle"": 0.3036, ""wealthy"": 0.0662, ""aristocrat"": 0.0046}",14,"[[""armor"", ""books"", ""fish"", ""horses"", ""wine""]]","[[""coal"", ""magic items"", ""mercenaries"", ""parchment""]]",Ruler BAL-306,small militia,arcanum,"Draconic, Elvish","Chauntea, Selune, Torm",88949,460120908,442.81,53.0,56.1,0,0,synthetic generator v3,derived,0.76,961987,1,11.2,19.21595,-11.05594
Waterdeep Settlement 0268,Waterdeep,Waterdeep,993,3214702,172008,"{""humans"": 786, ""elves"": 24, ""dwarves"": 77, ""halflings"": 47, ""half-orcs"": 57, ""misc."": 2}",108,famine,"[""Merchant Council""]","{""poor"": 0.6356, ""middle"": 0.2973, ""wealthy"": 0.0304, ""aristocrat"": 0.0367}",0,"[[""cloth"", ""fish"", ""gems"", ""timber""]]","[[""glass"", ""magic items"", ""ore"", ""parchment"", ""spices""]]",Ruler WAT-221,mercenary heavy,local academy,"Elvish, Halfling","Chauntea, Lathander",111501,517924535,232.11,51.5,46.8,0,0,synthetic generator v3,derived,0.61,2962608,-1,0.0,46.19522,-31.79784
Baldurs Gate Settlement 0269,Baldurs Gate,Baldur's Gate,3372,12512459,990127,"{""humans"": 2806, ""elves"": 140, ""dwarves"": 162, ""halflings"": 107, ""half-orcs"": 154, ""misc."": 3}",32,crime,"[""Dictatorship""]","{""poor"": 0.5333, ""middle"": 0.3347, ""wealthy"": 0.0942, ""aristocrat"": 0.0378}",7,"[[""books"", ""fish"", ""gems"", ""horses"", ""salt""]]","[[""coal"", ""jewelry"", ""spices""]]",Ruler BAL-424,small militia,guilds,"Common, Dwarvish, Orc",Torm,88949,460120908,506.15,49.4,33.3,2,0,synthetic generator v3,derived,0.8,15432539,2,12.6,20.83989,-18.98407
Amn Settlement 0270,Amn,Athkatla,2866,14408475,682935,"{""humans"": 2159, ""elves"": 224, ""dwarves"": 265, ""halflings"": 79, ""half-orcs"": 136, ""misc."": 3}",72,old age,"[""Patriarchy""]","{""poor"": 0.5935, ""middle"": 0.2478, ""wealthy"": 0.0793, ""aristocrat"": 0.0794}",17,"[[""armor"", ""cloth"", ""horses"", ""timber"", ""weapons""]]","[[""coal"", ""mercenaries"", ""silk"", ""spices""]]",Ruler AMN-673,naval patrol,None,"Draconic, Dwarvish","Lathander, Tempus, Torm",135123,611983508,101.31,61.4,77.3,10,0,synthetic generator v3,derived,0.85,16260672,1,48.6,24.58019,-39.97597
Sembia Settlement 0271,Sembia,Selgaunt,439,2859916,43490,"{""humans"": 346, ""elves"": 20, ""dwarves"": 15, ""halflings"": 38, ""half-orcs"": 17, ""misc."": 3}",77,monster attack,"[""Democracy""]","{""poor"": 0.5734, ""middle"": 0.2505, ""wealthy"": 0.0231, ""aristocrat"": 0.153}",3,"[[""gems""]]","[[""ore""]]",Ruler SEM-443,professional guard,local academy,"Common, Elvish, Halfling",Tyr,115850,569433233,376.78,51.3,55.9,2,0,synthetic generator v3,synthetic,0.54,2963753,0,9.4,42.55652,38.70659
Tethyr Settlement 0272,Tethyr,Darromar,1372,8175934,529113,"{""humans"": 997, ""elves"": 113, ""dwarves"": 97, ""halflings"": 112, ""half-orcs"": 50, ""misc."": 3}",46,old age,"[""Merchant Council""]","{""poor"": 0.4741, ""middle"": 0.3559, ""wealthy"": 0.0426, ""aristocrat"": 0.1274}",13,"[[""fish""]]","[[""glass"", ""jewelry"", ""magic items"", ""spices""]]",Ruler TET-444,mercenary heavy,local academy,Halfling,"Mystra, Tyr",94697,355319062,491.06,63.0,48.7,9,0,synthetic generator v3,synthetic,0.4,8578939,-3,41.9,7.80995,-32.31823
Baldurs Gate Settlement 0273,Baldurs Gate,Baldur's Gate,14011,88320752,5694787,"{""humans"": 9891, ""elves"": 1317, ""dwarves"": 1086, ""halflings"": 1233, ""half-orcs"": 481, ""misc."": 3}",26,war,"[""Monarchy""]","{""poor"": 0.5449, ""middle"": 0.2439, ""wealthy"": 0.0909, ""aristocrat"": 0.1203}",6,"[[""armor"", ""cloth"", ""fish"", ""gems"", ""timber""]]","[[""magic items"", ""ore""]]",Ruler BAL-385,mercenary heavy,local academy,"Halfling, Orc",Selune,88949,460120908,25.1,54.0,45.9,9,0,synthetic generator v3,synthetic,0.58,89263736,3,36.3,30.06478,-9.54308
Amn Settlement 0274,Amn,Athkatla,6595,62697665,3587525,"{""humans"": 5207, ""elves"": 619, ""dwarves"": 495, ""halflings"": 143, ""half-orcs"": 129, ""misc."": 2}",29,arcane mishap,"[""Democracy""]","{""poor"": 0.4966, ""middle"": 0.2421, ""wealthy"": 0.0491, ""aristocrat"": 0.2122}",11,"[[""armor"", ""gems"", ""horses"", ""salt""]]","[[""coal"", ""mercenaries""]]",Ruler AMN-491,small militia,local academy,Common,Tempus,135123,611983508,523.97,66.9,59.2,1,0,synthetic generator v3,synthetic,0.51,66792109,2,12.3,11.40212,-36.69622
Baldurs Gate Settlement 0275,Baldurs Gate,Baldur's Gate,5115,33829028,607958,"{""humans"": 3764, ""elves"": 533, ""dwarves"": 420, ""halflings"": 319, ""half-orcs"": 76, ""misc."": 3}",170,famine,"[""Patriarchy""]","{""poor"": 0.4944, ""middle"": 0.3225, ""wealthy"": 0.0479, ""aristocrat"": 0.1352}",14,"[[""armor"", ""cloth"", ""gems"", ""grain""]]","[[""coal"", ""glass"", ""ore""]]",Ruler BAL-354,naval patrol,guilds,"Common, Elvish, Orc","Chauntea, Mystra, Selune",88949,460120908,427.8,55.4,44.0,4,0,synthetic generator v3,derived,0.64,44195430,1,25.2,34.11151,-2.33021
Cormyr Settlement 0276,Cormyr,Suzail,52895,182594037,577589,"{""humans"": 43629, ""elves"": 2842, ""dwarves"": 2835, ""halflings"": 2916, ""half-orcs"": 671, ""misc."": 2}",139,disease,"[""Patriarchy""]","{""poor"": 0.6511, ""middle"": 0.256, ""wealthy"": 0.0416, ""aristocrat"": 0.0513}",16,"[[""books"", ""gems"", ""timber"", ""weapons""]]","[[""glass"", ""magic items"", ""ore""]]",Ruler COR-472,naval patrol,None,"Draconic, Dwarvish, Halfling","Chauntea, Torm, Tyr",128212,529868877,402.94,54.8,48.4,0,0,synthetic generator v3,synthetic,0.5,179900620,1,12.8,24.85366,26.09132
Amn Settlement 0277,Amn,Athkatla,26500,56962048,1642284,"{""humans"": 19831, ""elves"": 1943, ""dwarves"": 1571, ""halflings"": 2529, ""half-orcs"": 623, ""misc."": 3}",157,war,"[""Merchant Council""]","{""poor"": 0.5817, ""middle"": 0.3934, ""wealthy"": 0.0199, ""aristocrat"": 0.005}",0,"[[""gems"", ""salt""]]","[[""coal"", ""jewelry"", ""magic items"", ""ore"", ""parchment""]]",Ruler AMN-623,small militia,guilds,"Common, Dwarvish","Lathander, Selune, Torm",135123,611983508,142.54,66.1,72.9,4,1,synthetic generator v3,synthetic,0.51,49210962,-3,14.9,16.35825,-30.19648
Cormyr Settlement 0278,Cormyr,Suzail,820,1973521,87458,"{""humans"": 613, ""elves"": 83, ""dwarves"": 68, ""halflings"": 18, ""half-orcs"": 35, ""misc."": 3}",166,famine,"[""Dictatorship""]","{""poor"": 0.6123, ""middle"": 0.2919, ""wealthy"": 0.0908, ""aristocrat"": 0.005}",9,"[[""cloth"", ""horses""]]","[[""coal""]]",Ruler COR-903,small militia,None,"Common, Orc",Chauntea,128212,529868877,352.37,63.2,56.1,9,0,synthetic generator v3,synthetic,0.58,2335792,1,38.7,38.76252,27.25748
Sembia Settlement 0279,Sembia,Selgaunt,2028,4650799,101557,"{""humans"": 1599, ""elves"": 123, ""dwarves"": 162, ""halflings"": 119, ""half-orcs"": 23, ""misc."": 2}",55,war,"[""Patriarchy""]","{""poor"": 0.5611, ""middle"": 0.3667, ""wealthy"": 0.0676, ""aristocrat"": 0.0046}",13,"[[""cloth"", ""fish"", ""horses"", ""salt"", ""weapons""]]","[[""coal"", ""jewelry""]]",Ruler SEM-527,mercenary heavy,local academy,"Elvish, Orc",Mystra,115850,569433233,316.27,58.0,34.0,1,0,synthetic generator v3,synthetic,0.65,4855134,3,13.9,46.89037,33.22976
Cormyr Settlement 0280,Cormyr,Suzail,1700,4025968,116207,"{""humans"": 1265, ""elves"": 71, ""dwarves"": 144, ""halflings"": 139, ""half-orcs"": 77, ""misc."": 4}",104,disease,"[""Democracy""]","{""poor"": 0.5993, ""middle"": 0.3154, ""wealthy"": 0.0803, ""aristocrat"": 0.005}",2,"[[""fish"", ""grain"", ""horses"", ""wine""]]","[[""mercenaries"", ""ore""]]",Ruler COR-197,mercenary heavy,arcanum,Draconic,"Selune, Torm",128212,529868877,435.92,56.8,65.8,3,0,synthetic generator v3,derived,0.81,3555756,2,12.1,23.39453,-0.75809
Baldurs Gate Settlement 0281,Baldurs Gate,Baldur's Gate,256,609682,29994,"{""humans"": 195, ""elves"": 20, ""dwarves"": 11, ""halflings"": 15, ""half-orcs"": 13, ""misc."": 2}",60,old age,"[""Patriarchy""]","{""poor"": 0.5815, ""middle"": 0.3435, ""wealthy"": 0.0702, ""aristocrat"": 0.0048}",0,"[[""books"", ""cloth"", ""grain""]]","[[""coal"", ""glass""]]",Ruler BAL-480,naval patrol,None,"Common, Elvish, Orc",Tempus,88949,460120908,251.95,53.0,35.2,8,0,synthetic generator v3,synthetic,0.67,757436,1,28.0,24.49726,-19.01792
Tethyr Settlement 0282,Tethyr,Darromar,977,9301363,317287,"{""humans"": 704, ""elves"": 113, ""dwarves"": 67, ""halflings"": 55, ""half-orcs"": 36, ""misc."": 2}",150,crime,"[""Magocracy""]","{""poor"": 0.4742, ""middle"": 0.2334, ""wealthy"": 0.0469, ""aristocrat"": 0.2455}",3,"[[""grain"", ""horses"", ""timber"", ""weapons"", ""wine""]]","[[""magic items"", ""spices""]]",Ruler TET-69,naval patrol,None,"Halfling, Orc",Chauntea,94697,355319062,268.98,66.7,54.0,6,0,synthetic generator v3,synthetic,0.49,8953107,3,23.4,8.80586,-26.72625
Calimshan Settlement 0283,Calimshan,Memnon,15889,44459176,2067100,"{""humans"": 11928, ""elves"": 870, ""dwarves"": 825, ""halflings"": 1390, ""half-orcs"": 873, ""misc."": 3}",139,famine,"[""Merchant Council""]","{""poor"": 0.5726, ""middle"": 0.3315, ""wealthy"": 0.082, ""aristocrat"": 0.0139}",0,"[[""fish""]]","[[""glass"", ""mercenaries"", ""ore"", ""silk"", ""spices""]]",Ruler CAL-447,mercenary heavy,local academy,"Draconic, Dwarvish, Elvish","Lathander, Tempus, Torm",104596,622107818,208.36,75.5,46.1,8,0,synthetic generator v3,derived,0.62,54185614,-4,28.0,17.43397,-35.83328
Tethyr Settlement 0284,Tethyr,Darromar,1836,4478277,205214,"{""humans"": 1457, ""elves"": 139, ""dwarves"": 86, ""halflings"": 104, ""half-orcs"": 47, ""misc."": 3}",110,monster attack,"[""Magocracy""]","{""poor"": 0.5743, ""middle"": 0.3525, ""wealthy"": 0.0596, ""aristocrat"": 0.0136}",0,"[[""wine""]]","[[""glass"", ""mercenaries"", ""ore"", ""parchment""]]",Ruler TET-156,professional guard,arcanum,Dwarvish,Mystra,94697,355319062,220.65,72.6,60.1,0,0,synthetic generator v3,synthetic,0.37,4034091,-3,0.0,3.72039,-36.92009
Waterdeep Settlement 0285,Waterdeep,Waterdeep,4320,19526192,549308,"{""humans"": 3342, ""elves"": 239, ""dwarves"": 186, ""halflings"": 442, ""half-orcs"": 109, ""misc."": 2}",82,war,"[""Confederacy""]","{""poor"": 0.6195, ""middle"": 0.2399, ""wealthy"": 0.0776, ""aristocrat"": 0.063}",0,"[[""grain"", ""wine""]]","[[""glass"", ""jewelry"", ""magic items"", ""ore""]]",Ruler WAT-752,naval patrol,None,"Draconic, Halfling",Tyr,111501,517924535,279.9,45.2,32.4,8,0,synthetic generator v3,synthetic,0.44,25648245,-2,28.0,54.80571,-22.79727
Neverwinter Settlement 0286,Neverwinter,Neverwinter,330,2237361,39822,"{""humans"": 267, ""elves"": 8, ""dwarves"": 29, ""halflings"": 15, ""half-orcs"": 8, ""misc."": 3}",34,crime,"[""Democracy""]","{""poor"": 0.4624, ""middle"": 0.3099, ""wealthy"": 0.0902, ""aristocrat"": 0.1375}",0,"[[""grain""]]","[[""parchment"", ""spices""]]",Ruler NEV-176,small militia,local academy,"Dwarvish, Halfling","Selune, Tempus, Torm",41958,200003469,248.13,51.8,29.0,4,0,synthetic generator v3,derived,0.79,2218731,-1,14.0,60.55777,-24.5671
Calimshan Settlement 0287,Calimshan,Memnon,468,1968000,63882,"{""humans"": 359, ""elves"": 40, ""dwarves"": 41, ""halflings"": 12, ""half-orcs"": 14, ""misc."": 2}",123,arcane mishap,"[""Patriarchy""]","{""poor"": 0.5927, ""middle"": 0.2687, ""wealthy"": 0.0791, ""aristocrat"": 0.0595}",14,"[[""weapons""]]","[[""coal"", ""jewelry"", ""magic items"", ""silk"", ""spices""]]",Ruler CAL-545,small militia,arcanum,"Elvish, Orc","Lathander, Mystra, Tyr",104596,622107818,93.8,78.1,17.5,8,0,synthetic generator v3,synthetic,0.55,2267472,-4,39.2,13.38018,-35.74083
Tethyr Settlement 0288,Tethyr,Darromar,3076,11726907,694180,"{""humans"": 2394, ""elves"": 193, ""dwarves"": 256, ""halflings"": 194, ""half-orcs"": 37, ""misc."": 2}",105,arcane mishap,"[""Patriarchy""]","{""poor"": 0.5863, ""middle"": 0.2851, ""wealthy"": 0.0705, ""aristocrat"": 0.0581}",0,"[[""cloth"", ""grain"", ""horses"", ""salt"", ""weapons""]]","[[""glass"", ""jewelry"", ""magic items"", ""silk""]]",Ruler TET-743,mercenary heavy,None,Draconic,"Lathander, Selune, Tyr",94697,355319062,222.91,63.6,65.5,1,0,synthetic generator v3,synthetic,0.55,10777305,1,3.5,10.54304,-33.76108
Waterdeep Settlement 0289,Waterdeep,Waterdeep,726,4187015,125593,"{""humans"": 555, ""elves"": 59, ""dwarves"": 35, ""halflings"": 39, ""half-orcs"": 35, ""misc."": 3}",143,disease,"[""Monarchy""]","{""poor"": 0.6199, ""middle"": 0.2003, ""wealthy"": 0.0813, ""aristocrat"": 0.0985}",0,"[[""cloth"", ""fish"", ""grain"", ""weapons""]]","[[""coal"", ""jewelry"", ""ore"", ""parchment"", ""silk""]]",Ruler WAT-940,naval patrol,arcanum,"Dwarvish, Halfling","Selune, Torm",111501,517924535,397.49,58.0,27.6,2,0,synthetic generator v3,derived,0.84,4792746,-1,7.0,38.57751,-36.18489
Neverwinter Settlement 0290,Neverwinter,Neverwinter,205,499504,21615,"{""humans"": 168, ""elves"": 10, ""dwarves"": 7, ""halflings"": 8, ""half-orcs"": 9, ""misc."": 3}",76,war,"[""Democracy""]","{""poor"": 0.6188, ""middle"": 0.2812, ""wealthy"": 0.0924, ""aristocrat"": 0.0076}",2,"[[""armor"", ""cloth"", ""grain"", ""horses"", ""salt""]]","[[""mercenaries""]]",Ruler NEV-398,small militia,None,"Dwarvish, Orc",Tyr,41958,200003469,514.42,51.7,37.8,7,0,synthetic generator v3,derived,0.7,426904,4,26.1,56.917,-50.70558
Tethyr Settlement 0291,Tethyr,Darromar,1105,9249855,421987,"{""humans"": 888, ""elves"": 28, ""dwarves"": 61, ""halflings"": 58, ""half-orcs"": 67, ""misc."": 3}",54,disease,"[""Satrapy""]","{""poor"": 0.5533, ""middle"": 0.2038, ""wealthy"": 0.0256, ""aristocrat"": 0.2173}",0,"[[""cloth"", ""salt"", ""wine""]]","[[""coal"", ""glass"", ""jewelry"", ""silk""]]",Ruler TET-342,professional guard,guilds,"Common, Halfling","Chauntea, Selune, Tempus",94697,355319062,325.84,61.3,69.5,8,0,synthetic generator v3,synthetic,0.54,9909525,-1,28.0,16.16909,-37.72779
Neverwinter Settlement 0292,Neverwinter,Neverwinter,1647,7193559,582571,"{""humans"": 1197, ""elves"": 165, ""dwarves"": 128, ""halflings"": 111, ""half-orcs"": 43, ""misc."": 3}",58,disease,"[""Satrapy""]","{""poor"": 0.6219, ""middle"": 0.2448, ""wealthy"": 0.0551, ""aristocrat"": 0.0782}",0,"[[""armor"", ""cloth"", ""gems"", ""salt"", ""wine""]]","[[""coal"", ""mercenaries"", ""ore""]]",Ruler NEV-318,mercenary heavy,guilds,"Draconic, Dwarvish",Torm,41958,200003469,138.96,42.0,56.7,10,0,synthetic generator v3,derived,0.68,8555468,2,35.0,58.25193,-30.2813
Tethyr Settlement 0293,Tethyr,Darromar,1946,12275515,321503,"{""humans"": 1479, ""elves"": 92, ""dwarves"": 149, ""halflings"": 141, ""half-orcs"": 82, ""misc."": 3}",117,war,"[""Theocracy""]","{""poor"": 0.489, ""middle"": 0.2948, ""wealthy"": 0.0848, ""aristocrat"": 0.1314}",5,"[[""books"", ""cloth"", ""fish"", ""grain""]]","[[""silk""]]",Ruler TET-945,professional guard,None,"Common, Dwarvish",Chauntea,94697,355319062,261.61,68.1,59.4,8,0,synthetic generator v3,derived,0.6,11325549,3,32.0,8.6541,-27.01321
Amn Settlement 0294,Amn,Athkatla,853,2021974,111069,"{""humans"": 678, ""elves"": 42, ""dwarves"": 53, ""halflings"": 47, ""half-orcs"": 30, ""misc."": 3}",75,monster attack,"[""Patriarchy""]","{""poor"": 0.585, ""middle"": 0.356, ""wealthy"": 0.0543, ""aristocrat"": 0.0047}",19,"[[""grain""]]","[[""magic items"", ""ore""]]",Ruler AMN-708,mercenary heavy,guilds,Halfling,Tempus,135123,611983508,174.91,65.0,68.2,5,0,synthetic generator v3,synthetic,0.38,2665858,-1,32.7,20.62592,-31.99562
Cormyr Settlement 0295,Cormyr,Suzail,2115,12892013,707854,"{""humans"": 1505, ""elves"": 155, ""dwarves"": 189, ""halflings"": 185, ""half-orcs"": 78, ""misc."": 3}",30,arcane mishap,"[""Magocracy""]","{""poor"": 0.5541, ""middle"": 0.2717, ""wealthy"": 0.047, ""aristocrat"": 0.1272}",0,"[[""gems""]]","[[""jewelry"", ""magic items"", ""mercenaries"", ""ore"", ""spices""]]",Ruler COR-217,small militia,local academy,Orc,"Chauntea, Mystra, Torm",128212,529868877,273.74,53.8,44.4,6,0,synthetic generator v3,synthetic,0.54,14682632,-4,21.0,18.76423,-0.12677
Amn Settlement 0296,Amn,Athkatla,2033,10862767,571652,"{""humans"": 1545, ""elves"": 105, ""dwarves"": 148, ""halflings"": 155, ""half-orcs"": 78, ""misc."": 2}",176,disease,"[""Dictatorship""]","{""poor"": 0.469, ""middle"": 0.362, ""wealthy"": 0.0919, ""aristocrat"": 0.0771}",19,"[[""books"", ""fish"", ""horses"", ""timber"", ""weapons""]]","[[""coal"", ""mercenaries"", ""parchment"", ""silk""]]",Ruler AMN-307,mercenary heavy,None,"Dwarvish, Halfling","Chauntea, Lathander, Selune",135123,611983508,508.78,62.3,56.1,4,0,synthetic generator v3,derived,0.66,12162239,1,29.2,12.00294,-31.53915
Sembia Settlement 0297,Sembia,Selgaunt,16163,93827633,3216590,"{""humans"": 11836, ""elves"": 894, ""dwarves"": 1201, ""halflings"": 1513, ""half-orcs"": 717, ""misc."": 2}",118,monster attack,"[""Merchant Council""]","{""poor"": 0.4551, ""middle"": 0.3831, ""wealthy"": 0.0453, ""aristocrat"": 0.1165}",9,"[[""armor"", ""grain"", ""horses"", ""salt"", ""weapons""]]","[[""ore"", ""parchment"", ""silk""]]",Ruler SEM-796,mercenary heavy,guilds,"Dwarvish, Elvish, Orc",Torm,115850,569433233,363.55,50.5,52.8,5,0,synthetic generator v3,synthetic,0.62,74309597,2,24.7,33.54368,47.38893
Amn Settlement 0298,Amn,Athkatla,446,3443222,128284,"{""humans"": 384, ""elves"": 18, ""dwarves"": 23, ""halflings"": 10, ""half-orcs"": 8, ""misc."": 3}",24,disease,"[""Theocracy""]","{""poor"": 0.5932, ""middle"": 0.2079, ""wealthy"": 0.0287, ""aristocrat"": 0.1702}",9,"[[""fish"", ""grain"", ""salt""]]","[[""jewelry"", ""magic items"", ""ore"", ""parchment"", ""spices""]]",Ruler AMN-692,professional guard,arcanum,"Draconic, Halfling","Chauntea, Torm",135123,611983508,423.6,69.8,89.9,1,0,synthetic generator v3,synthetic,0.48,3415206,-2,10.7,19.01624,-26.20309
Neverwinter Settlement 0299,Neverwinter,Neverwinter,3416,8434922,638550,"{""humans"": 2716, ""elves"": 87, ""dwarves"": 181, ""halflings"": 234, ""half-orcs"": 197, ""misc."": 1}",95,monster attack,"[""Theocracy""]","{""poor"": 0.5927, ""middle"": 0.3527, ""wealthy"": 0.0362, ""aristocrat"": 0.0184}",11,"[[""books"", ""cloth"", ""grain"", ""weapons""]]","[[""spices""]]",Ruler NEV-552,small militia,local academy,"Elvish, Orc","Mystra, Tempus, Torm",41958,200003469,168.95,52.6,42.3,8,0,synthetic generator v3,synthetic,0.45,10095589,3,36.8,62.61092,-55.87187
Darromar,Tethyr,Darromar,716,2648158,60664,"{""humans"": 557, ""elves"": 32, ""dwarves"": 54, ""halflings"": 37, ""half-orcs"": 34, ""misc."": 2}",120,disease,"[""Dictatorship""]","{""poor"": 0.5481, ""middle"": 0.3211, ""wealthy"": 0.0816, ""aristocrat"": 0.0492}",0,"[[""armor"", ""weapons""]]","[[""coal"", ""jewelry"", ""magic items"", ""parchment""]]",Ruler TET-731,mercenary heavy,None,"Draconic, Halfling",Lathander,94697,355319062,260.05,74.1,45.6,10,0,synthetic generator v3,canonical,0.96,2068845,-2,35.0,10.69309,-44.69323
