settlement,region_kingdom,capital,settlement_population,settlement_economy,rumored_treasure_value,demographic_breakdown,average_age,most_likely_cause_of_death,government_type,class_density,tax_rate,exports,imports,ruler,military,magic_academy,languages,religions,region_population,region_economy,area,average_temperature,annual_rainfall,magical_climate,dragon_sightings,sources,canon_status,source_confidence,hidden_economy,trade_balance,risk_index,geo_lat,geo_lon
Tethyr Settlement 0001,Tethyr,Darromar,7133,55693732,2064018,"{'humans': 5710, 'elves': 797, 'dwarves': 456, 'halflings': 589, 'half-orcs': 188, 'misc.': 0}",132,disease,['Democracy'],"{'poor': 0.5397, 'middle': 0.2097, 'wealthy': 0.0603, 'aristocrat': 0.1903}",0,"[['cloth', 'fish', 'grain', 'wine']]",[['coal']],Ruler TET-441,naval patrol,local academy,Common,"Chauntea, Mystra, Selune",193641,937694481,368.32,73.2,58.0,10,0,synthetic generator v2,derived,0.49,69641099,3,35.0,-31.16354,66.11725
Baldurs Gate Settlement 0002,Baldurs Gate,Baldur's Gate,1482,11153543,218459,"{'humans': 1172, 'elves': 52, 'dwarves': 48, 'halflings': 51, 'half-orcs': 19, 'misc.': 140}",112,crime,['Theocracy'],"{'poor': 0.4555, 'middle': 0.3409, 'wealthy': 0.0208, 'aristocrat': 0.1829}",18,"[['armor', 'weapons']]","[['coal', 'glass', 'jewelry', 'ore', 'parchment']]",Ruler BAL-859,small militia,arcanum,"Draconic, Elvish, Orc","Chauntea, Lathander, Torm",241116,953675704,52.02,51.2,44.9,1,0,synthetic generator v2,derived,0.39,14659769,-3,17.9,23.08173,52.30137
Waterdeep Settlement 0003,Waterdeep,Waterdeep,1228,4899313,390416,"{'humans': 845, 'elves': 81, 'dwarves': 73, 'halflings': 76, 'half-orcs': 61, 'misc.': 92}",144,arcane mishap,['Magocracy'],"{'poor': 0.6198, 'middle': 0.2655, 'wealthy': 0.0424, 'aristocrat': 0.0723}",8,"[['cloth', 'fish', 'wine']]","[['jewelry', 'spices']]",Ruler WAT-566,mercenary heavy,local academy,Elvish,"Mystra, Tempus",236326,985356857,205.47,50.0,50.3,5,0,synthetic generator v2,synthetic,0.66,5690452,1,23.9,-15.14304,46.23135
Calimshan Settlement 0004,Calimshan,Memnon,835,2569283,64756,"{'humans': 686, 'elves': 47, 'dwarves': 63, 'halflings': 53, 'half-orcs': 13, 'misc.': 0}",136,war,['Confederacy'],"{'poor': 0.5618, 'middle': 0.333, 'wealthy': 0.0741, 'aristocrat': 0.031}",0,"[['armor', 'books', 'cloth', 'horses', 'salt']]","[['mercenaries', 'parchment', 'silk']]",Ruler CAL-276,professional guard,None,"Common, Orc",Lathander,175132,771448209,510.68,81.0,41.3,5,0,synthetic generator v2,synthetic,0.64,2686663,2,17.5,52.60738,38.9474
Amn Settlement 0005,Amn,Athkatla,2194,5206386,333882,"{'humans': 1863, 'elves': 118, 'dwarves': 177, 'halflings': 69, 'half-orcs': 100, 'misc.': 0}",73,war,['Dictatorship'],"{'poor': 0.58, 'middle': 0.3218, 'wealthy': 0.0934, 'aristocrat': 0.0048}",0,"[['cloth', 'fish', 'timber', 'wine']]","[['coal', 'parchment', 'silk']]",Ruler AMN-39,professional guard,guilds,Orc,"Chauntea, Mystra, Tyr",169970,832884482,497.87,67.7,74.3,10,0,synthetic generator v2,synthetic,0.42,6387182,1,35.0,73.65563,-7.912
Cormyr Settlement 0006,Cormyr,Suzail,6377,63484728,1254547,"{'humans': 4991, 'elves': 756, 'dwarves': 323, 'halflings': 247, 'half-orcs': 294, 'misc.': 0}",148,disease,['Monarchy'],"{'poor': 0.4835, 'middle': 0.2119, 'wealthy': 0.0431, 'aristocrat': 0.2615}",14,"[['books', 'grain', 'salt', 'weapons']]","[['ore', 'parchment', 'spices']]",Ruler COR-776,small militia,guilds,"Common, Elvish","Chauntea, Mystra",142577,750902532,26.15,66.4,44.9,9,0,synthetic generator v2,derived,0.81,63677861,1,42.7,63.61888,-5.47205
Sembia Settlement 0007,Sembia,Selgaunt,1913,5323419,289108,"{'humans': 1264, 'elves': 219, 'dwarves': 63, 'halflings': 46, 'half-orcs': 19, 'misc.': 302}",78,arcane mishap,['Monarchy'],"{'poor': 0.6153, 'middle': 0.2743, 'wealthy': 0.0884, 'aristocrat': 0.0221}",0,"[['gems', 'weapons']]",[['ore']],Ruler SEM-875,naval patrol,guilds,Orc,"Lathander, Mystra, Torm",158418,730633739,235.9,59.9,30.8,5,0,synthetic generator v2,synthetic,0.78,5448845,1,17.5,-38.76898,54.08355
Sembia Settlement 0008,Sembia,Selgaunt,1176,7668115,425935,"{'humans': 991, 'elves': 114, 'dwarves': 96, 'halflings': 60, 'half-orcs': 48, 'misc.': 0}",131,old age,['Dictatorship'],"{'poor': 0.5222, 'middle': 0.273, 'wealthy': 0.0584, 'aristocrat': 0.1464}",13,"[['books', 'fish', 'gems', 'timber']]","[['magic items', 'mercenaries', 'silk']]",Ruler SEM-934,small militia,local academy,"Common, Draconic, Orc",Mystra,158418,730633739,452.55,49.4,33.8,8,0,synthetic generator v2,derived,0.67,9549637,1,38.4,26.91609,49.24378
Tethyr Settlement 0009,Tethyr,Darromar,1934,18046871,1003711,"{'humans': 1656, 'elves': 61, 'dwarves': 77, 'halflings': 116, 'half-orcs': 48, 'misc.': 0}",33,disease,['Monarchy'],"{'poor': 0.4718, 'middle': 0.2281, 'wealthy': 0.0648, 'aristocrat': 0.2353}",10,"[['grain', 'salt']]","[['coal', 'jewelry', 'mercenaries', 'spices']]",Ruler TET-236,professional guard,arcanum,Draconic,Mystra,193641,937694481,87.58,73.9,55.7,10,0,synthetic generator v2,derived,0.54,15544791,-2,43.0,25.93617,-46.39393
Sembia Settlement 0010,Sembia,Selgaunt,1412,2631787,152229,"{'humans': 1263, 'elves': 81, 'dwarves': 94, 'halflings': 121, 'half-orcs': 69, 'misc.': 0}",56,crime,['Satrapy'],"{'poor': 0.6372, 'middle': 0.3267, 'wealthy': 0.0311, 'aristocrat': 0.0049}",19,"[['cloth', 'wine']]","[['coal', 'parchment', 'silk', 'spices']]",Ruler SEM-63,mercenary heavy,None,"Draconic, Dwarvish, Elvish",Torm,158418,730633739,501.59,52.8,67.0,0,0,synthetic generator v2,synthetic,0.83,2111392,-2,15.2,33.73629,88.42051
Neverwinter Settlement 0011,Neverwinter,Neverwinter,2185,17628811,799598,"{'humans': 1906, 'elves': 189, 'dwarves': 112, 'halflings': 120, 'half-orcs': 29, 'misc.': 0}",94,old age,['Magocracy'],"{'poor': 0.5407, 'middle': 0.2025, 'wealthy': 0.0572, 'aristocrat': 0.1997}",7,"[['armor', 'gems', 'salt', 'timber']]",[['silk']],Ruler NEV-179,professional guard,guilds,"Draconic, Dwarvish, Orc","Tempus, Torm, Tyr",177268,765621383,201.32,49.2,59.5,7,4,synthetic generator v2,derived,0.75,17413782,3,33.7,28.4983,-26.73783
Waterdeep Settlement 0012,Waterdeep,Waterdeep,2974,8156630,113010,"{'humans': 2675, 'elves': 66, 'dwarves': 166, 'halflings': 255, 'half-orcs': 64, 'misc.': 0}",172,war,['Democracy'],"{'poor': 0.5772, 'middle': 0.3564, 'wealthy': 0.0381, 'aristocrat': 0.0284}",9,"[['cloth', 'fish', 'grain']]",[['glass']],Ruler WAT-472,mercenary heavy,None,"Draconic, Halfling","Lathander, Mystra, Tempus",236326,985356857,45.79,45.6,37.7,0,0,synthetic generator v2,derived,0.81,8973343,2,7.2,-31.48971,-70.31478
Amn Settlement 0013,Amn,Athkatla,722,3451794,235783,"{'humans': 576, 'elves': 28, 'dwarves': 40, 'halflings': 67, 'half-orcs': 37, 'misc.': 0}",113,crime,['Confederacy'],"{'poor': 0.4713, 'middle': 0.3584, 'wealthy': 0.0929, 'aristocrat': 0.0774}",5,[['grain']],"[['magic items', 'ore', 'spices']]",Ruler AMN-416,small militia,guilds,"Draconic, Orc","Chauntea, Selune, Tyr",169970,832884482,118.79,61.9,59.2,4,0,synthetic generator v2,derived,0.44,4275447,-2,18.0,-19.73346,90.96196
Waterdeep Settlement 0014,Waterdeep,Waterdeep,3749,17125611,988080,"{'humans': 3063, 'elves': 394, 'dwarves': 289, 'halflings': 151, 'half-orcs': 143, 'misc.': 0}",109,disease,['Theocracy'],"{'poor': 0.5523, 'middle': 0.3072, 'wealthy': 0.0568, 'aristocrat': 0.0837}",6,"[['fish', 'gems', 'grain', 'salt']]","[['jewelry', 'parchment']]",Ruler WAT-85,small militia,None,"Draconic, Elvish, Orc","Chauntea, Selune",236326,985356857,250.51,58.2,63.8,0,0,synthetic generator v2,derived,0.81,13466248,2,4.8,-12.14143,-46.51875
Amn Settlement 0015,Amn,Athkatla,1920,16716532,924702,"{'humans': 1253, 'elves': 45, 'dwarves': 153, 'halflings': 49, 'half-orcs': 32, 'misc.': 388}",111,old age,['Theocracy'],"{'poor': 0.4952, 'middle': 0.2547, 'wealthy': 0.0259, 'aristocrat': 0.2242}",4,"[['armor', 'books', 'cloth', 'timber', 'weapons']]","[['jewelry', 'silk']]",Ruler AMN-592,professional guard,local academy,"Draconic, Elvish, Halfling","Mystra, Tempus",169970,832884482,366.9,67.2,87.0,7,1,synthetic generator v2,synthetic,0.83,17932938,3,28.6,-35.64032,-8.5341
Waterdeep Settlement 0016,Waterdeep,Waterdeep,1686,13072975,646748,"{'humans': 1212, 'elves': 104, 'dwarves': 99, 'halflings': 61, 'half-orcs': 74, 'misc.': 136}",109,famine,['Magocracy'],"{'poor': 0.478, 'middle': 0.2918, 'wealthy': 0.0424, 'aristocrat': 0.1877}",20,[['books']],"[['magic items', 'parchment']]",Ruler WAT-786,small militia,None,"Dwarvish, Elvish, Halfling","Mystra, Tempus, Tyr",236326,985356857,538.42,56.7,43.6,8,0,synthetic generator v2,derived,0.43,10682031,-1,44.0,51.36833,-21.29751
Sembia Settlement 0017,Sembia,Selgaunt,470,2910174,89393,"{'humans': 326, 'elves': 32, 'dwarves': 22, 'halflings': 10, 'half-orcs': 10, 'misc.': 70}",111,arcane mishap,['Dictatorship'],"{'poor': 0.4834, 'middle': 0.3104, 'wealthy': 0.0776, 'aristocrat': 0.1286}",19,"[['fish', 'gems', 'wine']]","[['coal', 'jewelry', 'mercenaries', 'silk']]",Ruler SEM-421,naval patrol,None,Dwarvish,"Chauntea, Lathander",158418,730633739,446.39,48.4,39.5,8,0,synthetic generator v2,derived,0.54,3991584,-1,43.2,59.9266,54.54953
Neverwinter Settlement 0018,Neverwinter,Neverwinter,8822,37471811,1846085,"{'humans': 6003, 'elves': 309, 'dwarves': 758, 'halflings': 572, 'half-orcs': 497, 'misc.': 683}",106,war,['Merchant Council'],"{'poor': 0.4831, 'middle': 0.3838, 'wealthy': 0.0675, 'aristocrat': 0.0657}",8,"[['books', 'cloth', 'gems', 'grain', 'weapons']]","[['coal', 'jewelry', 'parchment', 'silk', 'spices']]",Ruler NEV-728,naval patrol,None,"Dwarvish, Halfling, Orc","Lathander, Mystra, Torm",177268,765621383,206.9,48.7,48.5,7,0,synthetic generator v2,derived,0.54,37226737,0,30.9,18.4584,68.32809
Baldurs Gate Settlement 0019,Baldurs Gate,Baldur's Gate,685,2664716,186362,"{'humans': 483, 'elves': 30, 'dwarves': 33, 'halflings': 40, 'half-orcs': 36, 'misc.': 63}",146,war,['Dictatorship'],"{'poor': 0.6456, 'middle': 0.2117, 'wealthy': 0.0794, 'aristocrat': 0.0632}",0,"[['armor', 'fish', 'gems']]",[['ore']],Ruler BAL-639,small militia,guilds,"Common, Draconic, Elvish","Chauntea, Mystra, Tempus",241116,953675704,543.94,61.6,62.7,1,0,synthetic generator v2,derived,0.73,2989768,2,3.5,-19.89717,-17.35662
Neverwinter Settlement 0020,Neverwinter,Neverwinter,964,3533870,4592,"{'humans': 666, 'elves': 89, 'dwarves': 90, 'halflings': 45, 'half-orcs': 39, 'misc.': 35}",81,famine,['Confederacy'],"{'poor': 0.5297, 'middle': 0.356, 'wealthy': 0.064, 'aristocrat': 0.0504}",12,"[['books', 'cloth', 'fish', 'gems', 'wine']]","[['jewelry', 'magic items', 'mercenaries', 'spices']]",Ruler NEV-294,professional guard,None,"Dwarvish, Elvish, Orc","Chauntea, Tempus",177268,765621383,320.02,49.4,43.6,10,0,synthetic generator v2,synthetic,0.89,3676534,1,44.6,17.63591,-0.60076
Tethyr Settlement 0021,Tethyr,Darromar,1910,16490246,931693,"{'humans': 1410, 'elves': 107, 'dwarves': 73, 'halflings': 60, 'half-orcs': 80, 'misc.': 180}",114,arcane mishap,['Satrapy'],"{'poor': 0.4822, 'middle': 0.2728, 'wealthy': 0.0236, 'aristocrat': 0.2213}",0,"[['books', 'wine']]","[['jewelry', 'mercenaries']]",Ruler TET-819,naval patrol,arcanum,Halfling,"Lathander, Tempus, Tyr",193641,937694481,59.3,62.6,69.5,0,0,synthetic generator v2,derived,0.9,12481213,0,0.0,-18.50869,-38.81863
Neverwinter Settlement 0022,Neverwinter,Neverwinter,441,826056,16182,"{'humans': 367, 'elves': 10, 'dwarves': 43, 'halflings': 35, 'half-orcs': 21, 'misc.': 0}",130,disease,['Democracy'],"{'poor': 0.6204, 'middle': 0.3477, 'wealthy': 0.0271, 'aristocrat': 0.0048}",10,"[['fish', 'salt', 'weapons', 'wine']]",[['silk']],Ruler NEV-247,small militia,None,"Draconic, Elvish, Halfling","Chauntea, Torm, Tyr",177268,765621383,164.0,45.3,58.7,5,0,synthetic generator v2,synthetic,0.82,807027,3,25.5,-13.52357,-94.01128
Baldurs Gate Settlement 0023,Baldurs Gate,Baldur's Gate,966,3406371,147071,"{'humans': 808, 'elves': 20, 'dwarves': 55, 'halflings': 62, 'half-orcs': 42, 'misc.': 0}",39,war,['Democracy'],"{'poor': 0.6805, 'middle': 0.228, 'wealthy': 0.0272, 'aristocrat': 0.0644}",15,"[['fish', 'weapons', 'wine']]","[['jewelry', 'magic items', 'ore', 'parchment']]",Ruler BAL-445,professional guard,guilds,Dwarvish,"Chauntea, Mystra",241116,953675704,337.37,54.2,64.2,10,0,synthetic generator v2,derived,0.68,4583428,-1,47.0,-27.07707,-38.33926
Amn Settlement 0024,Amn,Athkatla,360,838384,11852,"{'humans': 254, 'elves': 18, 'dwarves': 32, 'halflings': 27, 'half-orcs': 11, 'misc.': 18}",42,monster attack,['Confederacy'],"{'poor': 0.6066, 'middle': 0.3109, 'wealthy': 0.073, 'aristocrat': 0.0095}",0,"[['armor', 'fish']]","[['glass', 'jewelry', 'mercenaries', 'ore']]",Ruler AMN-373,mercenary heavy,guilds,"Common, Elvish",Chauntea,169970,832884482,398.09,60.7,81.1,1,0,synthetic generator v2,synthetic,0.62,962737,-2,3.5,-16.61428,-96.44976
Amn Settlement 0025,Amn,Athkatla,730,1627396,115202,"{'humans': 530, 'elves': 66, 'dwarves': 63, 'halflings': 66, 'half-orcs': 33, 'misc.': 0}",152,crime,['Monarchy'],"{'poor': 0.5934, 'middle': 0.3253, 'wealthy': 0.0769, 'aristocrat': 0.0044}",0,[['timber']],"[['glass', 'magic items']]",Ruler AMN-525,naval patrol,None,"Common, Dwarvish, Elvish",Torm,169970,832884482,246.31,71.9,74.9,5,0,synthetic generator v2,derived,0.66,1650020,-1,17.5,44.13025,-31.05129
Sembia Settlement 0026,Sembia,Selgaunt,1334,3083211,27651,"{'humans': 948, 'elves': 76, 'dwarves': 61, 'halflings': 109, 'half-orcs': 45, 'misc.': 95}",171,war,['Confederacy'],"{'poor': 0.5839, 'middle': 0.3248, 'wealthy': 0.0868, 'aristocrat': 0.0044}",0,"[['armor', 'grain', 'weapons', 'wine']]",[['magic items']],Ruler SEM-928,small militia,local academy,Common,Lathander,158418,730633739,135.61,50.0,56.6,4,0,synthetic generator v2,derived,0.78,4183320,3,14.0,55.196,-103.54479
Amn Settlement 0027,Amn,Athkatla,788,3044802,59564,"{'humans': 598, 'elves': 21, 'dwarves': 38, 'halflings': 73, 'half-orcs': 21, 'misc.': 37}",39,old age,['Magocracy'],"{'poor': 0.573, 'middle': 0.3324, 'wealthy': 0.0268, 'aristocrat': 0.0679}",8,"[['fish', 'grain']]","[['glass', 'jewelry', 'parchment', 'spices']]",Ruler AMN-937,naval patrol,local academy,Halfling,"Mystra, Selune, Tyr",169970,832884482,44.73,64.6,92.5,9,0,synthetic generator v2,synthetic,0.45,3722478,-2,37.9,19.27287,9.11369
Baldurs Gate Settlement 0028,Baldurs Gate,Baldur's Gate,4304,24611130,926023,"{'humans': 2800, 'elves': 397, 'dwarves': 339, 'halflings': 417, 'half-orcs': 54, 'misc.': 297}",118,monster attack,['Confederacy'],"{'poor': 0.5341, 'middle': 0.2952, 'wealthy': 0.0481, 'aristocrat': 0.1226}",1,"[['books', 'cloth', 'grain', 'salt', 'wine']]","[['coal', 'magic items', 'parchment', 'silk', 'spices']]",Ruler BAL-561,professional guard,arcanum,Halfling,Chauntea,241116,953675704,363.41,56.1,42.2,1,0,synthetic generator v2,derived,0.86,24471582,0,4.3,-13.76575,-52.95134
Amn Settlement 0029,Amn,Athkatla,10062,39692315,721169,"{'humans': 7928, 'elves': 736, 'dwarves': 915, 'halflings': 618, 'half-orcs': 267, 'misc.': 0}",72,old age,['Magocracy'],"{'poor': 0.6374, 'middle': 0.2396, 'wealthy': 0.053, 'aristocrat': 0.0699}",12,"[['books', 'fish', 'wine']]","[['glass', 'mercenaries', 'spices']]",Ruler AMN-103,mercenary heavy,arcanum,"Dwarvish, Elvish",Selune,169970,832884482,197.24,65.5,74.0,6,0,synthetic generator v2,derived,0.92,50421295,0,30.6,15.80253,-74.59367
Baldurs Gate Settlement 0030,Baldurs Gate,Baldur's Gate,2402,14269131,580488,"{'humans': 1931, 'elves': 287, 'dwarves': 226, 'halflings': 126, 'half-orcs': 48, 'misc.': 0}",177,monster attack,['Theocracy'],"{'poor': 0.5672, 'middle': 0.2685, 'wealthy': 0.0276, 'aristocrat': 0.1367}",4,[['timber']],"[['jewelry', 'magic items', 'parchment', 'spices']]",Ruler BAL-279,mercenary heavy,guilds,"Dwarvish, Orc","Mystra, Torm",241116,953675704,438.51,53.5,52.7,3,0,synthetic generator v2,derived,0.41,17687043,-3,13.7,18.55238,52.78505
Sembia Settlement 0031,Sembia,Selgaunt,431,1071456,55908,"{'humans': 323, 'elves': 13, 'dwarves': 15, 'halflings': 30, 'half-orcs': 17, 'misc.': 33}",102,old age,['Merchant Council'],"{'poor': 0.5314, 'middle': 0.3877, 'wealthy': 0.0713, 'aristocrat': 0.0096}",0,"[['horses', 'timber']]","[['glass', 'jewelry', 'silk', 'spices']]",Ruler SEM-118,naval patrol,None,"Draconic, Orc","Lathander, Selune, Tyr",158418,730633739,125.51,54.1,48.2,9,0,synthetic generator v2,derived,0.94,858712,-2,31.5,38.8523,-35.68413
Cormyr Settlement 0032,Cormyr,Suzail,1013,6055942,28949,"{'humans': 771, 'elves': 39, 'dwarves': 49, 'halflings': 68, 'half-orcs': 26, 'misc.': 60}",150,war,['Monarchy'],"{'poor': 0.5719, 'middle': 0.2293, 'wealthy': 0.0691, 'aristocrat': 0.1297}",8,"[['books', 'salt', 'timber', 'weapons', 'wine']]","[['glass', 'parchment']]",Ruler COR-105,naval patrol,arcanum,"Draconic, Halfling, Orc",Tempus,142577,750902532,533.16,66.1,68.7,3,0,synthetic generator v2,derived,0.62,6053730,3,16.9,-15.43753,-75.78239
Calimshan Settlement 0033,Calimshan,Memnon,2013,8343911,182424,"{'humans': 1522, 'elves': 229, 'dwarves': 117, 'halflings': 146, 'half-orcs': 92, 'misc.': 0}",82,old age,['Patriarchy'],"{'poor': 0.6334, 'middle': 0.2223, 'wealthy': 0.0718, 'aristocrat': 0.0724}",1,"[['books', 'cloth', 'gems', 'grain', 'timber']]","[['jewelry', 'mercenaries', 'ore', 'parchment', 'spices']]",Ruler CAL-826,naval patrol,guilds,"Common, Dwarvish, Orc","Mystra, Tempus, Torm",175132,771448209,401.81,75.3,21.0,6,0,synthetic generator v2,derived,0.4,7569426,0,21.8,-36.47956,36.44542
Waterdeep Settlement 0034,Waterdeep,Waterdeep,785,2124869,127904,"{'humans': 679, 'elves': 33, 'dwarves': 65, 'halflings': 43, 'half-orcs': 17, 'misc.': 0}",86,monster attack,['Dictatorship'],"{'poor': 0.5225, 'middle': 0.389, 'wealthy': 0.0724, 'aristocrat': 0.0161}",8,"[['armor', 'fish', 'weapons']]","[['coal', 'mercenaries']]",Ruler WAT-81,naval patrol,guilds,Halfling,"Lathander, Mystra, Selune",236326,985356857,37.53,45.2,59.0,4,0,synthetic generator v2,synthetic,0.66,1811721,1,20.4,15.51486,59.65112
Sembia Settlement 0035,Sembia,Selgaunt,885,5655327,525939,"{'humans': 584, 'elves': 85, 'dwarves': 36, 'halflings': 25, 'half-orcs': 42, 'misc.': 113}",63,arcane mishap,['Satrapy'],"{'poor': 0.5899, 'middle': 0.2307, 'wealthy': 0.0256, 'aristocrat': 0.1538}",0,"[['cloth', 'fish', 'gems', 'grain']]","[['coal', 'magic items', 'parchment', 'silk']]",Ruler SEM-332,professional guard,arcanum,"Draconic, Dwarvish, Halfling","Lathander, Tempus, Tyr",158418,730633739,14.13,50.2,54.8,5,0,synthetic generator v2,derived,0.44,6651924,0,17.5,1.02163,111.65291
Cormyr Settlement 0036,Cormyr,Suzail,1084,2622236,35724,"{'humans': 937, 'elves': 36, 'dwarves': 41, 'halflings': 59, 'half-orcs': 52, 'misc.': 0}",111,famine,['Satrapy'],"{'poor': 0.5331, 'middle': 0.3786, 'wealthy': 0.0833, 'aristocrat': 0.005}",20,"[['gems', 'grain', 'salt', 'timber', 'weapons']]",[['ore']],Ruler COR-38,professional guard,arcanum,"Dwarvish, Halfling","Chauntea, Lathander, Tempus",142577,750902532,238.88,59.0,47.5,10,0,synthetic generator v2,synthetic,0.86,3342083,4,51.0,-8.77939,-97.93066
Calimshan Settlement 0037,Calimshan,Memnon,414,915530,38370,"{'humans': 342, 'elves': 42, 'dwarves': 20, 'halflings': 31, 'half-orcs': 17, 'misc.': 0}",41,crime,['Magocracy'],"{'poor': 0.6724, 'middle': 0.2733, 'wealthy': 0.0363, 'aristocrat': 0.018}",0,"[['armor', 'books', 'fish', 'horses', 'weapons']]",[['magic items']],Ruler CAL-233,mercenary heavy,None,Draconic,Tyr,175132,771448209,140.35,72.0,29.8,2,0,synthetic generator v2,synthetic,0.48,704109,4,7.0,3.43054,94.47214
Calimshan Settlement 0038,Calimshan,Memnon,1023,6505959,140473,"{'humans': 673, 'elves': 103, 'dwarves': 55, 'halflings': 87, 'half-orcs': 59, 'misc.': 46}",47,crime,['Magocracy'],"{'poor': 0.5608, 'middle': 0.2259, 'wealthy': 0.0722, 'aristocrat': 0.141}",0,"[['fish', 'salt']]","[['coal', 'magic items', 'ore', 'silk']]",Ruler CAL-882,naval patrol,None,"Draconic, Halfling, Orc","Selune, Tempus, Torm",175132,771448209,423.33,71.8,14.7,3,0,synthetic generator v2,synthetic,0.74,5947267,-2,10.5,-2.44738,66.08349
Waterdeep Settlement 0039,Waterdeep,Waterdeep,1322,3303545,14779,"{'humans': 989, 'elves': 154, 'dwarves': 53, 'halflings': 106, 'half-orcs': 16, 'misc.': 4}",60,disease,['Monarchy'],"{'poor': 0.5397, 'middle': 0.3568, 'wealthy': 0.0985, 'aristocrat': 0.005}",9,[['weapons']],"[['glass', 'jewelry', 'magic items', 'parchment']]",Ruler WAT-224,professional guard,arcanum,Orc,"Tempus, Tyr",236326,985356857,436.77,56.5,56.3,5,0,synthetic generator v2,synthetic,0.75,3161128,-3,24.7,-12.16889,-50.46019
Neverwinter Settlement 0040,Neverwinter,Neverwinter,243,1754608,120868,"{'humans': 164, 'elves': 26, 'dwarves': 19, 'halflings': 15, 'half-orcs': 12, 'misc.': 7}",83,disease,['Dictatorship'],"{'poor': 0.5601, 'middle': 0.2041, 'wealthy': 0.0645, 'aristocrat': 0.1713}",0,"[['books', 'cloth', 'horses']]",[['glass']],Ruler NEV-562,mercenary heavy,None,"Draconic, Dwarvish, Orc","Tempus, Torm",177268,765621383,219.58,44.1,59.8,8,0,synthetic generator v2,derived,0.79,1572503,2,28.0,-4.88514,125.76118
Tethyr Settlement 0041,Tethyr,Darromar,1257,3798767,208639,"{'humans': 1123, 'elves': 26, 'dwarves': 113, 'halflings': 113, 'half-orcs': 35, 'misc.': 0}",126,old age,['Patriarchy'],"{'poor': 0.5859, 'middle': 0.2983, 'wealthy': 0.0877, 'aristocrat': 0.0281}",17,[['wine']],"[['glass', 'silk', 'spices']]",Ruler TET-306,naval patrol,arcanum,Halfling,Selune,193641,937694481,468.92,70.6,60.9,6,0,synthetic generator v2,derived,0.51,3282977,-2,34.6,44.938,-67.04345
Tethyr Settlement 0042,Tethyr,Darromar,122,237683,8910,"{'humans': 99, 'elves': 5, 'dwarves': 5, 'halflings': 3, 'half-orcs': 5, 'misc.': 5}",96,war,['Patriarchy'],"{'poor': 0.6402, 'middle': 0.3079, 'wealthy': 0.0472, 'aristocrat': 0.0046}",18,[['salt']],"[['glass', 'jewelry', 'magic items']]",Ruler TET-327,small militia,None,Common,Lathander,193641,937694481,75.39,66.2,79.0,8,0,synthetic generator v2,derived,0.76,204170,-2,42.4,-2.05266,-19.70385
Calimshan Settlement 0043,Calimshan,Memnon,607,6678642,170173,"{'humans': 522, 'elves': 42, 'dwarves': 41, 'halflings': 33, 'half-orcs': 25, 'misc.': 0}",130,disease,['Satrapy'],"{'poor': 0.4616, 'middle': 0.2119, 'wealthy': 0.0286, 'aristocrat': 0.2979}",20,"[['books', 'timber']]","[['coal', 'mercenaries']]",Ruler CAL-117,naval patrol,arcanum,"Draconic, Halfling",Mystra,175132,771448209,96.76,74.9,47.8,8,0,synthetic generator v2,synthetic,0.47,5155148,0,44.0,-35.10054,60.16317
Amn Settlement 0044,Amn,Athkatla,2231,9237996,76098,"{'humans': 1521, 'elves': 140, 'dwarves': 72, 'halflings': 217, 'half-orcs': 30, 'misc.': 251}",112,monster attack,['Patriarchy'],"{'poor': 0.5102, 'middle': 0.3382, 'wealthy': 0.0927, 'aristocrat': 0.0589}",2,"[['salt', 'timber']]","[['coal', 'ore']]",Ruler AMN-795,mercenary heavy,local academy,"Draconic, Dwarvish, Orc","Chauntea, Lathander",169970,832884482,279.19,63.2,85.4,5,0,synthetic generator v2,synthetic,0.7,12181932,0,19.1,26.98548,-66.91589
Neverwinter Settlement 0045,Neverwinter,Neverwinter,298,678877,48960,"{'humans': 224, 'elves': 23, 'dwarves': 12, 'halflings': 18, 'half-orcs': 6, 'misc.': 15}",51,famine,['Satrapy'],"{'poor': 0.5747, 'middle': 0.3435, 'wealthy': 0.0772, 'aristocrat': 0.0046}",17,[['fish']],[['glass']],Ruler NEV-847,professional guard,local academy,"Common, Dwarvish","Chauntea, Mystra, Tempus",177268,765621383,351.45,50.9,60.9,9,0,synthetic generator v2,derived,0.77,762411,0,45.1,11.66821,96.58359
Baldurs Gate Settlement 0046,Baldurs Gate,Baldur's Gate,789,4096730,35205,"{'humans': 683, 'elves': 73, 'dwarves': 52, 'halflings': 35, 'half-orcs': 12, 'misc.': 0}",146,monster attack,['Democracy'],"{'poor': 0.5411, 'middle': 0.2866, 'wealthy': 0.0715, 'aristocrat': 0.1007}",11,"[['books', 'horses']]",[['parchment']],Ruler BAL-959,small militia,guilds,"Common, Draconic, Dwarvish",Chauntea,241116,953675704,211.55,60.5,33.6,1,0,synthetic generator v2,synthetic,0.74,3669833,1,12.3,3.83418,80.0434
Calimshan Settlement 0047,Calimshan,Memnon,466,2660819,6169,"{'humans': 370, 'elves': 37, 'dwarves': 37, 'halflings': 19, 'half-orcs': 11, 'misc.': 0}",116,crime,['Magocracy'],"{'poor': 0.4587, 'middle': 0.3519, 'wealthy': 0.079, 'aristocrat': 0.1104}",0,"[['armor', 'horses', 'wine']]","[['jewelry', 'magic items', 'mercenaries', 'ore', 'parchment']]",Ruler CAL-945,mercenary heavy,local academy,Elvish,"Selune, Tyr",175132,771448209,448.19,72.9,43.7,10,0,synthetic generator v2,synthetic,0.46,2053008,-2,35.0,29.94861,-98.43955
Waterdeep Settlement 0048,Waterdeep,Waterdeep,8244,25230366,936895,"{'humans': 5982, 'elves': 203, 'dwarves': 674, 'halflings': 782, 'half-orcs': 125, 'misc.': 478}",123,arcane mishap,['Democracy'],"{'poor': 0.6751, 'middle': 0.2037, 'wealthy': 0.0848, 'aristocrat': 0.0365}",9,[['horses']],"[['jewelry', 'magic items', 'spices']]",Ruler WAT-301,professional guard,arcanum,"Draconic, Dwarvish, Halfling","Tempus, Tyr",236326,985356857,199.23,55.8,58.7,1,0,synthetic generator v2,derived,0.38,28228263,-2,10.7,-15.26361,52.91918
Sembia Settlement 0049,Sembia,Selgaunt,630,1906147,11152,"{'humans': 517, 'elves': 18, 'dwarves': 52, 'halflings': 56, 'half-orcs': 26, 'misc.': 0}",132,disease,['Monarchy'],"{'poor': 0.4909, 'middle': 0.3907, 'wealthy': 0.0996, 'aristocrat': 0.0188}",0,"[['armor', 'books', 'grain', 'salt']]","[['glass', 'jewelry', 'silk']]",Ruler SEM-381,professional guard,local academy,"Common, Dwarvish","Mystra, Selune, Torm",158418,730633739,59.35,53.0,36.1,6,0,synthetic generator v2,synthetic,0.57,2633382,1,21.0,17.20211,-109.59496
Calimshan Settlement 0050,Calimshan,Memnon,517,2713502,28119,"{'humans': 347, 'elves': 12, 'dwarves': 27, 'halflings': 47, 'half-orcs': 6, 'misc.': 78}",150,war,['Theocracy'],"{'poor': 0.5206, 'middle': 0.3058, 'wealthy': 0.0728, 'aristocrat': 0.1008}",0,"[['horses', 'timber']]","[['magic items', 'mercenaries', 'ore', 'silk', 'spices']]",Ruler CAL-748,small militia,guilds,Dwarvish,Tempus,175132,771448209,508.34,79.7,16.8,4,0,synthetic generator v2,derived,0.92,2751863,-3,14.0,52.35895,12.01406
Baldurs Gate Settlement 0051,Baldurs Gate,Baldur's Gate,1399,3047265,171047,"{'humans': 998, 'elves': 66, 'dwarves': 50, 'halflings': 89, 'half-orcs': 42, 'misc.': 154}",58,war,['Confederacy'],"{'poor': 0.5887, 'middle': 0.3399, 'wealthy': 0.067, 'aristocrat': 0.0044}",12,[['books']],[['glass']],Ruler BAL-64,mercenary heavy,local academy,"Draconic, Elvish, Orc","Selune, Tempus, Torm",241116,953675704,317.27,50.2,58.0,6,0,synthetic generator v2,derived,0.4,2929432,0,30.6,-35.29993,104.535
Sembia Settlement 0052,Sembia,Selgaunt,1573,4258548,296142,"{'humans': 1223, 'elves': 62, 'dwarves': 81, 'halflings': 142, 'half-orcs': 72, 'misc.': 0}",57,crime,['Confederacy'],"{'poor': 0.5593, 'middle': 0.3302, 'wealthy': 0.0966, 'aristocrat': 0.0138}",0,"[['fish', 'gems', 'grain', 'horses', 'timber']]","[['glass', 'jewelry', 'mercenaries']]",Ruler SEM-303,mercenary heavy,arcanum,"Common, Halfling","Lathander, Mystra, Torm",158418,730633739,421.3,53.7,64.2,4,0,synthetic generator v2,synthetic,0.71,5424522,2,14.0,30.4471,37.30698
Cormyr Settlement 0053,Cormyr,Suzail,1440,8824193,735454,"{'humans': 1160, 'elves': 33, 'dwarves': 77, 'halflings': 119, 'half-orcs': 50, 'misc.': 1}",40,arcane mishap,['Confederacy'],"{'poor': 0.5104, 'middle': 0.3215, 'wealthy': 0.0296, 'aristocrat': 0.1384}",0,"[['cloth', 'fish', 'weapons']]","[['coal', 'magic items', 'mercenaries', 'ore', 'silk']]",Ruler COR-726,mercenary heavy,local academy,"Draconic, Halfling, Orc","Selune, Tempus",142577,750902532,103.9,53.8,74.6,2,0,synthetic generator v2,derived,0.85,11051558,-2,7.0,39.54469,-18.56686
Calimshan Settlement 0054,Calimshan,Memnon,1298,9623974,11303,"{'humans': 1143, 'elves': 97, 'dwarves': 52, 'halflings': 111, 'half-orcs': 28, 'misc.': 0}",103,arcane mishap,['Democracy'],"{'poor': 0.4985, 'middle': 0.2887, 'wealthy': 0.033, 'aristocrat': 0.1798}",0,"[['armor', 'cloth', 'grain']]",[['jewelry']],Ruler CAL-160,small militia,arcanum,Elvish,Mystra,175132,771448209,176.69,78.1,16.4,3,0,synthetic generator v2,derived,0.49,10447930,2,10.5,-2.14249,40.14063
Amn Settlement 0055,Amn,Athkatla,1996,15049742,941585,"{'humans': 1505, 'elves': 97, 'dwarves': 104, 'halflings': 142, 'half-orcs': 101, 'misc.': 47}",58,arcane mishap,['Magocracy'],"{'poor': 0.5464, 'middle': 0.2117, 'wealthy': 0.06, 'aristocrat': 0.1819}",20,"[['books', 'cloth', 'grain', 'timber', 'weapons']]","[['glass', 'jewelry', 'mercenaries', 'silk']]",Ruler AMN-619,naval patrol,None,Orc,"Chauntea, Lathander, Mystra",169970,832884482,222.64,63.7,57.7,7,0,synthetic generator v2,derived,0.66,18337647,1,40.5,10.95208,-68.30852
Sembia Settlement 0056,Sembia,Selgaunt,1346,10218438,614047,"{'humans': 1057, 'elves': 104, 'dwarves': 72, 'halflings': 62, 'half-orcs': 38, 'misc.': 13}",146,disease,['Merchant Council'],"{'poor': 0.5047, 'middle': 0.2581, 'wealthy': 0.0556, 'aristocrat': 0.1815}",13,"[['grain', 'timber']]","[['coal', 'glass', 'magic items', 'mercenaries', 'parchment']]",Ruler SEM-464,naval patrol,arcanum,Elvish,"Chauntea, Mystra, Selune",158418,730633739,214.92,60.7,52.7,6,0,synthetic generator v2,derived,0.83,8386665,-3,31.4,-34.59295,-5.33916
Cormyr Settlement 0057,Cormyr,Suzail,318,606210,34394,"{'humans': 229, 'elves': 11, 'dwarves': 17, 'halflings': 14, 'half-orcs': 12, 'misc.': 35}",124,disease,['Theocracy'],"{'poor': 0.6101, 'middle': 0.3572, 'wealthy': 0.0278, 'aristocrat': 0.005}",2,"[['salt', 'timber']]","[['mercenaries', 'ore']]",Ruler COR-115,professional guard,arcanum,"Elvish, Orc",Tempus,142577,750902532,111.95,63.4,52.1,9,0,synthetic generator v2,derived,0.72,765627,0,33.1,5.48087,115.9678
Calimshan Settlement 0058,Calimshan,Memnon,960,7562508,688022,"{'humans': 750, 'elves': 70, 'dwarves': 28, 'halflings': 77, 'half-orcs': 16, 'misc.': 19}",25,disease,['Democracy'],"{'poor': 0.482, 'middle': 0.2425, 'wealthy': 0.0941, 'aristocrat': 0.1814}",13,"[['armor', 'books', 'gems', 'weapons', 'wine']]",[['parchment']],Ruler CAL-349,professional guard,guilds,"Dwarvish, Halfling, Orc",Selune,175132,771448209,544.85,77.6,39.9,0,0,synthetic generator v2,synthetic,0.44,10451023,4,10.4,45.70933,-78.86509
Tethyr Settlement 0059,Tethyr,Darromar,4768,28641838,865494,"{'humans': 3939, 'elves': 252, 'dwarves': 410, 'halflings': 412, 'half-orcs': 169, 'misc.': 0}",106,disease,['Patriarchy'],"{'poor': 0.5544, 'middle': 0.2445, 'wealthy': 0.0724, 'aristocrat': 0.1287}",0,"[['books', 'cloth', 'fish', 'timber']]","[['glass', 'ore', 'silk']]",Ruler TET-190,professional guard,guilds,"Common, Orc","Chauntea, Tempus, Torm",193641,937694481,369.92,64.1,79.7,8,0,synthetic generator v2,synthetic,0.43,30718674,1,28.0,-10.25197,-37.26693
Waterdeep Settlement 0060,Waterdeep,Waterdeep,563,5059595,157313,"{'humans': 409, 'elves': 33, 'dwarves': 27, 'halflings': 37, 'half-orcs': 6, 'misc.': 51}",105,war,['Theocracy'],"{'poor': 0.4835, 'middle': 0.22, 'wealthy': 0.0737, 'aristocrat': 0.2228}",12,"[['armor', 'cloth', 'fish', 'salt']]","[['glass', 'spices']]",Ruler WAT-199,small militia,guilds,"Common, Dwarvish, Elvish","Chauntea, Tyr",236326,985356857,205.02,50.6,50.0,6,0,synthetic generator v2,derived,0.37,6409319,2,30.6,19.03827,47.93865
Cormyr Settlement 0061,Cormyr,Suzail,726,1461472,90679,"{'humans': 525, 'elves': 57, 'dwarves': 33, 'halflings': 29, 'half-orcs': 15, 'misc.': 67}",148,famine,['Magocracy'],"{'poor': 0.6941, 'middle': 0.2675, 'wealthy': 0.0226, 'aristocrat': 0.0158}",5,"[['cloth', 'fish', 'grain']]","[['glass', 'jewelry', 'magic items', 'parchment']]",Ruler COR-656,professional guard,guilds,"Elvish, Halfling, Orc","Mystra, Selune",142577,750902532,461.74,58.4,58.5,0,0,synthetic generator v2,derived,0.86,1290530,-1,4.0,16.78976,-65.42492
Amn Settlement 0062,Amn,Athkatla,1581,3530541,20893,"{'humans': 1340, 'elves': 151, 'dwarves': 128, 'halflings': 55, 'half-orcs': 59, 'misc.': 0}",131,famine,['Theocracy'],"{'poor': 0.6149, 'middle': 0.2956, 'wealthy': 0.0851, 'aristocrat': 0.0044}",20,"[['books', 'fish', 'gems', 'weapons']]","[['coal', 'mercenaries', 'parchment', 'silk', 'spices']]",Ruler AMN-740,small militia,guilds,"Dwarvish, Halfling",Lathander,169970,832884482,9.88,70.2,88.9,10,0,synthetic generator v2,derived,0.36,2928518,-1,51.0,30.47614,90.2511
Cormyr Settlement 0063,Cormyr,Suzail,1363,7974596,14538,"{'humans': 891, 'elves': 42, 'dwarves': 109, 'halflings': 107, 'half-orcs': 64, 'misc.': 150}",82,monster attack,['Monarchy'],"{'poor': 0.5511, 'middle': 0.2376, 'wealthy': 0.0923, 'aristocrat': 0.1191}",12,[['weapons']],"[['coal', 'mercenaries', 'silk']]",Ruler COR-384,professional guard,arcanum,"Common, Orc","Selune, Tyr",142577,750902532,362.01,53.0,65.9,5,0,synthetic generator v2,derived,0.36,7366572,-2,27.1,23.36101,80.06994
Calimshan Settlement 0064,Calimshan,Memnon,5780,12771279,967443,"{'humans': 4382, 'elves': 303, 'dwarves': 330, 'halflings': 575, 'half-orcs': 341, 'misc.': 0}",69,monster attack,['Democracy'],"{'poor': 0.6305, 'middle': 0.2802, 'wealthy': 0.0844, 'aristocrat': 0.0049}",0,[['cloth']],"[['glass', 'jewelry', 'magic items', 'ore']]",Ruler CAL-63,mercenary heavy,None,"Draconic, Elvish, Halfling",Torm,175132,771448209,371.66,77.4,40.2,7,0,synthetic generator v2,derived,0.75,13439235,-3,24.5,-11.16506,-102.99629
Neverwinter Settlement 0065,Neverwinter,Neverwinter,316,2692289,114006,"{'humans': 223, 'elves': 18, 'dwarves': 13, 'halflings': 30, 'half-orcs': 5, 'misc.': 27}",113,disease,['Monarchy'],"{'poor': 0.4605, 'middle': 0.3019, 'wealthy': 0.0212, 'aristocrat': 0.2164}",19,"[['fish', 'salt', 'weapons', 'wine']]",[['coal']],Ruler NEV-37,naval patrol,guilds,"Elvish, Orc","Chauntea, Tempus",177268,765621383,497.32,41.2,50.7,6,0,synthetic generator v2,derived,0.7,3137245,3,36.2,-28.87093,104.5586
Waterdeep Settlement 0066,Waterdeep,Waterdeep,5203,12750523,1032072,"{'humans': 4348, 'elves': 611, 'dwarves': 342, 'halflings': 314, 'half-orcs': 252, 'misc.': 0}",179,famine,['Monarchy'],"{'poor': 0.5979, 'middle': 0.3029, 'wealthy': 0.0896, 'aristocrat': 0.0095}",0,"[['fish', 'grain', 'weapons']]","[['jewelry', 'magic items', 'mercenaries']]",Ruler WAT-570,small militia,guilds,"Draconic, Halfling, Orc",Torm,236326,985356857,52.27,57.0,62.0,8,0,synthetic generator v2,synthetic,0.46,15708235,0,28.0,-0.9613,76.10283
Calimshan Settlement 0067,Calimshan,Memnon,405,1702367,32186,"{'humans': 276, 'elves': 21, 'dwarves': 16, 'halflings': 24, 'half-orcs': 4, 'misc.': 64}",153,war,['Satrapy'],"{'poor': 0.6448, 'middle': 0.2045, 'wealthy': 0.0765, 'aristocrat': 0.0742}",0,[['fish']],"[['glass', 'mercenaries', 'silk']]",Ruler CAL-380,mercenary heavy,guilds,"Common, Draconic, Orc","Selune, Tempus",175132,771448209,499.49,84.3,17.9,4,0,synthetic generator v2,derived,0.69,2230932,-2,14.0,24.65481,-35.57089
Neverwinter Settlement 0068,Neverwinter,Neverwinter,537,1090944,22892,"{'humans': 395, 'elves': 33, 'dwarves': 42, 'halflings': 31, 'half-orcs': 12, 'misc.': 24}",160,famine,['Democracy'],"{'poor': 0.6809, 'middle': 0.2407, 'wealthy': 0.0735, 'aristocrat': 0.0049}",5,"[['armor', 'timber']]","[['ore', 'silk']]",Ruler NEV-464,small militia,None,"Common, Draconic, Elvish","Chauntea, Selune",177268,765621383,199.12,43.7,37.3,6,0,synthetic generator v2,synthetic,0.8,1153169,0,25.0,-26.64361,-15.62879
Waterdeep Settlement 0069,Waterdeep,Waterdeep,10205,47469542,1214801,"{'humans': 6685, 'elves': 1106, 'dwarves': 1011, 'halflings': 527, 'half-orcs': 552, 'misc.': 324}",114,crime,['Patriarchy'],"{'poor': 0.6561, 'middle': 0.2118, 'wealthy': 0.0331, 'aristocrat': 0.099}",0,"[['armor', 'cloth', 'weapons', 'wine']]","[['magic items', 'mercenaries']]",Ruler WAT-487,naval patrol,None,"Draconic, Elvish, Halfling","Chauntea, Selune",236326,985356857,127.18,54.7,55.1,9,0,synthetic generator v2,derived,0.51,35685743,2,31.5,22.53957,-89.87937
Sembia Settlement 0070,Sembia,Selgaunt,451,854368,52116,"{'humans': 340, 'elves': 23, 'dwarves': 33, 'halflings': 31, 'half-orcs': 14, 'misc.': 10}",109,war,['Patriarchy'],"{'poor': 0.6251, 'middle': 0.3383, 'wealthy': 0.0317, 'aristocrat': 0.0049}",5,"[['cloth', 'weapons', 'wine']]","[['jewelry', 'magic items', 'ore']]",Ruler SEM-312,naval patrol,None,"Dwarvish, Elvish, Orc","Tempus, Torm, Tyr",158418,730633739,211.84,55.2,31.6,9,0,synthetic generator v2,derived,0.86,942832,0,35.5,56.59846,103.22754
Waterdeep Settlement 0071,Waterdeep,Waterdeep,6669,54754070,1987301,"{'humans': 5056, 'elves': 696, 'dwarves': 382, 'halflings': 437, 'half-orcs': 194, 'misc.': 0}",141,old age,['Democracy'],"{'poor': 0.477, 'middle': 0.2576, 'wealthy': 0.0678, 'aristocrat': 0.1976}",18,"[['armor', 'fish', 'grain', 'salt', 'timber']]","[['coal', 'glass', 'jewelry', 'parchment', 'silk']]",Ruler WAT-327,professional guard,arcanum,"Dwarvish, Elvish","Tempus, Torm",236326,985356857,477.5,57.9,55.1,2,0,synthetic generator v2,synthetic,0.72,54767340,0,21.4,-24.87129,-102.37234
Waterdeep Settlement 0072,Waterdeep,Waterdeep,1796,5623222,14056,"{'humans': 1207, 'elves': 156, 'dwarves': 127, 'halflings': 71, 'half-orcs': 71, 'misc.': 164}",165,arcane mishap,['Confederacy'],"{'poor': 0.586, 'middle': 0.32, 'wealthy': 0.0556, 'aristocrat': 0.0384}",17,"[['armor', 'books', 'gems', 'grain', 'salt']]","[['glass', 'mercenaries']]",Ruler WAT-157,naval patrol,guilds,Common,"Mystra, Selune, Torm",236326,985356857,240.25,57.5,49.0,9,0,synthetic generator v2,derived,0.92,7813314,3,45.1,12.59827,-69.16144
Neverwinter Settlement 0073,Neverwinter,Neverwinter,537,1196943,24515,"{'humans': 404, 'elves': 12, 'dwarves': 23, 'halflings': 14, 'half-orcs': 9, 'misc.': 75}",78,famine,['Confederacy'],"{'poor': 0.5927, 'middle': 0.3286, 'wealthy': 0.0737, 'aristocrat': 0.005}",0,"[['books', 'grain', 'timber']]","[['mercenaries', 'ore']]",Ruler NEV-783,naval patrol,None,Common,"Chauntea, Torm",177268,765621383,253.31,42.2,45.7,6,0,synthetic generator v2,synthetic,0.67,1320383,1,21.0,27.77626,-79.78918
Sembia Settlement 0074,Sembia,Selgaunt,5832,18877559,749133,"{'humans': 4323, 'elves': 182, 'dwarves': 499, 'halflings': 258, 'half-orcs': 81, 'misc.': 489}",72,disease,['Theocracy'],"{'poor': 0.6303, 'middle': 0.2602, 'wealthy': 0.0666, 'aristocrat': 0.0429}",9,[['cloth']],"[['magic items', 'mercenaries', 'spices']]",Ruler SEM-55,mercenary heavy,guilds,"Elvish, Halfling","Lathander, Torm, Tyr",158418,730633739,72.65,60.6,44.2,5,0,synthetic generator v2,synthetic,0.87,18028119,-2,24.7,39.47962,64.33343
Waterdeep Settlement 0075,Waterdeep,Waterdeep,283,669919,43654,"{'humans': 185, 'elves': 18, 'dwarves': 14, 'halflings': 13, 'half-orcs': 13, 'misc.': 40}",99,war,['Merchant Council'],"{'poor': 0.5452, 'middle': 0.3702, 'wealthy': 0.0797, 'aristocrat': 0.0049}",0,"[['books', 'cloth', 'fish']]","[['glass', 'silk']]",Ruler WAT-184,mercenary heavy,guilds,"Draconic, Orc","Mystra, Selune, Torm",236326,985356857,187.54,50.4,47.6,10,0,synthetic generator v2,synthetic,0.4,606819,1,35.0,11.15119,-54.30701
Tethyr Settlement 0076,Tethyr,Darromar,1527,3074593,162414,"{'humans': 1334, 'elves': 101, 'dwarves': 98, 'halflings': 126, 'half-orcs': 91, 'misc.': 0}",156,monster attack,['Patriarchy'],"{'poor': 0.6111, 'middle': 0.3379, 'wealthy': 0.046, 'aristocrat': 0.0049}",2,"[['books', 'fish', 'gems']]","[['mercenaries', 'ore']]",Ruler TET-795,mercenary heavy,local academy,"Draconic, Elvish, Halfling","Chauntea, Lathander, Selune",193641,937694481,522.5,71.3,78.7,9,0,synthetic generator v2,derived,0.68,3485544,1,33.1,18.7602,-40.23828
Waterdeep Settlement 0077,Waterdeep,Waterdeep,754,3296850,228913,"{'humans': 622, 'elves': 52, 'dwarves': 35, 'halflings': 69, 'half-orcs': 33, 'misc.': 0}",166,old age,['Confederacy'],"{'poor': 0.631, 'middle': 0.2408, 'wealthy': 0.0424, 'aristocrat': 0.0859}",11,"[['books', 'fish', 'grain', 'timber']]","[['magic items', 'mercenaries', 'ore', 'silk', 'spices']]",Ruler WAT-510,naval patrol,arcanum,"Draconic, Orc","Chauntea, Selune",236326,985356857,137.8,48.2,34.5,5,0,synthetic generator v2,derived,0.66,3587931,-1,26.3,73.08833,-21.45721
Waterdeep Settlement 0078,Waterdeep,Waterdeep,1815,3591475,326897,"{'humans': 1182, 'elves': 149, 'dwarves': 179, 'halflings': 45, 'half-orcs': 30, 'misc.': 230}",96,monster attack,['Dictatorship'],"{'poor': 0.6062, 'middle': 0.3508, 'wealthy': 0.0381, 'aristocrat': 0.005}",0,[['timber']],"[['jewelry', 'mercenaries', 'ore']]",Ruler WAT-146,small militia,None,"Common, Halfling","Lathander, Torm",236326,985356857,412.22,51.1,29.6,4,0,synthetic generator v2,derived,0.78,4176780,-2,14.0,28.9231,-110.84516
Amn Settlement 0079,Amn,Athkatla,2595,21013740,346885,"{'humans': 1969, 'elves': 297, 'dwarves': 221, 'halflings': 184, 'half-orcs': 135, 'misc.': 0}",128,famine,['Monarchy'],"{'poor': 0.454, 'middle': 0.3229, 'wealthy': 0.0213, 'aristocrat': 0.2018}",15,[['armor']],"[['glass', 'magic items', 'parchment']]",Ruler AMN-228,naval patrol,None,Draconic,Chauntea,169970,832884482,15.28,70.9,81.9,6,0,synthetic generator v2,derived,0.73,28217125,-2,33.0,1.00853,-6.88793
Selgaunt,Sembia,Selgaunt,2509,8970938,390521,"{'humans': 1995, 'elves': 82, 'dwarves': 190, 'halflings': 65, 'half-orcs': 70, 'misc.': 107}",41,old age,['Satrapy'],"{'poor': 0.606, 'middle': 0.2668, 'wealthy': 0.0769, 'aristocrat': 0.0503}",0,"[['armor', 'fish', 'gems', 'grain', 'salt']]","[['glass', 'jewelry', 'magic items', 'ore', 'parchment']]",Ruler SEM-446,small militia,guilds,Common,"Torm, Tyr",158418,730633739,196.32,50.1,54.4,1,0,synthetic generator v2,synthetic,0.45,10951140,0,3.5,-37.32583,94.89563
Cormyr Settlement 0081,Cormyr,Suzail,789,1382126,36537,"{'humans': 671, 'elves': 45, 'dwarves': 27, 'halflings': 69, 'half-orcs': 9, 'misc.': 0}",162,old age,['Satrapy'],"{'poor': 0.6568, 'middle': 0.3184, 'wealthy': 0.0199, 'aristocrat': 0.0049}",10,"[['cloth', 'fish', 'gems', 'salt']]",[['spices']],Ruler COR-915,mercenary heavy,None,Elvish,"Tempus, Torm",142577,750902532,276.57,56.0,48.4,6,0,synthetic generator v2,synthetic,0.56,1163599,3,29.0,-19.97908,20.91706
Baldurs Gate Settlement 0082,Baldurs Gate,Baldur's Gate,4994,10431212,152322,"{'humans': 3915, 'elves': 509, 'dwarves': 256, 'halflings': 244, 'half-orcs': 104, 'misc.': 0}",71,monster attack,['Patriarchy'],"{'poor': 0.6247, 'middle': 0.3079, 'wealthy': 0.0624, 'aristocrat': 0.005}",0,"[['fish', 'grain', 'horses', 'weapons']]","[['jewelry', 'magic items', 'mercenaries', 'parchment', 'spices']]",Ruler BAL-357,naval patrol,guilds,"Common, Dwarvish, Elvish","Tempus, Torm",241116,953675704,180.77,56.4,65.5,9,0,synthetic generator v2,derived,0.4,10661277,-1,31.5,-26.4084,62.09665
Tethyr Settlement 0083,Tethyr,Darromar,1653,4102987,3206,"{'humans': 1236, 'elves': 112, 'dwarves': 94, 'halflings': 160, 'half-orcs': 53, 'misc.': 0}",173,crime,['Theocracy'],"{'poor': 0.527, 'middle': 0.3763, 'wealthy': 0.0918, 'aristocrat': 0.0049}",0,[['timber']],"[['glass', 'ore', 'parchment', 'spices']]",Ruler TET-777,mercenary heavy,None,"Draconic, Dwarvish, Orc",Mystra,193641,937694481,247.75,64.3,54.8,3,0,synthetic generator v2,synthetic,0.65,4175588,-3,10.5,20.44118,118.73084
Baldurs Gate Settlement 0084,Baldurs Gate,Baldur's Gate,3138,6209852,355974,"{'humans': 2267, 'elves': 167, 'dwarves': 154, 'halflings': 62, 'half-orcs': 49, 'misc.': 439}",76,crime,['Democracy'],"{'poor': 0.5994, 'middle': 0.3583, 'wealthy': 0.0377, 'aristocrat': 0.0046}",0,"[['books', 'gems']]",[['silk']],Ruler BAL-96,mercenary heavy,arcanum,"Common, Elvish, Halfling","Tempus, Torm, Tyr",241116,953675704,134.74,62.5,64.8,0,0,synthetic generator v2,derived,0.4,8669540,1,0.0,69.98831,-48.98077
Waterdeep Settlement 0085,Waterdeep,Waterdeep,23029,70842270,6039276,"{'humans': 15305, 'elves': 582, 'dwarves': 1956, 'halflings': 1079, 'half-orcs': 1252, 'misc.': 2855}",172,crime,['Dictatorship'],"{'poor': 0.5522, 'middle': 0.3822, 'wealthy': 0.0252, 'aristocrat': 0.0404}",0,[['weapons']],"[['jewelry', 'parchment', 'silk', 'spices']]",Ruler WAT-444,small militia,guilds,"Elvish, Halfling","Selune, Torm, Tyr",236326,985356857,308.48,55.7,29.0,7,0,synthetic generator v2,derived,0.37,88890981,-3,24.5,3.65944,-81.79206
Neverwinter Settlement 0086,Neverwinter,Neverwinter,3012,20412738,794098,"{'humans': 2320, 'elves': 306, 'dwarves': 214, 'halflings': 286, 'half-orcs': 119, 'misc.': 0}",42,war,['Magocracy'],"{'poor': 0.5191, 'middle': 0.2496, 'wealthy': 0.0813, 'aristocrat': 0.15}",0,"[['books', 'gems', 'salt']]","[['jewelry', 'magic items', 'ore', 'parchment', 'silk']]",Ruler NEV-143,naval patrol,guilds,Elvish,"Chauntea, Selune",177268,765621383,521.38,50.8,57.9,4,0,synthetic generator v2,synthetic,0.7,16896265,-2,14.0,-27.134,-59.93921
Sembia Settlement 0087,Sembia,Selgaunt,2881,20092567,1100459,"{'humans': 2496, 'elves': 341, 'dwarves': 159, 'halflings': 128, 'half-orcs': 135, 'misc.': 0}",40,famine,['Democracy'],"{'poor': 0.464, 'middle': 0.3366, 'wealthy': 0.0377, 'aristocrat': 0.1616}",0,"[['armor', 'fish']]","[['mercenaries', 'silk', 'spices']]",Ruler SEM-246,naval patrol,None,Elvish,Chauntea,158418,730633739,387.91,49.1,65.8,6,0,synthetic generator v2,derived,0.78,24369924,-1,21.0,66.30089,23.57742
Tethyr Settlement 0088,Tethyr,Darromar,4656,28323716,1100689,"{'humans': 3518, 'elves': 495, 'dwarves': 375, 'halflings': 129, 'half-orcs': 179, 'misc.': 0}",102,famine,['Theocracy'],"{'poor': 0.5638, 'middle': 0.2488, 'wealthy': 0.0509, 'aristocrat': 0.1364}",20,"[['books', 'salt', 'weapons', 'wine']]","[['coal', 'jewelry', 'ore', 'parchment']]",Ruler TET-712,small militia,guilds,Elvish,"Mystra, Selune",193641,937694481,549.12,63.0,48.6,9,0,synthetic generator v2,derived,0.86,24170575,0,47.5,-32.08567,22.13011
Calimshan Settlement 0089,Calimshan,Memnon,1779,8738036,372123,"{'humans': 1198, 'elves': 145, 'dwarves': 170, 'halflings': 56, 'half-orcs': 52, 'misc.': 158}",176,disease,['Satrapy'],"{'poor': 0.5128, 'middle': 0.3041, 'wealthy': 0.0997, 'aristocrat': 0.0834}",0,[['gems']],"[['coal', 'ore', 'parchment', 'silk', 'spices']]",Ruler CAL-152,small militia,arcanum,Elvish,Mystra,175132,771448209,333.56,85.4,42.1,7,0,synthetic generator v2,derived,0.9,8802327,-4,24.5,44.67877,20.4251
Waterdeep Settlement 0090,Waterdeep,Waterdeep,2778,13419487,1024668,"{'humans': 2387, 'elves': 283, 'dwarves': 241, 'halflings': 225, 'half-orcs': 36, 'misc.': 0}",83,arcane mishap,['Satrapy'],"{'poor': 0.4769, 'middle': 0.3516, 'wealthy': 0.0918, 'aristocrat': 0.0797}",2,"[['cloth', 'grain']]","[['glass', 'jewelry', 'ore', 'silk']]",Ruler WAT-368,mercenary heavy,local academy,"Common, Dwarvish","Lathander, Selune, Torm",236326,985356857,540.4,53.9,57.8,9,0,synthetic generator v2,derived,0.47,15782672,-2,33.1,-21.41835,-29.26769
Amn Settlement 0091,Amn,Athkatla,624,1398765,36822,"{'humans': 415, 'elves': 47, 'dwarves': 39, 'halflings': 12, 'half-orcs': 33, 'misc.': 78}",83,monster attack,['Satrapy'],"{'poor': 0.6145, 'middle': 0.2963, 'wealthy': 0.0844, 'aristocrat': 0.0048}",15,"[['books', 'cloth', 'grain', 'horses']]",[['coal']],Ruler AMN-573,naval patrol,None,"Common, Draconic, Halfling","Mystra, Tyr",169970,832884482,35.71,69.7,77.6,9,2,synthetic generator v2,synthetic,0.47,1377731,3,45.3,27.05474,-11.38989
Waterdeep Settlement 0092,Waterdeep,Waterdeep,1871,9501328,59029,"{'humans': 1472, 'elves': 109, 'dwarves': 134, 'halflings': 79, 'half-orcs': 64, 'misc.': 13}",147,war,['Confederacy'],"{'poor': 0.5501, 'middle': 0.3104, 'wealthy': 0.0341, 'aristocrat': 0.1053}",0,"[['books', 'grain', 'horses', 'timber']]","[['glass', 'mercenaries', 'parchment', 'silk']]",Ruler WAT-862,naval patrol,local academy,"Common, Dwarvish, Orc","Lathander, Selune, Torm",236326,985356857,511.28,48.7,55.3,1,0,synthetic generator v2,synthetic,0.8,10746905,0,3.5,30.65123,32.62205
Sembia Settlement 0093,Sembia,Selgaunt,95,315199,23029,"{'humans': 69, 'elves': 5, 'dwarves': 3, 'halflings': 2, 'half-orcs': 2, 'misc.': 14}",124,monster attack,['Magocracy'],"{'poor': 0.6078, 'middle': 0.2925, 'wealthy': 0.0529, 'aristocrat': 0.0468}",0,"[['armor', 'horses', 'timber', 'wine']]","[['coal', 'magic items']]",Ruler SEM-442,small militia,guilds,"Dwarvish, Elvish, Halfling","Lathander, Tyr",158418,730633739,224.39,53.3,51.3,5,0,synthetic generator v2,derived,0.65,312924,2,17.5,53.20967,99.50372
Waterdeep Settlement 0094,Waterdeep,Waterdeep,431,2278094,147160,"{'humans': 372, 'elves': 27, 'dwarves': 34, 'halflings': 12, 'half-orcs': 14, 'misc.': 0}",145,old age,['Confederacy'],"{'poor': 0.5781, 'middle': 0.2423, 'wealthy': 0.0735, 'aristocrat': 0.1061}",8,"[['armor', 'gems', 'salt', 'weapons']]","[['jewelry', 'ore', 'parchment']]",Ruler WAT-341,professional guard,local academy,"Elvish, Halfling, Orc",Tyr,236326,985356857,414.35,58.2,49.7,7,0,synthetic generator v2,derived,0.74,2383837,1,30.9,16.03975,70.16028
Neverwinter Settlement 0095,Neverwinter,Neverwinter,471,1986993,165270,"{'humans': 376, 'elves': 40, 'dwarves': 44, 'halflings': 46, 'half-orcs': 22, 'misc.': 0}",180,crime,['Magocracy'],"{'poor': 0.6616, 'middle': 0.2076, 'wealthy': 0.0492, 'aristocrat': 0.0816}",0,"[['books', 'gems', 'wine']]","[['glass', 'magic items', 'spices']]",Ruler NEV-697,mercenary heavy,None,"Draconic, Orc","Mystra, Tempus, Tyr",177268,765621383,444.37,45.9,24.7,3,0,synthetic generator v2,derived,0.6,2498145,0,10.5,19.61986,126.73307
Baldurs Gate Settlement 0096,Baldurs Gate,Baldur's Gate,253,1068016,66737,"{'humans': 217, 'elves': 5, 'dwarves': 16, 'halflings': 17, 'half-orcs': 12, 'misc.': 0}",89,old age,['Democracy'],"{'poor': 0.6006, 'middle': 0.2906, 'wealthy': 0.0271, 'aristocrat': 0.0818}",19,"[['cloth', 'grain', 'horses']]",[['ore']],Ruler BAL-482,naval patrol,arcanum,"Common, Draconic, Dwarvish","Chauntea, Lathander",241116,953675704,393.14,52.4,60.0,6,0,synthetic generator v2,derived,0.9,1057556,2,36.2,11.12052,96.33226
Sembia Settlement 0097,Sembia,Selgaunt,2183,5210481,359411,"{'humans': 1836, 'elves': 236, 'dwarves': 74, 'halflings': 153, 'half-orcs': 22, 'misc.': 0}",120,monster attack,['Dictatorship'],"{'poor': 0.5487, 'middle': 0.3623, 'wealthy': 0.0841, 'aristocrat': 0.0049}",0,"[['armor', 'cloth', 'fish', 'gems', 'grain']]","[['glass', 'jewelry', 'silk']]",Ruler SEM-84,mercenary heavy,guilds,"Common, Orc","Selune, Torm",158418,730633739,63.62,48.7,55.7,0,0,synthetic generator v2,synthetic,0.75,6581217,2,0.0,-13.58484,126.34526
Baldurs Gate Settlement 0098,Baldurs Gate,Baldur's Gate,3338,13546690,353079,"{'humans': 2828, 'elves': 96, 'dwarves': 153, 'halflings': 320, 'half-orcs': 198, 'misc.': 0}",174,disease,['Satrapy'],"{'poor': 0.5781, 'middle': 0.274, 'wealthy': 0.0851, 'aristocrat': 0.0627}",0,[['weapons']],"[['jewelry', 'magic items', 'mercenaries']]",Ruler BAL-474,professional guard,arcanum,"Dwarvish, Halfling",Lathander,241116,953675704,500.95,57.0,58.3,3,0,synthetic generator v2,derived,0.85,11974203,-2,10.5,29.07271,-80.11529
Calimshan Settlement 0099,Calimshan,Memnon,558,2978958,244542,"{'humans': 479, 'elves': 52, 'dwarves': 43, 'halflings': 20, 'half-orcs': 20, 'misc.': 0}",53,arcane mishap,['Patriarchy'],"{'poor': 0.6047, 'middle': 0.2295, 'wealthy': 0.0514, 'aristocrat': 0.1144}",0,"[['armor', 'gems', 'timber']]","[['glass', 'parchment', 'spices']]",Ruler CAL-938,small militia,local academy,Orc,"Chauntea, Torm",175132,771448209,453.84,74.1,49.0,10,0,synthetic generator v2,derived,0.7,3911076,0,35.0,64.78081,38.83739
Neverwinter Settlement 0100,Neverwinter,Neverwinter,322,739404,58305,"{'humans': 233, 'elves': 24, 'dwarves': 22, 'halflings': 30, 'half-orcs': 8, 'misc.': 5}",35,war,['Satrapy'],"{'poor': 0.5979, 'middle': 0.3088, 'wealthy': 0.0888, 'aristocrat': 0.0045}",9,"[['armor', 'books', 'gems', 'wine']]","[['glass', 'jewelry', 'magic items', 'parchment', 'spices']]",Ruler NEV-777,small militia,guilds,"Dwarvish, Halfling, Orc",Mystra,177268,765621383,321.56,47.4,50.7,2,0,synthetic generator v2,synthetic,0.88,930463,-1,14.2,6.59624,35.5519
Baldurs Gate Settlement 0101,Baldurs Gate,Baldur's Gate,1756,7392473,61599,"{'humans': 1311, 'elves': 120, 'dwarves': 57, 'halflings': 106, 'half-orcs': 46, 'misc.': 116}",168,war,['Theocracy'],"{'poor': 0.5033, 'middle': 0.3559, 'wealthy': 0.0768, 'aristocrat': 0.064}",6,"[['fish', 'gems', 'grain', 'horses', 'wine']]","[['glass', 'magic items', 'mercenaries', 'ore', 'parchment']]",Ruler BAL-411,naval patrol,None,"Draconic, Dwarvish","Selune, Torm",241116,953675704,348.58,58.2,51.5,1,0,synthetic generator v2,derived,0.93,6022075,0,8.3,43.6329,106.94585
Cormyr Settlement 0102,Cormyr,Suzail,1049,10184779,878772,"{'humans': 709, 'elves': 52, 'dwarves': 65, 'halflings': 21, 'half-orcs': 18, 'misc.': 184}",98,disease,['Confederacy'],"{'poor': 0.4905, 'middle': 0.2272, 'wealthy': 0.0247, 'aristocrat': 0.2576}",0,"[['books', 'cloth', 'gems']]","[['jewelry', 'magic items', 'mercenaries', 'parchment']]",Ruler COR-675,naval patrol,local academy,Orc,"Mystra, Torm",142577,750902532,114.11,60.2,62.7,4,0,synthetic generator v2,synthetic,0.82,11239541,-1,14.0,63.09571,51.18883
Sembia Settlement 0103,Sembia,Selgaunt,725,5039703,479098,"{'humans': 478, 'elves': 55, 'dwarves': 43, 'halflings': 46, 'half-orcs': 12, 'misc.': 91}",106,war,['Patriarchy'],"{'poor': 0.5476, 'middle': 0.2485, 'wealthy': 0.0369, 'aristocrat': 0.1671}",7,"[['armor', 'cloth', 'gems', 'timber', 'weapons']]",[['spices']],Ruler SEM-842,mercenary heavy,guilds,Dwarvish,"Chauntea, Torm, Tyr",158418,730633739,268.65,53.8,34.3,10,0,synthetic generator v2,derived,0.58,6618978,4,40.6,-32.38491,58.63965
Sembia Settlement 0104,Sembia,Selgaunt,720,3898506,273892,"{'humans': 638, 'elves': 14, 'dwarves': 47, 'halflings': 18, 'half-orcs': 39, 'misc.': 0}",62,famine,['Theocracy'],"{'poor': 0.5853, 'middle': 0.2458, 'wealthy': 0.0539, 'aristocrat': 0.115}",4,"[['books', 'fish', 'gems']]","[['coal', 'glass', 'magic items', 'parchment', 'spices']]",Ruler SEM-881,naval patrol,guilds,"Dwarvish, Elvish",Chauntea,158418,730633739,387.29,51.7,65.4,7,0,synthetic generator v2,derived,0.47,5261845,-2,27.7,6.88623,17.26349
Waterdeep Settlement 0105,Waterdeep,Waterdeep,291,620603,26429,"{'humans': 202, 'elves': 23, 'dwarves': 21, 'halflings': 19, 'half-orcs': 9, 'misc.': 17}",51,war,['Confederacy'],"{'poor': 0.6269, 'middle': 0.2967, 'wealthy': 0.0717, 'aristocrat': 0.0047}",4,"[['books', 'fish', 'gems', 'salt']]",[['glass']],Ruler WAT-580,mercenary heavy,local academy,"Common, Halfling","Tempus, Tyr",236326,985356857,317.8,48.5,49.1,0,0,synthetic generator v2,derived,0.84,632812,3,3.2,66.70371,6.08373
Cormyr Settlement 0106,Cormyr,Suzail,195,763949,19561,"{'humans': 172, 'elves': 16, 'dwarves': 8, 'halflings': 4, 'half-orcs': 8, 'misc.': 0}",47,crime,['Monarchy'],"{'poor': 0.6092, 'middle': 0.236, 'wealthy': 0.097, 'aristocrat': 0.0578}",0,"[['armor', 'books', 'fish', 'wine']]","[['coal', 'magic items', 'mercenaries']]",Ruler COR-760,professional guard,None,Elvish,"Mystra, Tempus, Tyr",142577,750902532,467.49,60.3,42.0,0,0,synthetic generator v2,derived,0.46,656502,1,0.0,35.80739,-25.11853
Neverwinter Settlement 0107,Neverwinter,Neverwinter,843,1887308,108226,"{'humans': 553, 'elves': 20, 'dwarves': 71, 'halflings': 52, 'half-orcs': 23, 'misc.': 124}",162,famine,['Dictatorship'],"{'poor': 0.5875, 'middle': 0.3329, 'wealthy': 0.0749, 'aristocrat': 0.0047}",5,"[['books', 'cloth', 'gems', 'salt', 'wine']]",[['glass']],Ruler NEV-81,professional guard,guilds,Common,"Lathander, Selune",177268,765621383,422.09,54.1,28.0,10,0,synthetic generator v2,derived,0.73,2560161,4,39.0,12.27647,46.38906
Tethyr Settlement 0108,Tethyr,Darromar,1460,6710916,634787,"{'humans': 1133, 'elves': 135, 'dwarves': 116, 'halflings': 54, 'half-orcs': 69, 'misc.': 0}",165,famine,['Merchant Council'],"{'poor': 0.5586, 'middle': 0.2905, 'wealthy': 0.068, 'aristocrat': 0.0828}",20,[['weapons']],"[['coal', 'glass', 'silk', 'spices']]",Ruler TET-314,mercenary heavy,None,"Elvish, Halfling, Orc","Lathander, Selune",193641,937694481,454.55,67.5,56.2,4,0,synthetic generator v2,synthetic,0.74,8889029,-3,30.0,14.67557,-70.93382
Calimshan Settlement 0109,Calimshan,Memnon,448,2282608,98860,"{'humans': 374, 'elves': 46, 'dwarves': 41, 'halflings': 26, 'half-orcs': 6, 'misc.': 0}",55,disease,['Dictatorship'],"{'poor': 0.5513, 'middle': 0.3127, 'wealthy': 0.029, 'aristocrat': 0.107}",0,"[['cloth', 'fish', 'gems', 'grain']]",[['mercenaries']],Ruler CAL-394,mercenary heavy,None,"Draconic, Halfling","Chauntea, Selune, Torm",175132,771448209,425.85,74.4,39.2,5,0,synthetic generator v2,synthetic,0.76,2150782,3,17.5,43.02339,-113.51957
Calimshan Settlement 0110,Calimshan,Memnon,4378,40815349,1077504,"{'humans': 3267, 'elves': 425, 'dwarves': 253, 'halflings': 120, 'half-orcs': 59, 'misc.': 254}",24,crime,['Magocracy'],"{'poor': 0.4642, 'middle': 0.2562, 'wealthy': 0.04, 'aristocrat': 0.2396}",0,"[['salt', 'weapons']]","[['mercenaries', 'parchment', 'spices']]",Ruler CAL-311,small militia,arcanum,Dwarvish,"Selune, Torm",175132,771448209,460.26,81.7,43.5,1,0,synthetic generator v2,synthetic,0.6,56621038,-1,3.5,26.3576,82.87301
Baldurs Gate Settlement 0111,Baldurs Gate,Baldur's Gate,1950,3655548,349817,"{'humans': 1427, 'elves': 191, 'dwarves': 186, 'halflings': 72, 'half-orcs': 28, 'misc.': 46}",145,crime,['Confederacy'],"{'poor': 0.6065, 'middle': 0.3655, 'wealthy': 0.0234, 'aristocrat': 0.0046}",18,[['wine']],"[['glass', 'ore', 'parchment']]",Ruler BAL-201,professional guard,None,"Dwarvish, Elvish","Chauntea, Lathander, Tyr",241116,953675704,364.84,54.1,69.7,4,0,synthetic generator v2,synthetic,0.39,4387829,-2,28.4,39.54185,-116.89675
Sembia Settlement 0112,Sembia,Selgaunt,4668,37085346,831240,"{'humans': 3940, 'elves': 181, 'dwarves': 382, 'halflings': 141, 'half-orcs': 269, 'misc.': 0}",111,arcane mishap,['Democracy'],"{'poor': 0.4967, 'middle': 0.2512, 'wealthy': 0.0604, 'aristocrat': 0.1917}",0,[['horses']],[['ore']],Ruler SEM-158,mercenary heavy,local academy,"Common, Draconic, Elvish","Chauntea, Tyr",158418,730633739,379.78,49.8,30.7,6,0,synthetic generator v2,derived,0.94,44770470,0,21.0,27.09633,-51.81814
Sembia Settlement 0113,Sembia,Selgaunt,335,2638278,38920,"{'humans': 242, 'elves': 13, 'dwarves': 22, 'halflings': 12, 'half-orcs': 18, 'misc.': 28}",167,old age,['Monarchy'],"{'poor': 0.4854, 'middle': 0.2491, 'wealthy': 0.0814, 'aristocrat': 0.1842}",15,"[['armor', 'cloth', 'grain']]",[['magic items']],Ruler SEM-238,mercenary heavy,arcanum,"Draconic, Elvish",Selune,158418,730633739,530.62,52.4,58.8,0,0,synthetic generator v2,synthetic,0.84,2334223,2,12.0,67.78987,-65.31117
Calimshan Settlement 0114,Calimshan,Memnon,1957,10189989,381987,"{'humans': 1741, 'elves': 159, 'dwarves': 60, 'halflings': 100, 'half-orcs': 46, 'misc.': 0}",82,war,['Satrapy'],"{'poor': 0.5449, 'middle': 0.2911, 'wealthy': 0.0602, 'aristocrat': 0.1038}",0,"[['armor', 'fish', 'gems', 'salt']]","[['ore', 'parchment']]",Ruler CAL-338,small militia,None,"Draconic, Elvish, Orc","Torm, Tyr",175132,771448209,86.63,84.1,42.6,9,0,synthetic generator v2,derived,0.61,10028743,2,31.5,32.70804,50.31437
Baldurs Gate Settlement 0115,Baldurs Gate,Baldur's Gate,749,3011909,64055,"{'humans': 658, 'elves': 50, 'dwarves': 44, 'halflings': 32, 'half-orcs': 36, 'misc.': 0}",74,monster attack,['Satrapy'],"{'poor': 0.631, 'middle': 0.2617, 'wealthy': 0.0307, 'aristocrat': 0.0766}",0,[['armor']],[['magic items']],Ruler BAL-373,professional guard,arcanum,Common,Lathander,241116,953675704,377.28,62.6,49.5,7,0,synthetic generator v2,derived,0.68,3050106,0,24.5,27.6996,-5.43505
Tethyr Settlement 0116,Tethyr,Darromar,3837,23878890,1285785,"{'humans': 2599, 'elves': 295, 'dwarves': 167, 'halflings': 164, 'half-orcs': 49, 'misc.': 563}",47,old age,['Patriarchy'],"{'poor': 0.4617, 'middle': 0.3636, 'wealthy': 0.0384, 'aristocrat': 0.1362}",20,"[['armor', 'gems', 'horses', 'timber', 'wine']]","[['glass', 'jewelry', 'magic items', 'mercenaries', 'spices']]",Ruler TET-825,mercenary heavy,local academy,"Draconic, Elvish","Chauntea, Torm",193641,937694481,45.48,74.4,66.7,1,0,synthetic generator v2,synthetic,0.64,23389245,0,19.5,-0.15805,102.63715
Amn Settlement 0117,Amn,Athkatla,1554,13397159,493630,"{'humans': 1279, 'elves': 130, 'dwarves': 66, 'halflings': 66, 'half-orcs': 72, 'misc.': 0}",97,disease,['Confederacy'],"{'poor': 0.5256, 'middle': 0.2184, 'wealthy': 0.034, 'aristocrat': 0.2219}",0,"[['armor', 'fish', 'gems', 'wine']]","[['coal', 'ore', 'silk']]",Ruler AMN-896,professional guard,None,"Dwarvish, Elvish, Halfling",Mystra,169970,832884482,383.82,63.7,71.9,9,4,synthetic generator v2,synthetic,0.5,18104131,1,35.1,63.83763,-107.29847
Waterdeep Settlement 0118,Waterdeep,Waterdeep,905,8253335,568693,"{'humans': 793, 'elves': 74, 'dwarves': 46, 'halflings': 39, 'half-orcs': 18, 'misc.': 0}",87,monster attack,['Merchant Council'],"{'poor': 0.4581, 'middle': 0.2666, 'wealthy': 0.0437, 'aristocrat': 0.2316}",19,"[['fish', 'gems', 'horses']]",[['parchment']],Ruler WAT-963,professional guard,local academy,"Halfling, Orc","Chauntea, Selune",236326,985356857,300.5,56.4,45.4,2,0,synthetic generator v2,synthetic,0.92,9448241,2,22.2,-24.43653,56.49522
Sembia Settlement 0119,Sembia,Selgaunt,3856,34207547,37904,"{'humans': 2979, 'elves': 175, 'dwarves': 326, 'halflings': 281, 'half-orcs': 190, 'misc.': 0}",177,old age,['Magocracy'],"{'poor': 0.5217, 'middle': 0.2193, 'wealthy': 0.0276, 'aristocrat': 0.2313}",0,"[['gems', 'grain', 'salt']]","[['coal', 'glass', 'parchment', 'silk', 'spices']]",Ruler SEM-603,small militia,None,"Common, Draconic",Mystra,158418,730633739,383.43,54.7,63.8,0,0,synthetic generator v2,derived,0.35,37833130,-2,0.0,39.18243,-101.10519
Baldurs Gate Settlement 0120,Baldurs Gate,Baldur's Gate,22490,73351820,7152914,"{'humans': 19081, 'elves': 1923, 'dwarves': 2097, 'halflings': 1374, 'half-orcs': 868, 'misc.': 0}",57,crime,['Patriarchy'],"{'poor': 0.5659, 'middle': 0.3598, 'wealthy': 0.0271, 'aristocrat': 0.0472}",12,"[['gems', 'horses', 'weapons']]","[['mercenaries', 'silk']]",Ruler BAL-428,naval patrol,guilds,Dwarvish,"Selune, Tempus",241116,953675704,419.61,50.2,62.8,4,0,synthetic generator v2,derived,0.82,98213482,1,23.6,-24.46556,6.41471
Tethyr Settlement 0121,Tethyr,Darromar,859,1674182,70541,"{'humans': 636, 'elves': 56, 'dwarves': 61, 'halflings': 46, 'half-orcs': 36, 'misc.': 24}",107,monster attack,['Democracy'],"{'poor': 0.6209, 'middle': 0.3338, 'wealthy': 0.0409, 'aristocrat': 0.0045}",18,[['armor']],"[['ore', 'parchment', 'spices']]",Ruler TET-691,small militia,guilds,"Halfling, Orc","Chauntea, Selune, Tempus",193641,937694481,485.25,72.1,59.0,2,0,synthetic generator v2,derived,0.68,1334485,-2,21.4,-15.47884,84.47641
Baldurs Gate Settlement 0122,Baldurs Gate,Baldur's Gate,607,2785500,17576,"{'humans': 411, 'elves': 24, 'dwarves': 32, 'halflings': 25, 'half-orcs': 18, 'misc.': 97}",154,war,['Monarchy'],"{'poor': 0.4944, 'middle': 0.3424, 'wealthy': 0.0899, 'aristocrat': 0.0733}",17,"[['fish', 'grain', 'horses', 'salt', 'timber']]","[['coal', 'magic items', 'parchment', 'spices']]",Ruler BAL-371,naval patrol,None,"Common, Elvish","Mystra, Torm",241116,953675704,241.56,60.0,67.6,1,0,synthetic generator v2,synthetic,0.37,2984954,1,17.1,12.89426,92.19532
Waterdeep Settlement 0123,Waterdeep,Waterdeep,763,1658159,113923,"{'humans': 523, 'elves': 31, 'dwarves': 49, 'halflings': 70, 'half-orcs': 30, 'misc.': 60}",147,famine,['Confederacy'],"{'poor': 0.591, 'middle': 0.3385, 'wealthy': 0.066, 'aristocrat': 0.0046}",3,"[['armor', 'books', 'fish', 'grain', 'wine']]","[['jewelry', 'magic items', 'ore', 'silk']]",Ruler WAT-40,mercenary heavy,arcanum,Dwarvish,Selune,236326,985356857,159.65,51.0,55.2,7,0,synthetic generator v2,synthetic,0.68,1833057,1,26.9,-20.256,-53.95337
Neverwinter Settlement 0124,Neverwinter,Neverwinter,635,2563246,2913,"{'humans': 438, 'elves': 68, 'dwarves': 54, 'halflings': 12, 'half-orcs': 15, 'misc.': 48}",108,old age,['Merchant Council'],"{'poor': 0.4965, 'middle': 0.3674, 'wealthy': 0.0788, 'aristocrat': 0.0573}",13,[['armor']],"[['glass', 'ore', 'parchment', 'silk']]",Ruler NEV-84,naval patrol,arcanum,"Draconic, Halfling","Lathander, Mystra, Tempus",177268,765621383,406.46,40.8,56.9,8,0,synthetic generator v2,derived,0.81,3044239,-3,38.4,56.58039,24.78761
Calimshan Settlement 0125,Calimshan,Memnon,741,3581605,103638,"{'humans': 628, 'elves': 69, 'dwarves': 42, 'halflings': 58, 'half-orcs': 18, 'misc.': 0}",50,crime,['Satrapy'],"{'poor': 0.5876, 'middle': 0.2289, 'wealthy': 0.0966, 'aristocrat': 0.0869}",8,"[['salt', 'timber', 'wine']]",[['spices']],Ruler CAL-230,mercenary heavy,local academy,"Draconic, Dwarvish","Mystra, Tyr",175132,771448209,331.8,74.8,17.3,9,0,synthetic generator v2,synthetic,0.8,4533176,2,37.9,73.77559,49.75555
Amn Settlement 0126,Amn,Athkatla,1016,6309360,547607,"{'humans': 713, 'elves': 22, 'dwarves': 78, 'halflings': 33, 'half-orcs': 10, 'misc.': 160}",30,monster attack,['Monarchy'],"{'poor': 0.4507, 'middle': 0.3326, 'wealthy': 0.0931, 'aristocrat': 0.1236}",17,"[['grain', 'wine']]","[['coal', 'mercenaries', 'ore', 'silk', 'spices']]",Ruler AMN-857,mercenary heavy,arcanum,Common,Chauntea,169970,832884482,334.38,64.9,74.4,0,0,synthetic generator v2,derived,0.88,7707227,-3,13.6,63.85473,-46.73944
Tethyr Settlement 0127,Tethyr,Darromar,328,2933307,154192,"{'humans': 234, 'elves': 35, 'dwarves': 25, 'halflings': 6, 'half-orcs': 7, 'misc.': 21}",128,famine,['Monarchy'],"{'poor': 0.466, 'middle': 0.2343, 'wealthy': 0.0812, 'aristocrat': 0.2185}",20,[['armor']],"[['glass', 'parchment']]",Ruler TET-55,mercenary heavy,arcanum,Halfling,Lathander,193641,937694481,123.74,60.2,75.3,3,0,synthetic generator v2,derived,0.56,4103468,-1,26.5,2.91966,-76.99765
Amn Settlement 0128,Amn,Athkatla,3731,10883080,756083,"{'humans': 3070, 'elves': 402, 'dwarves': 258, 'halflings': 79, 'half-orcs': 143, 'misc.': 0}",60,famine,['Satrapy'],"{'poor': 0.5815, 'middle': 0.3407, 'wealthy': 0.0446, 'aristocrat': 0.0332}",9,"[['grain', 'horses', 'timber']]","[['coal', 'silk']]",Ruler AMN-810,small militia,None,"Common, Elvish",Chauntea,169970,832884482,192.67,60.5,91.4,6,0,synthetic generator v2,synthetic,0.66,10254764,1,28.2,69.03042,52.96622
Amn Settlement 0129,Amn,Athkatla,2049,8538677,223673,"{'humans': 1535, 'elves': 157, 'dwarves': 157, 'halflings': 84, 'half-orcs': 67, 'misc.': 49}",129,arcane mishap,['Democracy'],"{'poor': 0.5294, 'middle': 0.3231, 'wealthy': 0.0845, 'aristocrat': 0.0629}",18,"[['books', 'grain', 'weapons']]",[['ore']],Ruler AMN-218,mercenary heavy,None,Common,Chauntea,169970,832884482,132.2,69.6,66.1,4,0,synthetic generator v2,derived,0.68,7761176,2,28.4,55.98092,30.43669
Calimshan Settlement 0130,Calimshan,Memnon,358,3282155,48319,"{'humans': 283, 'elves': 20, 'dwarves': 16, 'halflings': 34, 'half-orcs': 7, 'misc.': 0}",159,disease,['Patriarchy'],"{'poor': 0.4542, 'middle': 0.2345, 'wealthy': 0.0873, 'aristocrat': 0.2239}",15,[['cloth']],"[['coal', 'glass', 'magic items', 'parchment', 'silk']]",Ruler CAL-432,naval patrol,guilds,"Dwarvish, Elvish, Halfling","Chauntea, Selune, Tyr",175132,771448209,455.69,75.5,40.2,5,0,synthetic generator v2,synthetic,0.39,3369556,-4,29.5,55.01779,95.93579
Neverwinter Settlement 0131,Neverwinter,Neverwinter,617,1121047,1043,"{'humans': 405, 'elves': 57, 'dwarves': 51, 'halflings': 58, 'half-orcs': 22, 'misc.': 24}",105,arcane mishap,['Satrapy'],"{'poor': 0.6429, 'middle': 0.3267, 'wealthy': 0.0255, 'aristocrat': 0.0049}",14,"[['cloth', 'wine']]","[['glass', 'ore', 'silk']]",Ruler NEV-211,naval patrol,local academy,"Common, Draconic, Halfling","Lathander, Torm, Tyr",177268,765621383,277.55,53.2,47.0,6,0,synthetic generator v2,synthetic,0.45,1241602,-1,32.2,68.23442,-78.96849
Sembia Settlement 0132,Sembia,Selgaunt,80,383807,20385,"{'humans': 65, 'elves': 5, 'dwarves': 2, 'halflings': 5, 'half-orcs': 1, 'misc.': 2}",34,famine,['Democracy'],"{'poor': 0.5201, 'middle': 0.3358, 'wealthy': 0.0545, 'aristocrat': 0.0895}",6,"[['gems', 'grain', 'salt', 'timber', 'weapons']]","[['jewelry', 'magic items', 'parchment', 'spices']]",Ruler SEM-14,small militia,local academy,"Draconic, Orc","Chauntea, Mystra, Torm",158418,730633739,334.89,48.1,38.6,9,0,synthetic generator v2,derived,0.43,369973,1,36.3,67.01572,-14.92706
Waterdeep Settlement 0133,Waterdeep,Waterdeep,416,819753,27116,"{'humans': 276, 'elves': 19, 'dwarves': 18, 'halflings': 16, 'half-orcs': 13, 'misc.': 74}",128,disease,['Patriarchy'],"{'poor': 0.651, 'middle': 0.2906, 'wealthy': 0.0536, 'aristocrat': 0.0048}",15,[['horses']],"[['magic items', 'ore', 'silk']]",Ruler WAT-831,professional guard,guilds,Dwarvish,"Lathander, Torm, Tyr",236326,985356857,269.9,49.7,45.5,2,0,synthetic generator v2,synthetic,0.68,683398,-2,19.0,-6.94561,38.92575
Calimshan Settlement 0134,Calimshan,Memnon,438,2247164,173829,"{'humans': 344, 'elves': 29, 'dwarves': 30, 'halflings': 12, 'half-orcs': 26, 'misc.': 0}",43,famine,['Democracy'],"{'poor': 0.4665, 'middle': 0.3734, 'wealthy': 0.0656, 'aristocrat': 0.0944}",0,"[['grain', 'horses', 'salt', 'timber', 'wine']]","[['coal', 'magic items', 'ore', 'silk']]",Ruler CAL-997,professional guard,None,Dwarvish,"Selune, Tempus, Torm",175132,771448209,370.49,81.9,26.4,3,0,synthetic generator v2,derived,0.92,3141919,1,10.5,-32.14506,70.39813
Calimshan Settlement 0135,Calimshan,Memnon,2029,14970185,798814,"{'humans': 1457, 'elves': 227, 'dwarves': 107, 'halflings': 194, 'half-orcs': 31, 'misc.': 13}",163,monster attack,['Satrapy'],"{'poor': 0.5128, 'middle': 0.2658, 'wealthy': 0.0442, 'aristocrat': 0.1773}",8,"[['timber', 'weapons']]","[['jewelry', 'ore', 'parchment']]",Ruler CAL-845,mercenary heavy,arcanum,Elvish,"Lathander, Tempus, Torm",175132,771448209,343.22,81.9,27.4,9,0,synthetic generator v2,synthetic,0.52,11638473,-1,37.9,15.82557,-35.86845
Tethyr Settlement 0136,Tethyr,Darromar,314,2612477,228758,"{'humans': 272, 'elves': 25, 'dwarves': 25, 'halflings': 30, 'half-orcs': 17, 'misc.': 0}",124,war,['Democracy'],"{'poor': 0.4808, 'middle': 0.2698, 'wealthy': 0.0425, 'aristocrat': 0.2068}",15,"[['armor', 'grain', 'horses', 'salt', 'wine']]","[['glass', 'magic items']]",Ruler TET-820,naval patrol,None,"Dwarvish, Elvish, Halfling",Tyr,193641,937694481,516.15,67.1,43.8,0,0,synthetic generator v2,derived,0.65,3498596,3,12.0,17.48573,-37.28469
Cormyr Settlement 0137,Cormyr,Suzail,2268,11879217,208657,"{'humans': 1748, 'elves': 175, 'dwarves': 69, 'halflings': 51, 'half-orcs': 102, 'misc.': 123}",52,war,['Magocracy'],"{'poor': 0.5383, 'middle': 0.3138, 'wealthy': 0.0392, 'aristocrat': 0.1087}",6,"[['fish', 'horses', 'wine']]","[['coal', 'glass', 'parchment', 'silk', 'spices']]",Ruler COR-655,small militia,None,Draconic,"Lathander, Selune",142577,750902532,306.32,64.6,42.8,4,0,synthetic generator v2,synthetic,0.94,13865858,-2,18.8,37.99696,0.84962
Baldurs Gate Settlement 0138,Baldurs Gate,Baldur's Gate,475,2667703,156177,"{'humans': 352, 'elves': 50, 'dwarves': 14, 'halflings': 45, 'half-orcs': 18, 'misc.': 0}",37,war,['Democracy'],"{'poor': 0.562, 'middle': 0.2303, 'wealthy': 0.0965, 'aristocrat': 0.1112}",1,[['wine']],"[['coal', 'glass', 'ore', 'spices']]",Ruler BAL-570,mercenary heavy,guilds,"Common, Draconic, Dwarvish",Lathander,241116,953675704,257.44,59.1,68.6,7,1,synthetic generator v2,synthetic,0.9,2303278,-3,26.2,4.37156,-52.1172
Neverwinter Settlement 0139,Neverwinter,Neverwinter,1840,3302122,27182,"{'humans': 1271, 'elves': 57, 'dwarves': 68, 'halflings': 159, 'half-orcs': 79, 'misc.': 206}",28,famine,['Confederacy'],"{'poor': 0.6376, 'middle': 0.3367, 'wealthy': 0.021, 'aristocrat': 0.0047}",0,"[['books', 'cloth', 'horses', 'wine']]","[['coal', 'jewelry', 'ore', 'parchment', 'silk']]",Ruler NEV-108,mercenary heavy,arcanum,Draconic,"Chauntea, Tempus, Torm",177268,765621383,19.45,52.6,59.6,8,0,synthetic generator v2,synthetic,0.86,4244038,-1,28.0,33.61623,84.48352
Waterdeep Settlement 0140,Waterdeep,Waterdeep,474,853890,2205,"{'humans': 369, 'elves': 16, 'dwarves': 23, 'halflings': 11, 'half-orcs': 15, 'misc.': 40}",106,old age,['Satrapy'],"{'poor': 0.674, 'middle': 0.293, 'wealthy': 0.0267, 'aristocrat': 0.0064}",19,[['salt']],[['jewelry']],Ruler WAT-372,mercenary heavy,arcanum,"Dwarvish, Elvish, Halfling","Chauntea, Lathander, Tyr",236326,985356857,217.73,48.2,47.7,2,0,synthetic generator v2,derived,0.69,1001950,0,22.2,-8.41871,23.73093
Tethyr Settlement 0141,Tethyr,Darromar,1022,6765234,82470,"{'humans': 875, 'elves': 22, 'dwarves': 60, 'halflings': 44, 'half-orcs': 21, 'misc.': 0}",65,old age,['Dictatorship'],"{'poor': 0.5396, 'middle': 0.2669, 'wealthy': 0.0385, 'aristocrat': 0.1551}",0,"[['cloth', 'fish', 'salt']]","[['glass', 'jewelry', 'silk']]",Ruler TET-880,naval patrol,arcanum,"Common, Dwarvish",Chauntea,193641,937694481,192.43,70.1,75.5,1,0,synthetic generator v2,derived,0.83,8187211,0,3.5,53.52779,96.51389
Cormyr Settlement 0142,Cormyr,Suzail,5110,25543602,2596083,"{'humans': 4431, 'elves': 313, 'dwarves': 428, 'halflings': 362, 'half-orcs': 261, 'misc.': 0}",30,old age,['Dictatorship'],"{'poor': 0.6086, 'middle': 0.24, 'wealthy': 0.0472, 'aristocrat': 0.1042}",9,[['weapons']],"[['glass', 'jewelry', 'ore', 'parchment', 'spices']]",Ruler COR-249,naval patrol,None,"Dwarvish, Halfling, Orc",Chauntea,142577,750902532,530.82,65.2,42.5,5,0,synthetic generator v2,derived,0.82,34990288,-4,24.7,-5.69669,19.06388
Tethyr Settlement 0143,Tethyr,Darromar,7827,26605033,428004,"{'humans': 5267, 'elves': 800, 'dwarves': 639, 'halflings': 469, 'half-orcs': 85, 'misc.': 567}",142,war,['Satrapy'],"{'poor': 0.6161, 'middle': 0.3045, 'wealthy': 0.0231, 'aristocrat': 0.0563}",19,"[['gems', 'salt', 'weapons', 'wine']]",[['ore']],Ruler TET-607,small militia,arcanum,"Elvish, Halfling, Orc",Tempus,193641,937694481,112.24,66.1,56.4,1,0,synthetic generator v2,synthetic,0.63,35346871,3,18.7,57.15346,-52.15941
Baldurs Gate Settlement 0144,Baldurs Gate,Baldur's Gate,203,450860,19443,"{'humans': 174, 'elves': 23, 'dwarves': 19, 'halflings': 19, 'half-orcs': 6, 'misc.': 0}",137,monster attack,['Satrapy'],"{'poor': 0.5903, 'middle': 0.3326, 'wealthy': 0.0721, 'aristocrat': 0.0049}",5,"[['books', 'weapons']]","[['glass', 'magic items', 'mercenaries', 'parchment', 'spices']]",Ruler BAL-1,professional guard,None,Draconic,"Tempus, Torm",241116,953675704,70.71,54.9,44.8,10,0,synthetic generator v2,derived,0.46,618114,-3,39.0,3.35075,96.48171
Tethyr Settlement 0145,Tethyr,Darromar,933,2075417,66834,"{'humans': 773, 'elves': 23, 'dwarves': 37, 'halflings': 63, 'half-orcs': 49, 'misc.': 0}",164,disease,['Merchant Council'],"{'poor': 0.6026, 'middle': 0.3144, 'wealthy': 0.0784, 'aristocrat': 0.0046}",14,"[['armor', 'horses', 'salt', 'timber']]",[['mercenaries']],Ruler TET-903,professional guard,local academy,Halfling,"Lathander, Tempus",193641,937694481,544.77,68.5,59.0,1,0,synthetic generator v2,derived,0.8,1562149,3,14.7,-3.8858,-90.83201
Calimshan Settlement 0146,Calimshan,Memnon,2159,7387040,768079,"{'humans': 1597, 'elves': 218, 'dwarves': 151, 'halflings': 156, 'half-orcs': 30, 'misc.': 7}",86,arcane mishap,['Theocracy'],"{'poor': 0.6437, 'middle': 0.2452, 'wealthy': 0.0596, 'aristocrat': 0.0515}",12,"[['armor', 'grain', 'timber', 'weapons', 'wine']]","[['coal', 'glass', 'magic items', 'mercenaries', 'silk']]",Ruler CAL-497,professional guard,local academy,Orc,Torm,175132,771448209,321.4,79.0,41.2,3,0,synthetic generator v2,derived,0.45,10275035,0,20.1,53.53317,101.60192
Neverwinter Settlement 0147,Neverwinter,Neverwinter,7365,18456008,474393,"{'humans': 5582, 'elves': 531, 'dwarves': 487, 'halflings': 171, 'half-orcs': 289, 'misc.': 305}",45,monster attack,['Confederacy'],"{'poor': 0.528, 'middle': 0.3715, 'wealthy': 0.0955, 'aristocrat': 0.005}",0,"[['grain', 'timber', 'weapons', 'wine']]","[['glass', 'jewelry']]",Ruler NEV-604,small militia,None,"Common, Dwarvish, Orc","Lathander, Selune, Tyr",177268,765621383,82.78,54.2,31.7,1,1,synthetic generator v2,synthetic,0.61,17478538,2,4.4,0.89259,-101.06626
Sembia Settlement 0148,Sembia,Selgaunt,2975,9556894,265092,"{'humans': 2663, 'elves': 141, 'dwarves': 249, 'halflings': 228, 'half-orcs': 110, 'misc.': 0}",64,monster attack,['Monarchy'],"{'poor': 0.5705, 'middle': 0.3462, 'wealthy': 0.0401, 'aristocrat': 0.0432}",20,"[['fish', 'gems', 'grain', 'horses']]","[['coal', 'glass', 'parchment']]",Ruler SEM-34,professional guard,local academy,"Draconic, Orc",Mystra,158418,730633739,520.14,47.4,55.8,10,0,synthetic generator v2,synthetic,0.62,7610682,1,51.0,-8.7929,127.88099
Sembia Settlement 0149,Sembia,Selgaunt,1001,2100264,121640,"{'humans': 807, 'elves': 113, 'dwarves': 83, 'halflings': 53, 'half-orcs': 12, 'misc.': 0}",94,disease,['Theocracy'],"{'poor': 0.6383, 'middle': 0.2876, 'wealthy': 0.0692, 'aristocrat': 0.0049}",0,[['wine']],[['glass']],Ruler SEM-12,naval patrol,arcanum,Orc,"Tempus, Tyr",158418,730633739,159.9,49.8,63.5,10,0,synthetic generator v2,synthetic,0.5,2834305,0,35.0,-6.23285,-33.03794
Tethyr Settlement 0150,Tethyr,Darromar,850,6745579,347147,"{'humans': 742, 'elves': 34, 'dwarves': 75, 'halflings': 20, 'half-orcs': 15, 'misc.': 0}",155,arcane mishap,['Democracy'],"{'poor': 0.4589, 'middle': 0.2892, 'wealthy': 0.064, 'aristocrat': 0.1879}",0,"[['armor', 'fish', 'horses', 'weapons']]","[['coal', 'jewelry', 'mercenaries', 'ore', 'silk']]",Ruler TET-663,small militia,arcanum,"Draconic, Elvish","Chauntea, Lathander, Torm",193641,937694481,234.43,61.7,64.1,9,3,synthetic generator v2,derived,0.73,8549797,-1,34.2,63.58248,52.62796
Neverwinter Settlement 0151,Neverwinter,Neverwinter,345,1012084,72953,"{'humans': 240, 'elves': 25, 'dwarves': 14, 'halflings': 27, 'half-orcs': 14, 'misc.': 25}",89,monster attack,['Magocracy'],"{'poor': 0.6353, 'middle': 0.2637, 'wealthy': 0.0682, 'aristocrat': 0.0328}",0,"[['books', 'weapons']]","[['coal', 'glass', 'mercenaries', 'parchment', 'spices']]",Ruler NEV-828,naval patrol,arcanum,"Dwarvish, Orc",Mystra,177268,765621383,402.81,41.6,55.8,8,0,synthetic generator v2,synthetic,0.36,968539,-3,28.0,-29.12011,-51.64634
Amn Settlement 0152,Amn,Athkatla,1273,7725698,440371,"{'humans': 1075, 'elves': 53, 'dwarves': 97, 'halflings': 56, 'half-orcs': 56, 'misc.': 0}",81,arcane mishap,['Patriarchy'],"{'poor': 0.452, 'middle': 0.3587, 'wealthy': 0.0645, 'aristocrat': 0.1249}",11,"[['books', 'cloth', 'fish', 'gems']]","[['coal', 'magic items', 'mercenaries', 'parchment', 'silk']]",Ruler AMN-56,professional guard,arcanum,"Draconic, Elvish","Selune, Torm",169970,832884482,473.8,63.1,82.7,6,0,synthetic generator v2,synthetic,0.51,6011271,-1,29.8,-29.95443,-98.86451
Sembia Settlement 0153,Sembia,Selgaunt,2214,16052458,703221,"{'humans': 1647, 'elves': 164, 'dwarves': 141, 'halflings': 73, 'half-orcs': 91, 'misc.': 98}",111,arcane mishap,['Merchant Council'],"{'poor': 0.4948, 'middle': 0.2842, 'wealthy': 0.0506, 'aristocrat': 0.1704}",0,[['books']],[['ore']],Ruler SEM-999,naval patrol,guilds,Halfling,"Mystra, Selune, Tyr",158418,730633739,28.69,58.6,43.0,4,0,synthetic generator v2,synthetic,0.84,21770673,0,14.0,36.55715,126.38848
Calimshan Settlement 0154,Calimshan,Memnon,669,1452119,114344,"{'humans': 576, 'elves': 30, 'dwarves': 34, 'halflings': 33, 'half-orcs': 31, 'misc.': 0}",87,crime,['Magocracy'],"{'poor': 0.5878, 'middle': 0.3444, 'wealthy': 0.063, 'aristocrat': 0.0049}",0,[['fish']],"[['glass', 'jewelry', 'mercenaries', 'silk']]",Ruler CAL-121,professional guard,None,"Draconic, Elvish, Halfling",Mystra,175132,771448209,150.55,80.2,20.2,0,0,synthetic generator v2,derived,0.85,1562666,-3,0.0,66.96447,61.30608
Amn Settlement 0155,Amn,Athkatla,1383,8942695,573368,"{'humans': 1228, 'elves': 99, 'dwarves': 122, 'halflings': 79, 'half-orcs': 40, 'misc.': 0}",76,arcane mishap,['Democracy'],"{'poor': 0.5478, 'middle': 0.2693, 'wealthy': 0.0307, 'aristocrat': 0.1522}",3,"[['cloth', 'grain', 'timber', 'weapons']]",[['mercenaries']],Ruler AMN-241,professional guard,guilds,Halfling,"Lathander, Torm, Tyr",169970,832884482,89.5,64.3,56.4,5,0,synthetic generator v2,derived,0.45,8194057,3,19.9,25.98882,68.24476
Waterdeep Settlement 0156,Waterdeep,Waterdeep,4137,9221600,545449,"{'humans': 3582, 'elves': 366, 'dwarves': 398, 'halflings': 128, 'half-orcs': 163, 'misc.': 0}",49,monster attack,['Confederacy'],"{'poor': 0.6335, 'middle': 0.273, 'wealthy': 0.0886, 'aristocrat': 0.0049}",0,"[['fish', 'timber']]","[['jewelry', 'ore']]",Ruler WAT-672,professional guard,arcanum,"Common, Dwarvish","Mystra, Tempus, Torm",236326,985356857,305.61,54.6,30.6,9,0,synthetic generator v2,synthetic,0.91,7752342,0,31.5,-25.3245,49.63397
Sembia Settlement 0157,Sembia,Selgaunt,2732,19887658,1352621,"{'humans': 2415, 'elves': 238, 'dwarves': 143, 'halflings': 172, 'half-orcs': 127, 'misc.': 0}",165,disease,['Democracy'],"{'poor': 0.5734, 'middle': 0.2137, 'wealthy': 0.0319, 'aristocrat': 0.181}",19,"[['timber', 'weapons', 'wine']]","[['coal', 'jewelry', 'mercenaries', 'ore']]",Ruler SEM-249,small militia,local academy,"Common, Elvish, Halfling","Chauntea, Mystra, Torm",158418,730633739,255.48,49.7,54.9,7,0,synthetic generator v2,derived,0.7,18133999,-1,39.7,3.39737,59.54931
Tethyr Settlement 0158,Tethyr,Darromar,1012,9828130,265690,"{'humans': 742, 'elves': 115, 'dwarves': 63, 'halflings': 73, 'half-orcs': 25, 'misc.': 0}",142,monster attack,['Monarchy'],"{'poor': 0.4861, 'middle': 0.2293, 'wealthy': 0.0279, 'aristocrat': 0.2567}",0,"[['gems', 'salt']]","[['jewelry', 'magic items', 'ore', 'silk', 'spices']]",Ruler TET-255,naval patrol,arcanum,"Draconic, Dwarvish, Elvish","Chauntea, Lathander, Mystra",193641,937694481,119.4,62.5,78.8,3,0,synthetic generator v2,synthetic,0.47,12635450,-3,10.5,67.0857,48.83547
Cormyr Settlement 0159,Cormyr,Suzail,2706,10325212,371284,"{'humans': 2055, 'elves': 155, 'dwarves': 151, 'halflings': 152, 'half-orcs': 145, 'misc.': 48}",73,arcane mishap,['Patriarchy'],"{'poor': 0.5113, 'middle': 0.3436, 'wealthy': 0.0981, 'aristocrat': 0.047}",17,"[['books', 'salt']]","[['coal', 'magic items', 'mercenaries', 'ore']]",Ruler COR-30,small militia,local academy,"Common, Dwarvish, Elvish",Chauntea,142577,750902532,348.51,66.6,67.0,7,0,synthetic generator v2,synthetic,0.85,7795526,-2,38.1,71.1463,63.68022
Suzail,Cormyr,Suzail,187,788877,6145,"{'humans': 150, 'elves': 14, 'dwarves': 10, 'halflings': 9, 'half-orcs': 7, 'misc.': 0}",176,arcane mishap,['Satrapy'],"{'poor': 0.6724, 'middle': 0.206, 'wealthy': 0.0366, 'aristocrat': 0.085}",8,"[['gems', 'grain', 'timber']]","[['coal', 'glass', 'mercenaries', 'silk']]",Ruler COR-827,professional guard,arcanum,"Dwarvish, Elvish","Selune, Tempus, Torm",142577,750902532,182.26,54.4,60.3,0,0,synthetic generator v2,synthetic,0.39,952247,-1,6.4,68.96635,49.23153
Baldurs Gate Settlement 0161,Baldurs Gate,Baldur's Gate,2147,4076808,53390,"{'humans': 1893, 'elves': 170, 'dwarves': 187, 'halflings': 56, 'half-orcs': 121, 'misc.': 0}",44,arcane mishap,['Confederacy'],"{'poor': 0.6056, 'middle': 0.3632, 'wealthy': 0.0265, 'aristocrat': 0.0047}",0,[['armor']],"[['coal', 'magic items', 'mercenaries', 'silk']]",Ruler BAL-122,professional guard,guilds,Common,Torm,241116,953675704,406.82,60.9,51.7,10,0,synthetic generator v2,derived,0.47,4967941,-3,35.0,-34.19567,80.63099
Neverwinter Settlement 0162,Neverwinter,Neverwinter,917,5063283,251648,"{'humans': 602, 'elves': 86, 'dwarves': 30, 'halflings': 79, 'half-orcs': 41, 'misc.': 79}",29,old age,['Magocracy'],"{'poor': 0.6233, 'middle': 0.228, 'wealthy': 0.0204, 'aristocrat': 0.1283}",2,[['wine']],"[['coal', 'mercenaries']]",Ruler NEV-45,small militia,None,Dwarvish,Mystra,177268,765621383,253.34,48.7,52.6,1,0,synthetic generator v2,synthetic,0.92,4518621,-1,5.1,22.90176,-67.17919
Cormyr Settlement 0163,Cormyr,Suzail,5310,9983216,626545,"{'humans': 4400, 'elves': 533, 'dwarves': 276, 'halflings': 249, 'half-orcs': 232, 'misc.': 0}",133,arcane mishap,['Patriarchy'],"{'poor': 0.6721, 'middle': 0.2774, 'wealthy': 0.0455, 'aristocrat': 0.005}",19,"[['armor', 'books', 'timber', 'wine']]","[['coal', 'glass', 'magic items', 'mercenaries', 'silk']]",Ruler COR-433,professional guard,local academy,"Draconic, Halfling, Orc","Chauntea, Lathander, Mystra",142577,750902532,534.07,54.2,54.8,2,0,synthetic generator v2,synthetic,0.67,12816468,-1,22.2,-33.12917,-43.25033
Waterdeep Settlement 0164,Waterdeep,Waterdeep,1453,7889518,449038,"{'humans': 984, 'elves': 111, 'dwarves': 127, 'halflings': 107, 'half-orcs': 46, 'misc.': 78}",150,crime,['Monarchy'],"{'poor': 0.5917, 'middle': 0.2226, 'wealthy': 0.074, 'aristocrat': 0.1118}",17,[['fish']],[['coal']],Ruler WAT-716,naval patrol,arcanum,"Dwarvish, Halfling, Orc",Mystra,236326,985356857,387.95,50.0,33.0,8,0,synthetic generator v2,synthetic,0.5,6510620,0,41.6,-15.82278,-39.41548
Waterdeep Settlement 0165,Waterdeep,Waterdeep,1340,4680931,20247,"{'humans': 925, 'elves': 40, 'dwarves': 90, 'halflings': 67, 'half-orcs': 70, 'misc.': 148}",150,disease,['Theocracy'],"{'poor': 0.4799, 'middle': 0.3969, 'wealthy': 0.0871, 'aristocrat': 0.0362}",8,"[['books', 'salt', 'timber', 'weapons']]","[['jewelry', 'mercenaries', 'silk']]",Ruler WAT-672,small militia,None,"Common, Elvish, Halfling",Chauntea,236326,985356857,487.43,47.1,31.7,3,0,synthetic generator v2,derived,0.62,4740777,1,16.9,-14.06557,-23.02209
Tethyr Settlement 0166,Tethyr,Darromar,2643,9487100,235771,"{'humans': 2041, 'elves': 130, 'dwarves': 128, 'halflings': 245, 'half-orcs': 63, 'misc.': 36}",169,old age,['Merchant Council'],"{'poor': 0.6352, 'middle': 0.2378, 'wealthy': 0.0735, 'aristocrat': 0.0536}",18,"[['weapons', 'wine']]","[['mercenaries', 'spices']]",Ruler TET-76,small militia,guilds,"Draconic, Dwarvish, Orc",Torm,193641,937694481,260.36,67.1,69.3,7,0,synthetic generator v2,derived,0.37,9464370,0,38.9,37.94224,53.64624
Sembia Settlement 0167,Sembia,Selgaunt,8325,37944829,974522,"{'humans': 6020, 'elves': 550, 'dwarves': 539, 'halflings': 739, 'half-orcs': 327, 'misc.': 150}",61,war,['Monarchy'],"{'poor': 0.5275, 'middle': 0.3235, 'wealthy': 0.0701, 'aristocrat': 0.0788}",16,[['cloth']],"[['coal', 'parchment', 'silk', 'spices']]",Ruler SEM-465,naval patrol,local academy,Elvish,"Chauntea, Lathander, Selune",158418,730633739,251.38,54.7,65.4,7,0,synthetic generator v2,synthetic,0.86,43024034,-3,37.3,2.0981,-97.60358
Amn Settlement 0168,Amn,Athkatla,1456,4330491,123929,"{'humans': 1185, 'elves': 125, 'dwarves': 44, 'halflings': 89, 'half-orcs': 19, 'misc.': 0}",78,crime,['Monarchy'],"{'poor': 0.6618, 'middle': 0.219, 'wealthy': 0.087, 'aristocrat': 0.0322}",16,"[['cloth', 'fish', 'grain', 'horses', 'timber']]","[['ore', 'parchment']]",Ruler AMN-740,small militia,arcanum,"Dwarvish, Elvish",Chauntea,169970,832884482,158.39,66.5,83.2,0,0,synthetic generator v2,synthetic,0.64,5465252,3,12.8,-8.00831,24.0052
Cormyr Settlement 0169,Cormyr,Suzail,2737,6227697,376722,"{'humans': 2085, 'elves': 65, 'dwarves': 218, 'halflings': 207, 'half-orcs': 53, 'misc.': 109}",53,monster attack,['Democracy'],"{'poor': 0.6925, 'middle': 0.2108, 'wealthy': 0.0851, 'aristocrat': 0.0115}",0,[['timber']],[['silk']],Ruler COR-256,professional guard,guilds,Draconic,"Selune, Tyr",142577,750902532,476.22,53.4,53.5,1,0,synthetic generator v2,synthetic,0.93,7240886,0,3.5,43.13209,-102.07797
Baldurs Gate Settlement 0170,Baldurs Gate,Baldur's Gate,1656,3232847,277015,"{'humans': 1175, 'elves': 163, 'dwarves': 95, 'halflings': 98, 'half-orcs': 44, 'misc.': 81}",113,war,['Democracy'],"{'poor': 0.6084, 'middle': 0.3499, 'wealthy': 0.0371, 'aristocrat': 0.0045}",0,"[['gems', 'grain', 'horses', 'weapons']]","[['glass', 'jewelry', 'ore', 'silk', 'spices']]",Ruler BAL-63,small militia,local academy,"Draconic, Halfling","Chauntea, Selune, Tempus",241116,953675704,410.26,50.4,60.6,3,0,synthetic generator v2,synthetic,0.49,4455186,-1,10.5,-35.89362,-100.76486
Amn Settlement 0171,Amn,Athkatla,4800,15046000,405461,"{'humans': 3386, 'elves': 264, 'dwarves': 148, 'halflings': 322, 'half-orcs': 92, 'misc.': 588}",170,monster attack,['Dictatorship'],"{'poor': 0.556, 'middle': 0.3623, 'wealthy': 0.0427, 'aristocrat': 0.039}",0,"[['armor', 'cloth', 'fish', 'gems', 'horses']]","[['coal', 'glass', 'jewelry']]",Ruler AMN-843,professional guard,arcanum,"Draconic, Elvish, Orc","Chauntea, Tempus, Torm",169970,832884482,344.61,60.6,61.9,9,0,synthetic generator v2,synthetic,0.77,18134312,2,31.5,-10.30142,-117.78555
Cormyr Settlement 0172,Cormyr,Suzail,108,531795,6080,"{'humans': 92, 'elves': 6, 'dwarves': 6, 'halflings': 5, 'half-orcs': 3, 'misc.': 0}",42,war,['Monarchy'],"{'poor': 0.5005, 'middle': 0.331, 'wealthy': 0.0819, 'aristocrat': 0.0866}",0,"[['fish', 'grain', 'horses', 'timber']]","[['coal', 'glass', 'mercenaries', 'silk']]",Ruler COR-514,small militia,guilds,"Common, Dwarvish","Lathander, Tempus",142577,750902532,336.86,62.8,55.5,10,0,synthetic generator v2,derived,0.77,629566,0,35.0,21.94054,79.76037
Amn Settlement 0173,Amn,Athkatla,2778,25382508,480733,"{'humans': 2338, 'elves': 68, 'dwarves': 112, 'halflings': 162, 'half-orcs': 128, 'misc.': 0}",169,war,['Magocracy'],"{'poor': 0.4603, 'middle': 0.2249, 'wealthy': 0.0926, 'aristocrat': 0.2222}",0,[['armor']],"[['coal', 'glass', 'jewelry']]",Ruler AMN-512,mercenary heavy,local academy,"Dwarvish, Elvish, Halfling","Mystra, Selune, Torm",169970,832884482,174.06,67.0,69.1,0,0,synthetic generator v2,synthetic,0.53,32082648,-2,0.0,-12.58952,-26.31663
Calimshan Settlement 0174,Calimshan,Memnon,680,5234587,365494,"{'humans': 591, 'elves': 72, 'dwarves': 22, 'halflings': 22, 'half-orcs': 18, 'misc.': 0}",145,war,['Democracy'],"{'poor': 0.4983, 'middle': 0.2452, 'wealthy': 0.0762, 'aristocrat': 0.1803}",4,"[['books', 'fish', 'grain', 'timber', 'wine']]","[['ore', 'parchment', 'silk']]",Ruler CAL-474,mercenary heavy,guilds,Dwarvish,Selune,175132,771448209,268.99,81.5,16.6,3,0,synthetic generator v2,derived,0.67,5376760,2,13.7,46.96649,61.34914
Neverwinter Settlement 0175,Neverwinter,Neverwinter,4799,11963141,623424,"{'humans': 4105, 'elves': 246, 'dwarves': 346, 'halflings': 310, 'half-orcs': 125, 'misc.': 0}",151,war,['Dictatorship'],"{'poor': 0.544, 'middle': 0.3879, 'wealthy': 0.0537, 'aristocrat': 0.0144}",0,"[['gems', 'grain', 'horses']]","[['parchment', 'silk']]",Ruler NEV-604,professional guard,None,"Draconic, Halfling","Chauntea, Lathander, Torm",177268,765621383,347.37,46.6,56.0,10,0,synthetic generator v2,derived,0.72,14562046,1,35.0,10.80908,-113.86141
Neverwinter Settlement 0176,Neverwinter,Neverwinter,2354,15511747,433512,"{'humans': 1761, 'elves': 88, 'dwarves': 127, 'halflings': 55, 'half-orcs': 74, 'misc.': 249}",51,famine,['Theocracy'],"{'poor': 0.5589, 'middle': 0.2474, 'wealthy': 0.0381, 'aristocrat': 0.1556}",6,"[['books', 'grain']]","[['glass', 'magic items', 'spices']]",Ruler NEV-333,professional guard,arcanum,"Dwarvish, Halfling","Chauntea, Tempus",177268,765621383,184.71,49.6,44.0,8,0,synthetic generator v2,derived,0.58,19386884,-1,32.8,-16.36964,84.84005
Calimshan Settlement 0177,Calimshan,Memnon,950,8443882,354715,"{'humans': 755, 'elves': 95, 'dwarves': 63, 'halflings': 76, 'half-orcs': 29, 'misc.': 0}",73,disease,['Democracy'],"{'poor': 0.464, 'middle': 0.254, 'wealthy': 0.0615, 'aristocrat': 0.2206}",0,"[['cloth', 'gems', 'salt', 'timber']]","[['jewelry', 'mercenaries', 'parchment']]",Ruler CAL-603,professional guard,arcanum,"Halfling, Orc",Chauntea,175132,771448209,207.9,84.8,19.8,0,0,synthetic generator v2,synthetic,0.84,7196604,1,0.0,4.29468,40.58609
Calimshan Settlement 0178,Calimshan,Memnon,147,1292302,44010,"{'humans': 105, 'elves': 12, 'dwarves': 9, 'halflings': 12, 'half-orcs': 5, 'misc.': 4}",129,war,['Merchant Council'],"{'poor': 0.5144, 'middle': 0.2082, 'wealthy': 0.055, 'aristocrat': 0.2224}",0,"[['books', 'fish', 'salt', 'timber']]","[['coal', 'silk', 'spices']]",Ruler CAL-635,professional guard,None,"Common, Elvish, Halfling","Lathander, Selune",175132,771448209,524.12,82.6,12.5,10,0,synthetic generator v2,synthetic,0.69,1346822,1,35.0,46.27403,2.54544
Tethyr Settlement 0179,Tethyr,Darromar,2989,6472050,311574,"{'humans': 2640, 'elves': 167, 'dwarves': 225, 'halflings': 89, 'half-orcs': 172, 'misc.': 0}",77,old age,['Dictatorship'],"{'poor': 0.589, 'middle': 0.3431, 'wealthy': 0.0631, 'aristocrat': 0.0048}",9,"[['books', 'horses', 'wine']]","[['jewelry', 'magic items', 'mercenaries', 'ore']]",Ruler TET-457,professional guard,guilds,"Common, Draconic, Dwarvish","Chauntea, Lathander, Selune",193641,937694481,44.3,65.0,55.5,0,0,synthetic generator v2,synthetic,0.87,5056323,-1,7.2,72.45858,-116.52545
Tethyr Settlement 0180,Tethyr,Darromar,2331,8720683,566044,"{'humans': 1521, 'elves': 241, 'dwarves': 198, 'halflings': 222, 'half-orcs': 51, 'misc.': 98}",151,old age,['Monarchy'],"{'poor': 0.5629, 'middle': 0.3105, 'wealthy': 0.073, 'aristocrat': 0.0535}",15,"[['cloth', 'fish', 'gems', 'horses']]","[['coal', 'magic items', 'mercenaries', 'spices']]",Ruler TET-709,naval patrol,guilds,"Draconic, Elvish, Halfling","Chauntea, Mystra, Torm",193641,937694481,520.25,61.3,60.2,8,0,synthetic generator v2,synthetic,0.4,8204717,0,40.0,-6.86145,118.12441
Sembia Settlement 0181,Sembia,Selgaunt,865,6695769,207507,"{'humans': 696, 'elves': 35, 'dwarves': 58, 'halflings': 49, 'half-orcs': 28, 'misc.': 0}",94,old age,['Confederacy'],"{'poor': 0.5281, 'middle': 0.2083, 'wealthy': 0.0806, 'aristocrat': 0.183}",11,"[['books', 'fish', 'gems', 'grain', 'wine']]","[['ore', 'silk']]",Ruler SEM-891,professional guard,guilds,"Draconic, Elvish","Lathander, Selune",158418,730633739,19.06,48.3,51.4,4,0,synthetic generator v2,derived,0.73,8637551,3,22.8,40.56803,-97.2755
Neverwinter Settlement 0182,Neverwinter,Neverwinter,412,842383,77871,"{'humans': 324, 'elves': 44, 'dwarves': 15, 'halflings': 22, 'half-orcs': 14, 'misc.': 0}",38,crime,['Patriarchy'],"{'poor': 0.6322, 'middle': 0.3041, 'wealthy': 0.0589, 'aristocrat': 0.0048}",0,[['wine']],"[['coal', 'jewelry', 'magic items', 'ore', 'silk']]",Ruler NEV-85,professional guard,None,"Elvish, Halfling","Chauntea, Tyr",177268,765621383,73.7,42.0,51.7,6,0,synthetic generator v2,synthetic,0.64,1010877,-4,21.0,0.09552,72.257
Neverwinter Settlement 0183,Neverwinter,Neverwinter,10123,20454569,800461,"{'humans': 6595, 'elves': 579, 'dwarves': 750, 'halflings': 585, 'half-orcs': 284, 'misc.': 1330}",116,old age,['Monarchy'],"{'poor': 0.6697, 'middle': 0.258, 'wealthy': 0.0673, 'aristocrat': 0.005}",4,[['cloth']],"[['coal', 'jewelry', 'spices']]",Ruler NEV-273,mercenary heavy,None,"Common, Draconic, Dwarvish","Mystra, Tempus, Tyr",177268,765621383,53.91,44.3,43.1,9,0,synthetic generator v2,synthetic,0.38,28073179,-2,34.7,-22.34782,37.50393
Neverwinter Settlement 0184,Neverwinter,Neverwinter,3811,16616508,789638,"{'humans': 2873, 'elves': 304, 'dwarves': 254, 'halflings': 158, 'half-orcs': 126, 'misc.': 96}",116,famine,['Theocracy'],"{'poor': 0.6265, 'middle': 0.2267, 'wealthy': 0.0668, 'aristocrat': 0.0801}",0,"[['grain', 'salt']]","[['glass', 'mercenaries', 'ore', 'spices']]",Ruler NEV-370,professional guard,local academy,"Common, Draconic, Halfling","Lathander, Torm",177268,765621383,62.6,46.3,28.8,1,0,synthetic generator v2,derived,0.91,22404889,-2,3.5,8.17472,-20.8955
Amn Settlement 0185,Amn,Athkatla,2927,14244697,299617,"{'humans': 2560, 'elves': 319, 'dwarves': 113, 'halflings': 275, 'half-orcs': 150, 'misc.': 0}",59,disease,['Theocracy'],"{'poor': 0.5892, 'middle': 0.2753, 'wealthy': 0.0345, 'aristocrat': 0.101}",5,"[['armor', 'books', 'grain', 'horses', 'salt']]","[['glass', 'magic items', 'ore', 'silk', 'spices']]",Ruler AMN-488,mercenary heavy,None,"Elvish, Orc","Selune, Tyr",169970,832884482,39.2,61.8,69.7,0,1,synthetic generator v2,synthetic,0.92,15198459,0,4.9,-23.26473,95.68208
Sembia Settlement 0186,Sembia,Selgaunt,342,2108703,1035,"{'humans': 285, 'elves': 8, 'dwarves': 26, 'halflings': 7, 'half-orcs': 13, 'misc.': 3}",174,famine,['Monarchy'],"{'poor': 0.4926, 'middle': 0.3228, 'wealthy': 0.0506, 'aristocrat': 0.134}",0,"[['horses', 'timber', 'weapons']]","[['jewelry', 'ore', 'spices']]",Ruler SEM-288,small militia,guilds,Orc,"Chauntea, Selune, Torm",158418,730633739,27.35,60.1,49.7,1,0,synthetic generator v2,synthetic,0.55,1984703,0,3.5,18.30297,-33.41617
Amn Settlement 0187,Amn,Athkatla,3287,16092193,1356895,"{'humans': 2399, 'elves': 299, 'dwarves': 213, 'halflings': 209, 'half-orcs': 154, 'misc.': 13}",150,famine,['Dictatorship'],"{'poor': 0.4655, 'middle': 0.3833, 'wealthy': 0.0645, 'aristocrat': 0.0867}",0,"[['gems', 'timber', 'weapons', 'wine']]","[['jewelry', 'ore']]",Ruler AMN-938,naval patrol,local academy,Elvish,Lathander,169970,832884482,335.75,60.1,85.6,5,0,synthetic generator v2,derived,0.94,20136784,2,17.5,27.31057,-111.72956
Amn Settlement 0188,Amn,Athkatla,1166,3731275,114558,"{'humans': 834, 'elves': 28, 'dwarves': 69, 'halflings': 105, 'half-orcs': 28, 'misc.': 102}",62,war,['Patriarchy'],"{'poor': 0.5785, 'middle': 0.3041, 'wealthy': 0.0829, 'aristocrat': 0.0345}",0,"[['armor', 'gems', 'horses', 'weapons', 'wine']]","[['glass', 'mercenaries', 'ore', 'spices']]",Ruler AMN-132,mercenary heavy,guilds,"Draconic, Halfling","Lathander, Selune, Tyr",169970,832884482,401.36,73.6,94.0,8,0,synthetic generator v2,derived,0.58,3780539,1,28.0,15.77562,-24.652
Sembia Settlement 0189,Sembia,Selgaunt,1367,10786359,765870,"{'humans': 1093, 'elves': 98, 'dwarves': 54, 'halflings': 62, 'half-orcs': 32, 'misc.': 28}",168,war,['Dictatorship'],"{'poor': 0.4814, 'middle': 0.2527, 'wealthy': 0.0815, 'aristocrat': 0.1844}",13,"[['books', 'salt', 'wine']]","[['glass', 'mercenaries', 'silk', 'spices']]",Ruler SEM-146,small militia,None,"Common, Elvish, Halfling",Tyr,158418,730633739,30.87,56.6,34.2,3,0,synthetic generator v2,synthetic,0.9,10965782,-1,20.9,-19.9962,100.80132
Calimshan Settlement 0190,Calimshan,Memnon,1935,6977078,431700,"{'humans': 1277, 'elves': 116, 'dwarves': 61, 'halflings': 166, 'half-orcs': 99, 'misc.': 216}",112,famine,['Dictatorship'],"{'poor': 0.5813, 'middle': 0.3277, 'wealthy': 0.0321, 'aristocrat': 0.0588}",0,"[['timber', 'wine']]","[['coal', 'magic items', 'ore', 'parchment', 'spices']]",Ruler CAL-321,professional guard,arcanum,"Draconic, Orc","Tempus, Torm",175132,771448209,190.57,85.3,43.4,5,0,synthetic generator v2,derived,0.36,6679004,-3,17.5,38.69889,42.66698
Sembia Settlement 0191,Sembia,Selgaunt,860,5762011,588562,"{'humans': 689, 'elves': 42, 'dwarves': 75, 'halflings': 53, 'half-orcs': 24, 'misc.': 0}",124,crime,['Theocracy'],"{'poor': 0.5195, 'middle': 0.2374, 'wealthy': 0.0994, 'aristocrat': 0.1437}",0,"[['grain', 'horses']]","[['parchment', 'spices']]",Ruler SEM-224,naval patrol,local academy,Dwarvish,Selune,158418,730633739,168.97,56.1,44.6,0,0,synthetic generator v2,synthetic,0.92,7644166,0,0.0,23.49463,102.76968
Cormyr Settlement 0192,Cormyr,Suzail,362,3145566,40647,"{'humans': 279, 'elves': 26, 'dwarves': 25, 'halflings': 34, 'half-orcs': 11, 'misc.': 0}",154,arcane mishap,['Satrapy'],"{'poor': 0.472, 'middle': 0.2672, 'wealthy': 0.0424, 'aristocrat': 0.2185}",16,"[['armor', 'cloth', 'salt', 'wine']]","[['coal', 'glass', 'ore', 'parchment', 'silk']]",Ruler COR-565,mercenary heavy,None,"Draconic, Elvish, Orc",Lathander,142577,750902532,363.22,60.0,46.3,8,0,synthetic generator v2,synthetic,0.54,3844290,-1,40.8,18.52445,-17.74805
Cormyr Settlement 0193,Cormyr,Suzail,1186,2307563,123853,"{'humans': 842, 'elves': 28, 'dwarves': 46, 'halflings': 100, 'half-orcs': 43, 'misc.': 127}",163,disease,['Satrapy'],"{'poor': 0.6277, 'middle': 0.3269, 'wealthy': 0.0404, 'aristocrat': 0.005}",4,[['fish']],"[['jewelry', 'magic items', 'ore', 'parchment', 'silk']]",Ruler COR-432,small militia,guilds,Orc,"Chauntea, Tyr",142577,750902532,219.38,62.2,52.4,8,0,synthetic generator v2,synthetic,0.9,2074256,-4,31.2,-37.00952,84.2823
Sembia Settlement 0194,Sembia,Selgaunt,2446,14786566,52567,"{'humans': 1835, 'elves': 280, 'dwarves': 78, 'halflings': 161, 'half-orcs': 136, 'misc.': 0}",45,war,['Theocracy'],"{'poor': 0.4698, 'middle': 0.3672, 'wealthy': 0.0304, 'aristocrat': 0.1325}",0,"[['fish', 'horses', 'timber', 'weapons']]","[['glass', 'ore', 'silk', 'spices']]",Ruler SEM-970,mercenary heavy,local academy,"Draconic, Dwarvish, Halfling",Mystra,158418,730633739,301.17,51.3,47.4,1,0,synthetic generator v2,derived,0.61,11447474,0,3.5,-19.50663,90.6976
Waterdeep Settlement 0195,Waterdeep,Waterdeep,1594,3521579,166033,"{'humans': 1352, 'elves': 178, 'dwarves': 143, 'halflings': 58, 'half-orcs': 83, 'misc.': 0}",177,monster attack,['Monarchy'],"{'poor': 0.5785, 'middle': 0.3506, 'wealthy': 0.066, 'aristocrat': 0.0049}",9,"[['cloth', 'weapons', 'wine']]","[['coal', 'mercenaries']]",Ruler WAT-440,professional guard,guilds,"Dwarvish, Elvish","Selune, Tyr",236326,985356857,99.32,58.9,53.1,0,0,synthetic generator v2,derived,0.46,3893776,1,7.2,45.81558,-56.24364
Calimshan Settlement 0196,Calimshan,Memnon,4993,28207803,2703858,"{'humans': 3922, 'elves': 336, 'dwarves': 288, 'halflings': 397, 'half-orcs': 245, 'misc.': 0}",75,arcane mishap,['Magocracy'],"{'poor': 0.5278, 'middle': 0.2758, 'wealthy': 0.084, 'aristocrat': 0.1124}",6,"[['armor', 'cloth', 'fish', 'timber']]","[['coal', 'jewelry', 'magic items', 'mercenaries', 'parchment']]",Ruler CAL-114,professional guard,arcanum,Halfling,Selune,175132,771448209,424.01,81.4,38.9,5,0,synthetic generator v2,derived,0.41,35617094,-1,22.3,23.21359,118.03892
Neverwinter Settlement 0197,Neverwinter,Neverwinter,5481,17083024,409340,"{'humans': 3820, 'elves': 571, 'dwarves': 382, 'halflings': 543, 'half-orcs': 161, 'misc.': 4}",180,arcane mishap,['Theocracy'],"{'poor': 0.6647, 'middle': 0.2529, 'wealthy': 0.0343, 'aristocrat': 0.0481}",0,"[['armor', 'cloth', 'fish', 'salt']]","[['coal', 'jewelry', 'magic items', 'parchment', 'spices']]",Ruler NEV-26,small militia,guilds,"Draconic, Elvish","Lathander, Mystra",177268,765621383,427.23,46.8,30.1,3,0,synthetic generator v2,derived,0.49,13790856,-1,10.5,26.40496,-33.66344
Calimshan Settlement 0198,Calimshan,Memnon,199,424762,16042,"{'humans': 130, 'elves': 20, 'dwarves': 8, 'halflings': 10, 'half-orcs': 8, 'misc.': 23}",47,arcane mishap,['Democracy'],"{'poor': 0.6136, 'middle': 0.3144, 'wealthy': 0.0673, 'aristocrat': 0.0047}",20,"[['books', 'fish', 'grain']]","[['glass', 'magic items', 'parchment']]",Ruler CAL-406,professional guard,guilds,"Common, Draconic","Selune, Tempus, Tyr",175132,771448209,358.4,80.4,26.7,5,0,synthetic generator v2,derived,0.4,468461,0,33.5,-34.70127,11.58257
Cormyr Settlement 0199,Cormyr,Suzail,821,3006269,116063,"{'humans': 621, 'elves': 96, 'dwarves': 32, 'halflings': 46, 'half-orcs': 33, 'misc.': 0}",55,arcane mishap,['Dictatorship'],"{'poor': 0.491, 'middle': 0.3802, 'wealthy': 0.0859, 'aristocrat': 0.0429}",4,"[['fish', 'grain', 'horses', 'weapons', 'wine']]","[['ore', 'spices']]",Ruler COR-568,mercenary heavy,None,Common,"Tempus, Torm",142577,750902532,165.93,56.4,50.4,6,0,synthetic generator v2,derived,0.73,4043624,3,24.2,-0.31196,-1.50805
Cormyr Settlement 0200,Cormyr,Suzail,601,1159212,18537,"{'humans': 503, 'elves': 52, 'dwarves': 26, 'halflings': 50, 'half-orcs': 26, 'misc.': 0}",131,war,['Patriarchy'],"{'poor': 0.5844, 'middle': 0.3882, 'wealthy': 0.0224, 'aristocrat': 0.005}",0,"[['horses', 'salt', 'timber', 'wine']]",[['glass']],Ruler COR-274,small militia,guilds,"Elvish, Halfling","Chauntea, Lathander, Selune",142577,750902532,270.91,56.7,56.4,4,0,synthetic generator v2,derived,0.39,1470504,3,14.0,-0.57654,86.82296
Waterdeep Settlement 0201,Waterdeep,Waterdeep,80,176569,2430,"{'humans': 52, 'elves': 4, 'dwarves': 5, 'halflings': 2, 'half-orcs': 2, 'misc.': 15}",31,old age,['Satrapy'],"{'poor': 0.6016, 'middle': 0.3174, 'wealthy': 0.0767, 'aristocrat': 0.0043}",0,"[['weapons', 'wine']]","[['magic items', 'mercenaries', 'ore', 'parchment']]",Ruler WAT-927,small militia,local academy,Halfling,"Tempus, Tyr",236326,985356857,173.23,54.4,34.0,0,0,synthetic generator v2,synthetic,0.51,245183,-2,0.0,-11.98266,-60.49407
Tethyr Settlement 0202,Tethyr,Darromar,8389,49055143,362337,"{'humans': 7335, 'elves': 194, 'dwarves': 471, 'halflings': 172, 'half-orcs': 285, 'misc.': 0}",147,crime,['Monarchy'],"{'poor': 0.531, 'middle': 0.2589, 'wealthy': 0.0925, 'aristocrat': 0.1175}",10,"[['fish', 'grain', 'weapons', 'wine']]","[['jewelry', 'mercenaries', 'ore', 'parchment', 'silk']]",Ruler TET-693,small militia,local academy,"Elvish, Orc",Tyr,193641,937694481,302.52,70.4,80.2,2,0,synthetic generator v2,synthetic,0.73,64339271,-1,15.0,-8.85469,-40.6304
Waterdeep Settlement 0203,Waterdeep,Waterdeep,2470,16336356,159812,"{'humans': 1925, 'elves': 203, 'dwarves': 149, 'halflings': 214, 'half-orcs': 49, 'misc.': 0}",146,war,['Dictatorship'],"{'poor': 0.5292, 'middle': 0.2393, 'wealthy': 0.0875, 'aristocrat': 0.144}",16,"[['books', 'cloth', 'horses', 'timber', 'weapons']]","[['glass', 'jewelry', 'mercenaries', 'silk']]",Ruler WAT-238,professional guard,None,Dwarvish,"Chauntea, Torm, Tyr",236326,985356857,313.96,52.2,50.9,8,0,synthetic generator v2,derived,0.52,14363090,1,40.8,42.29272,-39.30414
Baldurs Gate Settlement 0204,Baldurs Gate,Baldur's Gate,169,381244,6299,"{'humans': 134, 'elves': 16, 'dwarves': 15, 'halflings': 11, 'half-orcs': 7, 'misc.': 0}",123,crime,['Dictatorship'],"{'poor': 0.5916, 'middle': 0.3246, 'wealthy': 0.0791, 'aristocrat': 0.0047}",0,"[['cloth', 'grain', 'horses']]","[['ore', 'parchment']]",Ruler BAL-674,professional guard,None,Dwarvish,"Chauntea, Mystra, Tempus",241116,953675704,395.35,60.5,68.4,6,0,synthetic generator v2,synthetic,0.55,291343,1,21.0,43.45265,52.11197
Calimshan Settlement 0205,Calimshan,Memnon,4121,7569259,640359,"{'humans': 3244, 'elves': 231, 'dwarves': 340, 'halflings': 383, 'half-orcs': 218, 'misc.': 0}",55,crime,['Dictatorship'],"{'poor': 0.6236, 'middle': 0.349, 'wealthy': 0.0228, 'aristocrat': 0.0047}",0,"[['armor', 'fish', 'grain', 'horses']]","[['coal', 'mercenaries', 'ore', 'parchment', 'spices']]",Ruler CAL-893,professional guard,arcanum,Draconic,Tempus,175132,771448209,19.33,78.2,28.5,4,0,synthetic generator v2,derived,0.51,9590363,-1,14.0,-2.08202,35.06421
Calimshan Settlement 0206,Calimshan,Memnon,1620,5478926,7299,"{'humans': 1322, 'elves': 79, 'dwarves': 143, 'halflings': 133, 'half-orcs': 91, 'misc.': 0}",129,famine,['Dictatorship'],"{'poor': 0.5399, 'middle': 0.3832, 'wealthy': 0.0277, 'aristocrat': 0.0492}",18,"[['armor', 'cloth', 'fish', 'gems', 'grain']]","[['coal', 'spices']]",Ruler CAL-513,small militia,arcanum,"Draconic, Elvish, Orc","Chauntea, Selune, Torm",175132,771448209,124.05,81.2,21.3,3,7,synthetic generator v2,synthetic,0.67,6058839,3,31.2,35.47264,73.65718
Baldurs Gate Settlement 0207,Baldurs Gate,Baldur's Gate,319,620214,24334,"{'humans': 283, 'elves': 32, 'dwarves': 11, 'halflings': 15, 'half-orcs': 17, 'misc.': 0}",117,war,['Magocracy'],"{'poor': 0.6089, 'middle': 0.3508, 'wealthy': 0.0359, 'aristocrat': 0.0045}",0,"[['armor', 'cloth', 'fish', 'weapons', 'wine']]",[['parchment']],Ruler BAL-884,naval patrol,local academy,"Common, Halfling",Torm,241116,953675704,64.37,63.7,59.4,8,0,synthetic generator v2,derived,0.78,684675,4,28.0,55.48242,-25.94577
Neverwinter Settlement 0208,Neverwinter,Neverwinter,1378,5076576,224604,"{'humans': 1101, 'elves': 93, 'dwarves': 87, 'halflings': 32, 'half-orcs': 37, 'misc.': 28}",106,disease,['Theocracy'],"{'poor': 0.5681, 'middle': 0.3275, 'wealthy': 0.0472, 'aristocrat': 0.0573}",1,"[['books', 'cloth', 'grain', 'horses']]","[['glass', 'mercenaries', 'ore', 'parchment', 'spices']]",Ruler NEV-226,mercenary heavy,guilds,"Common, Draconic","Lathander, Selune, Torm",177268,765621383,86.43,48.3,31.0,4,0,synthetic generator v2,synthetic,0.89,6916992,-1,14.8,-0.2164,88.10747
Cormyr Settlement 0209,Cormyr,Suzail,1324,2947934,273135,"{'humans': 1173, 'elves': 47, 'dwarves': 108, 'halflings': 84, 'half-orcs': 37, 'misc.': 0}",156,arcane mishap,['Satrapy'],"{'poor': 0.6347, 'middle': 0.2714, 'wealthy': 0.0891, 'aristocrat': 0.0048}",10,"[['books', 'cloth', 'timber', 'weapons', 'wine']]","[['glass', 'spices']]",Ruler COR-660,mercenary heavy,None,Draconic,"Chauntea, Lathander, Mystra",142577,750902532,464.64,54.8,49.1,5,0,synthetic generator v2,derived,0.55,4103690,3,25.5,-30.31446,28.2128
Amn Settlement 0210,Amn,Athkatla,186,1727691,87715,"{'humans': 145, 'elves': 5, 'dwarves': 11, 'halflings': 8, 'half-orcs': 3, 'misc.': 14}",171,old age,['Monarchy'],"{'poor': 0.4763, 'middle': 0.2526, 'wealthy': 0.0296, 'aristocrat': 0.2415}",12,"[['cloth', 'gems', 'grain', 'weapons']]","[['glass', 'jewelry', 'magic items', 'ore', 'silk']]",Ruler AMN-215,naval patrol,local academy,"Draconic, Elvish, Orc",Tempus,169970,832884482,210.73,69.2,57.4,7,0,synthetic generator v2,synthetic,0.37,1467785,-1,34.1,-1.14807,-16.91577
Amn Settlement 0211,Amn,Athkatla,2114,9419197,452615,"{'humans': 1495, 'elves': 177, 'dwarves': 64, 'halflings': 76, 'half-orcs': 95, 'misc.': 207}",128,old age,['Democracy'],"{'poor': 0.5416, 'middle': 0.3375, 'wealthy': 0.0378, 'aristocrat': 0.0831}",0,"[['armor', 'gems']]","[['coal', 'glass', 'ore', 'parchment', 'spices']]",Ruler AMN-874,mercenary heavy,local academy,"Elvish, Halfling","Tempus, Torm, Tyr",169970,832884482,48.35,67.8,67.6,8,0,synthetic generator v2,derived,0.74,7365392,-3,28.0,8.19046,56.80692
Tethyr Settlement 0212,Tethyr,Darromar,182,1473443,134027,"{'humans': 129, 'elves': 5, 'dwarves': 12, 'halflings': 10, 'half-orcs': 10, 'misc.': 16}",26,war,['Dictatorship'],"{'poor': 0.4856, 'middle': 0.2439, 'wealthy': 0.0784, 'aristocrat': 0.1922}",10,"[['gems', 'grain', 'horses']]",[['parchment']],Ruler TET-446,small militia,arcanum,"Common, Dwarvish, Halfling","Lathander, Selune, Tempus",193641,937694481,43.96,74.2,79.9,0,0,synthetic generator v2,derived,0.42,1774879,2,8.0,50.93943,25.92358
Calimshan Settlement 0213,Calimshan,Memnon,1639,11092234,620582,"{'humans': 1297, 'elves': 142, 'dwarves': 72, 'halflings': 110, 'half-orcs': 53, 'misc.': 0}",68,war,['Dictatorship'],"{'poor': 0.5468, 'middle': 0.2645, 'wealthy': 0.0254, 'aristocrat': 0.1633}",11,"[['books', 'fish', 'salt', 'wine']]","[['glass', 'jewelry', 'magic items', 'mercenaries', 'silk']]",Ruler CAL-396,small militia,local academy,"Common, Draconic, Orc",Tempus,175132,771448209,313.61,73.5,30.1,5,0,synthetic generator v2,synthetic,0.62,14256742,-1,26.3,61.38022,-4.78681
Waterdeep Settlement 0214,Waterdeep,Waterdeep,1759,10558586,57544,"{'humans': 1378, 'elves': 92, 'dwarves': 70, 'halflings': 90, 'half-orcs': 31, 'misc.': 98}",122,famine,['Magocracy'],"{'poor': 0.4765, 'middle': 0.3325, 'wealthy': 0.0669, 'aristocrat': 0.124}",17,"[['cloth', 'salt', 'timber', 'weapons']]","[['mercenaries', 'parchment']]",Ruler WAT-129,small militia,guilds,Orc,"Torm, Tyr",236326,985356857,428.47,44.6,62.8,7,0,synthetic generator v2,derived,0.66,10483304,2,38.1,40.03755,61.25473
Amn Settlement 0215,Amn,Athkatla,355,1499921,86487,"{'humans': 296, 'elves': 15, 'dwarves': 13, 'halflings': 26, 'half-orcs': 6, 'misc.': 0}",94,war,['Democracy'],"{'poor': 0.6514, 'middle': 0.2303, 'wealthy': 0.0341, 'aristocrat': 0.0842}",8,"[['armor', 'cloth', 'grain', 'horses', 'salt']]","[['jewelry', 'ore', 'spices']]",Ruler AMN-245,professional guard,arcanum,Elvish,"Lathander, Mystra, Tempus",169970,832884482,187.83,66.9,69.6,3,0,synthetic generator v2,synthetic,0.39,1636768,2,16.9,-6.28252,11.41896
Cormyr Settlement 0216,Cormyr,Suzail,247,554462,7929,"{'humans': 174, 'elves': 14, 'dwarves': 19, 'halflings': 9, 'half-orcs': 7, 'misc.': 24}",163,war,['Democracy'],"{'poor': 0.5783, 'middle': 0.344, 'wealthy': 0.0731, 'aristocrat': 0.0046}",3,"[['books', 'gems', 'weapons', 'wine']]","[['glass', 'mercenaries']]",Ruler COR-143,naval patrol,arcanum,"Dwarvish, Elvish, Orc",Torm,142577,750902532,503.09,53.7,44.1,0,0,synthetic generator v2,synthetic,0.89,569022,2,2.4,-25.4519,47.13016
Waterdeep Settlement 0217,Waterdeep,Waterdeep,272,1404246,96991,"{'humans': 197, 'elves': 18, 'dwarves': 10, 'halflings': 25, 'half-orcs': 3, 'misc.': 19}",90,disease,['Merchant Council'],"{'poor': 0.5005, 'middle': 0.3671, 'wealthy': 0.0263, 'aristocrat': 0.1061}",0,"[['armor', 'fish', 'gems', 'grain', 'timber']]","[['coal', 'jewelry', 'mercenaries', 'parchment']]",Ruler WAT-648,naval patrol,guilds,Dwarvish,Selune,236326,985356857,214.12,48.7,59.0,7,0,synthetic generator v2,synthetic,0.9,1694512,1,24.5,-20.65999,28.58977
Baldurs Gate Settlement 0218,Baldurs Gate,Baldur's Gate,266,579656,3646,"{'humans': 219, 'elves': 12, 'dwarves': 18, 'halflings': 13, 'half-orcs': 10, 'misc.': 0}",82,monster attack,['Monarchy'],"{'poor': 0.639, 'middle': 0.2736, 'wealthy': 0.0825, 'aristocrat': 0.0049}",8,"[['fish', 'gems', 'horses', 'timber']]","[['jewelry', 'magic items', 'spices']]",Ruler BAL-107,small militia,None,"Common, Draconic, Elvish","Chauntea, Tyr",241116,953675704,479.74,51.7,35.6,3,0,synthetic generator v2,derived,0.69,494456,1,16.9,30.20697,-26.35232
Sembia Settlement 0219,Sembia,Selgaunt,5647,15268830,825115,"{'humans': 4324, 'elves': 632, 'dwarves': 314, 'halflings': 507, 'half-orcs': 163, 'misc.': 0}",74,disease,['Magocracy'],"{'poor': 0.6337, 'middle': 0.2895, 'wealthy': 0.0475, 'aristocrat': 0.0293}",0,"[['salt', 'timber', 'weapons', 'wine']]","[['ore', 'spices']]",Ruler SEM-38,naval patrol,local academy,"Halfling, Orc","Chauntea, Lathander, Mystra",158418,730633739,55.07,56.5,29.6,2,0,synthetic generator v2,derived,0.93,12478325,2,7.0,40.68333,52.05752
Sembia Settlement 0220,Sembia,Selgaunt,260,574543,10279,"{'humans': 172, 'elves': 29, 'dwarves': 19, 'halflings': 15, 'half-orcs': 5, 'misc.': 20}",85,war,['Monarchy'],"{'poor': 0.679, 'middle': 0.2729, 'wealthy': 0.0278, 'aristocrat': 0.0202}",20,"[['cloth', 'grain', 'timber']]","[['glass', 'ore', 'silk']]",Ruler SEM-988,mercenary heavy,None,"Draconic, Elvish, Orc","Chauntea, Tempus",158418,730633739,361.06,55.9,58.0,7,0,synthetic generator v2,synthetic,0.58,688203,0,40.5,49.91876,70.65431
Calimshan Settlement 0221,Calimshan,Memnon,1452,5047052,423847,"{'humans': 1113, 'elves': 29, 'dwarves': 81, 'halflings': 110, 'half-orcs': 62, 'misc.': 57}",130,old age,['Dictatorship'],"{'poor': 0.5195, 'middle': 0.3702, 'wealthy': 0.0679, 'aristocrat': 0.0425}",1,"[['armor', 'fish']]","[['glass', 'jewelry', 'silk']]",Ruler CAL-713,naval patrol,guilds,Elvish,Lathander,175132,771448209,532.3,75.9,13.2,7,0,synthetic generator v2,synthetic,0.92,6357624,-1,25.3,-3.54372,36.15119
Tethyr Settlement 0222,Tethyr,Darromar,1512,4992251,316331,"{'humans': 1200, 'elves': 97, 'dwarves': 110, 'halflings': 116, 'half-orcs': 88, 'misc.': 0}",87,war,['Magocracy'],"{'poor': 0.6472, 'middle': 0.2265, 'wealthy': 0.0835, 'aristocrat': 0.0428}",0,"[['cloth', 'gems', 'grain', 'salt']]","[['coal', 'ore', 'parchment', 'spices']]",Ruler TET-255,naval patrol,local academy,"Draconic, Elvish","Chauntea, Tempus",193641,937694481,530.21,67.1,59.3,5,0,synthetic generator v2,synthetic,0.88,4422478,0,17.5,18.9037,-10.75006
Waterdeep Settlement 0223,Waterdeep,Waterdeep,80,151577,4052,"{'humans': 60, 'elves': 5, 'dwarves': 5, 'halflings': 3, 'half-orcs': 3, 'misc.': 4}",125,crime,['Magocracy'],"{'poor': 0.6157, 'middle': 0.3502, 'wealthy': 0.0294, 'aristocrat': 0.0047}",0,"[['armor', 'books', 'grain']]","[['glass', 'spices']]",Ruler WAT-925,professional guard,None,"Dwarvish, Halfling, Orc","Chauntea, Lathander, Mystra",236326,985356857,528.64,44.7,31.7,7,0,synthetic generator v2,derived,0.35,176192,1,24.5,-26.79275,66.56411
Amn Settlement 0224,Amn,Athkatla,1341,6188697,346565,"{'humans': 910, 'elves': 57, 'dwarves': 98, 'halflings': 72, 'half-orcs': 15, 'misc.': 189}",52,arcane mishap,['Magocracy'],"{'poor': 0.6156, 'middle': 0.2247, 'wealthy': 0.0732, 'aristocrat': 0.0865}",0,"[['books', 'cloth', 'weapons']]","[['glass', 'mercenaries']]",Ruler AMN-39,professional guard,None,"Draconic, Dwarvish, Elvish","Chauntea, Lathander, Tyr",169970,832884482,57.49,66.6,91.7,10,0,synthetic generator v2,synthetic,0.43,5263603,1,35.0,-24.28273,107.71549
Neverwinter Settlement 0225,Neverwinter,Neverwinter,766,5246478,197766,"{'humans': 684, 'elves': 76, 'dwarves': 28, 'halflings': 53, 'half-orcs': 27, 'misc.': 0}",144,disease,['Dictatorship'],"{'poor': 0.5589, 'middle': 0.2067, 'wealthy': 0.0785, 'aristocrat': 0.1559}",0,"[['books', 'fish']]","[['coal', 'jewelry', 'silk', 'spices']]",Ruler NEV-977,small militia,local academy,Draconic,Torm,177268,765621383,418.9,52.6,53.8,6,0,synthetic generator v2,synthetic,0.64,5255158,-2,21.0,46.33179,-45.83753
Calimshan Settlement 0226,Calimshan,Memnon,1448,4994619,216850,"{'humans': 1096, 'elves': 127, 'dwarves': 81, 'halflings': 89, 'half-orcs': 64, 'misc.': 0}",172,old age,['Confederacy'],"{'poor': 0.6071, 'middle': 0.291, 'wealthy': 0.0502, 'aristocrat': 0.0517}",18,"[['books', 'gems', 'horses', 'timber', 'wine']]","[['coal', 'parchment', 'spices']]",Ruler CAL-826,mercenary heavy,None,"Halfling, Orc","Mystra, Selune, Torm",175132,771448209,338.76,73.1,27.2,1,0,synthetic generator v2,synthetic,0.36,6595902,2,17.9,45.04006,-88.94751
Tethyr Settlement 0227,Tethyr,Darromar,553,1938559,42687,"{'humans': 445, 'elves': 29, 'dwarves': 50, 'halflings': 31, 'half-orcs': 10, 'misc.': 0}",47,disease,['Monarchy'],"{'poor': 0.5993, 'middle': 0.3087, 'wealthy': 0.0362, 'aristocrat': 0.0559}",0,"[['cloth', 'fish', 'horses', 'salt', 'weapons']]","[['magic items', 'ore']]",Ruler TET-191,professional guard,local academy,"Common, Dwarvish","Tempus, Tyr",193641,937694481,255.2,62.4,52.1,7,0,synthetic generator v2,synthetic,0.91,1620857,3,24.5,61.85555,3.2524
Neverwinter Settlement 0228,Neverwinter,Neverwinter,2371,15464187,219137,"{'humans': 1847, 'elves': 208, 'dwarves': 154, 'halflings': 87, 'half-orcs': 27, 'misc.': 48}",103,monster attack,['Democracy'],"{'poor': 0.6023, 'middle': 0.2045, 'wealthy': 0.0363, 'aristocrat': 0.1569}",16,"[['books', 'fish', 'gems', 'horses', 'timber']]",[['parchment']],Ruler NEV-962,professional guard,guilds,"Common, Dwarvish","Chauntea, Mystra, Tempus",177268,765621383,361.89,45.7,39.3,7,0,synthetic generator v2,derived,0.6,17675362,4,37.3,34.14958,-44.26675
Amn Settlement 0229,Amn,Athkatla,3182,6987511,243456,"{'humans': 2851, 'elves': 104, 'dwarves': 229, 'halflings': 260, 'half-orcs': 184, 'misc.': 0}",169,crime,['Monarchy'],"{'poor': 0.648, 'middle': 0.2591, 'wealthy': 0.0879, 'aristocrat': 0.005}",4,[['armor']],"[['coal', 'jewelry', 'parchment']]",Ruler AMN-147,mercenary heavy,arcanum,Elvish,Tempus,169970,832884482,18.57,66.0,93.9,7,0,synthetic generator v2,derived,0.95,7080720,-2,27.7,-11.9707,121.67417
Amn Settlement 0230,Amn,Athkatla,2111,6948812,380981,"{'humans': 1593, 'elves': 103, 'dwarves': 84, 'halflings': 68, 'half-orcs': 110, 'misc.': 153}",104,monster attack,['Theocracy'],"{'poor': 0.6676, 'middle': 0.2194, 'wealthy': 0.0654, 'aristocrat': 0.0477}",16,"[['cloth', 'gems']]","[['glass', 'magic items', 'ore', 'parchment', 'spices']]",Ruler AMN-839,professional guard,guilds,"Dwarvish, Elvish","Mystra, Selune",169970,832884482,76.96,68.2,65.2,6,0,synthetic generator v2,derived,0.69,5740174,-3,33.8,1.59019,-20.04796
Neverwinter Settlement 0231,Neverwinter,Neverwinter,2488,20218020,1439396,"{'humans': 1664, 'elves': 115, 'dwarves': 172, 'halflings': 90, 'half-orcs': 126, 'misc.': 321}",98,famine,['Monarchy'],"{'poor': 0.5083, 'middle': 0.2265, 'wealthy': 0.0682, 'aristocrat': 0.197}",0,"[['armor', 'salt', 'timber']]",[['jewelry']],Ruler NEV-345,mercenary heavy,None,"Common, Dwarvish, Halfling","Lathander, Selune",177268,765621383,158.27,54.6,34.2,3,0,synthetic generator v2,synthetic,0.9,23453787,2,10.5,-23.61154,-94.60079
Cormyr Settlement 0232,Cormyr,Suzail,1027,4578553,35032,"{'humans': 859, 'elves': 97, 'dwarves': 34, 'halflings': 95, 'half-orcs': 41, 'misc.': 0}",145,crime,['Patriarchy'],"{'poor': 0.5969, 'middle': 0.2378, 'wealthy': 0.0886, 'aristocrat': 0.0767}",8,"[['armor', 'weapons']]","[['coal', 'magic items', 'mercenaries', 'silk']]",Ruler COR-10,professional guard,arcanum,"Dwarvish, Orc","Mystra, Tempus",142577,750902532,483.79,60.1,72.7,5,0,synthetic generator v2,derived,0.94,5841696,-2,23.9,-23.90305,101.01712
Tethyr Settlement 0233,Tethyr,Darromar,450,963851,43017,"{'humans': 354, 'elves': 37, 'dwarves': 14, 'halflings': 14, 'half-orcs': 21, 'misc.': 10}",71,old age,['Satrapy'],"{'poor': 0.574, 'middle': 0.3664, 'wealthy': 0.055, 'aristocrat': 0.0046}",0,"[['gems', 'horses']]",[['ore']],Ruler TET-646,mercenary heavy,guilds,Halfling,"Lathander, Mystra, Selune",193641,937694481,132.07,61.7,53.0,4,0,synthetic generator v2,synthetic,0.42,1070802,1,14.0,-18.08574,-24.77735
Waterdeep Settlement 0234,Waterdeep,Waterdeep,1020,3826499,271017,"{'humans': 902, 'elves': 57, 'dwarves': 37, 'halflings': 66, 'half-orcs': 20, 'misc.': 0}",48,famine,['Magocracy'],"{'poor': 0.619, 'middle': 0.2415, 'wealthy': 0.0838, 'aristocrat': 0.0557}",11,"[['cloth', 'fish', 'grain', 'horses']]","[['parchment', 'silk']]",Ruler WAT-869,naval patrol,guilds,"Elvish, Halfling","Lathander, Mystra",236326,985356857,131.19,57.6,36.2,3,0,synthetic generator v2,synthetic,0.37,3843253,2,19.3,12.48813,52.12819
Amn Settlement 0235,Amn,Athkatla,887,5604976,176490,"{'humans': 617, 'elves': 73, 'dwarves': 69, 'halflings': 32, 'half-orcs': 33, 'misc.': 63}",180,famine,['Magocracy'],"{'poor': 0.5039, 'middle': 0.2832, 'wealthy': 0.0788, 'aristocrat': 0.1341}",0,"[['gems', 'grain', 'horses', 'timber']]","[['glass', 'ore', 'spices']]",Ruler AMN-990,small militia,local academy,Orc,"Selune, Torm, Tyr",169970,832884482,179.83,68.3,75.6,9,0,synthetic generator v2,synthetic,0.54,5966284,1,31.5,-17.31188,-12.51158
Baldurs Gate Settlement 0236,Baldurs Gate,Baldur's Gate,1756,3364614,90131,"{'humans': 1418, 'elves': 186, 'dwarves': 70, 'halflings': 158, 'half-orcs': 70, 'misc.': 0}",167,monster attack,['Confederacy'],"{'poor': 0.6409, 'middle': 0.3129, 'wealthy': 0.0413, 'aristocrat': 0.0048}",0,"[['armor', 'cloth', 'gems', 'grain', 'wine']]","[['magic items', 'ore', 'spices']]",Ruler BAL-457,small militia,arcanum,Halfling,Torm,241116,953675704,297.2,61.8,47.5,6,0,synthetic generator v2,synthetic,0.44,2631493,2,21.0,50.91794,126.38263
Calimshan Settlement 0237,Calimshan,Memnon,2592,15134630,584747,"{'humans': 2002, 'elves': 229, 'dwarves': 207, 'halflings': 184, 'half-orcs': 79, 'misc.': 0}",94,war,['Patriarchy'],"{'poor': 0.6075, 'middle': 0.2334, 'wealthy': 0.0216, 'aristocrat': 0.1375}",5,"[['armor', 'fish', 'timber', 'weapons', 'wine']]","[['jewelry', 'magic items', 'ore']]",Ruler CAL-979,mercenary heavy,None,"Draconic, Dwarvish, Elvish","Chauntea, Mystra, Tyr",175132,771448209,52.3,84.0,13.0,0,0,synthetic generator v2,synthetic,0.65,16561348,2,4.0,55.23253,9.13944
Tethyr Settlement 0238,Tethyr,Darromar,134,280445,9058,"{'humans': 106, 'elves': 3, 'dwarves': 12, 'halflings': 13, 'half-orcs': 7, 'misc.': 0}",165,war,['Dictatorship'],"{'poor': 0.6342, 'middle': 0.294, 'wealthy': 0.0669, 'aristocrat': 0.0049}",0,[['books']],"[['glass', 'magic items']]",Ruler TET-995,mercenary heavy,arcanum,Orc,"Chauntea, Selune",193641,937694481,239.5,69.2,66.1,0,0,synthetic generator v2,synthetic,0.51,237177,-1,0.0,4.93905,45.84505
Neverwinter Settlement 0239,Neverwinter,Neverwinter,257,526790,6413,"{'humans': 193, 'elves': 19, 'dwarves': 10, 'halflings': 11, 'half-orcs': 7, 'misc.': 17}",175,old age,['Dictatorship'],"{'poor': 0.6012, 'middle': 0.3443, 'wealthy': 0.0498, 'aristocrat': 0.0046}",9,"[['armor', 'books', 'cloth', 'grain']]","[['coal', 'jewelry', 'magic items']]",Ruler NEV-245,professional guard,guilds,"Common, Dwarvish, Elvish","Tempus, Tyr",177268,765621383,484.61,45.2,42.8,5,0,synthetic generator v2,derived,0.78,413279,1,24.7,-20.15268,114.42245
Darromar,Tethyr,Darromar,816,1839578,44445,"{'humans': 575, 'elves': 35, 'dwarves': 42, 'halflings': 64, 'half-orcs': 9, 'misc.': 91}",123,war,['Dictatorship'],"{'poor': 0.575, 'middle': 0.3473, 'wealthy': 0.073, 'aristocrat': 0.0047}",1,"[['grain', 'horses']]","[['magic items', 'mercenaries']]",Ruler TET-581,small militia,guilds,Halfling,"Chauntea, Tyr",193641,937694481,253.56,66.8,79.4,1,0,synthetic generator v2,derived,0.62,1465959,0,4.3,-2.40496,-2.17838
Baldurs Gate Settlement 0241,Baldurs Gate,Baldur's Gate,9095,42818496,623275,"{'humans': 6631, 'elves': 547, 'dwarves': 434, 'halflings': 892, 'half-orcs': 509, 'misc.': 82}",125,monster attack,['Patriarchy'],"{'poor': 0.5713, 'middle': 0.2611, 'wealthy': 0.0832, 'aristocrat': 0.0843}",15,"[['armor', 'cloth', 'fish', 'gems', 'salt']]",[['ore']],Ruler BAL-139,small militia,arcanum,"Dwarvish, Elvish","Chauntea, Lathander, Torm",241116,953675704,292.17,62.3,35.7,1,0,synthetic generator v2,synthetic,0.79,36053652,4,15.5,-29.22266,-83.11885
Tethyr Settlement 0242,Tethyr,Darromar,395,742645,5600,"{'humans': 278, 'elves': 30, 'dwarves': 21, 'halflings': 28, 'half-orcs': 4, 'misc.': 34}",35,disease,['Merchant Council'],"{'poor': 0.62, 'middle': 0.3465, 'wealthy': 0.029, 'aristocrat': 0.0046}",0,"[['armor', 'grain', 'salt', 'timber', 'weapons']]","[['coal', 'glass', 'magic items', 'spices']]",Ruler TET-912,professional guard,None,"Common, Halfling",Chauntea,193641,937694481,189.93,71.8,71.8,10,0,synthetic generator v2,derived,0.39,669472,1,35.0,-8.21661,-89.82889
Baldurs Gate Settlement 0243,Baldurs Gate,Baldur's Gate,3733,26037962,222857,"{'humans': 2941, 'elves': 325, 'dwarves': 316, 'halflings': 367, 'half-orcs': 182, 'misc.': 0}",123,crime,['Satrapy'],"{'poor': 0.5205, 'middle': 0.2366, 'wealthy': 0.0876, 'aristocrat': 0.1554}",0,"[['fish', 'grain']]",[['mercenaries']],Ruler BAL-968,naval patrol,local academy,"Draconic, Halfling, Orc",Selune,241116,953675704,310.26,59.6,36.7,5,0,synthetic generator v2,derived,0.41,34452271,1,17.5,44.60245,57.81126
Baldurs Gate Settlement 0244,Baldurs Gate,Baldur's Gate,3622,16424239,920656,"{'humans': 2452, 'elves': 398, 'dwarves': 275, 'halflings': 267, 'half-orcs': 174, 'misc.': 56}",37,famine,['Merchant Council'],"{'poor': 0.591, 'middle': 0.235, 'wealthy': 0.0969, 'aristocrat': 0.0771}",0,"[['books', 'wine']]",[['coal']],Ruler BAL-462,professional guard,None,"Elvish, Halfling, Orc","Chauntea, Torm",241116,953675704,332.04,51.2,46.6,3,0,synthetic generator v2,derived,0.59,12345878,1,10.5,28.25763,-70.13747
Neverwinter Settlement 0245,Neverwinter,Neverwinter,1407,9902418,485178,"{'humans': 1123, 'elves': 142, 'dwarves': 66, 'halflings': 50, 'half-orcs': 80, 'misc.': 0}",32,crime,['Magocracy'],"{'poor': 0.4869, 'middle': 0.2886, 'wealthy': 0.0647, 'aristocrat': 0.1598}",13,"[['books', 'cloth', 'fish', 'timber']]","[['coal', 'ore']]",Ruler NEV-46,mercenary heavy,arcanum,Halfling,"Mystra, Tempus, Tyr",177268,765621383,43.53,41.4,33.7,5,0,synthetic generator v2,synthetic,0.35,9800482,2,27.9,22.85336,109.65417
Cormyr Settlement 0246,Cormyr,Suzail,1367,7674077,240576,"{'humans': 965, 'elves': 127, 'dwarves': 111, 'halflings': 79, 'half-orcs': 54, 'misc.': 31}",116,monster attack,['Democracy'],"{'poor': 0.5078, 'middle': 0.2914, 'wealthy': 0.0929, 'aristocrat': 0.1079}",0,"[['armor', 'books', 'horses', 'salt', 'wine']]","[['glass', 'ore', 'parchment', 'spices']]",Ruler COR-687,mercenary heavy,guilds,"Draconic, Elvish, Halfling","Selune, Tempus",142577,750902532,339.35,54.8,61.5,1,0,synthetic generator v2,synthetic,0.36,6977664,1,3.5,65.35643,90.60907
Amn Settlement 0247,Amn,Athkatla,3120,20127037,1818680,"{'humans': 2657, 'elves': 228, 'dwarves': 299, 'halflings': 195, 'half-orcs': 55, 'misc.': 0}",86,war,['Theocracy'],"{'poor': 0.4595, 'middle': 0.3373, 'wealthy': 0.0651, 'aristocrat': 0.1381}",10,"[['armor', 'books', 'gems', 'grain', 'timber']]","[['coal', 'glass', 'jewelry', 'magic items', 'silk']]",Ruler AMN-312,professional guard,local academy,"Common, Elvish, Orc","Mystra, Selune, Torm",169970,832884482,93.98,59.5,91.4,10,0,synthetic generator v2,derived,0.66,27946415,0,43.0,63.53453,87.23812
Waterdeep Settlement 0248,Waterdeep,Waterdeep,658,5124915,43677,"{'humans': 556, 'elves': 65, 'dwarves': 44, 'halflings': 53, 'half-orcs': 36, 'misc.': 0}",35,famine,['Dictatorship'],"{'poor': 0.5006, 'middle': 0.2475, 'wealthy': 0.0665, 'aristocrat': 0.1855}",17,"[['armor', 'cloth', 'fish', 'salt', 'timber']]",[['jewelry']],Ruler WAT-699,mercenary heavy,local academy,Common,"Chauntea, Lathander, Mystra",236326,985356857,316.98,52.6,34.7,7,0,synthetic generator v2,synthetic,0.79,5625048,4,38.1,25.19329,80.15272
Sembia Settlement 0249,Sembia,Selgaunt,1402,3016392,101377,"{'humans': 983, 'elves': 46, 'dwarves': 106, 'halflings': 129, 'half-orcs': 15, 'misc.': 123}",34,monster attack,['Magocracy'],"{'poor': 0.6206, 'middle': 0.3031, 'wealthy': 0.0715, 'aristocrat': 0.0049}",2,[['books']],"[['glass', 'magic items', 'mercenaries', 'parchment', 'spices']]",Ruler SEM-294,small militia,None,"Common, Dwarvish",Tempus,158418,730633739,431.27,59.9,61.3,0,0,synthetic generator v2,synthetic,0.72,3812902,-4,1.6,-23.47746,94.18302
Waterdeep Settlement 0250,Waterdeep,Waterdeep,503,1110033,56751,"{'humans': 358, 'elves': 15, 'dwarves': 42, 'halflings': 27, 'half-orcs': 17, 'misc.': 44}",57,arcane mishap,['Magocracy'],"{'poor': 0.6395, 'middle': 0.2677, 'wealthy': 0.0881, 'aristocrat': 0.0047}",14,"[['armor', 'horses', 'salt', 'weapons', 'wine']]","[['coal', 'jewelry', 'mercenaries', 'parchment']]",Ruler WAT-661,small militia,arcanum,Orc,"Mystra, Torm",236326,985356857,460.32,46.2,37.5,0,0,synthetic generator v2,synthetic,0.81,1271271,1,11.2,58.44743,-94.40303
Baldurs Gate Settlement 0251,Baldurs Gate,Baldur's Gate,2111,10530628,1060254,"{'humans': 1879, 'elves': 209, 'dwarves': 66, 'halflings': 87, 'half-orcs': 119, 'misc.': 0}",102,arcane mishap,['Satrapy'],"{'poor': 0.6112, 'middle': 0.2087, 'wealthy': 0.0836, 'aristocrat': 0.0965}",2,"[['gems', 'grain', 'horses', 'salt', 'timber']]","[['magic items', 'mercenaries', 'silk', 'spices']]",Ruler BAL-534,naval patrol,None,Common,"Mystra, Selune, Torm",241116,953675704,411.06,59.3,37.9,7,0,synthetic generator v2,synthetic,0.82,14704021,1,26.1,42.79977,-80.31313
Sembia Settlement 0252,Sembia,Selgaunt,3144,14474289,394187,"{'humans': 2255, 'elves': 208, 'dwarves': 162, 'halflings': 157, 'half-orcs': 100, 'misc.': 262}",97,crime,['Monarchy'],"{'poor': 0.5493, 'middle': 0.312, 'wealthy': 0.0533, 'aristocrat': 0.0854}",4,"[['cloth', 'grain', 'weapons', 'wine']]","[['glass', 'parchment']]",Ruler SEM-761,small militia,None,"Dwarvish, Elvish","Mystra, Selune, Torm",158418,730633739,337.4,55.6,51.2,3,0,synthetic generator v2,synthetic,0.64,17572799,2,13.7,-30.70563,98.48924
Tethyr Settlement 0253,Tethyr,Darromar,1277,7615270,342882,"{'humans': 1063, 'elves': 58, 'dwarves': 76, 'halflings': 62, 'half-orcs': 22, 'misc.': 0}",134,famine,['Theocracy'],"{'poor': 0.584, 'middle': 0.2222, 'wealthy': 0.0623, 'aristocrat': 0.1315}",18,[['armor']],"[['glass', 'ore', 'spices']]",Ruler TET-814,mercenary heavy,arcanum,Elvish,"Selune, Tyr",193641,937694481,305.61,71.6,43.1,10,0,synthetic generator v2,synthetic,0.59,9726275,-2,49.4,34.83693,47.5444
Cormyr Settlement 0254,Cormyr,Suzail,1020,9319339,601635,"{'humans': 780, 'elves': 30, 'dwarves': 82, 'halflings': 57, 'half-orcs': 60, 'misc.': 11}",138,arcane mishap,['Magocracy'],"{'poor': 0.4514, 'middle': 0.288, 'wealthy': 0.0252, 'aristocrat': 0.2355}",2,"[['horses', 'salt', 'weapons']]","[['coal', 'jewelry', 'silk']]",Ruler COR-523,small militia,None,"Draconic, Dwarvish, Halfling","Lathander, Tempus",142577,750902532,402.17,58.4,70.4,10,0,synthetic generator v2,derived,0.38,7599157,0,36.6,3.25036,101.54344
Calimshan Settlement 0255,Calimshan,Memnon,2184,14625733,48803,"{'humans': 1489, 'elves': 189, 'dwarves': 139, 'halflings': 164, 'half-orcs': 71, 'misc.': 132}",65,war,['Confederacy'],"{'poor': 0.5182, 'middle': 0.2978, 'wealthy': 0.0251, 'aristocrat': 0.1589}",14,"[['books', 'cloth', 'grain', 'horses', 'salt']]","[['magic items', 'silk', 'spices']]",Ruler CAL-290,professional guard,local academy,"Draconic, Orc","Mystra, Tempus, Tyr",175132,771448209,206.0,79.8,47.2,9,0,synthetic generator v2,synthetic,0.4,11795459,2,42.7,-35.05416,-49.04598
Waterdeep Settlement 0256,Waterdeep,Waterdeep,5655,11471509,554671,"{'humans': 3721, 'elves': 590, 'dwarves': 411, 'halflings': 198, 'half-orcs': 160, 'misc.': 575}",88,monster attack,['Theocracy'],"{'poor': 0.6283, 'middle': 0.3112, 'wealthy': 0.0559, 'aristocrat': 0.0046}",0,"[['books', 'grain', 'horses', 'weapons']]","[['jewelry', 'spices']]",Ruler WAT-410,mercenary heavy,arcanum,Orc,"Lathander, Torm",236326,985356857,450.68,54.7,56.3,4,0,synthetic generator v2,synthetic,0.4,12149182,2,14.0,39.94994,-69.35697
Sembia Settlement 0257,Sembia,Selgaunt,5184,17272960,1634569,"{'humans': 4171, 'elves': 306, 'dwarves': 335, 'halflings': 185, 'half-orcs': 105, 'misc.': 82}",42,old age,['Patriarchy'],"{'poor': 0.5872, 'middle': 0.2996, 'wealthy': 0.0711, 'aristocrat': 0.042}",19,"[['books', 'gems', 'horses', 'salt', 'weapons']]",[['spices']],Ruler SEM-570,small militia,local academy,Halfling,Lathander,158418,730633739,465.1,48.6,34.3,3,0,synthetic generator v2,derived,0.9,23690693,4,25.7,-5.86567,-93.53515
Tethyr Settlement 0258,Tethyr,Darromar,8330,58057696,1237523,"{'humans': 5489, 'elves': 215, 'dwarves': 588, 'halflings': 268, 'half-orcs': 266, 'misc.': 1504}",143,war,['Satrapy'],"{'poor': 0.4698, 'middle': 0.318, 'wealthy': 0.0535, 'aristocrat': 0.1586}",0,[['wine']],"[['glass', 'magic items', 'spices']]",Ruler TET-669,professional guard,None,"Elvish, Orc","Chauntea, Tempus, Torm",193641,937694481,297.9,63.4,73.2,2,0,synthetic generator v2,derived,0.5,50701992,-2,7.0,55.37222,1.19214
Calimshan Settlement 0259,Calimshan,Memnon,2879,5707400,50048,"{'humans': 2185, 'elves': 331, 'dwarves': 232, 'halflings': 118, 'half-orcs': 114, 'misc.': 0}",166,disease,['Monarchy'],"{'poor': 0.6113, 'middle': 0.3424, 'wealthy': 0.0415, 'aristocrat': 0.0048}",0,"[['fish', 'horses', 'timber', 'weapons']]",[['silk']],Ruler CAL-452,professional guard,guilds,"Draconic, Dwarvish, Orc","Chauntea, Mystra, Tyr",175132,771448209,166.16,72.6,45.8,8,0,synthetic generator v2,derived,0.61,5295952,3,28.0,-14.55371,-28.4034
Waterdeep Settlement 0260,Waterdeep,Waterdeep,791,5569110,278385,"{'humans': 670, 'elves': 56, 'dwarves': 29, 'halflings': 16, 'half-orcs': 13, 'misc.': 7}",177,famine,['Theocracy'],"{'poor': 0.569, 'middle': 0.2096, 'wealthy': 0.0531, 'aristocrat': 0.1683}",10,"[['fish', 'gems', 'timber', 'wine']]","[['coal', 'mercenaries', 'ore', 'parchment', 'silk']]",Ruler WAT-70,naval patrol,arcanum,Dwarvish,"Mystra, Selune",236326,985356857,12.5,49.9,53.8,4,0,synthetic generator v2,synthetic,0.51,6329995,-1,22.0,1.14768,65.43324
Neverwinter Settlement 0261,Neverwinter,Neverwinter,881,4905602,237481,"{'humans': 607, 'elves': 61, 'dwarves': 35, 'halflings': 54, 'half-orcs': 16, 'misc.': 108}",172,war,['Monarchy'],"{'poor': 0.5755, 'middle': 0.2733, 'wealthy': 0.026, 'aristocrat': 0.1252}",14,"[['cloth', 'fish', 'grain', 'timber']]","[['coal', 'jewelry']]",Ruler NEV-6,mercenary heavy,None,"Common, Dwarvish, Halfling",Tempus,177268,765621383,346.44,43.2,26.7,10,0,synthetic generator v2,synthetic,0.59,6303343,2,46.2,-25.50661,-33.71994
Calimshan Settlement 0262,Calimshan,Memnon,1012,6795336,409616,"{'humans': 733, 'elves': 115, 'dwarves': 90, 'halflings': 91, 'half-orcs': 51, 'misc.': 0}",160,arcane mishap,['Magocracy'],"{'poor': 0.5623, 'middle': 0.211, 'wealthy': 0.074, 'aristocrat': 0.1526}",2,"[['books', 'cloth', 'fish', 'gems', 'wine']]","[['coal', 'jewelry', 'mercenaries', 'silk']]",Ruler CAL-225,naval patrol,None,Common,"Lathander, Mystra, Selune",175132,771448209,365.16,77.1,47.6,8,0,synthetic generator v2,derived,0.39,6744582,1,29.6,68.92723,22.80177
Waterdeep Settlement 0263,Waterdeep,Waterdeep,1602,10238212,557837,"{'humans': 1360, 'elves': 165, 'dwarves': 110, 'halflings': 159, 'half-orcs': 72, 'misc.': 0}",50,arcane mishap,['Patriarchy'],"{'poor': 0.6003, 'middle': 0.2224, 'wealthy': 0.0221, 'aristocrat': 0.1553}",15,"[['armor', 'books', 'gems', 'horses', 'timber']]",[['mercenaries']],Ruler WAT-641,small militia,guilds,"Common, Elvish, Halfling","Chauntea, Lathander",236326,985356857,354.86,47.2,44.5,9,0,synthetic generator v2,derived,0.38,13098422,4,43.5,21.4384,121.75157
Neverwinter Settlement 0264,Neverwinter,Neverwinter,665,1287194,46375,"{'humans': 536, 'elves': 44, 'dwarves': 49, 'halflings': 48, 'half-orcs': 25, 'misc.': 0}",160,crime,['Confederacy'],"{'poor': 0.6152, 'middle': 0.3439, 'wealthy': 0.0363, 'aristocrat': 0.0046}",18,"[['armor', 'gems']]","[['coal', 'glass', 'jewelry', 'magic items', 'silk']]",Ruler NEV-299,professional guard,local academy,"Draconic, Elvish, Halfling",Tyr,177268,765621383,329.4,44.7,34.6,0,0,synthetic generator v2,derived,0.59,1088235,-3,14.4,-13.15258,59.3815
Baldurs Gate Settlement 0265,Baldurs Gate,Baldur's Gate,2109,8852604,226967,"{'humans': 1539, 'elves': 49, 'dwarves': 150, 'halflings': 64, 'half-orcs': 83, 'misc.': 224}",126,disease,['Democracy'],"{'poor': 0.5002, 'middle': 0.3919, 'wealthy': 0.0361, 'aristocrat': 0.0718}",0,"[['cloth', 'horses', 'weapons']]","[['coal', 'glass', 'mercenaries']]",Ruler BAL-317,naval patrol,None,"Dwarvish, Elvish, Orc","Tempus, Torm, Tyr",241116,953675704,269.82,63.4,36.8,9,0,synthetic generator v2,synthetic,0.79,7035888,0,31.5,57.39052,38.24032
Baldurs Gate Settlement 0266,Baldurs Gate,Baldur's Gate,9022,35756049,3121369,"{'humans': 7479, 'elves': 736, 'dwarves': 765, 'halflings': 737, 'half-orcs': 214, 'misc.': 0}",139,monster attack,['Dictatorship'],"{'poor': 0.5273, 'middle': 0.381, 'wealthy': 0.0229, 'aristocrat': 0.0687}",0,"[['books', 'fish', 'timber', 'wine']]","[['glass', 'magic items']]",Ruler BAL-990,naval patrol,guilds,"Common, Draconic",Chauntea,241116,953675704,520.11,56.9,54.7,7,0,synthetic generator v2,derived,0.76,39564586,2,24.5,-28.39061,16.85761
Amn Settlement 0267,Amn,Athkatla,5079,23307525,1357919,"{'humans': 3578, 'elves': 499, 'dwarves': 345, 'halflings': 349, 'half-orcs': 73, 'misc.': 235}",44,war,['Confederacy'],"{'poor': 0.572, 'middle': 0.2732, 'wealthy': 0.072, 'aristocrat': 0.0827}",2,[['armor']],"[['mercenaries', 'silk', 'spices']]",Ruler AMN-688,small militia,None,"Common, Dwarvish",Mystra,169970,832884482,180.0,59.1,61.9,2,0,synthetic generator v2,derived,0.41,22713976,-2,8.6,-6.13156,124.69268
Waterdeep Settlement 0268,Waterdeep,Waterdeep,300,585792,33098,"{'humans': 229, 'elves': 15, 'dwarves': 29, 'halflings': 10, 'half-orcs': 17, 'misc.': 0}",80,disease,['Dictatorship'],"{'poor': 0.6368, 'middle': 0.3127, 'wealthy': 0.0457, 'aristocrat': 0.0048}",10,[['salt']],"[['magic items', 'ore', 'silk', 'spices']]",Ruler WAT-413,naval patrol,guilds,Halfling,"Chauntea, Selune",236326,985356857,485.55,58.1,45.7,0,0,synthetic generator v2,synthetic,0.59,616769,-3,8.0,3.35159,24.07118
Baldurs Gate Settlement 0269,Baldurs Gate,Baldur's Gate,131,728590,34881,"{'humans': 89, 'elves': 11, 'dwarves': 11, 'halflings': 7, 'half-orcs': 2, 'misc.': 11}",127,disease,['Democracy'],"{'poor': 0.5293, 'middle': 0.2902, 'wealthy': 0.0675, 'aristocrat': 0.113}",0,[['cloth']],"[['glass', 'parchment', 'silk']]",Ruler BAL-346,naval patrol,None,Elvish,"Chauntea, Lathander, Tempus",241116,953675704,70.57,58.3,44.3,8,0,synthetic generator v2,synthetic,0.77,934721,-2,28.0,63.40075,38.61386
Waterdeep Settlement 0270,Waterdeep,Waterdeep,560,3869782,200561,"{'humans': 476, 'elves': 37, 'dwarves': 39, 'halflings': 40, 'half-orcs': 11, 'misc.': 0}",41,famine,['Democracy'],"{'poor': 0.5697, 'middle': 0.2285, 'wealthy': 0.0338, 'aristocrat': 0.168}",5,"[['books', 'cloth', 'gems', 'weapons', 'wine']]","[['magic items', 'spices']]",Ruler WAT-884,mercenary heavy,None,"Draconic, Orc",Tyr,236326,985356857,294.48,46.1,55.7,10,0,synthetic generator v2,synthetic,0.77,2999451,3,39.0,61.83046,-113.73088
Amn Settlement 0271,Amn,Athkatla,1684,6319749,159941,"{'humans': 1367, 'elves': 60, 'dwarves': 51, 'halflings': 114, 'half-orcs': 42, 'misc.': 50}",35,crime,['Magocracy'],"{'poor': 0.6209, 'middle': 0.2888, 'wealthy': 0.0215, 'aristocrat': 0.0688}",17,"[['armor', 'books', 'cloth', 'fish', 'wine']]","[['coal', 'parchment', 'silk', 'spices']]",Ruler AMN-836,small militia,guilds,Dwarvish,"Mystra, Torm",169970,832884482,139.4,64.8,83.5,1,0,synthetic generator v2,derived,0.71,6488706,1,17.1,9.78808,-5.52475
Waterdeep Settlement 0272,Waterdeep,Waterdeep,873,3407844,280195,"{'humans': 640, 'elves': 50, 'dwarves': 58, 'halflings': 27, 'half-orcs': 45, 'misc.': 53}",41,famine,['Monarchy'],"{'poor': 0.5125, 'middle': 0.3421, 'wealthy': 0.0948, 'aristocrat': 0.0507}",0,"[['fish', 'gems', 'grain', 'timber', 'wine']]","[['glass', 'mercenaries']]",Ruler WAT-236,small militia,local academy,Common,"Mystra, Tempus",236326,985356857,451.31,45.8,49.9,7,0,synthetic generator v2,synthetic,0.56,3692249,3,24.5,39.58784,78.44848
Cormyr Settlement 0273,Cormyr,Suzail,1546,5888422,486909,"{'humans': 1339, 'elves': 84, 'dwarves': 47, 'halflings': 48, 'half-orcs': 46, 'misc.': 0}",159,old age,['Satrapy'],"{'poor': 0.6351, 'middle': 0.2153, 'wealthy': 0.0925, 'aristocrat': 0.057}",0,"[['cloth', 'salt']]","[['coal', 'ore', 'parchment']]",Ruler COR-247,professional guard,guilds,Common,"Lathander, Torm, Tyr",142577,750902532,537.38,65.2,54.7,3,0,synthetic generator v2,derived,0.41,7322670,-1,10.5,27.46314,8.8955
Waterdeep Settlement 0274,Waterdeep,Waterdeep,274,2114311,158974,"{'humans': 209, 'elves': 24, 'dwarves': 10, 'halflings': 16, 'half-orcs': 15, 'misc.': 0}",120,monster attack,['Merchant Council'],"{'poor': 0.5135, 'middle': 0.266, 'wealthy': 0.0286, 'aristocrat': 0.1919}",0,[['timber']],"[['jewelry', 'parchment']]",Ruler WAT-751,professional guard,None,"Dwarvish, Elvish, Halfling","Mystra, Torm, Tyr",236326,985356857,298.54,57.4,37.5,4,0,synthetic generator v2,derived,0.45,2111560,-1,14.0,-35.51777,105.28384
Calimshan Settlement 0275,Calimshan,Memnon,29091,65832933,3307987,"{'humans': 21773, 'elves': 2650, 'dwarves': 1318, 'halflings': 1619, 'half-orcs': 1259, 'misc.': 472}",63,famine,['Monarchy'],"{'poor': 0.5885, 'middle': 0.3265, 'wealthy': 0.0806, 'aristocrat': 0.0044}",17,[['salt']],[['silk']],Ruler CAL-488,naval patrol,None,"Dwarvish, Orc",Selune,175132,771448209,199.93,73.3,49.1,6,0,synthetic generator v2,derived,0.57,85764097,0,34.6,54.07023,-73.4152
Cormyr Settlement 0276,Cormyr,Suzail,398,929916,76283,"{'humans': 275, 'elves': 16, 'dwarves': 20, 'halflings': 15, 'half-orcs': 11, 'misc.': 61}",51,disease,['Magocracy'],"{'poor': 0.554, 'middle': 0.3621, 'wealthy': 0.0793, 'aristocrat': 0.0046}",15,"[['armor', 'cloth', 'gems', 'horses', 'timber']]",[['ore']],Ruler COR-178,naval patrol,arcanum,"Draconic, Dwarvish, Halfling","Chauntea, Lathander, Tyr",142577,750902532,28.39,61.8,63.1,8,0,synthetic generator v2,synthetic,0.59,1063774,4,40.0,34.5288,-39.77019
Neverwinter Settlement 0277,Neverwinter,Neverwinter,2053,4311581,241886,"{'humans': 1395, 'elves': 128, 'dwarves': 163, 'halflings': 114, 'half-orcs': 46, 'misc.': 207}",40,disease,['Theocracy'],"{'poor': 0.6257, 'middle': 0.3158, 'wealthy': 0.0506, 'aristocrat': 0.0079}",0,"[['cloth', 'fish']]","[['coal', 'glass', 'mercenaries', 'ore', 'parchment']]",Ruler NEV-314,small militia,None,"Common, Elvish",Tempus,177268,765621383,370.14,54.2,34.0,0,0,synthetic generator v2,synthetic,0.72,4645772,-3,0.0,8.54279,77.19955
Tethyr Settlement 0278,Tethyr,Darromar,299,674956,49119,"{'humans': 230, 'elves': 28, 'dwarves': 25, 'halflings': 29, 'half-orcs': 8, 'misc.': 0}",128,crime,['Magocracy'],"{'poor': 0.5906, 'middle': 0.3238, 'wealthy': 0.0814, 'aristocrat': 0.0042}",2,"[['books', 'cloth', 'horses', 'salt']]","[['coal', 'parchment', 'silk']]",Ruler TET-673,small militia,local academy,"Dwarvish, Elvish","Selune, Tempus, Tyr",193641,937694481,387.0,63.9,55.1,9,0,synthetic generator v2,derived,0.5,780194,1,33.1,74.37149,-48.36684
Calimshan Settlement 0279,Calimshan,Memnon,3452,24274774,1374960,"{'humans': 2692, 'elves': 405, 'dwarves': 194, 'halflings': 282, 'half-orcs': 72, 'misc.': 0}",63,old age,['Satrapy'],"{'poor': 0.4842, 'middle': 0.3062, 'wealthy': 0.0464, 'aristocrat': 0.1632}",12,"[['horses', 'timber', 'weapons']]","[['mercenaries', 'parchment']]",Ruler CAL-973,mercenary heavy,None,Halfling,Lathander,175132,771448209,28.0,72.7,44.7,2,0,synthetic generator v2,derived,0.44,30147122,1,16.6,34.43918,-78.94889
Baldurs Gate Settlement 0280,Baldurs Gate,Baldur's Gate,1399,2600357,246636,"{'humans': 1031, 'elves': 136, 'dwarves': 130, 'halflings': 43, 'half-orcs': 70, 'misc.': 0}",87,monster attack,['Magocracy'],"{'poor': 0.6293, 'middle': 0.3376, 'wealthy': 0.0284, 'aristocrat': 0.0047}",0,"[['armor', 'books', 'cloth', 'fish', 'weapons']]",[['spices']],Ruler BAL-78,naval patrol,None,"Draconic, Halfling","Selune, Tyr",241116,953675704,269.05,53.5,34.5,8,0,synthetic generator v2,synthetic,0.89,3467960,4,28.0,72.09576,-88.73667
Cormyr Settlement 0281,Cormyr,Suzail,2738,15636942,351707,"{'humans': 2321, 'elves': 193, 'dwarves': 250, 'halflings': 57, 'half-orcs': 138, 'misc.': 0}",77,crime,['Democracy'],"{'poor': 0.572, 'middle': 0.2531, 'wealthy': 0.0502, 'aristocrat': 0.1247}",6,"[['cloth', 'gems', 'horses', 'wine']]","[['glass', 'parchment', 'spices']]",Ruler COR-641,naval patrol,guilds,"Elvish, Halfling, Orc","Mystra, Tempus",142577,750902532,231.35,56.9,72.9,2,0,synthetic generator v2,synthetic,0.9,12548492,1,11.8,-10.76823,-79.28711
Calimshan Settlement 0282,Calimshan,Memnon,426,1733138,71632,"{'humans': 303, 'elves': 28, 'dwarves': 35, 'halflings': 19, 'half-orcs': 9, 'misc.': 32}",63,old age,['Dictatorship'],"{'poor': 0.5219, 'middle': 0.338, 'wealthy': 0.0803, 'aristocrat': 0.0599}",0,"[['cloth', 'gems', 'grain', 'timber', 'weapons']]","[['mercenaries', 'ore', 'parchment', 'silk', 'spices']]",Ruler CAL-685,small militia,guilds,"Common, Draconic, Dwarvish","Lathander, Selune, Torm",175132,771448209,386.27,74.9,42.3,3,0,synthetic generator v2,synthetic,0.64,1316950,0,10.5,-20.66343,80.66355
Neverwinter Settlement 0283,Neverwinter,Neverwinter,6509,14377300,90162,"{'humans': 5142, 'elves': 338, 'dwarves': 597, 'halflings': 132, 'half-orcs': 309, 'misc.': 0}",126,famine,['Confederacy'],"{'poor': 0.6043, 'middle': 0.315, 'wealthy': 0.076, 'aristocrat': 0.0047}",14,"[['books', 'gems', 'horses', 'salt']]",[['mercenaries']],Ruler NEV-474,small militia,local academy,"Common, Dwarvish, Orc","Selune, Torm",177268,765621383,106.49,49.2,59.5,8,0,synthetic generator v2,synthetic,0.85,15085969,3,39.2,73.0375,-18.54031
Waterdeep Settlement 0284,Waterdeep,Waterdeep,4390,13308958,1040662,"{'humans': 3783, 'elves': 125, 'dwarves': 178, 'halflings': 274, 'half-orcs': 169, 'misc.': 0}",55,disease,['Confederacy'],"{'poor': 0.5676, 'middle': 0.3479, 'wealthy': 0.0495, 'aristocrat': 0.035}",9,"[['gems', 'horses', 'timber', 'weapons', 'wine']]","[['ore', 'parchment', 'spices']]",Ruler WAT-810,mercenary heavy,guilds,"Common, Draconic, Orc",Chauntea,236326,985356857,205.75,52.9,29.0,7,0,synthetic generator v2,derived,0.68,14410951,2,31.7,-32.83217,104.7469
Baldurs Gate Settlement 0285,Baldurs Gate,Baldur's Gate,13185,33037021,2896875,"{'humans': 8992, 'elves': 1074, 'dwarves': 572, 'halflings': 1111, 'half-orcs': 513, 'misc.': 923}",85,famine,['Monarchy'],"{'poor': 0.5224, 'middle': 0.3785, 'wealthy': 0.0944, 'aristocrat': 0.0048}",0,"[['cloth', 'gems']]","[['coal', 'silk']]",Ruler BAL-919,mercenary heavy,None,Draconic,"Mystra, Tempus, Torm",241116,953675704,176.07,59.5,54.3,1,0,synthetic generator v2,synthetic,0.83,43997745,0,3.5,-7.25266,88.9009
Neverwinter Settlement 0286,Neverwinter,Neverwinter,2446,5151844,170351,"{'humans': 1900, 'elves': 111, 'dwarves': 160, 'halflings': 178, 'half-orcs': 119, 'misc.': 0}",41,famine,['Theocracy'],"{'poor': 0.635, 'middle': 0.29, 'wealthy': 0.0703, 'aristocrat': 0.0047}",0,"[['cloth', 'fish', 'wine']]","[['coal', 'magic items', 'mercenaries', 'parchment', 'spices']]",Ruler NEV-491,mercenary heavy,local academy,"Elvish, Orc","Torm, Tyr",177268,765621383,439.37,42.0,41.3,0,0,synthetic generator v2,synthetic,0.62,5888522,-2,0.0,63.56432,-73.93693
Waterdeep Settlement 0287,Waterdeep,Waterdeep,134,236103,1195,"{'humans': 119, 'elves': 14, 'dwarves': 10, 'halflings': 4, 'half-orcs': 1, 'misc.': 0}",24,famine,['Confederacy'],"{'poor': 0.6527, 'middle': 0.3223, 'wealthy': 0.0201, 'aristocrat': 0.0049}",11,[['cloth']],"[['glass', 'mercenaries', 'ore', 'silk', 'spices']]",Ruler WAT-766,mercenary heavy,guilds,"Draconic, Dwarvish","Chauntea, Mystra, Tyr",236326,985356857,547.96,49.6,58.4,6,0,synthetic generator v2,synthetic,0.92,274965,-4,29.8,-38.39719,-38.37097
Cormyr Settlement 0288,Cormyr,Suzail,3922,34966551,2050822,"{'humans': 3265, 'elves': 187, 'dwarves': 281, 'halflings': 302, 'half-orcs': 41, 'misc.': 0}",76,crime,['Democracy'],"{'poor': 0.476, 'middle': 0.26, 'wealthy': 0.0364, 'aristocrat': 0.2276}",6,[['fish']],"[['coal', 'glass', 'jewelry', 'parchment', 'silk']]",Ruler COR-589,small militia,None,"Elvish, Halfling, Orc","Chauntea, Lathander, Tyr",142577,750902532,449.5,56.5,71.9,2,0,synthetic generator v2,synthetic,0.84,32606104,-4,11.8,4.29889,-80.36078
Tethyr Settlement 0289,Tethyr,Darromar,3724,8132180,326446,"{'humans': 2989, 'elves': 351, 'dwarves': 124, 'halflings': 249, 'half-orcs': 183, 'misc.': 0}",102,arcane mishap,['Monarchy'],"{'poor': 0.6484, 'middle': 0.259, 'wealthy': 0.088, 'aristocrat': 0.0046}",0,"[['horses', 'salt']]","[['ore', 'parchment', 'spices']]",Ruler TET-188,professional guard,local academy,Halfling,Selune,193641,937694481,240.66,60.3,56.8,8,0,synthetic generator v2,derived,0.74,8734039,-1,28.0,-6.25648,59.05325
Baldurs Gate Settlement 0290,Baldurs Gate,Baldur's Gate,567,1023889,62877,"{'humans': 464, 'elves': 33, 'dwarves': 43, 'halflings': 34, 'half-orcs': 13, 'misc.': 0}",72,arcane mishap,['Dictatorship'],"{'poor': 0.6258, 'middle': 0.3501, 'wealthy': 0.0196, 'aristocrat': 0.0045}",0,"[['horses', 'salt', 'timber', 'wine']]","[['glass', 'mercenaries']]",Ruler BAL-695,professional guard,arcanum,"Elvish, Orc",Torm,241116,953675704,108.82,54.9,34.4,5,0,synthetic generator v2,synthetic,0.65,1193910,2,17.5,27.8013,-14.80208
Amn Settlement 0291,Amn,Athkatla,1361,2511296,215767,"{'humans': 951, 'elves': 35, 'dwarves': 92, 'halflings': 52, 'half-orcs': 48, 'misc.': 183}",68,war,['Democracy'],"{'poor': 0.6498, 'middle': 0.3119, 'wealthy': 0.0335, 'aristocrat': 0.0047}",0,"[['armor', 'grain']]",[['coal']],Ruler AMN-27,small militia,guilds,Orc,"Chauntea, Selune, Tempus",169970,832884482,340.04,71.7,70.0,4,0,synthetic generator v2,synthetic,0.6,3107786,1,14.0,49.01575,-0.1939
Sembia Settlement 0292,Sembia,Selgaunt,6672,34639909,77804,"{'humans': 4869, 'elves': 253, 'dwarves': 416, 'halflings': 625, 'half-orcs': 367, 'misc.': 142}",142,monster attack,['Monarchy'],"{'poor': 0.5917, 'middle': 0.2696, 'wealthy': 0.0246, 'aristocrat': 0.1141}",12,[['gems']],[['magic items']],Ruler SEM-126,small militia,None,Common,Tempus,158418,730633739,41.13,52.6,63.2,3,0,synthetic generator v2,synthetic,0.6,34308926,0,20.1,69.23124,-71.31621
Waterdeep Settlement 0293,Waterdeep,Waterdeep,1575,14047645,723478,"{'humans': 1061, 'elves': 132, 'dwarves': 108, 'halflings': 46, 'half-orcs': 67, 'misc.': 161}",121,disease,['Theocracy'],"{'poor': 0.4561, 'middle': 0.2546, 'wealthy': 0.07, 'aristocrat': 0.2193}",1,"[['fish', 'grain']]",[['silk']],Ruler WAT-525,small militia,local academy,Halfling,"Chauntea, Torm",236326,985356857,423.51,46.7,35.9,6,0,synthetic generator v2,derived,0.48,13939719,1,21.8,2.37341,-108.81976
Baldurs Gate Settlement 0294,Baldurs Gate,Baldur's Gate,1597,3043696,42257,"{'humans': 1102, 'elves': 126, 'dwarves': 155, 'halflings': 127, 'half-orcs': 60, 'misc.': 27}",63,disease,['Confederacy'],"{'poor': 0.5986, 'middle': 0.3723, 'wealthy': 0.0242, 'aristocrat': 0.0049}",6,"[['fish', 'gems', 'horses', 'salt', 'weapons']]",[['magic items']],Ruler BAL-64,naval patrol,None,"Elvish, Orc",Tyr,241116,953675704,446.44,51.5,51.0,8,0,synthetic generator v2,derived,0.47,2989256,4,32.8,57.11917,-65.73971
Waterdeep Settlement 0295,Waterdeep,Waterdeep,22015,90341238,6951353,"{'humans': 15905, 'elves': 1958, 'dwarves': 1005, 'halflings': 1246, 'half-orcs': 377, 'misc.': 1524}",79,war,['Magocracy'],"{'poor': 0.6635, 'middle': 0.2066, 'wealthy': 0.0526, 'aristocrat': 0.0772}",10,"[['armor', 'books', 'salt', 'timber']]","[['glass', 'ore']]",Ruler WAT-13,naval patrol,arcanum,"Common, Elvish, Orc","Mystra, Selune, Tyr",236326,985356857,44.68,58.6,50.8,1,0,synthetic generator v2,synthetic,0.73,107217702,2,11.5,45.20033,126.12346
Tethyr Settlement 0296,Tethyr,Darromar,948,4985802,158962,"{'humans': 794, 'elves': 62, 'dwarves': 43, 'halflings': 81, 'half-orcs': 40, 'misc.': 0}",116,arcane mishap,['Merchant Council'],"{'poor': 0.6406, 'middle': 0.2126, 'wealthy': 0.0276, 'aristocrat': 0.1193}",5,[['fish']],[['silk']],Ruler TET-261,mercenary heavy,None,"Draconic, Orc",Tyr,193641,937694481,351.25,73.7,47.7,4,0,synthetic generator v2,derived,0.49,4396847,0,18.0,-20.47582,-105.82681
Neverwinter Settlement 0297,Neverwinter,Neverwinter,959,8210420,545338,"{'humans': 778, 'elves': 101, 'dwarves': 35, 'halflings': 81, 'half-orcs': 24, 'misc.': 0}",35,famine,['Monarchy'],"{'poor': 0.5001, 'middle': 0.2141, 'wealthy': 0.0766, 'aristocrat': 0.2092}",0,"[['armor', 'horses', 'salt']]","[['coal', 'jewelry', 'parchment']]",Ruler NEV-542,naval patrol,guilds,"Draconic, Dwarvish, Elvish","Torm, Tyr",177268,765621383,150.98,51.8,52.1,5,0,synthetic generator v2,derived,0.9,9559056,0,17.5,36.54919,-8.47038
Cormyr Settlement 0298,Cormyr,Suzail,9717,75433804,348405,"{'humans': 8147, 'elves': 367, 'dwarves': 730, 'halflings': 624, 'half-orcs': 195, 'misc.': 0}",113,war,['Monarchy'],"{'poor': 0.4559, 'middle': 0.2848, 'wealthy': 0.0809, 'aristocrat': 0.1784}",20,"[['armor', 'books', 'salt', 'wine']]","[['ore', 'spices']]",Ruler COR-795,small militia,local academy,"Draconic, Orc","Selune, Tempus, Torm",142577,750902532,368.05,58.9,76.3,10,0,synthetic generator v2,synthetic,0.75,83220595,2,51.0,16.1646,27.80707
Amn Settlement 0299,Amn,Athkatla,348,963548,17566,"{'humans': 300, 'elves': 13, 'dwarves': 29, 'halflings': 7, 'half-orcs': 7, 'misc.': 0}",55,crime,['Democracy'],"{'poor': 0.6653, 'middle': 0.2479, 'wealthy': 0.0546, 'aristocrat': 0.0323}",0,"[['fish', 'gems', 'weapons']]","[['glass', 'jewelry', 'magic items', 'mercenaries']]",Ruler AMN-60,mercenary heavy,local academy,"Common, Draconic, Dwarvish",Torm,169970,832884482,48.04,61.2,91.3,5,0,synthetic generator v2,synthetic,0.89,1154661,-1,17.5,31.11047,121.69041
Tethyr Settlement 0300,Tethyr,Darromar,5444,17487121,152884,"{'humans': 4071, 'elves': 565, 'dwarves': 445, 'halflings': 409, 'half-orcs': 255, 'misc.': 0}",180,disease,['Monarchy'],"{'poor': 0.5674, 'middle': 0.3294, 'wealthy': 0.0655, 'aristocrat': 0.0377}",0,[['horses']],"[['mercenaries', 'ore', 'silk']]",Ruler TET-613,naval patrol,guilds,"Draconic, Halfling, Orc",Tempus,193641,937694481,137.42,60.4,76.4,10,0,synthetic generator v2,derived,0.48,23054665,-2,35.0,17.4379,92.10202
Calimshan Settlement 0301,Calimshan,Memnon,1042,4933830,287326,"{'humans': 711, 'elves': 49, 'dwarves': 63, 'halflings': 80, 'half-orcs': 23, 'misc.': 116}",63,war,['Dictatorship'],"{'poor': 0.6532, 'middle': 0.2042, 'wealthy': 0.0431, 'aristocrat': 0.0995}",8,"[['armor', 'fish', 'gems', 'grain', 'salt']]","[['magic items', 'mercenaries', 'silk']]",Ruler CAL-952,small militia,local academy,"Common, Elvish, Orc","Chauntea, Lathander, Selune",175132,771448209,421.68,81.2,28.4,2,0,synthetic generator v2,synthetic,0.82,4116993,2,13.4,64.1781,117.19318
Tethyr Settlement 0302,Tethyr,Darromar,268,1535363,70129,"{'humans': 224, 'elves': 6, 'dwarves': 24, 'halflings': 12, 'half-orcs': 10, 'misc.': 0}",64,crime,['Monarchy'],"{'poor': 0.5653, 'middle': 0.2394, 'wealthy': 0.0758, 'aristocrat': 0.1195}",4,[['wine']],"[['glass', 'jewelry', 'mercenaries', 'spices']]",Ruler TET-53,mercenary heavy,local academy,Orc,Selune,193641,937694481,365.54,73.2,63.8,10,0,synthetic generator v2,synthetic,0.58,1635694,-3,38.2,2.56593,68.01731
Calimshan Settlement 0303,Calimshan,Memnon,752,1402839,133960,"{'humans': 627, 'elves': 20, 'dwarves': 27, 'halflings': 42, 'half-orcs': 36, 'misc.': 0}",117,disease,['Satrapy'],"{'poor': 0.6121, 'middle': 0.3594, 'wealthy': 0.0239, 'aristocrat': 0.0046}",0,[['cloth']],"[['magic items', 'spices']]",Ruler CAL-628,mercenary heavy,arcanum,"Dwarvish, Elvish, Orc","Lathander, Tempus",175132,771448209,355.06,80.2,27.4,8,0,synthetic generator v2,synthetic,0.67,1910162,-1,28.0,31.19917,68.81903
Amn Settlement 0304,Amn,Athkatla,1801,4040362,4317,"{'humans': 1388, 'elves': 54, 'dwarves': 136, 'halflings': 87, 'half-orcs': 73, 'misc.': 63}",58,disease,['Confederacy'],"{'poor': 0.5853, 'middle': 0.3359, 'wealthy': 0.0739, 'aristocrat': 0.0049}",16,"[['gems', 'salt', 'weapons']]","[['coal', 'jewelry', 'magic items', 'mercenaries', 'silk']]",Ruler AMN-402,mercenary heavy,None,"Common, Draconic","Chauntea, Mystra, Tyr",169970,832884482,114.67,60.0,68.2,6,0,synthetic generator v2,derived,0.52,3113854,-2,33.8,11.72972,50.75079
Waterdeep Settlement 0305,Waterdeep,Waterdeep,2751,15028087,578517,"{'humans': 2036, 'elves': 122, 'dwarves': 240, 'halflings': 138, 'half-orcs': 124, 'misc.': 91}",81,disease,['Satrapy'],"{'poor': 0.5409, 'middle': 0.3004, 'wealthy': 0.0431, 'aristocrat': 0.1156}",10,"[['books', 'cloth', 'grain', 'timber', 'weapons']]","[['coal', 'parchment', 'silk']]",Ruler WAT-73,professional guard,None,"Common, Elvish, Halfling","Lathander, Selune",236326,985356857,447.34,58.0,31.8,0,0,synthetic generator v2,derived,0.72,18942281,2,8.0,36.83297,85.37406
Calimshan Settlement 0306,Calimshan,Memnon,2446,4812941,361266,"{'humans': 1827, 'elves': 243, 'dwarves': 92, 'halflings': 196, 'half-orcs': 140, 'misc.': 0}",93,war,['Magocracy'],"{'poor': 0.6433, 'middle': 0.3011, 'wealthy': 0.0509, 'aristocrat': 0.0047}",8,"[['fish', 'timber']]","[['ore', 'parchment', 'silk', 'spices']]",Ruler CAL-245,mercenary heavy,guilds,Orc,"Lathander, Selune",175132,771448209,263.3,80.3,31.7,2,0,synthetic generator v2,synthetic,0.94,5104643,-2,13.4,-24.8225,73.12624
Cormyr Settlement 0307,Cormyr,Suzail,716,5717857,76451,"{'humans': 598, 'elves': 61, 'dwarves': 22, 'halflings': 34, 'half-orcs': 17, 'misc.': 0}",107,disease,['Magocracy'],"{'poor': 0.4543, 'middle': 0.3078, 'wealthy': 0.0448, 'aristocrat': 0.1932}",20,"[['fish', 'gems', 'horses']]","[['glass', 'jewelry', 'silk']]",Ruler COR-877,small militia,arcanum,"Common, Dwarvish, Elvish",Lathander,142577,750902532,99.33,56.3,66.9,0,0,synthetic generator v2,derived,0.67,7274429,0,16.0,-3.83118,-118.39821
Tethyr Settlement 0308,Tethyr,Darromar,5329,26560719,2565877,"{'humans': 4744, 'elves': 438, 'dwarves': 316, 'halflings': 323, 'half-orcs': 170, 'misc.': 0}",162,old age,['Theocracy'],"{'poor': 0.5169, 'middle': 0.305, 'wealthy': 0.0901, 'aristocrat': 0.0881}",15,"[['gems', 'timber']]","[['glass', 'silk', 'spices']]",Ruler TET-511,naval patrol,None,Dwarvish,Tempus,193641,937694481,170.14,73.9,66.0,2,0,synthetic generator v2,derived,0.7,33907595,-1,19.0,5.91356,25.77717
Amn Settlement 0309,Amn,Athkatla,252,567019,27921,"{'humans': 220, 'elves': 22, 'dwarves': 18, 'halflings': 10, 'half-orcs': 13, 'misc.': 0}",165,old age,['Monarchy'],"{'poor': 0.6344, 'middle': 0.2726, 'wealthy': 0.087, 'aristocrat': 0.006}",0,"[['horses', 'weapons', 'wine']]","[['glass', 'jewelry', 'magic items', 'parchment', 'silk']]",Ruler AMN-37,small militia,None,"Draconic, Elvish, Halfling","Chauntea, Lathander, Tyr",169970,832884482,267.35,70.7,82.5,4,0,synthetic generator v2,synthetic,0.82,738999,-2,14.0,66.90271,-18.50827
Waterdeep Settlement 0310,Waterdeep,Waterdeep,1577,8940872,16326,"{'humans': 1199, 'elves': 110, 'dwarves': 51, 'halflings': 154, 'half-orcs': 59, 'misc.': 4}",71,arcane mishap,['Theocracy'],"{'poor': 0.5092, 'middle': 0.3232, 'wealthy': 0.0484, 'aristocrat': 0.1191}",9,"[['books', 'grain', 'salt', 'weapons']]","[['glass', 'mercenaries', 'silk']]",Ruler WAT-573,small militia,local academy,Orc,"Chauntea, Tempus",236326,985356857,185.31,49.0,44.8,0,0,synthetic generator v2,derived,0.87,8233627,1,7.2,11.18105,58.01441
Waterdeep Settlement 0311,Waterdeep,Waterdeep,1183,5444978,506521,"{'humans': 873, 'elves': 53, 'dwarves': 101, 'halflings': 47, 'half-orcs': 12, 'misc.': 97}",98,crime,['Dictatorship'],"{'poor': 0.6276, 'middle': 0.2148, 'wealthy': 0.0701, 'aristocrat': 0.0876}",11,[['horses']],[['parchment']],Ruler WAT-148,naval patrol,None,Orc,"Chauntea, Tempus",236326,985356857,344.31,47.7,41.1,6,0,synthetic generator v2,derived,0.66,6703690,0,29.8,49.57391,-83.42798
Neverwinter Settlement 0312,Neverwinter,Neverwinter,5227,11596133,214672,"{'humans': 3859, 'elves': 244, 'dwarves': 299, 'halflings': 339, 'half-orcs': 263, 'misc.': 223}",171,arcane mishap,['Confederacy'],"{'poor': 0.6245, 'middle': 0.2852, 'wealthy': 0.0857, 'aristocrat': 0.0045}",8,"[['books', 'cloth', 'grain', 'weapons']]",[['spices']],Ruler NEV-982,naval patrol,guilds,"Common, Halfling, Orc","Lathander, Torm",177268,765621383,345.03,43.5,41.2,5,0,synthetic generator v2,synthetic,0.72,12720038,3,23.9,-19.25993,-107.98629
Calimshan Settlement 0313,Calimshan,Memnon,270,1379788,12679,"{'humans': 233, 'elves': 32, 'dwarves': 15, 'halflings': 12, 'half-orcs': 16, 'misc.': 0}",45,arcane mishap,['Satrapy'],"{'poor': 0.5387, 'middle': 0.3185, 'wealthy': 0.0381, 'aristocrat': 0.1047}",17,"[['horses', 'salt']]",[['coal']],Ruler CAL-114,mercenary heavy,local academy,"Common, Elvish","Lathander, Tempus, Tyr",175132,771448209,47.92,72.3,44.0,3,0,synthetic generator v2,derived,0.79,1248983,1,24.1,74.71358,2.16546
Waterdeep Settlement 0314,Waterdeep,Waterdeep,2538,5526538,250548,"{'humans': 1747, 'elves': 176, 'dwarves': 100, 'halflings': 184, 'half-orcs': 67, 'misc.': 264}",33,monster attack,['Theocracy'],"{'poor': 0.6358, 'middle': 0.2769, 'wealthy': 0.0826, 'aristocrat': 0.0046}",14,"[['books', 'cloth', 'gems', 'horses', 'wine']]",[['spices']],Ruler WAT-341,mercenary heavy,arcanum,"Common, Draconic, Dwarvish","Chauntea, Selune, Torm",236326,985356857,504.52,49.8,55.0,0,0,synthetic generator v2,derived,0.77,7308239,4,11.2,-9.06099,-19.82274
Sembia Settlement 0315,Sembia,Selgaunt,521,3185663,143009,"{'humans': 378, 'elves': 26, 'dwarves': 42, 'halflings': 32, 'half-orcs': 25, 'misc.': 18}",133,crime,['Democracy'],"{'poor': 0.572, 'middle': 0.2322, 'wealthy': 0.0597, 'aristocrat': 0.1362}",4,"[['armor', 'fish', 'timber', 'weapons', 'wine']]",[['magic items']],Ruler SEM-202,professional guard,guilds,"Common, Dwarvish",Torm,158418,730633739,256.68,56.4,47.3,8,0,synthetic generator v2,synthetic,0.48,2526965,4,31.2,-20.5129,128.28896
Waterdeep Settlement 0316,Waterdeep,Waterdeep,830,5975022,159146,"{'humans': 729, 'elves': 41, 'dwarves': 76, 'halflings': 55, 'half-orcs': 47, 'misc.': 0}",110,old age,['Dictatorship'],"{'poor': 0.4552, 'middle': 0.3048, 'wealthy': 0.0804, 'aristocrat': 0.1596}",10,[['salt']],"[['jewelry', 'mercenaries', 'silk', 'spices']]",Ruler WAT-372,small militia,guilds,"Dwarvish, Halfling, Orc","Chauntea, Tempus, Torm",236326,985356857,212.88,52.1,41.2,5,0,synthetic generator v2,synthetic,0.89,5627043,-3,25.5,38.82541,53.34693
Calimshan Settlement 0317,Calimshan,Memnon,4519,39093918,1489121,"{'humans': 3298, 'elves': 238, 'dwarves': 299, 'halflings': 245, 'half-orcs': 107, 'misc.': 332}",134,crime,['Merchant Council'],"{'poor': 0.4998, 'middle': 0.2081, 'wealthy': 0.0808, 'aristocrat': 0.2113}",0,[['wine']],"[['magic items', 'spices']]",Ruler CAL-50,professional guard,arcanum,Common,Chauntea,175132,771448209,110.44,78.9,22.8,7,0,synthetic generator v2,derived,0.72,38794687,-1,24.5,-29.10589,-94.98006
Cormyr Settlement 0318,Cormyr,Suzail,2376,22337934,242386,"{'humans': 2130, 'elves': 173, 'dwarves': 97, 'halflings': 173, 'half-orcs': 115, 'misc.': 0}",159,old age,['Confederacy'],"{'poor': 0.5008, 'middle': 0.2093, 'wealthy': 0.0463, 'aristocrat': 0.2436}",0,"[['armor', 'grain']]","[['glass', 'jewelry']]",Ruler COR-302,small militia,None,"Common, Draconic, Dwarvish","Mystra, Selune",142577,750902532,387.0,55.8,41.7,0,0,synthetic generator v2,synthetic,0.95,24709356,0,0.0,45.23832,124.57055
Tethyr Settlement 0319,Tethyr,Darromar,371,2484756,111035,"{'humans': 324, 'elves': 33, 'dwarves': 21, 'halflings': 22, 'half-orcs': 15, 'misc.': 0}",54,crime,['Satrapy'],"{'poor': 0.497, 'middle': 0.2824, 'wealthy': 0.0732, 'aristocrat': 0.1474}",4,"[['fish', 'salt']]",[['glass']],Ruler TET-299,naval patrol,guilds,"Common, Dwarvish, Orc",Chauntea,193641,937694481,128.78,60.8,73.8,0,0,synthetic generator v2,derived,0.81,3097923,1,3.2,3.09025,110.07504
Baldur's Gate,Baldurs Gate,Baldur's Gate,144,729890,33340,"{'humans': 103, 'elves': 13, 'dwarves': 7, 'halflings': 6, 'half-orcs': 5, 'misc.': 10}",59,famine,['Merchant Council'],"{'poor': 0.5926, 'middle': 0.2477, 'wealthy': 0.0562, 'aristocrat': 0.1035}",9,"[['books', 'gems', 'horses', 'salt', 'timber']]",[['glass']],Ruler BAL-753,naval patrol,local academy,"Draconic, Dwarvish, Elvish","Lathander, Torm",241116,953675704,410.29,54.0,46.7,1,0,synthetic generator v2,derived,0.37,971146,4,10.7,-2.84208,92.65693
Cormyr Settlement 0321,Cormyr,Suzail,487,947309,19163,"{'humans': 394, 'elves': 48, 'dwarves': 48, 'halflings': 16, 'half-orcs': 16, 'misc.': 0}",142,old age,['Theocracy'],"{'poor': 0.65, 'middle': 0.2991, 'wealthy': 0.0453, 'aristocrat': 0.0056}",0,"[['books', 'gems', 'horses', 'wine']]",[['parchment']],Ruler COR-466,professional guard,local academy,"Common, Elvish","Selune, Tempus, Tyr",142577,750902532,339.65,65.7,76.6,3,0,synthetic generator v2,synthetic,0.76,1247044,3,10.5,-18.96299,-116.92753
Cormyr Settlement 0322,Cormyr,Suzail,1172,5167368,139030,"{'humans': 853, 'elves': 137, 'dwarves': 113, 'halflings': 85, 'half-orcs': 48, 'misc.': 0}",150,war,['Satrapy'],"{'poor': 0.5901, 'middle': 0.2846, 'wealthy': 0.0407, 'aristocrat': 0.0845}",4,[['salt']],"[['ore', 'spices']]",Ruler COR-122,naval patrol,arcanum,Halfling,"Mystra, Tempus",142577,750902532,539.16,56.2,70.4,1,0,synthetic generator v2,synthetic,0.45,5431871,-1,6.7,65.38445,-76.45983
Tethyr Settlement 0323,Tethyr,Darromar,1778,9013090,432255,"{'humans': 1247, 'elves': 102, 'dwarves': 109, 'halflings': 133, 'half-orcs': 60, 'misc.': 127}",146,old age,['Monarchy'],"{'poor': 0.4928, 'middle': 0.3694, 'wealthy': 0.0379, 'aristocrat': 0.1}",0,"[['cloth', 'grain', 'salt', 'timber', 'wine']]","[['glass', 'jewelry', 'mercenaries', 'silk', 'spices']]",Ruler TET-575,professional guard,local academy,"Dwarvish, Elvish","Tempus, Torm",193641,937694481,96.29,67.2,64.7,2,0,synthetic generator v2,synthetic,0.49,7525790,0,7.0,34.72542,5.27662
Baldurs Gate Settlement 0324,Baldurs Gate,Baldur's Gate,1240,2707362,175180,"{'humans': 875, 'elves': 84, 'dwarves': 42, 'halflings': 51, 'half-orcs': 17, 'misc.': 171}",175,arcane mishap,['Monarchy'],"{'poor': 0.5793, 'middle': 0.3524, 'wealthy': 0.0636, 'aristocrat': 0.0046}",11,[['grain']],"[['coal', 'glass', 'mercenaries']]",Ruler BAL-946,small militia,arcanum,"Common, Draconic, Orc",Torm,241116,953675704,383.23,58.7,58.6,5,0,synthetic generator v2,synthetic,0.75,3019525,-2,26.3,-37.70858,118.87776
Sembia Settlement 0325,Sembia,Selgaunt,474,1073873,85752,"{'humans': 356, 'elves': 11, 'dwarves': 42, 'halflings': 43, 'half-orcs': 21, 'misc.': 1}",144,old age,['Theocracy'],"{'poor': 0.6081, 'middle': 0.3011, 'wealthy': 0.086, 'aristocrat': 0.0048}",0,"[['horses', 'salt', 'wine']]",[['coal']],Ruler SEM-594,small militia,arcanum,"Dwarvish, Elvish, Orc","Chauntea, Lathander",158418,730633739,495.97,53.1,37.3,6,0,synthetic generator v2,derived,0.64,1338076,2,21.0,8.97945,89.16228
Calimshan Settlement 0326,Calimshan,Memnon,1739,10298575,522714,"{'humans': 1410, 'elves': 103, 'dwarves': 110, 'halflings': 138, 'half-orcs': 89, 'misc.': 0}",88,disease,['Democracy'],"{'poor': 0.579, 'middle': 0.223, 'wealthy': 0.0698, 'aristocrat': 0.1282}",2,[['weapons']],"[['coal', 'glass', 'jewelry', 'magic items']]",Ruler CAL-44,professional guard,local academy,Common,"Chauntea, Tempus",175132,771448209,202.77,84.8,38.3,8,0,synthetic generator v2,derived,0.8,7951466,-3,29.6,-1.7183,98.11506
Sembia Settlement 0327,Sembia,Selgaunt,280,970470,19111,"{'humans': 203, 'elves': 7, 'dwarves': 24, 'halflings': 27, 'half-orcs': 8, 'misc.': 11}",126,famine,['Theocracy'],"{'poor': 0.5287, 'middle': 0.3573, 'wealthy': 0.072, 'aristocrat': 0.042}",0,"[['armor', 'cloth', 'salt', 'timber']]","[['mercenaries', 'ore', 'parchment', 'silk', 'spices']]",Ruler SEM-860,small militia,None,"Dwarvish, Elvish, Halfling","Lathander, Mystra, Selune",158418,730633739,119.98,60.2,45.6,5,0,synthetic generator v2,derived,0.53,1188093,-1,17.5,-10.31088,-39.84323
Calimshan Settlement 0328,Calimshan,Memnon,1175,3985578,291290,"{'humans': 960, 'elves': 54, 'dwarves': 97, 'halflings': 110, 'half-orcs': 63, 'misc.': 0}",45,famine,['Dictatorship'],"{'poor': 0.5743, 'middle': 0.3005, 'wealthy': 0.0849, 'aristocrat': 0.0402}",7,"[['armor', 'cloth', 'wine']]","[['mercenaries', 'silk']]",Ruler CAL-230,professional guard,None,"Elvish, Halfling, Orc",Chauntea,175132,771448209,526.72,71.6,16.4,8,0,synthetic generator v2,derived,0.5,4120282,1,33.6,-38.46058,92.11114
Tethyr Settlement 0329,Tethyr,Darromar,287,609192,30397,"{'humans': 257, 'elves': 33, 'dwarves': 20, 'halflings': 25, 'half-orcs': 6, 'misc.': 0}",151,monster attack,['Monarchy'],"{'poor': 0.6225, 'middle': 0.3048, 'wealthy': 0.068, 'aristocrat': 0.0048}",0,"[['armor', 'books', 'gems']]","[['coal', 'magic items', 'ore', 'spices']]",Ruler TET-39,mercenary heavy,None,"Common, Halfling, Orc","Mystra, Tempus, Torm",193641,937694481,412.7,68.9,54.2,1,1,synthetic generator v2,synthetic,0.7,475782,-1,4.4,61.32151,96.83729
Cormyr Settlement 0330,Cormyr,Suzail,1351,10427064,235497,"{'humans': 1055, 'elves': 66, 'dwarves': 70, 'halflings': 64, 'half-orcs': 21, 'misc.': 75}",42,crime,['Merchant Council'],"{'poor': 0.5098, 'middle': 0.2189, 'wealthy': 0.0931, 'aristocrat': 0.1783}",20,"[['fish', 'salt']]","[['glass', 'magic items', 'mercenaries', 'ore', 'parchment']]",Ruler COR-340,professional guard,guilds,"Common, Elvish","Chauntea, Mystra, Torm",142577,750902532,295.33,63.3,65.6,1,0,synthetic generator v2,derived,0.88,14440187,-3,19.5,45.60628,44.6626
Sembia Settlement 0331,Sembia,Selgaunt,984,5134371,347180,"{'humans': 685, 'elves': 46, 'dwarves': 75, 'halflings': 59, 'half-orcs': 57, 'misc.': 62}",36,famine,['Theocracy'],"{'poor': 0.5139, 'middle': 0.3439, 'wealthy': 0.0351, 'aristocrat': 0.1071}",3,"[['books', 'fish', 'salt']]","[['coal', 'magic items', 'parchment', 'spices']]",Ruler SEM-587,small militia,local academy,"Draconic, Dwarvish",Tempus,158418,730633739,89.52,60.5,33.5,3,0,synthetic generator v2,synthetic,0.81,4586327,-1,12.9,69.84137,-11.04108
Tethyr Settlement 0332,Tethyr,Darromar,741,2650448,211335,"{'humans': 505, 'elves': 49, 'dwarves': 49, 'halflings': 42, 'half-orcs': 38, 'misc.': 58}",76,arcane mishap,['Democracy'],"{'poor': 0.5965, 'middle': 0.3062, 'wealthy': 0.04, 'aristocrat': 0.0573}",14,"[['horses', 'timber', 'weapons', 'wine']]","[['mercenaries', 'parchment']]",Ruler TET-898,small militia,guilds,"Draconic, Halfling, Orc",Lathander,193641,937694481,26.84,66.6,63.7,8,0,synthetic generator v2,synthetic,0.73,3631795,2,39.2,67.1667,80.43889
Amn Settlement 0333,Amn,Athkatla,3509,29375444,2006154,"{'humans': 2760, 'elves': 207, 'dwarves': 316, 'halflings': 342, 'half-orcs': 86, 'misc.': 0}",100,war,['Democracy'],"{'poor': 0.4766, 'middle': 0.2356, 'wealthy': 0.0893, 'aristocrat': 0.1985}",17,"[['grain', 'weapons', 'wine']]","[['magic items', 'spices']]",Ruler AMN-52,mercenary heavy,arcanum,"Common, Elvish",Tyr,169970,832884482,497.17,65.5,90.8,1,0,synthetic generator v2,derived,0.95,40821422,1,17.1,31.00179,96.25203
Tethyr Settlement 0334,Tethyr,Darromar,906,7176535,7201,"{'humans': 810, 'elves': 64, 'dwarves': 68, 'halflings': 36, 'half-orcs': 14, 'misc.': 0}",127,arcane mishap,['Merchant Council'],"{'poor': 0.5114, 'middle': 0.2663, 'wealthy': 0.0223, 'aristocrat': 0.1999}",2,"[['gems', 'weapons', 'wine']]","[['coal', 'glass', 'silk']]",Ruler TET-393,small militia,arcanum,Orc,Tempus,193641,937694481,228.3,65.7,51.0,0,0,synthetic generator v2,synthetic,0.66,7194688,0,1.6,-2.22627,22.69462
Amn Settlement 0335,Amn,Athkatla,2831,12246022,567594,"{'humans': 1914, 'elves': 324, 'dwarves': 236, 'halflings': 65, 'half-orcs': 150, 'misc.': 142}",149,disease,['Theocracy'],"{'poor': 0.5885, 'middle': 0.2904, 'wealthy': 0.0392, 'aristocrat': 0.0819}",0,"[['books', 'fish', 'grain', 'wine']]","[['glass', 'jewelry', 'parchment', 'silk', 'spices']]",Ruler AMN-405,small militia,guilds,Draconic,Tyr,169970,832884482,519.17,62.6,66.1,6,0,synthetic generator v2,synthetic,0.4,16684390,-1,21.0,-34.81938,-60.78796
Calimshan Settlement 0336,Calimshan,Memnon,536,1818454,10628,"{'humans': 464, 'elves': 55, 'dwarves': 30, 'halflings': 29, 'half-orcs': 24, 'misc.': 0}",137,arcane mishap,['Merchant Council'],"{'poor': 0.5256, 'middle': 0.3844, 'wealthy': 0.0451, 'aristocrat': 0.0449}",4,"[['fish', 'horses', 'salt', 'timber', 'weapons']]",[['spices']],Ruler CAL-86,small militia,local academy,"Dwarvish, Orc",Tempus,175132,771448209,15.18,78.1,42.1,3,0,synthetic generator v2,derived,0.62,2278288,4,13.7,-30.07009,96.57013
Amn Settlement 0337,Amn,Athkatla,3376,8380464,476539,"{'humans': 2446, 'elves': 258, 'dwarves': 122, 'halflings': 108, 'half-orcs': 171, 'misc.': 271}",37,disease,['Confederacy'],"{'poor': 0.5261, 'middle': 0.3771, 'wealthy': 0.092, 'aristocrat': 0.0048}",14,"[['armor', 'salt', 'timber']]","[['glass', 'jewelry', 'magic items', 'parchment', 'silk']]",Ruler AMN-845,small militia,guilds,"Common, Draconic, Dwarvish","Lathander, Mystra",169970,832884482,396.96,64.3,70.3,3,0,synthetic generator v2,synthetic,0.57,7557045,-2,21.7,74.66866,-11.79315
Baldurs Gate Settlement 0338,Baldurs Gate,Baldur's Gate,562,2340943,121068,"{'humans': 501, 'elves': 56, 'dwarves': 54, 'halflings': 24, 'half-orcs': 9, 'misc.': 0}",116,famine,['Monarchy'],"{'poor': 0.6185, 'middle': 0.2485, 'wealthy': 0.0582, 'aristocrat': 0.0748}",3,"[['cloth', 'timber', 'weapons']]",[['mercenaries']],Ruler BAL-584,naval patrol,local academy,Common,"Selune, Tempus, Torm",241116,953675704,452.24,50.8,66.9,5,0,synthetic generator v2,derived,0.53,3044002,2,19.9,62.00041,112.72904
Cormyr Settlement 0339,Cormyr,Suzail,995,3752542,201969,"{'humans': 762, 'elves': 43, 'dwarves': 31, 'halflings': 21, 'half-orcs': 25, 'misc.': 113}",167,old age,['Dictatorship'],"{'poor': 0.6211, 'middle': 0.2853, 'wealthy': 0.025, 'aristocrat': 0.0687}",11,[['grain']],"[['coal', 'glass', 'magic items', 'mercenaries', 'ore']]",Ruler COR-580,naval patrol,local academy,"Common, Elvish, Orc",Torm,142577,750902532,52.46,61.2,58.5,10,0,synthetic generator v2,derived,0.74,4652902,-4,43.8,-3.70962,81.695
Neverwinter Settlement 0340,Neverwinter,Neverwinter,515,1973041,80350,"{'humans': 458, 'elves': 34, 'dwarves': 38, 'halflings': 40, 'half-orcs': 11, 'misc.': 0}",50,war,['Magocracy'],"{'poor': 0.6333, 'middle': 0.2529, 'wealthy': 0.0467, 'aristocrat': 0.0671}",16,[['fish']],[['parchment']],Ruler NEV-862,professional guard,None,"Halfling, Orc","Mystra, Selune, Tempus",177268,765621383,190.19,42.0,58.9,6,0,synthetic generator v2,derived,0.42,2174937,0,33.8,60.56982,-79.80286
Sembia Settlement 0341,Sembia,Selgaunt,1131,11444676,78433,"{'humans': 778, 'elves': 59, 'dwarves': 79, 'halflings': 77, 'half-orcs': 15, 'misc.': 123}",99,monster attack,['Dictatorship'],"{'poor': 0.467, 'middle': 0.231, 'wealthy': 0.0343, 'aristocrat': 0.2676}",0,"[['cloth', 'gems', 'grain', 'horses', 'timber']]","[['coal', 'glass']]",Ruler SEM-133,professional guard,local academy,"Draconic, Halfling","Lathander, Mystra, Torm",158418,730633739,447.77,47.5,47.9,6,0,synthetic generator v2,synthetic,0.73,10061920,3,21.0,36.95764,-78.33515
Calimshan Settlement 0342,Calimshan,Memnon,1151,8829514,375520,"{'humans': 861, 'elves': 75, 'dwarves': 67, 'halflings': 34, 'half-orcs': 59, 'misc.': 55}",92,famine,['Dictatorship'],"{'poor': 0.5478, 'middle': 0.2116, 'wealthy': 0.0527, 'aristocrat': 0.1879}",14,"[['fish', 'timber', 'wine']]",[['spices']],Ruler CAL-883,professional guard,None,Halfling,"Selune, Tempus, Tyr",175132,771448209,228.99,72.2,21.7,6,0,synthetic generator v2,derived,0.45,11726924,2,32.2,27.79095,64.10074
Sembia Settlement 0343,Sembia,Selgaunt,4075,24145450,735299,"{'humans': 2957, 'elves': 344, 'dwarves': 198, 'halflings': 267, 'half-orcs': 104, 'misc.': 205}",134,disease,['Magocracy'],"{'poor': 0.5291, 'middle': 0.2533, 'wealthy': 0.099, 'aristocrat': 0.1186}",16,"[['armor', 'books', 'grain', 'horses', 'wine']]","[['glass', 'silk', 'spices']]",Ruler SEM-345,mercenary heavy,local academy,"Common, Orc",Lathander,158418,730633739,415.2,48.8,50.8,1,0,synthetic generator v2,derived,0.42,33127305,2,16.3,3.81304,-96.93414
Amn Settlement 0344,Amn,Athkatla,1012,9640928,456980,"{'humans': 825, 'elves': 62, 'dwarves': 33, 'halflings': 65, 'half-orcs': 36, 'misc.': 0}",26,monster attack,['Satrapy'],"{'poor': 0.4522, 'middle': 0.2308, 'wealthy': 0.0797, 'aristocrat': 0.2373}",0,"[['books', 'fish', 'grain', 'horses', 'salt']]","[['coal', 'ore']]",Ruler AMN-903,professional guard,local academy,Draconic,Mystra,169970,832884482,111.95,71.5,80.0,10,0,synthetic generator v2,synthetic,0.81,8825544,3,35.0,30.38351,74.75086
Tethyr Settlement 0345,Tethyr,Darromar,979,4716035,5534,"{'humans': 852, 'elves': 80, 'dwarves': 32, 'halflings': 19, 'half-orcs': 54, 'misc.': 0}",150,famine,['Merchant Council'],"{'poor': 0.6173, 'middle': 0.2279, 'wealthy': 0.0582, 'aristocrat': 0.0965}",0,"[['cloth', 'fish', 'horses']]","[['coal', 'mercenaries', 'ore', 'silk']]",Ruler TET-343,small militia,guilds,Dwarvish,Tempus,193641,937694481,355.27,68.2,50.4,10,0,synthetic generator v2,derived,0.77,4084129,-1,35.0,20.74344,-63.22881
Calimshan Settlement 0346,Calimshan,Memnon,1417,6571399,480266,"{'humans': 1031, 'elves': 50, 'dwarves': 100, 'halflings': 119, 'half-orcs': 83, 'misc.': 34}",57,monster attack,['Confederacy'],"{'poor': 0.5124, 'middle': 0.3171, 'wealthy': 0.0954, 'aristocrat': 0.0751}",15,"[['books', 'cloth', 'gems', 'weapons']]",[['ore']],Ruler CAL-79,professional guard,None,"Draconic, Dwarvish, Halfling",Lathander,175132,771448209,290.01,82.5,14.9,3,0,synthetic generator v2,derived,0.87,6939363,3,22.5,31.19987,-44.8061
Sembia Settlement 0347,Sembia,Selgaunt,2844,28339557,1136068,"{'humans': 1966, 'elves': 228, 'dwarves': 150, 'halflings': 192, 'half-orcs': 158, 'misc.': 150}",177,old age,['Merchant Council'],"{'poor': 0.4937, 'middle': 0.2027, 'wealthy': 0.0405, 'aristocrat': 0.2631}",14,"[['armor', 'books', 'cloth', 'gems', 'horses']]","[['coal', 'glass', 'magic items', 'mercenaries', 'parchment']]",Ruler SEM-685,small militia,local academy,"Common, Elvish","Chauntea, Mystra, Tempus",158418,730633739,429.18,50.2,56.3,10,0,synthetic generator v2,derived,0.86,39521989,0,46.2,-32.71918,-99.05078
Tethyr Settlement 0348,Tethyr,Darromar,2856,10541674,500698,"{'humans': 2426, 'elves': 59, 'dwarves': 237, 'halflings': 258, 'half-orcs': 162, 'misc.': 0}",112,monster attack,['Magocracy'],"{'poor': 0.4989, 'middle': 0.3839, 'wealthy': 0.0693, 'aristocrat': 0.0479}",4,"[['grain', 'timber', 'weapons']]","[['glass', 'mercenaries']]",Ruler TET-488,mercenary heavy,arcanum,"Draconic, Dwarvish, Orc","Mystra, Tempus",193641,937694481,210.74,64.6,56.3,10,1,synthetic generator v2,synthetic,0.76,9442460,1,39.1,21.81223,-96.0514
Baldurs Gate Settlement 0349,Baldurs Gate,Baldur's Gate,819,1924932,134196,"{'humans': 713, 'elves': 59, 'dwarves': 75, 'halflings': 57, 'half-orcs': 44, 'misc.': 0}",74,monster attack,['Satrapy'],"{'poor': 0.6633, 'middle': 0.2464, 'wealthy': 0.0767, 'aristocrat': 0.0136}",0,[['weapons']],[['mercenaries']],Ruler BAL-748,mercenary heavy,local academy,"Common, Elvish","Selune, Tempus",241116,953675704,129.08,58.3,37.3,2,0,synthetic generator v2,synthetic,0.49,1784933,0,7.0,12.56408,-91.8055
Tethyr Settlement 0350,Tethyr,Darromar,1677,3397427,36165,"{'humans': 1178, 'elves': 78, 'dwarves': 66, 'halflings': 116, 'half-orcs': 31, 'misc.': 208}",64,war,['Confederacy'],"{'poor': 0.6093, 'middle': 0.3381, 'wealthy': 0.0478, 'aristocrat': 0.0048}",2,[['armor']],"[['glass', 'jewelry', 'magic items', 'mercenaries', 'ore']]",Ruler TET-595,naval patrol,arcanum,Draconic,Lathander,193641,937694481,400.52,62.6,80.9,2,0,synthetic generator v2,derived,0.73,2854164,-4,8.6,-31.25784,-73.82435
Neverwinter Settlement 0351,Neverwinter,Neverwinter,1014,5142863,70097,"{'humans': 704, 'elves': 58, 'dwarves': 63, 'halflings': 35, 'half-orcs': 33, 'misc.': 121}",122,arcane mishap,['Monarchy'],"{'poor': 0.5928, 'middle': 0.2733, 'wealthy': 0.0235, 'aristocrat': 0.1104}",0,"[['cloth', 'gems', 'grain', 'horses']]",[['spices']],Ruler NEV-930,professional guard,None,"Draconic, Dwarvish, Elvish","Mystra, Torm, Tyr",177268,765621383,255.44,42.9,53.9,6,0,synthetic generator v2,derived,0.87,4936668,3,21.0,71.13519,-51.03532
Baldurs Gate Settlement 0352,Baldurs Gate,Baldur's Gate,7414,44962558,626755,"{'humans': 4966, 'elves': 258, 'dwarves': 535, 'halflings': 556, 'half-orcs': 251, 'misc.': 848}",101,disease,['Confederacy'],"{'poor': 0.5718, 'middle': 0.2302, 'wealthy': 0.0646, 'aristocrat': 0.1335}",0,"[['salt', 'weapons']]","[['glass', 'magic items', 'ore']]",Ruler BAL-793,professional guard,guilds,"Common, Halfling",Tempus,241116,953675704,363.34,58.1,64.9,1,0,synthetic generator v2,derived,0.87,56212871,-1,3.5,33.09011,25.23788
Baldurs Gate Settlement 0353,Baldurs Gate,Baldur's Gate,6249,13491890,685507,"{'humans': 5026, 'elves': 723, 'dwarves': 453, 'halflings': 213, 'half-orcs': 183, 'misc.': 0}",146,arcane mishap,['Theocracy'],"{'poor': 0.6222, 'middle': 0.3206, 'wealthy': 0.0468, 'aristocrat': 0.0104}",0,"[['horses', 'wine']]",[['coal']],Ruler BAL-435,naval patrol,arcanum,"Draconic, Dwarvish, Halfling","Mystra, Torm",241116,953675704,192.64,55.2,36.9,1,0,synthetic generator v2,synthetic,0.87,17706347,1,3.5,2.1088,121.48597
Amn Settlement 0354,Amn,Athkatla,809,3802798,106883,"{'humans': 539, 'elves': 23, 'dwarves': 78, 'halflings': 56, 'half-orcs': 33, 'misc.': 80}",141,famine,['Magocracy'],"{'poor': 0.5352, 'middle': 0.3495, 'wealthy': 0.021, 'aristocrat': 0.0943}",11,"[['armor', 'books', 'weapons', 'wine']]","[['jewelry', 'silk']]",Ruler AMN-773,professional guard,guilds,"Common, Dwarvish, Orc","Tempus, Torm, Tyr",169970,832884482,79.12,70.9,73.1,4,0,synthetic generator v2,derived,0.74,4610553,2,22.8,-3.5346,-22.21796
Baldurs Gate Settlement 0355,Baldurs Gate,Baldur's Gate,1550,5094465,208970,"{'humans': 1019, 'elves': 101, 'dwarves': 100, 'halflings': 85, 'half-orcs': 66, 'misc.': 179}",54,arcane mishap,['Democracy'],"{'poor': 0.6141, 'middle': 0.2867, 'wealthy': 0.053, 'aristocrat': 0.0462}",0,"[['gems', 'horses']]","[['coal', 'jewelry', 'mercenaries', 'silk', 'spices']]",Ruler BAL-655,professional guard,local academy,"Common, Draconic, Orc","Chauntea, Mystra, Selune",241116,953675704,215.36,60.8,63.0,9,0,synthetic generator v2,derived,0.88,4997994,-3,31.5,30.15289,-25.70012
Cormyr Settlement 0356,Cormyr,Suzail,4278,32978090,1507396,"{'humans': 3616, 'elves': 374, 'dwarves': 321, 'halflings': 273, 'half-orcs': 79, 'misc.': 0}",124,disease,['Monarchy'],"{'poor': 0.5529, 'middle': 0.2147, 'wealthy': 0.0403, 'aristocrat': 0.1921}",0,"[['armor', 'cloth', 'gems', 'salt', 'wine']]","[['jewelry', 'magic items', 'ore']]",Ruler COR-450,professional guard,None,Dwarvish,"Chauntea, Torm",142577,750902532,431.67,61.8,43.8,7,0,synthetic generator v2,derived,0.48,30136863,2,24.5,-21.94357,-4.24163
Tethyr Settlement 0357,Tethyr,Darromar,1566,2920481,154711,"{'humans': 1156, 'elves': 63, 'dwarves': 50, 'halflings': 89, 'half-orcs': 87, 'misc.': 121}",179,crime,['Monarchy'],"{'poor': 0.6132, 'middle': 0.358, 'wealthy': 0.0242, 'aristocrat': 0.0046}",15,[['fish']],[['glass']],Ruler TET-560,naval patrol,arcanum,"Common, Dwarvish","Chauntea, Torm, Tyr",193641,937694481,309.14,63.6,50.2,4,0,synthetic generator v2,derived,0.57,2631579,0,26.0,-11.8865,25.19419
Cormyr Settlement 0358,Cormyr,Suzail,465,2278082,18202,"{'humans': 328, 'elves': 52, 'dwarves': 19, 'halflings': 20, 'half-orcs': 9, 'misc.': 37}",34,crime,['Monarchy'],"{'poor': 0.6285, 'middle': 0.2299, 'wealthy': 0.0372, 'aristocrat': 0.1044}",0,"[['cloth', 'fish', 'gems', 'horses', 'timber']]","[['coal', 'glass', 'mercenaries', 'ore', 'parchment']]",Ruler COR-914,mercenary heavy,guilds,"Common, Elvish","Mystra, Tempus, Tyr",142577,750902532,90.42,59.1,47.9,3,0,synthetic generator v2,derived,0.83,2497447,0,10.5,61.10851,-111.87354
Sembia Settlement 0359,Sembia,Selgaunt,1773,3996961,59987,"{'humans': 1176, 'elves': 79, 'dwarves': 166, 'halflings': 101, 'half-orcs': 58, 'misc.': 193}",135,disease,['Magocracy'],"{'poor': 0.6256, 'middle': 0.3232, 'wealthy': 0.0349, 'aristocrat': 0.0163}",4,"[['armor', 'books']]","[['ore', 'parchment', 'silk']]",Ruler SEM-696,professional guard,guilds,Common,Tempus,158418,730633739,391.79,58.4,59.4,8,0,synthetic generator v2,synthetic,0.88,5210497,-1,31.2,-32.73496,73.12923
Sembia Settlement 0360,Sembia,Selgaunt,2293,5993865,129359,"{'humans': 1982, 'elves': 119, 'dwarves': 147, 'halflings': 51, 'half-orcs': 52, 'misc.': 0}",95,monster attack,['Merchant Council'],"{'poor': 0.68, 'middle': 0.2522, 'wealthy': 0.0358, 'aristocrat': 0.0321}",11,[['salt']],"[['magic items', 'mercenaries', 'silk']]",Ruler SEM-630,professional guard,None,"Draconic, Elvish, Orc","Selune, Torm",158418,730633739,541.92,51.4,50.8,6,0,synthetic generator v2,synthetic,0.66,7148439,-2,29.8,28.74167,117.96874
Neverwinter Settlement 0361,Neverwinter,Neverwinter,1244,9294471,591829,"{'humans': 927, 'elves': 143, 'dwarves': 80, 'halflings': 110, 'half-orcs': 45, 'misc.': 0}",50,disease,['Merchant Council'],"{'poor': 0.4584, 'middle': 0.3148, 'wealthy': 0.0521, 'aristocrat': 0.1748}",9,"[['fish', 'weapons']]","[['magic items', 'silk', 'spices']]",Ruler NEV-787,professional guard,arcanum,"Draconic, Elvish, Halfling",Tempus,177268,765621383,199.96,52.6,31.8,8,0,synthetic generator v2,derived,0.77,10562378,-1,35.2,71.81884,31.73202
Cormyr Settlement 0362,Cormyr,Suzail,1657,6823591,455856,"{'humans': 1468, 'elves': 87, 'dwarves': 94, 'halflings': 139, 'half-orcs': 31, 'misc.': 0}",144,crime,['Satrapy'],"{'poor': 0.5191, 'middle': 0.3432, 'wealthy': 0.0753, 'aristocrat': 0.0624}",0,[['armor']],"[['glass', 'jewelry', 'ore', 'parchment', 'silk']]",Ruler COR-433,mercenary heavy,None,Common,"Mystra, Tempus",142577,750902532,49.11,61.2,54.5,5,0,synthetic generator v2,synthetic,0.84,8859303,-4,17.5,31.5099,-6.82954
Sembia Settlement 0363,Sembia,Selgaunt,380,3359022,151394,"{'humans': 253, 'elves': 29, 'dwarves': 25, 'halflings': 18, 'half-orcs': 7, 'misc.': 48}",160,monster attack,['Magocracy'],"{'poor': 0.466, 'middle': 0.2743, 'wealthy': 0.0351, 'aristocrat': 0.2246}",1,"[['armor', 'fish', 'horses', 'weapons']]","[['parchment', 'spices']]",Ruler SEM-615,mercenary heavy,local academy,"Common, Orc","Chauntea, Selune",158418,730633739,357.87,54.2,53.1,4,0,synthetic generator v2,derived,0.87,4613619,2,14.8,65.95404,-28.88697
Waterdeep Settlement 0364,Waterdeep,Waterdeep,1219,3720012,93677,"{'humans': 1065, 'elves': 82, 'dwarves': 113, 'halflings': 60, 'half-orcs': 44, 'misc.': 0}",123,old age,['Merchant Council'],"{'poor': 0.6684, 'middle': 0.2395, 'wealthy': 0.0488, 'aristocrat': 0.0432}",7,"[['fish', 'grain']]","[['glass', 'jewelry', 'mercenaries', 'ore', 'spices']]",Ruler WAT-291,professional guard,arcanum,"Dwarvish, Halfling",Chauntea,236326,985356857,408.52,56.4,42.2,5,0,synthetic generator v2,derived,0.62,3007287,-3,23.1,41.97937,102.84854
Cormyr Settlement 0365,Cormyr,Suzail,1206,3708028,268919,"{'humans': 904, 'elves': 35, 'dwarves': 44, 'halflings': 60, 'half-orcs': 56, 'misc.': 107}",142,famine,['Patriarchy'],"{'poor': 0.5606, 'middle': 0.32, 'wealthy': 0.0925, 'aristocrat': 0.027}",0,"[['armor', 'books', 'grain', 'timber']]","[['coal', 'mercenaries', 'ore', 'silk', 'spices']]",Ruler COR-845,mercenary heavy,None,"Elvish, Orc",Chauntea,142577,750902532,338.58,59.5,73.1,7,0,synthetic generator v2,synthetic,0.38,3490906,-1,24.5,14.98687,48.91145
Cormyr Settlement 0366,Cormyr,Suzail,1026,2108565,123765,"{'humans': 674, 'elves': 35, 'dwarves': 58, 'halflings': 78, 'half-orcs': 15, 'misc.': 166}",99,arcane mishap,['Confederacy'],"{'poor': 0.6385, 'middle': 0.2935, 'wealthy': 0.0633, 'aristocrat': 0.0047}",0,"[['books', 'cloth', 'weapons', 'wine']]","[['glass', 'magic items', 'ore', 'spices']]",Ruler COR-249,naval patrol,None,"Elvish, Halfling, Orc","Torm, Tyr",142577,750902532,438.18,54.9,63.0,9,0,synthetic generator v2,derived,0.81,2598248,0,31.5,-3.87494,-75.67435
Cormyr Settlement 0367,Cormyr,Suzail,1099,3284493,83598,"{'humans': 881, 'elves': 22, 'dwarves': 92, 'halflings': 101, 'half-orcs': 31, 'misc.': 0}",179,arcane mishap,['Theocracy'],"{'poor': 0.6049, 'middle': 0.3179, 'wealthy': 0.0388, 'aristocrat': 0.0385}",3,"[['books', 'cloth', 'fish', 'horses', 'timber']]","[['magic items', 'mercenaries', 'parchment']]",Ruler COR-542,mercenary heavy,None,Draconic,"Lathander, Tempus",142577,750902532,386.18,62.1,71.8,3,0,synthetic generator v2,derived,0.87,3310574,2,12.9,67.17879,116.80274
Sembia Settlement 0368,Sembia,Selgaunt,149,1469063,129478,"{'humans': 97, 'elves': 11, 'dwarves': 7, 'halflings': 12, 'half-orcs': 3, 'misc.': 19}",176,monster attack,['Satrapy'],"{'poor': 0.4539, 'middle': 0.242, 'wealthy': 0.0491, 'aristocrat': 0.2549}",0,[['books']],[['jewelry']],Ruler SEM-307,naval patrol,arcanum,"Draconic, Elvish, Halfling","Chauntea, Torm",158418,730633739,490.31,59.7,62.2,3,0,synthetic generator v2,synthetic,0.62,1632234,0,10.5,-23.5867,-40.12123
Baldurs Gate Settlement 0369,Baldurs Gate,Baldur's Gate,3191,18541796,563862,"{'humans': 2271, 'elves': 145, 'dwarves': 314, 'halflings': 210, 'half-orcs': 91, 'misc.': 160}",132,old age,['Dictatorship'],"{'poor': 0.5445, 'middle': 0.2647, 'wealthy': 0.0686, 'aristocrat': 0.1222}",0,[['salt']],"[['coal', 'glass', 'magic items', 'ore', 'spices']]",Ruler BAL-365,naval patrol,local academy,"Dwarvish, Orc","Lathander, Torm, Tyr",241116,953675704,307.1,63.6,50.8,0,0,synthetic generator v2,derived,0.52,25918527,-4,0.0,-2.32702,1.55107
Tethyr Settlement 0370,Tethyr,Darromar,643,2850417,92084,"{'humans': 468, 'elves': 47, 'dwarves': 41, 'halflings': 16, 'half-orcs': 29, 'misc.': 42}",156,old age,['Magocracy'],"{'poor': 0.4987, 'middle': 0.3566, 'wealthy': 0.0726, 'aristocrat': 0.072}",0,"[['armor', 'gems', 'horses', 'weapons']]","[['coal', 'glass', 'jewelry', 'ore']]",Ruler TET-462,professional guard,None,"Common, Elvish, Halfling",Tempus,193641,937694481,325.85,74.9,49.4,10,0,synthetic generator v2,derived,0.53,2851869,0,35.0,31.82527,72.14502
Cormyr Settlement 0371,Cormyr,Suzail,350,983432,27586,"{'humans': 274, 'elves': 10, 'dwarves': 25, 'halflings': 10, 'half-orcs': 17, 'misc.': 14}",51,arcane mishap,['Dictatorship'],"{'poor': 0.6325, 'middle': 0.2622, 'wealthy': 0.0791, 'aristocrat': 0.0262}",0,"[['cloth', 'timber']]","[['mercenaries', 'ore', 'parchment']]",Ruler COR-980,small militia,None,Elvish,Lathander,142577,750902532,344.04,67.0,66.7,8,0,synthetic generator v2,derived,0.37,1087101,-1,28.0,-2.55002,-61.24249
Sembia Settlement 0372,Sembia,Selgaunt,2735,10588902,740097,"{'humans': 1912, 'elves': 82, 'dwarves': 245, 'halflings': 234, 'half-orcs': 92, 'misc.': 170}",169,arcane mishap,['Merchant Council'],"{'poor': 0.5729, 'middle': 0.3183, 'wealthy': 0.0444, 'aristocrat': 0.0645}",0,"[['armor', 'horses', 'timber']]","[['jewelry', 'magic items', 'silk']]",Ruler SEM-482,professional guard,guilds,"Common, Draconic, Dwarvish",Tempus,158418,730633739,411.13,48.9,55.9,8,0,synthetic generator v2,derived,0.84,13558574,0,28.0,-24.21211,-1.49387
Waterdeep Settlement 0373,Waterdeep,Waterdeep,5716,15737262,1031901,"{'humans': 4053, 'elves': 171, 'dwarves': 419, 'halflings': 288, 'half-orcs': 154, 'misc.': 631}",47,famine,['Theocracy'],"{'poor': 0.6636, 'middle': 0.2616, 'wealthy': 0.04, 'aristocrat': 0.0347}",9,[['grain']],"[['coal', 'mercenaries', 'silk', 'spices']]",Ruler WAT-256,professional guard,guilds,Draconic,"Selune, Tempus",236326,985356857,33.47,49.9,28.7,8,0,synthetic generator v2,derived,0.39,13311732,-3,35.2,33.11788,117.83651
Cormyr Settlement 0374,Cormyr,Suzail,2523,5852103,290276,"{'humans': 1691, 'elves': 292, 'dwarves': 136, 'halflings': 243, 'half-orcs': 63, 'misc.': 98}",172,old age,['Satrapy'],"{'poor': 0.5573, 'middle': 0.3619, 'wealthy': 0.0758, 'aristocrat': 0.005}",5,"[['cloth', 'gems', 'horses', 'salt', 'weapons']]","[['magic items', 'ore', 'parchment']]",Ruler COR-463,small militia,None,Draconic,"Lathander, Selune",142577,750902532,245.59,57.2,70.2,1,0,synthetic generator v2,derived,0.91,6225992,2,7.5,24.51336,-100.39976
Amn Settlement 0375,Amn,Athkatla,1119,8254430,212252,"{'humans': 786, 'elves': 39, 'dwarves': 111, 'halflings': 50, 'half-orcs': 61, 'misc.': 72}",130,crime,['Democracy'],"{'poor': 0.5441, 'middle': 0.2029, 'wealthy': 0.0811, 'aristocrat': 0.1719}",1,"[['books', 'timber']]","[['coal', 'magic items', 'mercenaries']]",Ruler AMN-215,naval patrol,None,Draconic,"Selune, Torm",169970,832884482,487.1,60.4,87.4,6,0,synthetic generator v2,derived,0.77,10172930,-1,21.8,24.22338,-87.8227
Calimshan Settlement 0376,Calimshan,Memnon,1084,4719274,66213,"{'humans': 954, 'elves': 32, 'dwarves': 96, 'halflings': 21, 'half-orcs': 14, 'misc.': 0}",116,disease,['Satrapy'],"{'poor': 0.656, 'middle': 0.2257, 'wealthy': 0.0284, 'aristocrat': 0.09}",10,"[['gems', 'horses', 'timber', 'wine']]","[['magic items', 'silk']]",Ruler CAL-321,professional guard,local academy,"Draconic, Orc",Mystra,175132,771448209,520.96,81.3,21.9,0,0,synthetic generator v2,synthetic,0.42,6596188,2,8.0,17.64629,-89.61909
Sembia Settlement 0377,Sembia,Selgaunt,4431,8583090,80068,"{'humans': 3933, 'elves': 146, 'dwarves': 256, 'halflings': 333, 'half-orcs': 101, 'misc.': 0}",32,monster attack,['Democracy'],"{'poor': 0.6535, 'middle': 0.293, 'wealthy': 0.0486, 'aristocrat': 0.0049}",2,"[['books', 'cloth', 'gems']]","[['coal', 'jewelry', 'magic items', 'parchment']]",Ruler SEM-967,small militia,arcanum,"Common, Dwarvish, Orc",Mystra,158418,730633739,525.11,50.9,41.3,5,0,synthetic generator v2,derived,0.53,11341272,-1,19.1,14.35255,-48.29837
Baldurs Gate Settlement 0378,Baldurs Gate,Baldur's Gate,691,1410209,114309,"{'humans': 522, 'elves': 32, 'dwarves': 28, 'halflings': 52, 'half-orcs': 39, 'misc.': 18}",47,disease,['Confederacy'],"{'poor': 0.5879, 'middle': 0.371, 'wealthy': 0.0345, 'aristocrat': 0.0065}",18,"[['fish', 'grain', 'horses', 'salt', 'weapons']]","[['glass', 'magic items', 'silk', 'spices']]",Ruler BAL-692,naval patrol,arcanum,Halfling,"Mystra, Tempus",241116,953675704,65.17,54.3,49.7,5,0,synthetic generator v2,derived,0.77,1610612,1,31.9,-17.95632,70.14286
Calimshan Settlement 0379,Calimshan,Memnon,1035,3032173,26495,"{'humans': 863, 'elves': 78, 'dwarves': 100, 'halflings': 77, 'half-orcs': 36, 'misc.': 0}",167,war,['Democracy'],"{'poor': 0.6185, 'middle': 0.3058, 'wealthy': 0.038, 'aristocrat': 0.0377}",0,"[['books', 'grain', 'horses', 'salt']]","[['coal', 'jewelry', 'silk']]",Ruler CAL-697,mercenary heavy,local academy,"Dwarvish, Halfling, Orc",Chauntea,175132,771448209,255.82,85.9,48.6,3,0,synthetic generator v2,derived,0.59,2397985,1,10.5,39.2936,65.01784
Amn Settlement 0380,Amn,Athkatla,171,1220974,30359,"{'humans': 141, 'elves': 18, 'dwarves': 13, 'halflings': 16, 'half-orcs': 3, 'misc.': 0}",67,war,['Magocracy'],"{'poor': 0.5131, 'middle': 0.2665, 'wealthy': 0.0528, 'aristocrat': 0.1676}",0,"[['fish', 'gems', 'salt']]","[['jewelry', 'ore', 'parchment', 'silk']]",Ruler AMN-221,small militia,guilds,"Dwarvish, Halfling, Orc",Mystra,169970,832884482,371.92,71.7,88.3,5,0,synthetic generator v2,synthetic,0.71,1147339,-1,17.5,-12.75654,-6.16946
Baldurs Gate Settlement 0381,Baldurs Gate,Baldur's Gate,3859,6851114,132385,"{'humans': 2894, 'elves': 93, 'dwarves': 293, 'halflings': 256, 'half-orcs': 93, 'misc.': 230}",121,crime,['Satrapy'],"{'poor': 0.6413, 'middle': 0.3348, 'wealthy': 0.0192, 'aristocrat': 0.0047}",11,"[['armor', 'weapons', 'wine']]",[['silk']],Ruler BAL-779,naval patrol,guilds,Dwarvish,Lathander,241116,953675704,530.62,60.8,37.8,0,0,synthetic generator v2,derived,0.67,5684793,2,8.8,21.98808,10.27301
Baldurs Gate Settlement 0382,Baldurs Gate,Baldur's Gate,2735,12892422,31836,"{'humans': 2327, 'elves': 253, 'dwarves': 193, 'halflings': 202, 'half-orcs': 34, 'misc.': 0}",66,monster attack,['Monarchy'],"{'poor': 0.6315, 'middle': 0.2339, 'wealthy': 0.0359, 'aristocrat': 0.0987}",14,"[['books', 'cloth', 'horses', 'timber', 'wine']]","[['jewelry', 'mercenaries', 'ore', 'parchment']]",Ruler BAL-320,mercenary heavy,None,"Draconic, Halfling","Lathander, Torm, Tyr",241116,953675704,532.02,58.3,57.5,8,0,synthetic generator v2,derived,0.76,9961372,1,39.2,-7.10001,-78.17352
Neverwinter Settlement 0383,Neverwinter,Neverwinter,843,3167350,223839,"{'humans': 618, 'elves': 44, 'dwarves': 59, 'halflings': 38, 'half-orcs': 22, 'misc.': 62}",171,arcane mishap,['Democracy'],"{'poor': 0.5939, 'middle': 0.3045, 'wealthy': 0.0382, 'aristocrat': 0.0635}",19,"[['armor', 'horses', 'weapons', 'wine']]","[['coal', 'ore', 'parchment']]",Ruler NEV-215,naval patrol,local academy,"Dwarvish, Elvish, Halfling","Chauntea, Mystra, Tempus",177268,765621383,201.49,48.8,32.2,7,0,synthetic generator v2,synthetic,0.62,4431717,1,39.7,42.07603,-38.55874
Tethyr Settlement 0384,Tethyr,Darromar,181,789873,22328,"{'humans': 119, 'elves': 15, 'dwarves': 10, 'halflings': 16, 'half-orcs': 5, 'misc.': 16}",123,war,['Merchant Council'],"{'poor': 0.5723, 'middle': 0.3203, 'wealthy': 0.0218, 'aristocrat': 0.0856}",20,"[['grain', 'horses', 'wine']]","[['glass', 'mercenaries', 'parchment', 'silk']]",Ruler TET-214,mercenary heavy,guilds,"Common, Elvish","Selune, Torm",193641,937694481,170.57,74.0,60.1,3,0,synthetic generator v2,derived,0.42,1048938,-1,26.5,40.16631,-14.38627
Tethyr Settlement 0385,Tethyr,Darromar,466,1960780,52408,"{'humans': 324, 'elves': 26, 'dwarves': 20, 'halflings': 33, 'half-orcs': 20, 'misc.': 43}",80,crime,['Monarchy'],"{'poor': 0.5929, 'middle': 0.2647, 'wealthy': 0.0705, 'aristocrat': 0.0718}",0,"[['grain', 'weapons']]",[['parchment']],Ruler TET-884,mercenary heavy,local academy,"Common, Draconic","Mystra, Tempus, Torm",193641,937694481,418.24,74.9,53.5,10,0,synthetic generator v2,derived,0.93,1852356,1,35.0,61.76341,-98.57788
Sembia Settlement 0386,Sembia,Selgaunt,311,692157,12966,"{'humans': 248, 'elves': 30, 'dwarves': 30, 'halflings': 26, 'half-orcs': 15, 'misc.': 0}",95,famine,['Monarchy'],"{'poor': 0.5965, 'middle': 0.324, 'wealthy': 0.0745, 'aristocrat': 0.005}",0,"[['armor', 'books', 'gems', 'grain', 'horses']]","[['glass', 'jewelry', 'mercenaries', 'ore', 'spices']]",Ruler SEM-295,mercenary heavy,arcanum,"Common, Draconic, Elvish","Chauntea, Lathander, Torm",158418,730633739,140.63,50.5,48.8,8,0,synthetic generator v2,synthetic,0.43,733607,0,28.0,25.36648,54.74175
Tethyr Settlement 0387,Tethyr,Darromar,1118,2599650,170770,"{'humans': 976, 'elves': 58, 'dwarves': 64, 'halflings': 91, 'half-orcs': 19, 'misc.': 0}",148,war,['Dictatorship'],"{'poor': 0.6001, 'middle': 0.3023, 'wealthy': 0.0928, 'aristocrat': 0.0048}",15,"[['books', 'cloth', 'grain', 'salt']]",[['spices']],Ruler TET-643,mercenary heavy,local academy,"Common, Elvish, Halfling","Mystra, Tyr",193641,937694481,141.79,71.1,56.9,5,0,synthetic generator v2,synthetic,0.92,2557958,3,29.5,23.54427,-91.41553
Calimshan Settlement 0388,Calimshan,Memnon,623,2928142,108569,"{'humans': 507, 'elves': 32, 'dwarves': 27, 'halflings': 51, 'half-orcs': 14, 'misc.': 0}",30,arcane mishap,['Satrapy'],"{'poor': 0.5811, 'middle': 0.2819, 'wealthy': 0.0443, 'aristocrat': 0.0928}",18,"[['cloth', 'fish', 'timber']]","[['jewelry', 'magic items', 'parchment', 'spices']]",Ruler CAL-499,small militia,arcanum,"Common, Draconic, Orc",Tyr,175132,771448209,431.68,71.4,29.1,2,0,synthetic generator v2,derived,0.73,3104632,-1,21.4,33.48593,46.63139
Baldurs Gate Settlement 0389,Baldurs Gate,Baldur's Gate,685,1639088,11149,"{'humans': 583, 'elves': 19, 'dwarves': 46, 'halflings': 57, 'half-orcs': 15, 'misc.': 0}",81,old age,['Monarchy'],"{'poor': 0.5483, 'middle': 0.3602, 'wealthy': 0.0869, 'aristocrat': 0.0045}",0,[['salt']],"[['coal', 'jewelry', 'parchment', 'spices']]",Ruler BAL-542,small militia,arcanum,"Common, Dwarvish, Halfling","Mystra, Selune, Tyr",241116,953675704,37.08,60.5,63.3,9,0,synthetic generator v2,synthetic,0.74,1950240,-3,31.5,14.14575,117.40448
Tethyr Settlement 0390,Tethyr,Darromar,1387,9720197,413844,"{'humans': 933, 'elves': 123, 'dwarves': 85, 'halflings': 45, 'half-orcs': 59, 'misc.': 142}",123,arcane mishap,['Democracy'],"{'poor': 0.5105, 'middle': 0.2839, 'wealthy': 0.0398, 'aristocrat': 0.1657}",0,[['wine']],"[['coal', 'glass', 'silk']]",Ruler TET-46,small militia,None,"Dwarvish, Elvish, Halfling","Chauntea, Mystra",193641,937694481,244.8,69.9,56.4,7,0,synthetic generator v2,derived,0.61,10424706,-2,24.5,37.53503,-50.46494
Neverwinter Settlement 0391,Neverwinter,Neverwinter,8560,16851763,130363,"{'humans': 7359, 'elves': 258, 'dwarves': 606, 'halflings': 563, 'half-orcs': 178, 'misc.': 0}",73,old age,['Democracy'],"{'poor': 0.6216, 'middle': 0.3303, 'wealthy': 0.0434, 'aristocrat': 0.0047}",8,"[['armor', 'books', 'cloth', 'grain']]",[['coal']],Ruler NEV-470,professional guard,guilds,"Common, Draconic","Tempus, Torm",177268,765621383,353.71,46.1,51.2,1,0,synthetic generator v2,synthetic,0.38,15012486,3,9.9,29.36157,-67.71313
Cormyr Settlement 0392,Cormyr,Suzail,764,4066977,263678,"{'humans': 618, 'elves': 41, 'dwarves': 51, 'halflings': 56, 'half-orcs': 21, 'misc.': 0}",103,disease,['Monarchy'],"{'poor': 0.5777, 'middle': 0.2568, 'wealthy': 0.0543, 'aristocrat': 0.1113}",0,"[['armor', 'grain']]","[['coal', 'glass', 'jewelry', 'mercenaries']]",Ruler COR-689,mercenary heavy,arcanum,"Elvish, Halfling","Chauntea, Selune, Tyr",142577,750902532,291.35,54.9,40.7,9,0,synthetic generator v2,derived,0.83,4679724,-2,31.5,30.89574,15.63193
Amn Settlement 0393,Amn,Athkatla,1535,4766091,252132,"{'humans': 1175, 'elves': 146, 'dwarves': 144, 'halflings': 96, 'half-orcs': 55, 'misc.': 0}",123,arcane mishap,['Monarchy'],"{'poor': 0.6377, 'middle': 0.2531, 'wealthy': 0.0711, 'aristocrat': 0.0381}",12,"[['books', 'fish', 'horses']]",[['coal']],Ruler AMN-661,small militia,arcanum,"Elvish, Orc",Lathander,169970,832884482,23.82,62.5,81.2,6,0,synthetic generator v2,derived,0.95,6267579,2,30.6,53.86562,113.64389
Waterdeep Settlement 0394,Waterdeep,Waterdeep,5562,12180780,143144,"{'humans': 4373, 'elves': 180, 'dwarves': 261, 'halflings': 413, 'half-orcs': 158, 'misc.': 177}",135,monster attack,['Merchant Council'],"{'poor': 0.5667, 'middle': 0.3702, 'wealthy': 0.0582, 'aristocrat': 0.005}",8,"[['armor', 'cloth']]","[['magic items', 'mercenaries']]",Ruler WAT-85,mercenary heavy,guilds,"Elvish, Halfling","Mystra, Tempus, Tyr",236326,985356857,370.67,46.6,43.5,10,0,synthetic generator v2,derived,0.84,11977131,0,41.4,-27.40716,8.62567
Tethyr Settlement 0395,Tethyr,Darromar,3489,19111062,585192,"{'humans': 3037, 'elves': 318, 'dwarves': 343, 'halflings': 100, 'half-orcs': 39, 'misc.': 0}",131,war,['Satrapy'],"{'poor': 0.4699, 'middle': 0.3817, 'wealthy': 0.0359, 'aristocrat': 0.1124}",4,"[['books', 'cloth', 'gems', 'grain', 'wine']]",[['glass']],Ruler TET-558,small militia,guilds,"Draconic, Halfling","Tempus, Tyr",193641,937694481,240.84,60.0,70.8,0,0,synthetic generator v2,derived,0.66,15300729,4,3.2,58.86628,118.6225
Calimshan Settlement 0396,Calimshan,Memnon,4022,34761922,1365495,"{'humans': 2838, 'elves': 102, 'dwarves': 226, 'halflings': 137, 'half-orcs': 227, 'misc.': 492}",93,war,['Democracy'],"{'poor': 0.5345, 'middle': 0.2166, 'wealthy': 0.0233, 'aristocrat': 0.2255}",0,"[['fish', 'horses']]",[['glass']],Ruler CAL-665,professional guard,local academy,"Dwarvish, Elvish, Halfling","Tempus, Torm",175132,771448209,204.66,83.4,26.2,2,0,synthetic generator v2,derived,0.53,35635368,1,7.0,64.1289,-12.05458
Baldurs Gate Settlement 0397,Baldurs Gate,Baldur's Gate,309,688699,38736,"{'humans': 220, 'elves': 13, 'dwarves': 16, 'halflings': 26, 'half-orcs': 11, 'misc.': 23}",167,disease,['Merchant Council'],"{'poor': 0.6203, 'middle': 0.2909, 'wealthy': 0.0839, 'aristocrat': 0.0049}",17,"[['fish', 'gems', 'salt']]",[['glass']],Ruler BAL-422,naval patrol,local academy,"Common, Elvish, Halfling","Lathander, Torm",241116,953675704,254.92,49.3,65.6,5,0,synthetic generator v2,derived,0.59,819685,2,31.1,14.87328,19.88835
Waterdeep Settlement 0398,Waterdeep,Waterdeep,1956,14075184,349740,"{'humans': 1423, 'elves': 124, 'dwarves': 136, 'halflings': 104, 'half-orcs': 41, 'misc.': 128}",120,old age,['Theocracy'],"{'poor': 0.4779, 'middle': 0.2845, 'wealthy': 0.0754, 'aristocrat': 0.1622}",16,"[['cloth', 'fish', 'wine']]",[['glass']],Ruler WAT-789,small militia,arcanum,"Draconic, Dwarvish, Halfling","Selune, Torm",236326,985356857,273.99,58.3,47.0,9,0,synthetic generator v2,synthetic,0.5,17955636,2,44.3,13.9133,-10.33862
Neverwinter Settlement 0399,Neverwinter,Neverwinter,641,1301313,29455,"{'humans': 442, 'elves': 45, 'dwarves': 55, 'halflings': 24, 'half-orcs': 9, 'misc.': 66}",67,famine,['Satrapy'],"{'poor': 0.6018, 'middle': 0.3468, 'wealthy': 0.0468, 'aristocrat': 0.0046}",1,"[['cloth', 'fish', 'grain', 'wine']]","[['magic items', 'silk']]",Ruler NEV-326,mercenary heavy,local academy,"Common, Dwarvish","Lathander, Torm",177268,765621383,259.3,51.7,25.6,3,0,synthetic generator v2,derived,0.75,1006316,2,11.3,-2.01955,22.79239
Darromar,Tethyr,Darromar,2050,16615639,774399,"{'humans': 1760, 'elves': 144, 'dwarves': 190, 'halflings': 151, 'half-orcs': 114, 'misc.': 0}",33,monster attack,['Theocracy'],"{'poor': 0.5045, 'middle': 0.2335, 'wealthy': 0.0654, 'aristocrat': 0.1966}",0,"[['cloth', 'fish', 'horses', 'salt']]","[['coal', 'ore']]",Ruler TET-574,professional guard,guilds,Elvish,"Selune, Tyr",193641,937694481,33.45,63.9,51.2,7,0,synthetic generator v2,derived,0.54,19546997,2,24.5,-36.41883,-118.57724
Sembia Settlement 0401,Sembia,Selgaunt,339,1103035,117070,"{'humans': 285, 'elves': 16, 'dwarves': 25, 'halflings': 23, 'half-orcs': 3, 'misc.': 0}",155,old age,['Theocracy'],"{'poor': 0.6663, 'middle': 0.2243, 'wealthy': 0.0623, 'aristocrat': 0.047}",1,"[['armor', 'gems', 'salt', 'wine']]",[['ore']],Ruler SEM-740,small militia,local academy,Halfling,"Chauntea, Tyr",158418,730633739,134.07,49.6,43.4,4,0,synthetic generator v2,derived,0.93,1500114,3,14.8,1.133,-100.1854
Tethyr Settlement 0402,Tethyr,Darromar,553,4571587,120862,"{'humans': 392, 'elves': 63, 'dwarves': 39, 'halflings': 49, 'half-orcs': 6, 'misc.': 4}",144,crime,['Magocracy'],"{'poor': 0.55, 'middle': 0.2115, 'wealthy': 0.0246, 'aristocrat': 0.2138}",18,"[['books', 'gems']]","[['glass', 'magic items', 'ore', 'spices']]",Ruler TET-689,naval patrol,local academy,Halfling,Selune,193641,937694481,473.02,74.9,44.3,0,0,synthetic generator v2,synthetic,0.79,4399131,-2,14.4,-6.98123,-68.21884
Sembia Settlement 0403,Sembia,Selgaunt,1522,10333413,850728,"{'humans': 1304, 'elves': 101, 'dwarves': 114, 'halflings': 42, 'half-orcs': 79, 'misc.': 0}",174,old age,['Monarchy'],"{'poor': 0.4945, 'middle': 0.317, 'wealthy': 0.0292, 'aristocrat': 0.1594}",0,"[['armor', 'books', 'gems']]","[['silk', 'spices']]",Ruler SEM-607,mercenary heavy,local academy,Orc,"Mystra, Tempus, Tyr",158418,730633739,276.21,47.6,41.8,6,4,synthetic generator v2,synthetic,0.38,11974951,1,24.6,-17.57119,-98.18382
Amn Settlement 0404,Amn,Athkatla,563,1162546,83307,"{'humans': 463, 'elves': 23, 'dwarves': 19, 'halflings': 47, 'half-orcs': 20, 'misc.': 0}",52,famine,['Monarchy'],"{'poor': 0.6552, 'middle': 0.2743, 'wealthy': 0.0645, 'aristocrat': 0.006}",13,"[['books', 'horses', 'weapons']]","[['coal', 'jewelry', 'magic items', 'mercenaries', 'parchment']]",Ruler AMN-51,naval patrol,arcanum,"Dwarvish, Orc","Selune, Tyr",169970,832884482,330.92,60.4,65.8,8,0,synthetic generator v2,synthetic,0.46,1204726,-2,38.4,-29.06914,47.99037
Baldurs Gate Settlement 0405,Baldurs Gate,Baldur's Gate,196,439670,17774,"{'humans': 128, 'elves': 7, 'dwarves': 11, 'halflings': 8, 'half-orcs': 7, 'misc.': 35}",57,old age,['Patriarchy'],"{'poor': 0.5962, 'middle': 0.3468, 'wealthy': 0.0454, 'aristocrat': 0.0116}",0,"[['armor', 'gems', 'salt', 'weapons']]","[['magic items', 'mercenaries', 'silk']]",Ruler BAL-733,naval patrol,arcanum,"Common, Dwarvish, Halfling","Chauntea, Selune",241116,953675704,322.14,63.3,45.3,5,0,synthetic generator v2,synthetic,0.6,535250,1,17.5,57.70063,18.29596
Cormyr Settlement 0406,Cormyr,Suzail,5494,38052160,2365387,"{'humans': 3908, 'elves': 176, 'dwarves': 483, 'halflings': 491, 'half-orcs': 240, 'misc.': 196}",61,old age,['Patriarchy'],"{'poor': 0.4856, 'middle': 0.269, 'wealthy': 0.0959, 'aristocrat': 0.1495}",16,"[['cloth', 'fish', 'salt', 'timber']]","[['coal', 'parchment']]",Ruler COR-489,small militia,guilds,Orc,"Torm, Tyr",142577,750902532,170.72,58.9,76.3,0,0,synthetic generator v2,synthetic,0.78,42316218,2,12.8,74.59215,-54.14984
Amn Settlement 0407,Amn,Athkatla,560,1441714,25012,"{'humans': 375, 'elves': 16, 'dwarves': 47, 'halflings': 11, 'half-orcs': 14, 'misc.': 97}",95,monster attack,['Merchant Council'],"{'poor': 0.6964, 'middle': 0.2422, 'wealthy': 0.0276, 'aristocrat': 0.0337}",0,"[['books', 'horses']]",[['ore']],Ruler AMN-131,naval patrol,arcanum,"Common, Draconic","Lathander, Tempus, Tyr",169970,832884482,237.25,68.6,59.4,2,1,synthetic generator v2,synthetic,0.93,1843807,1,7.9,11.63444,-99.37265
Calimshan Settlement 0408,Calimshan,Memnon,2230,5075629,37984,"{'humans': 1971, 'elves': 156, 'dwarves': 195, 'halflings': 124, 'half-orcs': 34, 'misc.': 0}",162,old age,['Satrapy'],"{'poor': 0.5567, 'middle': 0.3688, 'wealthy': 0.0696, 'aristocrat': 0.0048}",13,"[['books', 'cloth', 'gems']]",[['silk']],Ruler CAL-216,professional guard,guilds,"Common, Draconic, Halfling",Tyr,175132,771448209,347.6,82.9,15.1,0,0,synthetic generator v2,derived,0.56,4436121,2,10.4,-21.07334,-57.05607
Waterdeep Settlement 0409,Waterdeep,Waterdeep,882,4261258,270637,"{'humans': 687, 'elves': 32, 'dwarves': 60, 'halflings': 43, 'half-orcs': 50, 'misc.': 10}",85,famine,['Theocracy'],"{'poor': 0.5519, 'middle': 0.2731, 'wealthy': 0.0894, 'aristocrat': 0.0857}",2,[['cloth']],"[['glass', 'jewelry', 'mercenaries']]",Ruler WAT-821,mercenary heavy,local academy,"Dwarvish, Orc","Mystra, Selune, Torm",236326,985356857,74.27,48.9,52.5,4,0,synthetic generator v2,synthetic,0.43,4795696,-2,15.6,46.12793,126.27601
Tethyr Settlement 0410,Tethyr,Darromar,4825,23886314,212650,"{'humans': 3398, 'elves': 559, 'dwarves': 287, 'halflings': 178, 'half-orcs': 167, 'misc.': 236}",105,war,['Satrapy'],"{'poor': 0.5249, 'middle': 0.3526, 'wealthy': 0.0205, 'aristocrat': 0.102}",0,[['timber']],[['glass']],Ruler TET-669,naval patrol,arcanum,"Dwarvish, Halfling, Orc",Lathander,193641,937694481,420.37,70.2,58.7,5,0,synthetic generator v2,derived,0.56,27840406,0,17.5,42.57599,-11.28566
Baldurs Gate Settlement 0411,Baldurs Gate,Baldur's Gate,3215,32269975,2259255,"{'humans': 2798, 'elves': 96, 'dwarves': 281, 'halflings': 79, 'half-orcs': 80, 'misc.': 0}",61,arcane mishap,['Patriarchy'],"{'poor': 0.4527, 'middle': 0.2002, 'wealthy': 0.0961, 'aristocrat': 0.251}",13,"[['armor', 'fish', 'salt', 'timber', 'weapons']]",[['jewelry']],Ruler BAL-705,small militia,local academy,Elvish,"Mystra, Tempus",241116,953675704,361.05,62.5,35.0,7,0,synthetic generator v2,synthetic,0.76,30524337,4,34.9,-31.83772,110.4792
Waterdeep Settlement 0412,Waterdeep,Waterdeep,437,2652695,262518,"{'humans': 286, 'elves': 43, 'dwarves': 19, 'halflings': 21, 'half-orcs': 5, 'misc.': 63}",107,monster attack,['Theocracy'],"{'poor': 0.5244, 'middle': 0.2535, 'wealthy': 0.099, 'aristocrat': 0.1231}",0,"[['armor', 'books', 'fish', 'salt', 'timber']]","[['jewelry', 'mercenaries', 'parchment', 'silk', 'spices']]",Ruler WAT-84,mercenary heavy,None,Elvish,"Chauntea, Torm",236326,985356857,256.89,55.1,42.4,9,0,synthetic generator v2,derived,0.42,3505768,0,31.5,18.76893,-76.41614
Cormyr Settlement 0413,Cormyr,Suzail,932,2041590,148441,"{'humans': 682, 'elves': 75, 'dwarves': 60, 'halflings': 85, 'half-orcs': 31, 'misc.': 0}",52,famine,['Monarchy'],"{'poor': 0.6356, 'middle': 0.2756, 'wealthy': 0.0841, 'aristocrat': 0.0047}",19,"[['fish', 'horses', 'weapons', 'wine']]","[['glass', 'jewelry', 'mercenaries', 'silk', 'spices']]",Ruler COR-169,naval patrol,guilds,"Halfling, Orc","Lathander, Mystra, Selune",142577,750902532,545.26,60.5,74.1,7,0,synthetic generator v2,derived,0.57,1892943,-1,39.7,-24.92561,7.14984
Neverwinter Settlement 0414,Neverwinter,Neverwinter,1219,8271341,302133,"{'humans': 926, 'elves': 114, 'dwarves': 45, 'halflings': 102, 'half-orcs': 20, 'misc.': 12}",132,crime,['Merchant Council'],"{'poor': 0.5666, 'middle': 0.2211, 'wealthy': 0.0526, 'aristocrat': 0.1597}",2,"[['horses', 'salt', 'wine']]","[['mercenaries', 'silk']]",Ruler NEV-499,mercenary heavy,None,Orc,"Tempus, Torm",177268,765621383,201.65,41.2,59.8,6,0,synthetic generator v2,derived,0.66,10579852,1,22.6,-9.6836,-68.98324
Tethyr Settlement 0415,Tethyr,Darromar,1498,8869921,615596,"{'humans': 1278, 'elves': 129, 'dwarves': 131, 'halflings': 42, 'half-orcs': 16, 'misc.': 0}",119,old age,['Confederacy'],"{'poor': 0.5221, 'middle': 0.2889, 'wealthy': 0.0636, 'aristocrat': 0.1253}",20,"[['armor', 'cloth', 'horses', 'timber', 'wine']]","[['coal', 'parchment']]",Ruler TET-453,mercenary heavy,guilds,"Common, Dwarvish, Halfling","Chauntea, Selune",193641,937694481,66.76,71.0,75.7,2,0,synthetic generator v2,derived,0.76,10165317,3,23.0,10.73348,126.64094
Amn Settlement 0416,Amn,Athkatla,3349,23419796,1306709,"{'humans': 2882, 'elves': 270, 'dwarves': 231, 'halflings': 72, 'half-orcs': 34, 'misc.': 0}",82,disease,['Democracy'],"{'poor': 0.5131, 'middle': 0.2493, 'wealthy': 0.0807, 'aristocrat': 0.1569}",20,[['gems']],"[['magic items', 'mercenaries', 'ore']]",Ruler AMN-277,mercenary heavy,None,"Draconic, Halfling","Chauntea, Mystra, Tyr",169970,832884482,352.87,62.3,88.8,6,0,synthetic generator v2,synthetic,0.76,18575092,-2,37.0,67.98547,-90.49321
Calimshan Settlement 0417,Calimshan,Memnon,2361,21758790,294063,"{'humans': 1933, 'elves': 157, 'dwarves': 227, 'halflings': 158, 'half-orcs': 44, 'misc.': 0}",153,old age,['Patriarchy'],"{'poor': 0.469, 'middle': 0.2417, 'wealthy': 0.0563, 'aristocrat': 0.233}",15,[['salt']],"[['glass', 'jewelry']]",Ruler CAL-250,professional guard,arcanum,"Draconic, Dwarvish, Halfling",Tyr,175132,771448209,509.45,82.4,24.2,6,0,synthetic generator v2,derived,0.84,26662880,-1,33.0,56.16509,-69.80515
Neverwinter Settlement 0418,Neverwinter,Neverwinter,1157,3608300,185340,"{'humans': 999, 'elves': 62, 'dwarves': 110, 'halflings': 55, 'half-orcs': 34, 'misc.': 0}",89,arcane mishap,['Confederacy'],"{'poor': 0.6184, 'middle': 0.29, 'wealthy': 0.0501, 'aristocrat': 0.0415}",0,"[['fish', 'horses']]","[['glass', 'magic items']]",Ruler NEV-246,mercenary heavy,guilds,"Dwarvish, Elvish, Halfling","Selune, Torm",177268,765621383,401.15,41.2,39.3,7,0,synthetic generator v2,derived,0.72,3887908,0,24.5,33.97432,100.33127
Waterdeep Settlement 0419,Waterdeep,Waterdeep,2176,8943460,559661,"{'humans': 1874, 'elves': 101, 'dwarves': 79, 'halflings': 98, 'half-orcs': 101, 'misc.': 0}",68,monster attack,['Magocracy'],"{'poor': 0.5586, 'middle': 0.3289, 'wealthy': 0.0402, 'aristocrat': 0.0723}",0,[['horses']],"[['glass', 'silk']]",Ruler WAT-373,small militia,guilds,"Draconic, Halfling, Orc","Selune, Tyr",236326,985356857,493.65,58.4,36.4,9,0,synthetic generator v2,synthetic,0.5,8774377,-1,31.5,66.4765,89.0819
Neverwinter Settlement 0420,Neverwinter,Neverwinter,991,9858940,638093,"{'humans': 661, 'elves': 97, 'dwarves': 91, 'halflings': 71, 'half-orcs': 31, 'misc.': 40}",31,arcane mishap,['Magocracy'],"{'poor': 0.4715, 'middle': 0.2157, 'wealthy': 0.0547, 'aristocrat': 0.258}",0,"[['armor', 'fish', 'wine']]","[['jewelry', 'silk']]",Ruler NEV-370,professional guard,guilds,"Common, Draconic, Orc","Mystra, Torm",177268,765621383,435.52,50.2,24.6,9,0,synthetic generator v2,synthetic,0.61,10189214,1,31.5,42.41904,-36.04154
Amn Settlement 0421,Amn,Athkatla,5245,50480132,605487,"{'humans': 4487, 'elves': 133, 'dwarves': 405, 'halflings': 408, 'half-orcs': 300, 'misc.': 0}",86,disease,['Democracy'],"{'poor': 0.4599, 'middle': 0.217, 'wealthy': 0.0827, 'aristocrat': 0.2405}",6,"[['gems', 'salt']]",[['parchment']],Ruler AMN-401,mercenary heavy,None,"Common, Halfling, Orc","Chauntea, Torm",169970,832884482,499.59,63.3,71.1,6,0,synthetic generator v2,synthetic,0.57,48798535,1,25.8,38.43264,-89.59498
Amn Settlement 0422,Amn,Athkatla,2327,24307860,1443865,"{'humans': 1782, 'elves': 214, 'dwarves': 175, 'halflings': 171, 'half-orcs': 106, 'misc.': 0}",158,monster attack,['Monarchy'],"{'poor': 0.4772, 'middle': 0.2201, 'wealthy': 0.0206, 'aristocrat': 0.2821}",0,"[['fish', 'gems', 'grain', 'salt']]","[['coal', 'jewelry', 'magic items', 'ore', 'spices']]",Ruler AMN-133,mercenary heavy,local academy,Elvish,"Mystra, Tempus",169970,832884482,246.34,64.7,69.4,2,5,synthetic generator v2,derived,0.56,29496914,-1,11.5,-28.34109,-80.26792
Neverwinter Settlement 0423,Neverwinter,Neverwinter,1490,7702873,294131,"{'humans': 1059, 'elves': 83, 'dwarves': 111, 'halflings': 56, 'half-orcs': 72, 'misc.': 109}",65,war,['Magocracy'],"{'poor': 0.4798, 'middle': 0.3565, 'wealthy': 0.0674, 'aristocrat': 0.0963}",0,"[['cloth', 'gems', 'grain', 'timber', 'weapons']]","[['jewelry', 'magic items', 'mercenaries', 'parchment']]",Ruler NEV-702,professional guard,guilds,"Draconic, Dwarvish","Lathander, Tempus, Tyr",177268,765621383,10.87,40.1,40.8,2,0,synthetic generator v2,synthetic,0.5,8942838,1,7.0,7.73348,22.93315
Sembia Settlement 0424,Sembia,Selgaunt,2823,17317127,129251,"{'humans': 2371, 'elves': 147, 'dwarves': 99, 'halflings': 257, 'half-orcs': 104, 'misc.': 0}",30,old age,['Merchant Council'],"{'poor': 0.4724, 'middle': 0.3185, 'wealthy': 0.0847, 'aristocrat': 0.1244}",14,"[['cloth', 'grain', 'horses', 'salt']]","[['glass', 'ore', 'parchment', 'silk']]",Ruler SEM-717,mercenary heavy,guilds,Draconic,"Chauntea, Lathander, Mystra",158418,730633739,325.44,58.6,48.3,0,0,synthetic generator v2,derived,0.62,17122510,0,11.2,45.21487,15.13584
Calimshan Settlement 0425,Calimshan,Memnon,1217,10613878,646711,"{'humans': 1014, 'elves': 94, 'dwarves': 121, 'halflings': 106, 'half-orcs': 52, 'misc.': 0}",71,famine,['Magocracy'],"{'poor': 0.5336, 'middle': 0.2158, 'wealthy': 0.0225, 'aristocrat': 0.2282}",18,"[['armor', 'books', 'horses']]","[['glass', 'magic items', 'mercenaries']]",Ruler CAL-824,small militia,local academy,"Common, Halfling",Tyr,175132,771448209,298.23,72.5,19.0,4,0,synthetic generator v2,derived,0.55,9804247,0,28.4,10.80901,66.35461
Tethyr Settlement 0426,Tethyr,Darromar,6504,32407640,895660,"{'humans': 5026, 'elves': 232, 'dwarves': 438, 'halflings': 140, 'half-orcs': 128, 'misc.': 540}",24,arcane mishap,['Democracy'],"{'poor': 0.5362, 'middle': 0.3348, 'wealthy': 0.0263, 'aristocrat': 0.1027}",11,"[['armor', 'cloth', 'fish', 'weapons']]","[['jewelry', 'magic items', 'ore', 'spices']]",Ruler TET-686,mercenary heavy,arcanum,"Draconic, Dwarvish, Elvish",Mystra,193641,937694481,304.32,74.6,77.2,3,0,synthetic generator v2,derived,0.56,27754908,0,19.3,43.17801,8.92632
Neverwinter Settlement 0427,Neverwinter,Neverwinter,599,4310432,233833,"{'humans': 457, 'elves': 51, 'dwarves': 29, 'halflings': 22, 'half-orcs': 17, 'misc.': 23}",116,war,['Satrapy'],"{'poor': 0.504, 'middle': 0.2484, 'wealthy': 0.0856, 'aristocrat': 0.162}",4,[['cloth']],[['spices']],Ruler NEV-401,professional guard,local academy,"Common, Elvish",Tempus,177268,765621383,18.53,45.4,41.6,4,0,synthetic generator v2,derived,0.78,4593082,0,17.2,-18.3273,55.93814
Tethyr Settlement 0428,Tethyr,Darromar,416,2712181,124379,"{'humans': 339, 'elves': 22, 'dwarves': 34, 'halflings': 21, 'half-orcs': 7, 'misc.': 0}",160,monster attack,['Monarchy'],"{'poor': 0.5125, 'middle': 0.2897, 'wealthy': 0.0505, 'aristocrat': 0.1473}",0,"[['armor', 'cloth', 'fish', 'timber', 'wine']]",[['coal']],Ruler TET-669,small militia,guilds,Draconic,Selune,193641,937694481,103.76,61.8,55.2,5,2,synthetic generator v2,derived,0.64,3525733,4,19.3,-31.65685,-9.86384
Sembia Settlement 0429,Sembia,Selgaunt,233,508484,37498,"{'humans': 167, 'elves': 21, 'dwarves': 11, 'halflings': 17, 'half-orcs': 13, 'misc.': 4}",47,war,['Monarchy'],"{'poor': 0.604, 'middle': 0.318, 'wealthy': 0.0736, 'aristocrat': 0.0043}",1,"[['cloth', 'horses', 'timber', 'weapons', 'wine']]","[['mercenaries', 'spices']]",Ruler SEM-131,mercenary heavy,guilds,"Common, Elvish, Orc",Tyr,158418,730633739,372.29,54.6,32.1,10,0,synthetic generator v2,synthetic,0.78,677596,3,35.8,41.92571,113.23008
Tethyr Settlement 0430,Tethyr,Darromar,712,4953208,397266,"{'humans': 544, 'elves': 47, 'dwarves': 39, 'halflings': 41, 'half-orcs': 27, 'misc.': 14}",77,crime,['Magocracy'],"{'poor': 0.4941, 'middle': 0.3048, 'wealthy': 0.0378, 'aristocrat': 0.1632}",0,"[['books', 'gems', 'horses', 'salt', 'weapons']]","[['jewelry', 'spices']]",Ruler TET-585,mercenary heavy,local academy,Halfling,Chauntea,193641,937694481,533.98,60.3,52.2,2,0,synthetic generator v2,synthetic,0.63,5475045,3,7.0,-15.66669,-99.50425
Cormyr Settlement 0431,Cormyr,Suzail,1186,3768697,56231,"{'humans': 796, 'elves': 36, 'dwarves': 44, 'halflings': 116, 'half-orcs': 49, 'misc.': 145}",91,monster attack,['Satrapy'],"{'poor': 0.647, 'middle': 0.2288, 'wealthy': 0.0861, 'aristocrat': 0.0381}",0,"[['fish', 'grain', 'salt', 'timber']]","[['coal', 'glass', 'magic items', 'mercenaries', 'ore']]",Ruler COR-648,small militia,guilds,"Common, Dwarvish","Lathander, Selune, Torm",142577,750902532,142.6,65.0,48.1,6,0,synthetic generator v2,derived,0.82,4567574,-1,21.0,-1.45452,75.53149
Neverwinter Settlement 0432,Neverwinter,Neverwinter,704,3346467,179718,"{'humans': 610, 'elves': 79, 'dwarves': 61, 'halflings': 20, 'half-orcs': 24, 'misc.': 0}",28,arcane mishap,['Dictatorship'],"{'poor': 0.5318, 'middle': 0.3039, 'wealthy': 0.0809, 'aristocrat': 0.0834}",7,[['weapons']],"[['coal', 'jewelry', 'mercenaries', 'ore']]",Ruler NEV-509,mercenary heavy,local academy,Common,Mystra,177268,765621383,357.28,51.7,45.4,4,0,synthetic generator v2,synthetic,0.41,4163224,-3,19.6,45.87147,124.02016
Amn Settlement 0433,Amn,Athkatla,443,4709027,209804,"{'humans': 384, 'elves': 37, 'dwarves': 40, 'halflings': 40, 'half-orcs': 16, 'misc.': 0}",29,famine,['Magocracy'],"{'poor': 0.4513, 'middle': 0.2041, 'wealthy': 0.0681, 'aristocrat': 0.2765}",0,"[['fish', 'grain', 'horses', 'salt', 'weapons']]",[['magic items']],Ruler AMN-428,naval patrol,guilds,Orc,"Chauntea, Lathander, Selune",169970,832884482,371.24,72.8,86.4,10,0,synthetic generator v2,derived,0.64,4800930,4,35.0,15.47238,35.62113
Baldurs Gate Settlement 0434,Baldurs Gate,Baldur's Gate,1946,4097947,137807,"{'humans': 1273, 'elves': 120, 'dwarves': 128, 'halflings': 183, 'half-orcs': 106, 'misc.': 136}",86,monster attack,['Confederacy'],"{'poor': 0.6043, 'middle': 0.3316, 'wealthy': 0.0594, 'aristocrat': 0.0047}",0,"[['books', 'cloth', 'grain', 'salt']]","[['coal', 'jewelry', 'ore', 'parchment', 'spices']]",Ruler BAL-32,small militia,None,Orc,Lathander,241116,953675704,240.17,61.5,69.7,3,0,synthetic generator v2,derived,0.58,4600973,-1,10.5,5.77613,-73.42158
Tethyr Settlement 0435,Tethyr,Darromar,3602,19611564,1151987,"{'humans': 2936, 'elves': 204, 'dwarves': 108, 'halflings': 238, 'half-orcs': 50, 'misc.': 66}",163,disease,['Merchant Council'],"{'poor': 0.5199, 'middle': 0.3195, 'wealthy': 0.0482, 'aristocrat': 0.1124}",14,"[['armor', 'weapons', 'wine']]","[['coal', 'spices']]",Ruler TET-392,professional guard,guilds,"Common, Dwarvish, Elvish",Tyr,193641,937694481,332.16,62.3,46.4,4,0,synthetic generator v2,synthetic,0.89,18358489,1,25.2,44.02585,-3.51415
Calimshan Settlement 0436,Calimshan,Memnon,483,969534,53807,"{'humans': 314, 'elves': 37, 'dwarves': 35, 'halflings': 41, 'half-orcs': 15, 'misc.': 41}",157,old age,['Democracy'],"{'poor': 0.5877, 'middle': 0.3707, 'wealthy': 0.0367, 'aristocrat': 0.0049}",19,"[['armor', 'cloth', 'fish', 'horses', 'salt']]","[['glass', 'ore']]",Ruler CAL-354,naval patrol,None,Common,"Lathander, Selune, Torm",175132,771448209,485.79,71.5,33.2,7,0,synthetic generator v2,derived,0.84,1211926,3,39.7,-13.42881,54.97514
Neverwinter Settlement 0437,Neverwinter,Neverwinter,140,266956,17085,"{'humans': 96, 'elves': 6, 'dwarves': 12, 'halflings': 3, 'half-orcs': 5, 'misc.': 18}",120,old age,['Patriarchy'],"{'poor': 0.6707, 'middle': 0.2746, 'wealthy': 0.0498, 'aristocrat': 0.0049}",8,"[['gems', 'grain', 'horses', 'timber']]","[['coal', 'glass', 'jewelry', 'ore', 'spices']]",Ruler NEV-814,naval patrol,guilds,"Dwarvish, Orc",Chauntea,177268,765621383,413.91,43.6,35.3,4,0,synthetic generator v2,derived,0.47,257889,-1,20.4,-12.29523,15.87987
Calimshan Settlement 0438,Calimshan,Memnon,384,1919266,16979,"{'humans': 335, 'elves': 16, 'dwarves': 14, 'halflings': 33, 'half-orcs': 13, 'misc.': 0}",153,crime,['Confederacy'],"{'poor': 0.4566, 'middle': 0.3884, 'wealthy': 0.0658, 'aristocrat': 0.0892}",3,[['horses']],"[['ore', 'parchment', 'silk', 'spices']]",Ruler CAL-276,professional guard,None,"Draconic, Dwarvish, Halfling",Selune,175132,771448209,269.57,84.6,39.0,1,0,synthetic generator v2,derived,0.46,1662626,-3,5.9,1.79927,-38.12867
Tethyr Settlement 0439,Tethyr,Darromar,294,1235588,37048,"{'humans': 196, 'elves': 16, 'dwarves': 26, 'halflings': 25, 'half-orcs': 10, 'misc.': 21}",43,crime,['Democracy'],"{'poor': 0.4507, 'middle': 0.3961, 'wealthy': 0.0976, 'aristocrat': 0.0556}",0,"[['armor', 'fish', 'timber']]","[['jewelry', 'silk']]",Ruler TET-366,naval patrol,guilds,"Common, Dwarvish, Orc",Chauntea,193641,937694481,219.89,73.8,67.4,6,0,synthetic generator v2,derived,0.77,1119927,1,21.0,-31.94738,42.88483
Waterdeep Settlement 0440,Waterdeep,Waterdeep,3039,7004929,435275,"{'humans': 2036, 'elves': 358, 'dwarves': 134, 'halflings': 106, 'half-orcs': 170, 'misc.': 235}",178,monster attack,['Monarchy'],"{'poor': 0.5567, 'middle': 0.3639, 'wealthy': 0.0747, 'aristocrat': 0.0047}",0,"[['cloth', 'salt', 'wine']]","[['coal', 'magic items', 'parchment']]",Ruler WAT-77,small militia,None,Dwarvish,Tyr,236326,985356857,360.48,53.8,29.8,10,0,synthetic generator v2,derived,0.53,6523750,0,35.0,6.6654,-55.46298
Amn Settlement 0441,Amn,Athkatla,657,4063447,22473,"{'humans': 521, 'elves': 37, 'dwarves': 20, 'halflings': 13, 'half-orcs': 12, 'misc.': 54}",93,famine,['Patriarchy'],"{'poor': 0.518, 'middle': 0.3106, 'wealthy': 0.0308, 'aristocrat': 0.1406}",5,"[['horses', 'wine']]","[['jewelry', 'ore', 'spices']]",Ruler AMN-979,small militia,arcanum,Draconic,"Mystra, Selune, Torm",169970,832884482,511.41,62.8,72.2,4,0,synthetic generator v2,derived,0.57,3535677,-1,18.0,38.23794,-49.42055
Waterdeep Settlement 0442,Waterdeep,Waterdeep,1486,4578368,114296,"{'humans': 1276, 'elves': 160, 'dwarves': 93, 'halflings': 81, 'half-orcs': 15, 'misc.': 0}",146,monster attack,['Monarchy'],"{'poor': 0.5786, 'middle': 0.3058, 'wealthy': 0.0855, 'aristocrat': 0.03}",0,"[['cloth', 'fish', 'grain']]",[['glass']],Ruler WAT-152,small militia,guilds,"Draconic, Dwarvish","Selune, Torm, Tyr",236326,985356857,16.56,58.8,55.4,6,0,synthetic generator v2,derived,0.62,5500075,2,21.0,62.09191,60.86399
Amn Settlement 0443,Amn,Athkatla,1709,13869360,368639,"{'humans': 1277, 'elves': 103, 'dwarves': 148, 'halflings': 103, 'half-orcs': 34, 'misc.': 44}",173,crime,['Magocracy'],"{'poor': 0.4685, 'middle': 0.3054, 'wealthy': 0.023, 'aristocrat': 0.2031}",8,[['books']],"[['coal', 'glass', 'ore', 'silk', 'spices']]",Ruler AMN-770,naval patrol,guilds,"Halfling, Orc",Tempus,169970,832884482,237.9,70.9,67.2,10,0,synthetic generator v2,derived,0.79,17515873,-4,41.4,55.67764,-1.08112
Sembia Settlement 0444,Sembia,Selgaunt,818,2184338,211481,"{'humans': 593, 'elves': 61, 'dwarves': 45, 'halflings': 53, 'half-orcs': 20, 'misc.': 46}",94,crime,['Theocracy'],"{'poor': 0.5432, 'middle': 0.3707, 'wealthy': 0.069, 'aristocrat': 0.0171}",0,"[['cloth', 'grain', 'timber']]","[['jewelry', 'magic items', 'silk']]",Ruler SEM-579,small militia,guilds,"Draconic, Orc","Lathander, Mystra, Tempus",158418,730633739,54.37,51.3,46.9,3,0,synthetic generator v2,derived,0.71,2766471,0,10.5,43.6976,94.21505
Neverwinter Settlement 0445,Neverwinter,Neverwinter,358,1567465,13633,"{'humans': 275, 'elves': 21, 'dwarves': 19, 'halflings': 14, 'half-orcs': 7, 'misc.': 22}",162,crime,['Patriarchy'],"{'poor': 0.5463, 'middle': 0.287, 'wealthy': 0.0984, 'aristocrat': 0.0683}",0,"[['cloth', 'fish', 'wine']]","[['jewelry', 'mercenaries']]",Ruler NEV-498,professional guard,None,"Common, Halfling","Mystra, Selune, Tyr",177268,765621383,517.86,43.0,52.5,2,0,synthetic generator v2,derived,0.36,2105743,1,7.0,55.14584,-30.83789
Waterdeep Settlement 0446,Waterdeep,Waterdeep,86,153151,14051,"{'humans': 62, 'elves': 2, 'dwarves': 8, 'halflings': 3, 'half-orcs': 1, 'misc.': 10}",129,disease,['Magocracy'],"{'poor': 0.6746, 'middle': 0.2891, 'wealthy': 0.0314, 'aristocrat': 0.0048}",17,"[['grain', 'salt', 'timber', 'weapons']]",[['parchment']],Ruler WAT-125,mercenary heavy,arcanum,"Common, Draconic, Halfling","Lathander, Mystra, Tempus",236326,985356857,141.15,52.7,36.8,4,0,synthetic generator v2,derived,0.82,193989,3,27.6,-18.89363,113.38257
Waterdeep Settlement 0447,Waterdeep,Waterdeep,3499,9234835,475853,"{'humans': 2395, 'elves': 142, 'dwarves': 241, 'halflings': 235, 'half-orcs': 73, 'misc.': 413}",154,disease,['Democracy'],"{'poor': 0.6503, 'middle': 0.2916, 'wealthy': 0.0251, 'aristocrat': 0.033}",18,"[['armor', 'weapons', 'wine']]","[['parchment', 'spices']]",Ruler WAT-938,professional guard,None,"Draconic, Dwarvish, Elvish","Chauntea, Tempus, Tyr",236326,985356857,296.16,50.9,34.8,4,0,synthetic generator v2,derived,0.41,8349825,1,28.4,11.55111,11.04244
Neverwinter Settlement 0448,Neverwinter,Neverwinter,205,971542,34709,"{'humans': 150, 'elves': 19, 'dwarves': 15, 'halflings': 16, 'half-orcs': 8, 'misc.': 0}",176,monster attack,['Theocracy'],"{'poor': 0.6178, 'middle': 0.2592, 'wealthy': 0.0216, 'aristocrat': 0.1015}",5,"[['grain', 'salt']]","[['coal', 'magic items', 'mercenaries']]",Ruler NEV-565,professional guard,guilds,"Common, Orc","Mystra, Tempus, Torm",177268,765621383,285.52,45.6,60.1,1,0,synthetic generator v2,derived,0.75,998017,-1,7.5,26.27869,-116.49015
Cormyr Settlement 0449,Cormyr,Suzail,493,3059802,13911,"{'humans': 353, 'elves': 48, 'dwarves': 36, 'halflings': 45, 'half-orcs': 8, 'misc.': 3}",46,war,['Satrapy'],"{'poor': 0.5883, 'middle': 0.2315, 'wealthy': 0.0345, 'aristocrat': 0.1457}",8,"[['fish', 'gems', 'timber', 'wine']]","[['glass', 'jewelry', 'mercenaries', 'ore', 'parchment']]",Ruler COR-126,naval patrol,arcanum,Common,"Chauntea, Lathander, Selune",142577,750902532,299.06,61.4,42.5,3,0,synthetic generator v2,derived,0.82,2593555,-1,16.9,74.67832,22.62523
Tethyr Settlement 0450,Tethyr,Darromar,2863,15216694,774363,"{'humans': 2200, 'elves': 154, 'dwarves': 192, 'halflings': 135, 'half-orcs': 138, 'misc.': 44}",110,arcane mishap,['Magocracy'],"{'poor': 0.5623, 'middle': 0.2903, 'wealthy': 0.0331, 'aristocrat': 0.1143}",4,"[['books', 'fish', 'gems', 'salt', 'weapons']]","[['glass', 'jewelry', 'magic items', 'mercenaries', 'spices']]",Ruler TET-86,small militia,None,"Draconic, Elvish, Halfling",Mystra,193641,937694481,352.82,60.5,61.0,2,0,synthetic generator v2,synthetic,0.75,14564983,0,10.2,-4.55063,-52.45623
Cormyr Settlement 0451,Cormyr,Suzail,996,5709577,274308,"{'humans': 776, 'elves': 98, 'dwarves': 38, 'halflings': 33, 'half-orcs': 43, 'misc.': 8}",64,famine,['Monarchy'],"{'poor': 0.5468, 'middle': 0.2803, 'wealthy': 0.0491, 'aristocrat': 0.1238}",0,"[['armor', 'grain']]","[['coal', 'glass', 'magic items', 'ore', 'parchment']]",Ruler COR-219,small militia,None,"Common, Dwarvish, Orc",Chauntea,142577,750902532,461.24,53.6,59.5,6,0,synthetic generator v2,synthetic,0.8,5593468,-3,21.0,72.38779,-63.17767
Sembia Settlement 0452,Sembia,Selgaunt,1828,6367614,177862,"{'humans': 1355, 'elves': 43, 'dwarves': 81, 'halflings': 150, 'half-orcs': 52, 'misc.': 147}",88,crime,['Dictatorship'],"{'poor': 0.5941, 'middle': 0.2826, 'wealthy': 0.0771, 'aristocrat': 0.0463}",15,"[['armor', 'fish', 'timber', 'weapons']]","[['coal', 'jewelry', 'magic items', 'ore', 'parchment']]",Ruler SEM-600,small militia,guilds,"Draconic, Dwarvish",Mystra,158418,730633739,539.28,53.8,30.8,4,0,synthetic generator v2,synthetic,0.7,7021859,-1,26.0,68.52452,-113.84483
Sembia Settlement 0453,Sembia,Selgaunt,3659,34051468,1543297,"{'humans': 2972, 'elves': 399, 'dwarves': 350, 'halflings': 208, 'half-orcs': 156, 'misc.': 0}",142,old age,['Monarchy'],"{'poor': 0.5084, 'middle': 0.2094, 'wealthy': 0.0399, 'aristocrat': 0.2423}",0,"[['books', 'gems', 'wine']]","[['magic items', 'parchment', 'spices']]",Ruler SEM-775,professional guard,None,Halfling,"Selune, Tempus",158418,730633739,185.95,48.2,58.6,1,0,synthetic generator v2,derived,0.55,45833328,0,3.5,-32.2767,-47.95519
Sembia Settlement 0454,Sembia,Selgaunt,347,1392128,123759,"{'humans': 251, 'elves': 38, 'dwarves': 10, 'halflings': 18, 'half-orcs': 20, 'misc.': 10}",142,old age,['Merchant Council'],"{'poor': 0.5163, 'middle': 0.3608, 'wealthy': 0.0615, 'aristocrat': 0.0615}",0,"[['books', 'cloth', 'fish', 'grain', 'horses']]",[['parchment']],Ruler SEM-598,small militia,guilds,Halfling,"Chauntea, Selune, Torm",158418,730633739,483.95,49.8,34.9,0,0,synthetic generator v2,synthetic,0.45,1775863,4,0.0,23.11981,102.68282
Sembia Settlement 0455,Sembia,Selgaunt,157,756133,43862,"{'humans': 109, 'elves': 8, 'dwarves': 6, 'halflings': 5, 'half-orcs': 2, 'misc.': 27}",161,war,['Democracy'],"{'poor': 0.63, 'middle': 0.2183, 'wealthy': 0.0533, 'aristocrat': 0.0984}",0,"[['books', 'cloth', 'fish', 'timber', 'weapons']]","[['glass', 'jewelry', 'mercenaries', 'ore', 'silk']]",Ruler SEM-664,mercenary heavy,local academy,"Common, Orc",Selune,158418,730633739,478.75,47.7,59.2,7,0,synthetic generator v2,synthetic,0.43,1027501,0,24.5,47.0245,18.85411
Cormyr Settlement 0456,Cormyr,Suzail,1496,9507047,113757,"{'humans': 1141, 'elves': 110, 'dwarves': 130, 'halflings': 111, 'half-orcs': 48, 'misc.': 0}",83,arcane mishap,['Dictatorship'],"{'poor': 0.457, 'middle': 0.3768, 'wealthy': 0.0227, 'aristocrat': 0.1435}",0,"[['armor', 'gems', 'horses', 'salt', 'weapons']]","[['glass', 'jewelry', 'magic items', 'parchment', 'silk']]",Ruler COR-414,small militia,arcanum,Dwarvish,"Chauntea, Torm",142577,750902532,395.48,55.9,71.4,10,0,synthetic generator v2,synthetic,0.36,10155436,0,35.0,68.53466,-81.13728
Calimshan Settlement 0457,Calimshan,Memnon,705,1640910,79483,"{'humans': 530, 'elves': 26, 'dwarves': 34, 'halflings': 19, 'half-orcs': 40, 'misc.': 56}",100,crime,['Confederacy'],"{'poor': 0.607, 'middle': 0.2926, 'wealthy': 0.0956, 'aristocrat': 0.0048}",0,"[['armor', 'grain', 'timber']]","[['glass', 'magic items', 'mercenaries', 'parchment', 'silk']]",Ruler CAL-777,naval patrol,None,"Draconic, Dwarvish",Mystra,175132,771448209,239.69,84.6,41.1,8,0,synthetic generator v2,synthetic,0.68,1296306,-2,28.0,34.67284,55.81761
Baldurs Gate Settlement 0458,Baldurs Gate,Baldur's Gate,2233,17842639,1172079,"{'humans': 1894, 'elves': 109, 'dwarves': 154, 'halflings': 104, 'half-orcs': 30, 'misc.': 0}",38,old age,['Democracy'],"{'poor': 0.4597, 'middle': 0.2759, 'wealthy': 0.0774, 'aristocrat': 0.187}",7,"[['fish', 'salt', 'weapons']]",[['jewelry']],Ruler BAL-670,professional guard,guilds,Elvish,Tyr,241116,953675704,368.49,63.1,60.0,10,0,synthetic generator v2,derived,0.38,18126759,2,40.6,45.35299,-64.91093
Waterdeep Settlement 0459,Waterdeep,Waterdeep,3087,13827424,215575,"{'humans': 2410, 'elves': 237, 'dwarves': 127, 'halflings': 121, 'half-orcs': 165, 'misc.': 27}",168,war,['Dictatorship'],"{'poor': 0.5806, 'middle': 0.2664, 'wealthy': 0.0737, 'aristocrat': 0.0793}",12,"[['cloth', 'grain', 'timber', 'weapons', 'wine']]",[['spices']],Ruler WAT-764,professional guard,None,"Common, Dwarvish",Tyr,236326,985356857,350.61,48.1,59.7,9,0,synthetic generator v2,derived,0.73,13209477,4,41.1,54.19263,118.80783
Calimshan Settlement 0460,Calimshan,Memnon,508,2078613,114842,"{'humans': 419, 'elves': 32, 'dwarves': 32, 'halflings': 47, 'half-orcs': 15, 'misc.': 0}",106,disease,['Magocracy'],"{'poor': 0.51, 'middle': 0.3651, 'wealthy': 0.0611, 'aristocrat': 0.0638}",0,"[['gems', 'grain', 'timber', 'wine']]","[['jewelry', 'ore']]",Ruler CAL-485,naval patrol,arcanum,Elvish,"Lathander, Mystra, Tyr",175132,771448209,224.8,77.4,42.3,2,0,synthetic generator v2,derived,0.93,2360510,2,7.0,3.56098,52.35047
Calimshan Settlement 0461,Calimshan,Memnon,1461,3120933,192670,"{'humans': 1160, 'elves': 75, 'dwarves': 110, 'halflings': 119, 'half-orcs': 73, 'misc.': 0}",110,monster attack,['Theocracy'],"{'poor': 0.5632, 'middle': 0.3827, 'wealthy': 0.0493, 'aristocrat': 0.0048}",0,"[['horses', 'weapons']]","[['coal', 'ore', 'silk']]",Ruler CAL-15,professional guard,guilds,"Draconic, Dwarvish, Elvish","Tempus, Tyr",175132,771448209,182.98,71.2,47.2,2,0,synthetic generator v2,derived,0.83,4013428,-1,7.0,14.48873,108.38903
Baldurs Gate Settlement 0462,Baldurs Gate,Baldur's Gate,1273,7831033,302799,"{'humans': 1008, 'elves': 96, 'dwarves': 83, 'halflings': 119, 'half-orcs': 62, 'misc.': 0}",171,old age,['Democracy'],"{'poor': 0.4507, 'middle': 0.3908, 'wealthy': 0.022, 'aristocrat': 0.1364}",8,[['books']],[['mercenaries']],Ruler BAL-267,mercenary heavy,local academy,"Dwarvish, Elvish",Tyr,241116,953675704,19.35,63.6,33.6,2,0,synthetic generator v2,synthetic,0.66,6503143,0,13.4,46.04798,87.95297
Amn Settlement 0463,Amn,Athkatla,466,861420,66844,"{'humans': 366, 'elves': 54, 'dwarves': 35, 'halflings': 35, 'half-orcs': 27, 'misc.': 0}",59,monster attack,['Merchant Council'],"{'poor': 0.6408, 'middle': 0.3233, 'wealthy': 0.0313, 'aristocrat': 0.0046}",6,[['armor']],"[['magic items', 'ore']]",Ruler AMN-493,mercenary heavy,None,"Elvish, Halfling, Orc","Lathander, Tempus",169970,832884482,411.3,66.2,79.6,10,0,synthetic generator v2,synthetic,0.87,847159,-1,39.8,53.09596,-46.37456
Calimshan Settlement 0464,Calimshan,Memnon,80,147132,8162,"{'humans': 63, 'elves': 6, 'dwarves': 5, 'halflings': 4, 'half-orcs': 4, 'misc.': 0}",114,crime,['Satrapy'],"{'poor': 0.6168, 'middle': 0.3569, 'wealthy': 0.0218, 'aristocrat': 0.0045}",11,"[['armor', 'gems', 'grain', 'timber']]","[['mercenaries', 'ore', 'parchment']]",Ruler CAL-265,mercenary heavy,arcanum,Dwarvish,"Chauntea, Torm",175132,771448209,513.5,82.4,47.5,0,1,synthetic generator v2,synthetic,0.51,154995,1,9.7,34.30642,25.99159
Baldurs Gate Settlement 0465,Baldurs Gate,Baldur's Gate,442,1216944,59170,"{'humans': 372, 'elves': 45, 'dwarves': 22, 'halflings': 33, 'half-orcs': 9, 'misc.': 0}",70,disease,['Monarchy'],"{'poor': 0.6574, 'middle': 0.2738, 'wealthy': 0.033, 'aristocrat': 0.0357}",1,[['wine']],[['parchment']],Ruler BAL-200,small militia,local academy,"Dwarvish, Halfling, Orc","Mystra, Selune",241116,953675704,277.04,52.3,38.1,7,0,synthetic generator v2,derived,0.7,1625368,0,25.3,-38.82607,41.55606
Amn Settlement 0466,Amn,Athkatla,574,1283479,18587,"{'humans': 377, 'elves': 19, 'dwarves': 17, 'halflings': 12, 'half-orcs': 7, 'misc.': 142}",164,disease,['Monarchy'],"{'poor': 0.5723, 'middle': 0.353, 'wealthy': 0.0701, 'aristocrat': 0.0045}",0,"[['cloth', 'grain', 'horses', 'timber', 'wine']]","[['coal', 'jewelry']]",Ruler AMN-525,naval patrol,local academy,"Common, Dwarvish, Orc","Lathander, Mystra",169970,832884482,190.26,64.4,76.3,5,0,synthetic generator v2,derived,0.7,1556790,3,17.5,-27.35091,27.83512
Tethyr Settlement 0467,Tethyr,Darromar,3707,26557357,249096,"{'humans': 3174, 'elves': 386, 'dwarves': 209, 'halflings': 247, 'half-orcs': 159, 'misc.': 0}",75,old age,['Patriarchy'],"{'poor': 0.5282, 'middle': 0.2166, 'wealthy': 0.0943, 'aristocrat': 0.1609}",14,"[['salt', 'timber', 'wine']]","[['coal', 'jewelry', 'magic items', 'mercenaries', 'silk']]",Ruler TET-342,small militia,arcanum,"Common, Dwarvish, Orc","Torm, Tyr",193641,937694481,286.74,72.2,65.1,2,0,synthetic generator v2,derived,0.43,31359294,-2,18.2,-16.25056,71.04599
Calimshan Settlement 0468,Calimshan,Memnon,4810,21651202,1867427,"{'humans': 3361, 'elves': 466, 'dwarves': 314, 'halflings': 102, 'half-orcs': 255, 'misc.': 312}",178,arcane mishap,['Democracy'],"{'poor': 0.6281, 'middle': 0.2112, 'wealthy': 0.0781, 'aristocrat': 0.0826}",0,"[['cloth', 'gems', 'grain', 'weapons']]","[['glass', 'jewelry', 'mercenaries', 'ore', 'spices']]",Ruler CAL-769,professional guard,arcanum,"Common, Dwarvish","Lathander, Selune, Torm",175132,771448209,432.81,78.4,34.7,2,0,synthetic generator v2,derived,0.36,25241099,-1,7.0,17.78138,108.02355
Amn Settlement 0469,Amn,Athkatla,9720,49312646,2397933,"{'humans': 6967, 'elves': 1166, 'dwarves': 844, 'halflings': 766, 'half-orcs': 520, 'misc.': 0}",112,famine,['Dictatorship'],"{'poor': 0.5625, 'middle': 0.2665, 'wealthy': 0.0729, 'aristocrat': 0.098}",0,"[['armor', 'cloth', 'gems', 'grain', 'timber']]","[['jewelry', 'ore', 'silk']]",Ruler AMN-584,naval patrol,guilds,Orc,"Chauntea, Torm",169970,832884482,511.37,68.7,62.7,0,0,synthetic generator v2,synthetic,0.86,37325326,2,0.0,12.1776,-27.08989
Sembia Settlement 0470,Sembia,Selgaunt,891,7323288,256091,"{'humans': 668, 'elves': 80, 'dwarves': 48, 'halflings': 40, 'half-orcs': 48, 'misc.': 7}",161,old age,['Patriarchy'],"{'poor': 0.5019, 'middle': 0.211, 'wealthy': 0.0925, 'aristocrat': 0.1946}",5,"[['armor', 'books', 'salt', 'timber', 'weapons']]","[['glass', 'jewelry', 'mercenaries', 'ore']]",Ruler SEM-108,mercenary heavy,local academy,Orc,"Chauntea, Lathander",158418,730633739,529.24,57.7,40.6,7,0,synthetic generator v2,derived,0.75,7334229,1,28.5,-25.07654,-23.60473
Tethyr Settlement 0471,Tethyr,Darromar,426,2779243,22430,"{'humans': 299, 'elves': 30, 'dwarves': 20, 'halflings': 28, 'half-orcs': 5, 'misc.': 44}",125,monster attack,['Monarchy'],"{'poor': 0.5373, 'middle': 0.265, 'wealthy': 0.0479, 'aristocrat': 0.1498}",14,[['wine']],"[['coal', 'jewelry', 'mercenaries', 'spices']]",Ruler TET-446,small militia,arcanum,"Common, Draconic, Elvish","Chauntea, Lathander",193641,937694481,277.03,62.7,43.5,4,0,synthetic generator v2,derived,0.72,3179091,-3,25.2,1.07638,21.58376
Waterdeep Settlement 0472,Waterdeep,Waterdeep,1546,3434212,219079,"{'humans': 1131, 'elves': 179, 'dwarves': 110, 'halflings': 130, 'half-orcs': 41, 'misc.': 0}",25,disease,['Magocracy'],"{'poor': 0.5812, 'middle': 0.345, 'wealthy': 0.0689, 'aristocrat': 0.0049}",18,"[['armor', 'weapons']]","[['coal', 'glass', 'ore']]",Ruler WAT-703,small militia,arcanum,"Common, Draconic, Halfling","Mystra, Selune, Torm",236326,985356857,314.34,47.9,49.3,10,0,synthetic generator v2,derived,0.74,3629270,-1,49.4,44.00271,126.76693
Neverwinter Settlement 0473,Neverwinter,Neverwinter,155,869885,4936,"{'humans': 117, 'elves': 7, 'dwarves': 5, 'halflings': 10, 'half-orcs': 4, 'misc.': 12}",80,crime,['Monarchy'],"{'poor': 0.5156, 'middle': 0.3247, 'wealthy': 0.0404, 'aristocrat': 0.1193}",0,"[['armor', 'cloth', 'grain', 'horses']]","[['ore', 'parchment']]",Ruler NEV-523,mercenary heavy,local academy,"Draconic, Dwarvish, Halfling",Lathander,177268,765621383,33.9,52.4,39.6,9,0,synthetic generator v2,derived,0.44,936327,2,31.5,30.9946,-47.99422
Sembia Settlement 0474,Sembia,Selgaunt,2396,9509835,623790,"{'humans': 1765, 'elves': 211, 'dwarves': 216, 'halflings': 137, 'half-orcs': 84, 'misc.': 0}",128,famine,['Merchant Council'],"{'poor': 0.5264, 'middle': 0.3581, 'wealthy': 0.0529, 'aristocrat': 0.0626}",0,"[['books', 'timber']]","[['coal', 'glass', 'magic items', 'ore', 'spices']]",Ruler SEM-298,naval patrol,local academy,Orc,"Chauntea, Lathander, Tempus",158418,730633739,436.85,61.8,52.3,1,0,synthetic generator v2,derived,0.58,8975527,-3,3.5,71.94257,123.13436
Cormyr Settlement 0475,Cormyr,Suzail,1821,7851155,476738,"{'humans': 1433, 'elves': 64, 'dwarves': 94, 'halflings': 132, 'half-orcs': 82, 'misc.': 16}",151,disease,['Theocracy'],"{'poor': 0.4634, 'middle': 0.3958, 'wealthy': 0.0762, 'aristocrat': 0.0646}",3,"[['gems', 'weapons']]","[['jewelry', 'parchment']]",Ruler COR-344,mercenary heavy,local academy,Common,Tempus,142577,750902532,335.67,61.4,50.0,7,0,synthetic generator v2,synthetic,0.77,8424248,0,26.9,18.6661,34.04765
Baldurs Gate Settlement 0476,Baldurs Gate,Baldur's Gate,252,1092391,6944,"{'humans': 223, 'elves': 26, 'dwarves': 23, 'halflings': 14, 'half-orcs': 6, 'misc.': 0}",131,famine,['Democracy'],"{'poor': 0.4938, 'middle': 0.3931, 'wealthy': 0.0376, 'aristocrat': 0.0756}",13,"[['cloth', 'salt']]","[['coal', 'glass', 'spices']]",Ruler BAL-900,naval patrol,guilds,Draconic,"Lathander, Mystra, Tempus",241116,953675704,305.15,62.8,36.0,6,0,synthetic generator v2,derived,0.64,909037,-1,31.4,64.7687,40.7034
Tethyr Settlement 0477,Tethyr,Darromar,683,1507860,63125,"{'humans': 547, 'elves': 53, 'dwarves': 43, 'halflings': 38, 'half-orcs': 26, 'misc.': 0}",97,old age,['Monarchy'],"{'poor': 0.5574, 'middle': 0.3794, 'wealthy': 0.0583, 'aristocrat': 0.0049}",0,"[['books', 'cloth']]","[['jewelry', 'spices']]",Ruler TET-509,small militia,None,"Dwarvish, Elvish, Halfling",Tyr,193641,937694481,177.4,69.8,47.6,8,0,synthetic generator v2,synthetic,0.76,1189335,0,28.0,21.50069,-29.89843
Neverwinter Settlement 0478,Neverwinter,Neverwinter,579,3276664,260476,"{'humans': 416, 'elves': 22, 'dwarves': 44, 'halflings': 52, 'half-orcs': 11, 'misc.': 34}",102,famine,['Dictatorship'],"{'poor': 0.538, 'middle': 0.3132, 'wealthy': 0.0226, 'aristocrat': 0.1262}",3,"[['books', 'gems', 'salt', 'wine']]","[['glass', 'mercenaries', 'ore', 'parchment', 'spices']]",Ruler NEV-763,mercenary heavy,None,"Elvish, Orc",Tyr,177268,765621383,548.86,41.8,53.7,9,0,synthetic generator v2,derived,0.81,3690585,-1,33.9,38.34666,-66.70007
Baldurs Gate Settlement 0479,Baldurs Gate,Baldur's Gate,270,1629376,113239,"{'humans': 237, 'elves': 32, 'dwarves': 26, 'halflings': 12, 'half-orcs': 16, 'misc.': 0}",107,arcane mishap,['Merchant Council'],"{'poor': 0.5835, 'middle': 0.2045, 'wealthy': 0.0823, 'aristocrat': 0.1297}",0,"[['armor', 'grain', 'timber']]",[['mercenaries']],Ruler BAL-379,naval patrol,local academy,"Dwarvish, Halfling","Selune, Tempus",241116,953675704,220.94,63.5,69.1,6,0,synthetic generator v2,derived,0.5,2042099,2,21.0,31.31356,-6.88572
Suzail,Cormyr,Suzail,6814,38444254,819934,"{'humans': 4752, 'elves': 383, 'dwarves': 486, 'halflings': 444, 'half-orcs': 341, 'misc.': 408}",146,arcane mishap,['Theocracy'],"{'poor': 0.5089, 'middle': 0.3152, 'wealthy': 0.0602, 'aristocrat': 0.1157}",15,"[['armor', 'books', 'gems']]","[['glass', 'mercenaries', 'silk']]",Ruler COR-538,naval patrol,guilds,"Elvish, Orc","Mystra, Selune",142577,750902532,153.69,60.8,58.1,9,0,synthetic generator v2,synthetic,0.68,36194602,0,43.5,63.10143,0.37408
Baldurs Gate Settlement 0481,Baldurs Gate,Baldur's Gate,9197,44904646,1270591,"{'humans': 6669, 'elves': 673, 'dwarves': 490, 'halflings': 529, 'half-orcs': 233, 'misc.': 603}",84,famine,['Magocracy'],"{'poor': 0.5365, 'middle': 0.3146, 'wealthy': 0.0556, 'aristocrat': 0.0933}",6,"[['books', 'horses']]","[['jewelry', 'ore', 'parchment', 'spices']]",Ruler BAL-712,naval patrol,None,"Common, Draconic","Lathander, Selune",241116,953675704,403.24,50.9,57.4,1,0,synthetic generator v2,synthetic,0.63,48931274,-2,8.3,57.66653,93.37837
Calimshan Settlement 0482,Calimshan,Memnon,597,3104536,21777,"{'humans': 456, 'elves': 19, 'dwarves': 28, 'halflings': 53, 'half-orcs': 25, 'misc.': 16}",136,war,['Magocracy'],"{'poor': 0.4957, 'middle': 0.3391, 'wealthy': 0.0664, 'aristocrat': 0.0987}",17,"[['cloth', 'timber', 'wine']]","[['jewelry', 'magic items', 'silk']]",Ruler CAL-436,mercenary heavy,local academy,Draconic,Tempus,175132,771448209,172.84,74.4,46.9,6,0,synthetic generator v2,synthetic,0.91,3414272,0,34.6,-24.40822,-102.88626
Calimshan Settlement 0483,Calimshan,Memnon,886,3427190,256558,"{'humans': 751, 'elves': 43, 'dwarves': 55, 'halflings': 40, 'half-orcs': 11, 'misc.': 0}",92,old age,['Merchant Council'],"{'poor': 0.5668, 'middle': 0.3392, 'wealthy': 0.0263, 'aristocrat': 0.0677}",11,"[['books', 'gems', 'weapons', 'wine']]","[['coal', 'magic items', 'silk', 'spices']]",Ruler CAL-406,professional guard,None,"Draconic, Dwarvish, Elvish",Chauntea,175132,771448209,436.3,82.8,43.5,2,0,synthetic generator v2,synthetic,0.49,4601334,0,15.8,-17.31628,46.89374
Tethyr Settlement 0484,Tethyr,Darromar,11245,54746051,1452081,"{'humans': 7871, 'elves': 320, 'dwarves': 1009, 'halflings': 735, 'half-orcs': 483, 'misc.': 827}",41,monster attack,['Theocracy'],"{'poor': 0.508, 'middle': 0.3376, 'wealthy': 0.0659, 'aristocrat': 0.0886}",8,"[['books', 'timber', 'wine']]","[['magic items', 'ore', 'parchment', 'spices']]",Ruler TET-878,professional guard,arcanum,"Draconic, Halfling, Orc",Chauntea,193641,937694481,339.8,61.0,67.5,8,0,synthetic generator v2,derived,0.35,51997232,-1,34.4,66.13206,-93.94009
Tethyr Settlement 0485,Tethyr,Darromar,1187,2615300,110177,"{'humans': 1062, 'elves': 68, 'dwarves': 40, 'halflings': 106, 'half-orcs': 13, 'misc.': 0}",95,old age,['Magocracy'],"{'poor': 0.5887, 'middle': 0.337, 'wealthy': 0.0696, 'aristocrat': 0.0047}",10,"[['armor', 'books', 'cloth', 'salt', 'wine']]","[['parchment', 'spices']]",Ruler TET-992,small militia,None,Orc,"Lathander, Selune",193641,937694481,227.27,65.4,43.5,2,1,synthetic generator v2,synthetic,0.63,3387066,3,15.9,70.02449,71.7104
Calimshan Settlement 0486,Calimshan,Memnon,556,1208040,40916,"{'humans': 402, 'elves': 54, 'dwarves': 48, 'halflings': 22, 'half-orcs': 28, 'misc.': 2}",176,war,['Theocracy'],"{'poor': 0.5819, 'middle': 0.3723, 'wealthy': 0.0357, 'aristocrat': 0.0102}",0,"[['armor', 'books', 'weapons']]","[['glass', 'jewelry', 'silk']]",Ruler CAL-55,professional guard,local academy,"Draconic, Elvish",Tyr,175132,771448209,94.92,75.9,47.1,9,0,synthetic generator v2,derived,0.5,1344954,0,31.5,49.07093,-119.49989
Waterdeep Settlement 0487,Waterdeep,Waterdeep,1355,2723228,186887,"{'humans': 1060, 'elves': 76, 'dwarves': 130, 'halflings': 62, 'half-orcs': 60, 'misc.': 0}",26,war,['Democracy'],"{'poor': 0.6139, 'middle': 0.3328, 'wealthy': 0.0488, 'aristocrat': 0.0044}",18,"[['books', 'cloth', 'fish', 'weapons']]","[['glass', 'mercenaries', 'parchment', 'silk', 'spices']]",Ruler WAT-515,mercenary heavy,local academy,Dwarvish,"Selune, Tyr",236326,985356857,500.06,56.4,27.3,9,0,synthetic generator v2,synthetic,0.88,2633320,-1,45.9,-18.15666,102.04844
Tethyr Settlement 0488,Tethyr,Darromar,1865,8715254,203945,"{'humans': 1499, 'elves': 210, 'dwarves': 183, 'halflings': 184, 'half-orcs': 104, 'misc.': 0}",178,monster attack,['Magocracy'],"{'poor': 0.4984, 'middle': 0.3362, 'wealthy': 0.0889, 'aristocrat': 0.0766}",8,"[['fish', 'timber', 'weapons', 'wine']]","[['coal', 'glass', 'magic items', 'silk', 'spices']]",Ruler TET-396,naval patrol,arcanum,Common,"Selune, Torm, Tyr",193641,937694481,130.82,73.5,73.5,7,0,synthetic generator v2,synthetic,0.69,9975526,-1,30.9,10.58879,90.70585
Tethyr Settlement 0489,Tethyr,Darromar,3414,7475040,465041,"{'humans': 3054, 'elves': 319, 'dwarves': 324, 'halflings': 74, 'half-orcs': 192, 'misc.': 0}",118,arcane mishap,['Theocracy'],"{'poor': 0.6329, 'middle': 0.2798, 'wealthy': 0.0825, 'aristocrat': 0.0048}",13,"[['books', 'timber', 'weapons']]","[['jewelry', 'magic items', 'spices']]",Ruler TET-248,mercenary heavy,arcanum,Draconic,"Chauntea, Selune, Tyr",193641,937694481,315.11,69.8,58.0,5,0,synthetic generator v2,synthetic,0.89,6409546,0,27.9,-2.65937,5.10755
Calimshan Settlement 0490,Calimshan,Memnon,1004,8158718,495533,"{'humans': 681, 'elves': 100, 'dwarves': 58, 'halflings': 21, 'half-orcs': 42, 'misc.': 102}",140,crime,['Magocracy'],"{'poor': 0.5261, 'middle': 0.2408, 'wealthy': 0.0262, 'aristocrat': 0.207}",2,"[['cloth', 'fish', 'wine']]","[['mercenaries', 'ore', 'spices']]",Ruler CAL-522,mercenary heavy,arcanum,"Common, Draconic, Halfling","Chauntea, Tempus, Torm",175132,771448209,214.79,84.1,19.6,8,0,synthetic generator v2,synthetic,0.68,6741263,0,29.6,65.04229,103.52868
Sembia Settlement 0491,Sembia,Selgaunt,3447,14595227,35063,"{'humans': 2573, 'elves': 233, 'dwarves': 176, 'halflings': 282, 'half-orcs': 55, 'misc.': 128}",41,crime,['Monarchy'],"{'poor': 0.6457, 'middle': 0.2367, 'wealthy': 0.0335, 'aristocrat': 0.0842}",10,"[['fish', 'weapons']]","[['glass', 'parchment', 'silk']]",Ruler SEM-707,small militia,local academy,Draconic,"Lathander, Selune",158418,730633739,439.05,62.0,42.3,4,0,synthetic generator v2,synthetic,0.75,12231916,-1,22.0,14.52282,-45.47225
Waterdeep Settlement 0492,Waterdeep,Waterdeep,1378,6915485,635432,"{'humans': 1197, 'elves': 164, 'dwarves': 134, 'halflings': 118, 'half-orcs': 40, 'misc.': 0}",108,disease,['Merchant Council'],"{'poor': 0.4791, 'middle': 0.3757, 'wealthy': 0.0505, 'aristocrat': 0.0947}",0,[['weapons']],[['mercenaries']],Ruler WAT-813,naval patrol,arcanum,"Common, Halfling","Chauntea, Mystra, Tyr",236326,985356857,538.45,54.2,63.8,8,0,synthetic generator v2,synthetic,0.67,9313799,0,28.0,13.68361,107.79902
Waterdeep Settlement 0493,Waterdeep,Waterdeep,2028,11959882,245426,"{'humans': 1473, 'elves': 83, 'dwarves': 148, 'halflings': 191, 'half-orcs': 54, 'misc.': 79}",130,old age,['Satrapy'],"{'poor': 0.5107, 'middle': 0.3236, 'wealthy': 0.0364, 'aristocrat': 0.1293}",14,"[['armor', 'horses', 'salt']]","[['glass', 'ore', 'parchment', 'silk']]",Ruler WAT-547,mercenary heavy,local academy,"Halfling, Orc","Chauntea, Tyr",236326,985356857,303.71,50.4,51.1,8,0,synthetic generator v2,synthetic,0.43,12457208,-1,39.2,55.52347,109.23885
Calimshan Settlement 0494,Calimshan,Memnon,1380,3058768,33722,"{'humans': 1190, 'elves': 164, 'dwarves': 98, 'halflings': 35, 'half-orcs': 42, 'misc.': 0}",141,famine,['Democracy'],"{'poor': 0.5889, 'middle': 0.3346, 'wealthy': 0.0718, 'aristocrat': 0.0047}",1,"[['armor', 'weapons']]","[['parchment', 'spices']]",Ruler CAL-975,mercenary heavy,local academy,"Elvish, Orc","Lathander, Tempus, Tyr",175132,771448209,226.39,71.5,42.3,5,0,synthetic generator v2,derived,0.87,4214568,0,18.3,29.45478,20.0529
Cormyr Settlement 0495,Cormyr,Suzail,1586,6223935,316637,"{'humans': 1279, 'elves': 170, 'dwarves': 81, 'halflings': 52, 'half-orcs': 16, 'misc.': 0}",45,old age,['Satrapy'],"{'poor': 0.6259, 'middle': 0.2284, 'wealthy': 0.0837, 'aristocrat': 0.062}",0,[['gems']],"[['mercenaries', 'ore', 'parchment']]",Ruler COR-547,small militia,None,"Draconic, Dwarvish",Tyr,142577,750902532,548.82,62.2,48.0,8,0,synthetic generator v2,derived,0.6,6468770,-2,28.0,-14.14811,103.92184
Waterdeep Settlement 0496,Waterdeep,Waterdeep,605,5609816,193092,"{'humans': 464, 'elves': 72, 'dwarves': 57, 'halflings': 50, 'half-orcs': 29, 'misc.': 0}",59,crime,['Democracy'],"{'poor': 0.503, 'middle': 0.2093, 'wealthy': 0.0489, 'aristocrat': 0.2389}",3,"[['cloth', 'fish', 'grain', 'salt', 'weapons']]",[['spices']],Ruler WAT-587,professional guard,arcanum,"Dwarvish, Elvish","Lathander, Tempus",236326,985356857,187.69,47.7,41.4,9,0,synthetic generator v2,synthetic,0.89,5144642,4,33.9,-13.42633,-24.83092
Tethyr Settlement 0497,Tethyr,Darromar,1049,4468918,101956,"{'humans': 817, 'elves': 84, 'dwarves': 78, 'halflings': 23, 'half-orcs': 51, 'misc.': 0}",156,crime,['Magocracy'],"{'poor': 0.6152, 'middle': 0.2591, 'wealthy': 0.0453, 'aristocrat': 0.0804}",5,"[['fish', 'horses', 'weapons']]","[['coal', 'glass', 'magic items', 'parchment', 'silk']]",Ruler TET-915,professional guard,local academy,"Common, Halfling, Orc","Chauntea, Selune, Torm",193641,937694481,158.02,73.7,47.1,9,0,synthetic generator v2,synthetic,0.9,3961840,-2,35.5,-10.515,-43.17539
Tethyr Settlement 0498,Tethyr,Darromar,5860,25416976,1652392,"{'humans': 4087, 'elves': 396, 'dwarves': 220, 'halflings': 353, 'half-orcs': 238, 'misc.': 566}",37,war,['Dictatorship'],"{'poor': 0.5332, 'middle': 0.3381, 'wealthy': 0.0534, 'aristocrat': 0.0753}",0,"[['fish', 'gems', 'weapons']]","[['magic items', 'mercenaries']]",Ruler TET-674,naval patrol,local academy,"Draconic, Elvish, Halfling","Mystra, Selune",193641,937694481,523.91,70.7,78.1,7,0,synthetic generator v2,synthetic,0.8,33486848,1,24.5,-39.57219,101.87031
Sembia Settlement 0499,Sembia,Selgaunt,2387,7678631,112075,"{'humans': 1836, 'elves': 144, 'dwarves': 210, 'halflings': 202, 'half-orcs': 132, 'misc.': 0}",110,arcane mishap,['Patriarchy'],"{'poor': 0.679, 'middle': 0.2331, 'wealthy': 0.0357, 'aristocrat': 0.0522}",8,"[['cloth', 'salt', 'wine']]","[['magic items', 'silk', 'spices']]",Ruler SEM-40,mercenary heavy,guilds,"Common, Dwarvish, Orc",Chauntea,158418,730633739,396.83,53.7,34.2,5,0,synthetic generator v2,synthetic,0.75,8025348,0,23.9,2.03801,100.11317
Calimshan Settlement 0500,Calimshan,Memnon,2005,4712733,174943,"{'humans': 1358, 'elves': 231, 'dwarves': 132, 'halflings': 158, 'half-orcs': 108, 'misc.': 18}",72,famine,['Patriarchy'],"{'poor': 0.6045, 'middle': 0.3254, 'wealthy': 0.0565, 'aristocrat': 0.0135}",9,"[['fish', 'grain', 'horses', 'weapons']]","[['coal', 'glass', 'mercenaries', 'silk', 'spices']]",Ruler CAL-942,naval patrol,None,Draconic,Chauntea,175132,771448209,511.8,76.3,43.2,4,0,synthetic generator v2,derived,0.8,4385662,-1,21.2,68.65153,83.766
Amn Settlement 0501,Amn,Athkatla,887,6214315,180531,"{'humans': 753, 'elves': 84, 'dwarves': 39, 'halflings': 39, 'half-orcs': 41, 'misc.': 0}",53,old age,['Dictatorship'],"{'poor': 0.5199, 'middle': 0.2709, 'wealthy': 0.0437, 'aristocrat': 0.1655}",6,"[['books', 'fish', 'gems']]","[['coal', 'magic items', 'ore', 'parchment', 'spices']]",Ruler AMN-562,naval patrol,None,"Draconic, Dwarvish",Selune,169970,832884482,341.08,59.5,90.4,10,0,synthetic generator v2,synthetic,0.93,5480953,-2,39.8,48.18445,-76.20547
Tethyr Settlement 0502,Tethyr,Darromar,249,964907,41929,"{'humans': 172, 'elves': 18, 'dwarves': 8, 'halflings': 14, 'half-orcs': 5, 'misc.': 32}",25,crime,['Magocracy'],"{'poor': 0.5662, 'middle': 0.3083, 'wealthy': 0.0658, 'aristocrat': 0.0597}",0,[['weapons']],[['magic items']],Ruler TET-614,naval patrol,arcanum,"Common, Halfling","Tempus, Torm, Tyr",193641,937694481,142.59,74.4,71.0,2,0,synthetic generator v2,derived,0.39,830307,0,7.0,9.31838,-8.05611
Neverwinter Settlement 0503,Neverwinter,Neverwinter,1671,8669575,373627,"{'humans': 1218, 'elves': 97, 'dwarves': 139, 'halflings': 81, 'half-orcs': 67, 'misc.': 69}",128,disease,['Theocracy'],"{'poor': 0.477, 'middle': 0.3638, 'wealthy': 0.0612, 'aristocrat': 0.098}",0,[['armor']],"[['parchment', 'spices']]",Ruler NEV-958,professional guard,local academy,"Common, Draconic, Halfling","Mystra, Torm, Tyr",177268,765621383,57.48,43.8,31.9,4,0,synthetic generator v2,synthetic,0.91,12080261,-1,14.0,68.83222,-105.1014
Calimshan Settlement 0504,Calimshan,Memnon,822,4463366,83650,"{'humans': 603, 'elves': 58, 'dwarves': 56, 'halflings': 56, 'half-orcs': 13, 'misc.': 36}",91,monster attack,['Democracy'],"{'poor': 0.5169, 'middle': 0.3407, 'wealthy': 0.026, 'aristocrat': 0.1163}",0,"[['armor', 'cloth', 'grain', 'weapons']]","[['coal', 'magic items', 'parchment']]",Ruler CAL-657,mercenary heavy,arcanum,"Draconic, Halfling","Selune, Tempus",175132,771448209,474.52,81.0,22.2,2,0,synthetic generator v2,derived,0.87,4636967,1,7.0,31.82553,67.27315
Neverwinter Settlement 0505,Neverwinter,Neverwinter,2878,9779560,593748,"{'humans': 1947, 'elves': 305, 'dwarves': 168, 'halflings': 199, 'half-orcs': 84, 'misc.': 175}",84,arcane mishap,['Merchant Council'],"{'poor': 0.6549, 'middle': 0.2518, 'wealthy': 0.0371, 'aristocrat': 0.0562}",0,"[['books', 'cloth']]","[['ore', 'silk', 'spices']]",Ruler NEV-180,mercenary heavy,guilds,"Dwarvish, Elvish","Lathander, Mystra",177268,765621383,516.1,51.6,44.2,2,0,synthetic generator v2,synthetic,0.91,7734804,-1,7.0,-12.41267,129.58138
Neverwinter Settlement 0506,Neverwinter,Neverwinter,1289,6312262,31125,"{'humans': 932, 'elves': 146, 'dwarves': 99, 'halflings': 67, 'half-orcs': 14, 'misc.': 31}",63,war,['Merchant Council'],"{'poor': 0.6221, 'middle': 0.2496, 'wealthy': 0.0211, 'aristocrat': 0.1072}",0,"[['cloth', 'gems', 'salt', 'timber']]","[['coal', 'glass', 'mercenaries', 'ore', 'parchment']]",Ruler NEV-319,professional guard,arcanum,Halfling,"Chauntea, Mystra, Torm",177268,765621383,10.51,42.0,28.1,6,0,synthetic generator v2,synthetic,0.58,5578688,-1,21.0,74.74501,-58.09644
Neverwinter Settlement 0507,Neverwinter,Neverwinter,6365,45728966,3731064,"{'humans': 4526, 'elves': 320, 'dwarves': 344, 'halflings': 481, 'half-orcs': 284, 'misc.': 410}",72,old age,['Patriarchy'],"{'poor': 0.5605, 'middle': 0.2188, 'wealthy': 0.0468, 'aristocrat': 0.1738}",14,"[['armor', 'horses', 'weapons']]","[['jewelry', 'magic items', 'mercenaries', 'ore', 'silk']]",Ruler NEV-670,naval patrol,arcanum,Orc,"Mystra, Tempus, Tyr",177268,765621383,93.64,40.5,30.1,6,0,synthetic generator v2,derived,0.37,47786911,-2,32.2,-10.59531,-49.77036
Amn Settlement 0508,Amn,Athkatla,2959,12979644,610055,"{'humans': 2438, 'elves': 302, 'dwarves': 226, 'halflings': 88, 'half-orcs': 136, 'misc.': 0}",166,old age,['Merchant Council'],"{'poor': 0.6163, 'middle': 0.2189, 'wealthy': 0.0892, 'aristocrat': 0.0756}",0,[['weapons']],"[['coal', 'magic items', 'mercenaries', 'ore', 'spices']]",Ruler AMN-383,mercenary heavy,None,"Common, Halfling","Lathander, Tempus, Torm",169970,832884482,20.39,60.5,75.5,1,1,synthetic generator v2,synthetic,0.87,11543817,-4,4.4,13.52522,102.60438
Sembia Settlement 0509,Sembia,Selgaunt,519,4003386,221884,"{'humans': 408, 'elves': 27, 'dwarves': 41, 'halflings': 26, 'half-orcs': 16, 'misc.': 1}",47,old age,['Monarchy'],"{'poor': 0.5309, 'middle': 0.2485, 'wealthy': 0.0271, 'aristocrat': 0.1934}",2,"[['books', 'horses', 'salt', 'weapons', 'wine']]","[['jewelry', 'magic items', 'mercenaries', 'parchment', 'spices']]",Ruler SEM-439,professional guard,arcanum,Common,"Lathander, Tempus",158418,730633739,411.49,56.0,57.3,1,0,synthetic generator v2,derived,0.7,3940026,0,5.1,40.46158,-51.91922
Amn Settlement 0510,Amn,Athkatla,9228,16502930,876767,"{'humans': 8035, 'elves': 416, 'dwarves': 642, 'halflings': 556, 'half-orcs': 462, 'misc.': 0}",64,famine,['Confederacy'],"{'poor': 0.6695, 'middle': 0.2957, 'wealthy': 0.0298, 'aristocrat': 0.005}",5,"[['armor', 'gems', 'timber', 'weapons']]","[['glass', 'magic items', 'mercenaries', 'parchment']]",Ruler AMN-446,small militia,local academy,Elvish,"Lathander, Torm, Tyr",169970,832884482,303.19,63.1,74.0,0,0,synthetic generator v2,synthetic,0.71,22225563,0,4.0,16.17357,101.29915
Cormyr Settlement 0511,Cormyr,Suzail,1496,3340235,131598,"{'humans': 987, 'elves': 83, 'dwarves': 123, 'halflings': 82, 'half-orcs': 72, 'misc.': 149}",60,monster attack,['Merchant Council'],"{'poor': 0.5613, 'middle': 0.3697, 'wealthy': 0.0642, 'aristocrat': 0.0048}",8,"[['armor', 'wine']]","[['mercenaries', 'spices']]",Ruler COR-357,professional guard,arcanum,Common,Lathander,142577,750902532,533.45,56.7,45.2,7,0,synthetic generator v2,synthetic,0.36,3758968,0,30.9,-29.8826,-116.675
Tethyr Settlement 0512,Tethyr,Darromar,251,933895,22432,"{'humans': 182, 'elves': 17, 'dwarves': 16, 'halflings': 18, 'half-orcs': 10, 'misc.': 8}",145,disease,['Confederacy'],"{'poor': 0.5485, 'middle': 0.3514, 'wealthy': 0.0419, 'aristocrat': 0.0582}",0,"[['gems', 'grain', 'horses', 'timber']]","[['coal', 'glass', 'jewelry', 'magic items', 'spices']]",Ruler TET-78,professional guard,local academy,"Common, Elvish","Chauntea, Selune, Tyr",193641,937694481,291.79,69.9,56.9,7,0,synthetic generator v2,synthetic,0.85,963713,-1,24.5,10.54613,11.95405
Amn Settlement 0513,Amn,Athkatla,1255,2640206,59950,"{'humans': 892, 'elves': 48, 'dwarves': 81, 'halflings': 73, 'half-orcs': 54, 'misc.': 107}",69,old age,['Satrapy'],"{'poor': 0.583, 'middle': 0.3619, 'wealthy': 0.0501, 'aristocrat': 0.005}",16,"[['gems', 'grain', 'timber', 'weapons']]","[['coal', 'jewelry', 'ore', 'silk', 'spices']]",Ruler AMN-993,naval patrol,None,"Dwarvish, Elvish","Lathander, Tyr",169970,832884482,146.49,66.9,72.5,2,0,synthetic generator v2,derived,0.66,3192309,-1,19.8,-14.25199,-48.78002
Waterdeep Settlement 0514,Waterdeep,Waterdeep,1700,15171162,262144,"{'humans': 1525, 'elves': 73, 'dwarves': 160, 'halflings': 78, 'half-orcs': 92, 'misc.': 0}",123,war,['Theocracy'],"{'poor': 0.4809, 'middle': 0.2512, 'wealthy': 0.0405, 'aristocrat': 0.2274}",4,"[['armor', 'books', 'grain', 'timber', 'weapons']]","[['coal', 'jewelry', 'magic items', 'parchment', 'spices']]",Ruler WAT-855,naval patrol,guilds,"Draconic, Halfling, Orc",Lathander,236326,985356857,227.11,48.4,62.4,3,1,synthetic generator v2,synthetic,0.75,18966206,0,14.6,39.81397,81.27128
Tethyr Settlement 0515,Tethyr,Darromar,363,898157,47328,"{'humans': 246, 'elves': 38, 'dwarves': 17, 'halflings': 18, 'half-orcs': 8, 'misc.': 36}",38,old age,['Magocracy'],"{'poor': 0.527, 'middle': 0.3781, 'wealthy': 0.09, 'aristocrat': 0.005}",0,[['grain']],"[['glass', 'magic items', 'ore', 'parchment', 'silk']]",Ruler TET-757,mercenary heavy,None,"Common, Dwarvish, Halfling","Chauntea, Mystra, Tempus",193641,937694481,106.07,61.9,59.2,10,0,synthetic generator v2,derived,0.45,1195331,-4,35.0,-5.06246,55.36314
Waterdeep Settlement 0516,Waterdeep,Waterdeep,1224,5771111,47026,"{'humans': 951, 'elves': 104, 'dwarves': 79, 'halflings': 82, 'half-orcs': 52, 'misc.': 0}",158,crime,['Theocracy'],"{'poor': 0.5443, 'middle': 0.3192, 'wealthy': 0.0463, 'aristocrat': 0.0902}",3,"[['armor', 'gems', 'horses', 'wine']]","[['coal', 'glass', 'jewelry', 'magic items']]",Ruler WAT-114,naval patrol,None,"Elvish, Halfling","Selune, Torm, Tyr",236326,985356857,417.86,46.5,33.8,2,0,synthetic generator v2,synthetic,0.51,5108786,0,9.4,-24.6987,-94.63163
Waterdeep Settlement 0517,Waterdeep,Waterdeep,1306,3911908,342011,"{'humans': 1064, 'elves': 136, 'dwarves': 102, 'halflings': 29, 'half-orcs': 52, 'misc.': 0}",176,famine,['Theocracy'],"{'poor': 0.6181, 'middle': 0.2969, 'wealthy': 0.047, 'aristocrat': 0.038}",13,"[['armor', 'gems', 'horses']]","[['coal', 'glass', 'jewelry', 'ore', 'spices']]",Ruler WAT-458,professional guard,arcanum,"Common, Orc","Chauntea, Mystra, Tempus",236326,985356857,383.69,46.6,45.0,5,0,synthetic generator v2,synthetic,0.36,4991498,-2,27.9,16.66998,32.42535
Calimshan Settlement 0518,Calimshan,Memnon,627,1484261,117797,"{'humans': 455, 'elves': 63, 'dwarves': 46, 'halflings': 48, 'half-orcs': 25, 'misc.': 0}",128,crime,['Democracy'],"{'poor': 0.5662, 'middle': 0.3879, 'wealthy': 0.0288, 'aristocrat': 0.017}",0,"[['cloth', 'grain', 'salt', 'wine']]",[['mercenaries']],Ruler CAL-598,small militia,local academy,"Dwarvish, Orc","Chauntea, Selune, Tyr",175132,771448209,169.38,76.1,49.8,2,0,synthetic generator v2,synthetic,0.5,1660917,3,7.0,10.43039,-119.01217
Waterdeep Settlement 0519,Waterdeep,Waterdeep,6177,15017247,755914,"{'humans': 5101, 'elves': 215, 'dwarves': 437, 'halflings': 597, 'half-orcs': 65, 'misc.': 0}",151,arcane mishap,['Theocracy'],"{'poor': 0.5534, 'middle': 0.3488, 'wealthy': 0.0929, 'aristocrat': 0.0049}",0,"[['books', 'gems', 'horses', 'weapons']]","[['coal', 'glass', 'magic items', 'ore', 'parchment']]",Ruler WAT-899,small militia,arcanum,"Common, Dwarvish","Lathander, Tempus",236326,985356857,378.91,45.3,36.7,1,0,synthetic generator v2,synthetic,0.36,14195363,-1,3.5,-4.57765,114.46322
Sembia Settlement 0520,Sembia,Selgaunt,1546,8035997,668168,"{'humans': 1294, 'elves': 68, 'dwarves': 118, 'halflings': 58, 'half-orcs': 27, 'misc.': 0}",123,arcane mishap,['Dictatorship'],"{'poor': 0.5482, 'middle': 0.3095, 'wealthy': 0.0329, 'aristocrat': 0.1094}",0,"[['gems', 'salt']]","[['jewelry', 'mercenaries', 'parchment', 'spices']]",Ruler SEM-812,mercenary heavy,arcanum,Draconic,Tyr,158418,730633739,256.08,55.8,34.6,10,0,synthetic generator v2,synthetic,0.43,9474441,-2,35.0,-31.37722,89.12781
Sembia Settlement 0521,Sembia,Selgaunt,778,3578107,165600,"{'humans': 528, 'elves': 47, 'dwarves': 71, 'halflings': 40, 'half-orcs': 25, 'misc.': 67}",47,monster attack,['Monarchy'],"{'poor': 0.5934, 'middle': 0.2745, 'wealthy': 0.0411, 'aristocrat': 0.091}",14,"[['books', 'gems', 'timber']]",[['ore']],Ruler SEM-485,naval patrol,None,Orc,"Chauntea, Mystra, Selune",158418,730633739,513.4,60.8,35.0,3,0,synthetic generator v2,synthetic,0.79,3204413,2,21.7,19.9258,-110.19912
Waterdeep Settlement 0522,Waterdeep,Waterdeep,774,1653728,122295,"{'humans': 617, 'elves': 60, 'dwarves': 28, 'halflings': 60, 'half-orcs': 17, 'misc.': 0}",53,old age,['Magocracy'],"{'poor': 0.5775, 'middle': 0.3629, 'wealthy': 0.0549, 'aristocrat': 0.0047}",3,"[['armor', 'fish', 'timber', 'weapons']]","[['coal', 'glass', 'mercenaries']]",Ruler WAT-675,professional guard,local academy,Halfling,Torm,236326,985356857,453.25,51.9,62.4,8,0,synthetic generator v2,derived,0.84,2010760,1,30.4,64.04398,76.35472
Tethyr Settlement 0523,Tethyr,Darromar,1992,4401378,98839,"{'humans': 1731, 'elves': 106, 'dwarves': 77, 'halflings': 65, 'half-orcs': 98, 'misc.': 0}",79,monster attack,['Merchant Council'],"{'poor': 0.5586, 'middle': 0.3771, 'wealthy': 0.0595, 'aristocrat': 0.0048}",16,"[['cloth', 'timber', 'wine']]","[['mercenaries', 'parchment', 'silk']]",Ruler TET-811,naval patrol,None,"Dwarvish, Elvish, Halfling","Lathander, Tyr",193641,937694481,162.25,65.3,62.2,10,0,synthetic generator v2,derived,0.87,5115492,0,47.8,38.7805,-63.64525
Sembia Settlement 0524,Sembia,Selgaunt,1407,10093820,901733,"{'humans': 1110, 'elves': 55, 'dwarves': 60, 'halflings': 125, 'half-orcs': 54, 'misc.': 3}",52,crime,['Magocracy'],"{'poor': 0.4813, 'middle': 0.2754, 'wealthy': 0.0832, 'aristocrat': 0.1601}",15,"[['books', 'cloth', 'fish', 'weapons']]","[['coal', 'jewelry']]",Ruler SEM-883,small militia,local academy,"Common, Draconic, Orc","Lathander, Tempus, Torm",158418,730633739,218.49,58.2,29.0,3,0,synthetic generator v2,derived,0.75,13729550,2,22.5,16.64697,-35.8308
Sembia Settlement 0525,Sembia,Selgaunt,850,2088696,172465,"{'humans': 759, 'elves': 98, 'dwarves': 52, 'halflings': 57, 'half-orcs': 40, 'misc.': 0}",164,famine,['Confederacy'],"{'poor': 0.5495, 'middle': 0.3501, 'wealthy': 0.0953, 'aristocrat': 0.005}",11,[['books']],"[['glass', 'jewelry', 'parchment', 'silk', 'spices']]",Ruler SEM-525,small militia,guilds,"Draconic, Dwarvish, Orc","Selune, Tyr",158418,730633739,337.7,48.8,47.4,1,0,synthetic generator v2,synthetic,0.84,2577715,-4,12.3,39.52863,-61.40198
Waterdeep Settlement 0526,Waterdeep,Waterdeep,2269,14562308,1225823,"{'humans': 1826, 'elves': 261, 'dwarves': 161, 'halflings': 77, 'half-orcs': 135, 'misc.': 0}",132,disease,['Satrapy'],"{'poor': 0.4663, 'middle': 0.3036, 'wealthy': 0.0998, 'aristocrat': 0.1303}",0,"[['armor', 'gems', 'horses', 'wine']]","[['jewelry', 'magic items', 'silk']]",Ruler WAT-681,professional guard,guilds,"Draconic, Halfling","Mystra, Selune",236326,985356857,33.35,50.5,29.8,9,0,synthetic generator v2,derived,0.65,19355034,1,31.5,51.04052,54.77633
Baldurs Gate Settlement 0527,Baldurs Gate,Baldur's Gate,1104,6033358,483504,"{'humans': 915, 'elves': 79, 'dwarves': 48, 'halflings': 26, 'half-orcs': 11, 'misc.': 25}",66,famine,['Patriarchy'],"{'poor': 0.454, 'middle': 0.3572, 'wealthy': 0.089, 'aristocrat': 0.0998}",0,"[['grain', 'timber', 'weapons']]",[['magic items']],Ruler BAL-551,mercenary heavy,arcanum,"Elvish, Halfling, Orc","Lathander, Torm",241116,953675704,483.87,54.9,50.7,2,0,synthetic generator v2,derived,0.36,7297958,2,7.0,53.22324,-46.47069
Tethyr Settlement 0528,Tethyr,Darromar,1892,3495715,153875,"{'humans': 1273, 'elves': 102, 'dwarves': 141, 'halflings': 131, 'half-orcs': 24, 'misc.': 221}",143,disease,['Monarchy'],"{'poor': 0.6541, 'middle': 0.3066, 'wealthy': 0.0344, 'aristocrat': 0.0049}",7,[['grain']],"[['coal', 'magic items']]",Ruler TET-69,small militia,None,Elvish,"Chauntea, Mystra, Tyr",193641,937694481,215.9,67.7,70.8,7,0,synthetic generator v2,synthetic,0.84,3501463,-1,30.1,1.20381,19.74662
Baldurs Gate Settlement 0529,Baldurs Gate,Baldur's Gate,2563,5157477,317593,"{'humans': 2059, 'elves': 120, 'dwarves': 147, 'halflings': 177, 'half-orcs': 47, 'misc.': 13}",168,war,['Satrapy'],"{'poor': 0.5782, 'middle': 0.3829, 'wealthy': 0.0341, 'aristocrat': 0.0049}",10,[['books']],"[['coal', 'jewelry', 'ore']]",Ruler BAL-87,small militia,guilds,"Draconic, Elvish",Tyr,241116,953675704,516.37,50.8,62.0,3,0,synthetic generator v2,synthetic,0.42,5534925,-2,18.5,14.1155,-93.72774
Amn Settlement 0530,Amn,Athkatla,984,6224206,201950,"{'humans': 725, 'elves': 61, 'dwarves': 52, 'halflings': 48, 'half-orcs': 37, 'misc.': 61}",40,crime,['Merchant Council'],"{'poor': 0.5165, 'middle': 0.2808, 'wealthy': 0.0645, 'aristocrat': 0.1382}",17,"[['gems', 'timber']]","[['glass', 'jewelry', 'ore', 'spices']]",Ruler AMN-325,professional guard,guilds,Draconic,"Tempus, Torm",169970,832884482,49.79,67.2,58.8,3,0,synthetic generator v2,derived,0.65,6321076,-2,24.1,-1.37889,43.68039
Cormyr Settlement 0531,Cormyr,Suzail,1560,3841343,164802,"{'humans': 1359, 'elves': 134, 'dwarves': 92, 'halflings': 72, 'half-orcs': 48, 'misc.': 0}",140,crime,['Confederacy'],"{'poor': 0.6786, 'middle': 0.2367, 'wealthy': 0.0635, 'aristocrat': 0.0212}",1,"[['books', 'gems', 'salt', 'weapons', 'wine']]",[['ore']],Ruler COR-130,naval patrol,None,Halfling,"Chauntea, Torm",142577,750902532,273.1,62.2,75.7,10,0,synthetic generator v2,synthetic,0.53,3229946,4,35.8,60.62855,59.64679
Neverwinter Settlement 0532,Neverwinter,Neverwinter,745,3547234,24080,"{'humans': 565, 'elves': 74, 'dwarves': 42, 'halflings': 47, 'half-orcs': 42, 'misc.': 0}",70,arcane mishap,['Democracy'],"{'poor': 0.4586, 'middle': 0.3684, 'wealthy': 0.0983, 'aristocrat': 0.0747}",1,"[['fish', 'gems', 'grain', 'salt', 'wine']]","[['glass', 'jewelry', 'ore', 'silk']]",Ruler NEV-289,mercenary heavy,guilds,"Common, Dwarvish, Halfling","Mystra, Tyr",177268,765621383,419.02,44.0,30.6,6,0,synthetic generator v2,derived,0.53,3302885,1,21.8,-9.70428,6.92986
Tethyr Settlement 0533,Tethyr,Darromar,406,886768,58799,"{'humans': 281, 'elves': 36, 'dwarves': 37, 'halflings': 31, 'half-orcs': 6, 'misc.': 15}",115,disease,['Magocracy'],"{'poor': 0.609, 'middle': 0.313, 'wealthy': 0.0732, 'aristocrat': 0.0048}",0,"[['fish', 'timber', 'weapons']]","[['glass', 'jewelry', 'ore', 'parchment']]",Ruler TET-488,mercenary heavy,local academy,"Draconic, Halfling",Torm,193641,937694481,489.43,71.2,49.8,2,0,synthetic generator v2,synthetic,0.43,776624,-1,7.0,43.65293,-11.25921
Neverwinter Settlement 0534,Neverwinter,Neverwinter,4915,10743039,586931,"{'humans': 4093, 'elves': 178, 'dwarves': 268, 'halflings': 240, 'half-orcs': 53, 'misc.': 83}",76,arcane mishap,['Theocracy'],"{'poor': 0.5677, 'middle': 0.368, 'wealthy': 0.0598, 'aristocrat': 0.0046}",0,"[['books', 'cloth', 'gems', 'salt', 'weapons']]","[['coal', 'jewelry', 'magic items', 'silk', 'spices']]",Ruler NEV-695,mercenary heavy,local academy,"Common, Draconic, Halfling","Tempus, Torm",177268,765621383,537.52,46.4,54.9,8,0,synthetic generator v2,synthetic,0.44,14218904,0,28.0,44.76668,-15.97217
Baldurs Gate Settlement 0535,Baldurs Gate,Baldur's Gate,4345,9531885,573926,"{'humans': 3297, 'elves': 217, 'dwarves': 187, 'halflings': 124, 'half-orcs': 237, 'misc.': 283}",148,monster attack,['Patriarchy'],"{'poor': 0.616, 'middle': 0.3016, 'wealthy': 0.0777, 'aristocrat': 0.0047}",15,"[['books', 'gems', 'salt', 'wine']]","[['coal', 'glass', 'jewelry', 'mercenaries', 'ore']]",Ruler BAL-834,naval patrol,None,Dwarvish,"Lathander, Tempus",241116,953675704,170.44,60.2,60.1,8,0,synthetic generator v2,derived,0.49,11501867,-1,40.0,4.31651,-93.43563
Calimshan Settlement 0536,Calimshan,Memnon,2171,4233477,61767,"{'humans': 1596, 'elves': 245, 'dwarves': 77, 'halflings': 105, 'half-orcs': 118, 'misc.': 30}",145,war,['Dictatorship'],"{'poor': 0.598, 'middle': 0.366, 'wealthy': 0.0311, 'aristocrat': 0.0049}",6,"[['armor', 'books', 'wine']]","[['glass', 'jewelry', 'magic items', 'mercenaries', 'ore']]",Ruler CAL-546,mercenary heavy,guilds,"Draconic, Elvish","Chauntea, Lathander, Tempus",175132,771448209,14.61,82.4,30.4,8,0,synthetic generator v2,synthetic,0.43,5072838,-2,32.8,-36.41162,13.9393
Cormyr Settlement 0537,Cormyr,Suzail,80,647232,20123,"{'humans': 69, 'elves': 8, 'dwarves': 5, 'halflings': 4, 'half-orcs': 3, 'misc.': 0}",177,crime,['Dictatorship'],"{'poor': 0.5096, 'middle': 0.2231, 'wealthy': 0.0721, 'aristocrat': 0.1951}",16,"[['armor', 'books', 'fish', 'gems', 'timber']]","[['jewelry', 'ore', 'spices']]",Ruler COR-431,small militia,guilds,"Common, Draconic","Chauntea, Selune",142577,750902532,470.04,62.0,75.9,4,0,synthetic generator v2,derived,0.38,680769,2,26.8,14.44938,-2.89538
Cormyr Settlement 0538,Cormyr,Suzail,1047,6234438,131844,"{'humans': 906, 'elves': 69, 'dwarves': 101, 'halflings': 24, 'half-orcs': 51, 'misc.': 0}",110,disease,['Satrapy'],"{'poor': 0.5418, 'middle': 0.2616, 'wealthy': 0.0701, 'aristocrat': 0.1265}",0,"[['armor', 'books', 'horses', 'weapons', 'wine']]","[['jewelry', 'mercenaries', 'ore', 'silk']]",Ruler COR-883,small militia,arcanum,"Draconic, Dwarvish, Halfling",Selune,142577,750902532,381.89,58.4,44.0,3,0,synthetic generator v2,derived,0.56,8637116,1,10.5,-27.69301,13.35758
Calimshan Settlement 0539,Calimshan,Memnon,1820,3933320,207133,"{'humans': 1425, 'elves': 194, 'dwarves': 176, 'halflings': 40, 'half-orcs': 108, 'misc.': 0}",53,war,['Monarchy'],"{'poor': 0.6112, 'middle': 0.3122, 'wealthy': 0.0722, 'aristocrat': 0.0044}",14,"[['books', 'cloth', 'fish', 'horses']]","[['coal', 'glass', 'magic items', 'mercenaries', 'parchment']]",Ruler CAL-180,professional guard,None,Elvish,"Tempus, Tyr",175132,771448209,181.72,80.8,31.5,0,0,synthetic generator v2,derived,0.46,5449307,-1,11.2,0.46537,-10.85223
Baldurs Gate Settlement 0540,Baldurs Gate,Baldur's Gate,848,2488912,4969,"{'humans': 594, 'elves': 65, 'dwarves': 43, 'halflings': 76, 'half-orcs': 22, 'misc.': 48}",128,disease,['Merchant Council'],"{'poor': 0.6301, 'middle': 0.2575, 'wealthy': 0.083, 'aristocrat': 0.0294}",4,"[['gems', 'grain', 'wine']]","[['glass', 'jewelry', 'ore']]",Ruler BAL-854,small militia,local academy,"Common, Halfling, Orc","Chauntea, Tempus",241116,953675704,165.47,52.0,54.8,7,0,synthetic generator v2,derived,0.36,2030437,0,27.7,23.59703,-92.35858
Amn Settlement 0541,Amn,Athkatla,6379,15719288,855655,"{'humans': 4933, 'elves': 524, 'dwarves': 253, 'halflings': 218, 'half-orcs': 286, 'misc.': 165}",40,disease,['Satrapy'],"{'poor': 0.6152, 'middle': 0.2773, 'wealthy': 0.0979, 'aristocrat': 0.0095}",15,"[['grain', 'weapons']]","[['jewelry', 'silk']]",Ruler AMN-52,professional guard,local academy,Draconic,"Chauntea, Selune, Tyr",169970,832884482,146.47,67.5,82.3,5,0,synthetic generator v2,derived,0.49,14622575,0,29.5,29.66002,25.95529
Cormyr Settlement 0542,Cormyr,Suzail,912,3516111,14293,"{'humans': 787, 'elves': 54, 'dwarves': 88, 'halflings': 65, 'half-orcs': 35, 'misc.': 0}",150,monster attack,['Merchant Council'],"{'poor': 0.5771, 'middle': 0.2715, 'wealthy': 0.0983, 'aristocrat': 0.0531}",7,"[['gems', 'salt']]","[['magic items', 'mercenaries', 'ore', 'silk', 'spices']]",Ruler COR-857,mercenary heavy,guilds,"Dwarvish, Halfling","Mystra, Selune",142577,750902532,510.78,53.7,65.4,4,0,synthetic generator v2,synthetic,0.69,3124797,-3,19.6,-20.75507,74.7808
Baldurs Gate Settlement 0543,Baldurs Gate,Baldur's Gate,609,1777902,82957,"{'humans': 456, 'elves': 61, 'dwarves': 32, 'halflings': 14, 'half-orcs': 7, 'misc.': 39}",87,disease,['Monarchy'],"{'poor': 0.512, 'middle': 0.3961, 'wealthy': 0.0687, 'aristocrat': 0.0232}",10,"[['books', 'fish', 'horses', 'wine']]","[['coal', 'glass', 'jewelry', 'mercenaries', 'spices']]",Ruler BAL-901,naval patrol,local academy,"Elvish, Halfling",Lathander,241116,953675704,302.79,55.9,68.0,10,0,synthetic generator v2,synthetic,0.76,1856331,-1,43.0,15.12989,-14.11208
Sembia Settlement 0544,Sembia,Selgaunt,7155,23872929,1763123,"{'humans': 6032, 'elves': 277, 'dwarves': 287, 'halflings': 530, 'half-orcs': 168, 'misc.': 0}",125,crime,['Satrapy'],"{'poor': 0.6493, 'middle': 0.2582, 'wealthy': 0.0392, 'aristocrat': 0.0533}",17,"[['fish', 'grain', 'salt', 'weapons', 'wine']]","[['magic items', 'ore']]",Ruler SEM-114,naval patrol,local academy,Elvish,"Chauntea, Tempus, Tyr",158418,730633739,236.26,51.1,60.1,0,0,synthetic generator v2,derived,0.62,31108900,3,13.6,4.8901,-49.14992
Waterdeep Settlement 0545,Waterdeep,Waterdeep,1248,2788192,139418,"{'humans': 995, 'elves': 114, 'dwarves': 81, 'halflings': 79, 'half-orcs': 55, 'misc.': 0}",25,war,['Satrapy'],"{'poor': 0.5978, 'middle': 0.3201, 'wealthy': 0.0773, 'aristocrat': 0.0048}",0,"[['books', 'fish', 'horses', 'timber']]","[['glass', 'jewelry', 'magic items', 'mercenaries', 'spices']]",Ruler WAT-678,mercenary heavy,None,Halfling,"Chauntea, Torm",236326,985356857,115.84,49.3,50.6,9,0,synthetic generator v2,derived,0.36,2681672,-1,31.5,-16.38551,14.33453
Calimshan Settlement 0546,Calimshan,Memnon,1750,11609217,742281,"{'humans': 1557, 'elves': 40, 'dwarves': 55, 'halflings': 171, 'half-orcs': 47, 'misc.': 0}",122,famine,['Democracy'],"{'poor': 0.5468, 'middle': 0.2106, 'wealthy': 0.0989, 'aristocrat': 0.1436}",9,"[['armor', 'gems', 'grain', 'timber', 'wine']]","[['jewelry', 'ore', 'spices']]",Ruler CAL-20,naval patrol,None,Dwarvish,"Lathander, Tempus",175132,771448209,173.46,84.2,28.2,3,0,synthetic generator v2,derived,0.78,11578404,2,17.7,20.90374,75.92131
Waterdeep Settlement 0547,Waterdeep,Waterdeep,1106,2334579,12313,"{'humans': 759, 'elves': 51, 'dwarves': 70, 'halflings': 32, 'half-orcs': 28, 'misc.': 166}",37,crime,['Satrapy'],"{'poor': 0.6592, 'middle': 0.2569, 'wealthy': 0.0791, 'aristocrat': 0.0048}",7,"[['cloth', 'fish', 'timber', 'weapons', 'wine']]","[['coal', 'magic items', 'mercenaries']]",Ruler WAT-337,mercenary heavy,guilds,"Draconic, Halfling",Tempus,236326,985356857,227.67,53.2,48.9,7,0,synthetic generator v2,synthetic,0.4,2433123,2,30.1,-38.26554,-85.16842
Baldurs Gate Settlement 0548,Baldurs Gate,Baldur's Gate,1284,3128586,308723,"{'humans': 1123, 'elves': 82, 'dwarves': 65, 'halflings': 69, 'half-orcs': 29, 'misc.': 0}",127,crime,['Democracy'],"{'poor': 0.5386, 'middle': 0.3668, 'wealthy': 0.09, 'aristocrat': 0.0046}",7,"[['armor', 'books']]",[['magic items']],Ruler BAL-586,mercenary heavy,guilds,Draconic,Tyr,241116,953675704,418.26,58.0,48.6,4,0,synthetic generator v2,synthetic,0.93,4270077,1,19.6,-39.77099,-62.67682
Calimshan Settlement 0549,Calimshan,Memnon,2535,13859416,518542,"{'humans': 1878, 'elves': 256, 'dwarves': 116, 'halflings': 231, 'half-orcs': 149, 'misc.': 0}",180,crime,['Theocracy'],"{'poor': 0.5737, 'middle': 0.2446, 'wealthy': 0.0689, 'aristocrat': 0.1128}",3,"[['cloth', 'grain', 'timber', 'wine']]","[['coal', 'magic items', 'parchment']]",Ruler CAL-655,professional guard,guilds,Halfling,"Mystra, Torm",175132,771448209,103.03,81.1,24.5,10,0,synthetic generator v2,derived,0.9,16362174,1,37.4,31.94232,80.67373
Waterdeep Settlement 0550,Waterdeep,Waterdeep,6459,39916368,455765,"{'humans': 4463, 'elves': 525, 'dwarves': 510, 'halflings': 557, 'half-orcs': 347, 'misc.': 57}",27,crime,['Merchant Council'],"{'poor': 0.506, 'middle': 0.3238, 'wealthy': 0.0306, 'aristocrat': 0.1396}",15,"[['books', 'cloth', 'fish', 'gems']]","[['jewelry', 'mercenaries', 'parchment']]",Ruler WAT-150,naval patrol,None,Draconic,"Lathander, Tyr",236326,985356857,76.52,45.6,45.7,8,0,synthetic generator v2,synthetic,0.42,49679909,1,40.0,19.8375,103.7681
Baldurs Gate Settlement 0551,Baldurs Gate,Baldur's Gate,1070,2179698,54705,"{'humans': 802, 'elves': 38, 'dwarves': 72, 'halflings': 56, 'half-orcs': 13, 'misc.': 89}",41,arcane mishap,['Magocracy'],"{'poor': 0.6193, 'middle': 0.322, 'wealthy': 0.0541, 'aristocrat': 0.0046}",10,"[['armor', 'cloth', 'horses', 'salt', 'timber']]","[['jewelry', 'magic items', 'spices']]",Ruler BAL-325,mercenary heavy,None,"Common, Elvish, Halfling","Chauntea, Tempus, Tyr",241116,953675704,475.95,63.8,52.2,8,0,synthetic generator v2,derived,0.8,1645373,2,36.0,-0.97674,-113.45084
Amn Settlement 0552,Amn,Athkatla,584,1599275,20860,"{'humans': 472, 'elves': 63, 'dwarves': 24, 'halflings': 48, 'half-orcs': 16, 'misc.': 0}",44,famine,['Democracy'],"{'poor': 0.5214, 'middle': 0.3733, 'wealthy': 0.0925, 'aristocrat': 0.0129}",4,"[['armor', 'books', 'horses']]",[['spices']],Ruler AMN-711,naval patrol,guilds,"Common, Halfling, Orc",Tempus,169970,832884482,107.35,60.3,75.8,1,0,synthetic generator v2,derived,0.81,1526265,2,6.7,-33.35219,39.18164
Baldurs Gate Settlement 0553,Baldurs Gate,Baldur's Gate,336,2790096,167221,"{'humans': 223, 'elves': 9, 'dwarves': 14, 'halflings': 15, 'half-orcs': 17, 'misc.': 58}",89,famine,['Confederacy'],"{'poor': 0.5004, 'middle': 0.238, 'wealthy': 0.0569, 'aristocrat': 0.2047}",18,"[['fish', 'grain', 'horses', 'timber']]",[['ore']],Ruler BAL-657,mercenary heavy,None,"Common, Draconic, Dwarvish","Lathander, Tempus, Torm",241116,953675704,79.06,50.7,34.6,5,0,synthetic generator v2,derived,0.66,2608044,3,31.9,-29.25737,60.59638
Amn Settlement 0554,Amn,Athkatla,577,1377440,86844,"{'humans': 505, 'elves': 62, 'dwarves': 29, 'halflings': 25, 'half-orcs': 25, 'misc.': 0}",93,crime,['Magocracy'],"{'poor': 0.5465, 'middle': 0.3643, 'wealthy': 0.0844, 'aristocrat': 0.0047}",6,"[['cloth', 'fish', 'gems', 'grain', 'salt']]",[['coal']],Ruler AMN-83,professional guard,None,Orc,"Selune, Tempus, Tyr",169970,832884482,324.72,60.6,84.0,7,0,synthetic generator v2,derived,0.35,1558485,4,29.3,4.287,-112.58382
Sembia Settlement 0555,Sembia,Selgaunt,471,1296582,54970,"{'humans': 388, 'elves': 21, 'dwarves': 34, 'halflings': 11, 'half-orcs': 12, 'misc.': 5}",122,crime,['Theocracy'],"{'poor': 0.5739, 'middle': 0.3629, 'wealthy': 0.0338, 'aristocrat': 0.0294}",2,"[['horses', 'wine']]","[['jewelry', 'magic items', 'mercenaries', 'ore']]",Ruler SEM-435,naval patrol,local academy,Elvish,"Selune, Tyr",158418,730633739,282.12,50.7,47.0,0,0,synthetic generator v2,synthetic,0.59,1088944,-2,1.6,45.57297,71.10852
Neverwinter Settlement 0556,Neverwinter,Neverwinter,1040,3948599,53729,"{'humans': 697, 'elves': 118, 'dwarves': 63, 'halflings': 60, 'half-orcs': 42, 'misc.': 60}",49,crime,['Dictatorship'],"{'poor': 0.5998, 'middle': 0.2848, 'wealthy': 0.0534, 'aristocrat': 0.0621}",16,"[['armor', 'books', 'gems', 'grain']]","[['glass', 'magic items', 'spices']]",Ruler NEV-359,naval patrol,None,"Draconic, Dwarvish","Lathander, Selune, Tempus",177268,765621383,417.58,47.9,25.5,2,0,synthetic generator v2,synthetic,0.67,4392796,1,19.8,56.08194,-35.41044
Neverwinter Settlement 0557,Neverwinter,Neverwinter,457,1424347,47780,"{'humans': 332, 'elves': 15, 'dwarves': 35, 'halflings': 31, 'half-orcs': 21, 'misc.': 23}",54,war,['Democracy'],"{'poor': 0.495, 'middle': 0.385, 'wealthy': 0.0974, 'aristocrat': 0.0226}",15,"[['cloth', 'fish', 'grain', 'salt', 'weapons']]","[['glass', 'jewelry', 'magic items', 'silk', 'spices']]",Ruler NEV-821,naval patrol,local academy,"Draconic, Dwarvish, Elvish","Selune, Tyr",177268,765621383,404.85,48.9,24.6,2,0,synthetic generator v2,derived,0.46,1104973,0,19.0,8.7258,-60.70689
Tethyr Settlement 0558,Tethyr,Darromar,450,2269146,28190,"{'humans': 331, 'elves': 31, 'dwarves': 19, 'halflings': 17, 'half-orcs': 12, 'misc.': 40}",78,arcane mishap,['Magocracy'],"{'poor': 0.5471, 'middle': 0.316, 'wealthy': 0.0326, 'aristocrat': 0.1042}",4,"[['grain', 'salt', 'weapons', 'wine']]","[['coal', 'glass', 'jewelry', 'mercenaries', 'spices']]",Ruler TET-817,professional guard,guilds,Elvish,"Mystra, Torm",193641,937694481,291.75,69.0,50.5,0,0,synthetic generator v2,derived,0.92,2397317,-1,3.2,17.13492,50.18122
Neverwinter Settlement 0559,Neverwinter,Neverwinter,5250,10403512,642670,"{'humans': 4715, 'elves': 426, 'dwarves': 285, 'halflings': 349, 'half-orcs': 169, 'misc.': 0}",158,old age,['Theocracy'],"{'poor': 0.6333, 'middle': 0.312, 'wealthy': 0.0501, 'aristocrat': 0.0046}",11,"[['books', 'fish', 'timber', 'weapons', 'wine']]","[['coal', 'glass', 'magic items', 'ore', 'spices']]",Ruler NEV-485,professional guard,guilds,"Elvish, Halfling, Orc","Lathander, Mystra, Selune",177268,765621383,92.54,40.2,54.0,6,0,synthetic generator v2,derived,0.75,12689010,0,29.8,-11.74491,-84.72012
Baldur's Gate,Baldurs Gate,Baldur's Gate,632,4468709,138517,"{'humans': 481, 'elves': 54, 'dwarves': 21, 'halflings': 43, 'half-orcs': 8, 'misc.': 25}",77,monster attack,['Magocracy'],"{'poor': 0.5298, 'middle': 0.2476, 'wealthy': 0.0571, 'aristocrat': 0.1656}",2,"[['armor', 'timber', 'weapons']]","[['glass', 'magic items']]",Ruler BAL-935,naval patrol,local academy,"Draconic, Dwarvish, Elvish","Torm, Tyr",241116,953675704,98.48,51.1,39.1,7,0,synthetic generator v2,derived,0.58,3568397,1,26.1,73.1584,83.08399
Neverwinter Settlement 0561,Neverwinter,Neverwinter,1248,11829717,530189,"{'humans': 849, 'elves': 81, 'dwarves': 53, 'halflings': 70, 'half-orcs': 14, 'misc.': 181}",120,old age,['Confederacy'],"{'poor': 0.4868, 'middle': 0.2192, 'wealthy': 0.0495, 'aristocrat': 0.2445}",14,[['fish']],"[['glass', 'spices']]",Ruler NEV-610,naval patrol,None,"Common, Elvish, Orc","Mystra, Tyr",177268,765621383,503.92,45.1,58.4,0,0,synthetic generator v2,derived,0.78,15864791,-1,11.2,-29.68277,74.93417
Baldurs Gate Settlement 0562,Baldurs Gate,Baldur's Gate,430,1748831,68495,"{'humans': 339, 'elves': 42, 'dwarves': 29, 'halflings': 30, 'half-orcs': 25, 'misc.': 0}",112,disease,['Democracy'],"{'poor': 0.5092, 'middle': 0.3759, 'wealthy': 0.0496, 'aristocrat': 0.0653}",11,"[['grain', 'wine']]","[['mercenaries', 'ore']]",Ruler BAL-745,professional guard,arcanum,"Draconic, Elvish, Halfling","Chauntea, Mystra",241116,953675704,111.1,51.6,69.2,7,0,synthetic generator v2,synthetic,0.69,1488229,0,33.3,2.53075,-116.15853
Baldurs Gate Settlement 0563,Baldurs Gate,Baldur's Gate,11593,32336702,913349,"{'humans': 10191, 'elves': 952, 'dwarves': 1033, 'halflings': 1040, 'half-orcs': 654, 'misc.': 0}",170,famine,['Merchant Council'],"{'poor': 0.5706, 'middle': 0.3221, 'wealthy': 0.0882, 'aristocrat': 0.0191}",1,"[['armor', 'cloth', 'fish', 'horses', 'salt']]","[['coal', 'glass', 'jewelry']]",Ruler BAL-721,small militia,guilds,"Common, Elvish, Orc",Lathander,241116,953675704,194.02,53.7,51.3,8,0,synthetic generator v2,synthetic,0.91,29079287,2,28.8,-28.0912,34.72106
Cormyr Settlement 0564,Cormyr,Suzail,139,634679,29131,"{'humans': 97, 'elves': 7, 'dwarves': 8, 'halflings': 8, 'half-orcs': 3, 'misc.': 16}",119,arcane mishap,['Monarchy'],"{'poor': 0.604, 'middle': 0.2609, 'wealthy': 0.0453, 'aristocrat': 0.0898}",0,[['armor']],[['glass']],Ruler COR-776,professional guard,arcanum,"Dwarvish, Elvish","Selune, Tyr",142577,750902532,548.54,58.1,49.6,10,0,synthetic generator v2,synthetic,0.7,739245,0,35.0,50.70602,-57.70598
Baldurs Gate Settlement 0565,Baldurs Gate,Baldur's Gate,12626,52563976,1367012,"{'humans': 9417, 'elves': 756, 'dwarves': 978, 'halflings': 1122, 'half-orcs': 435, 'misc.': 0}",125,war,['Confederacy'],"{'poor': 0.6807, 'middle': 0.205, 'wealthy': 0.0291, 'aristocrat': 0.0853}",0,"[['cloth', 'gems', 'timber', 'wine']]","[['magic items', 'ore', 'silk']]",Ruler BAL-602,mercenary heavy,arcanum,Halfling,"Lathander, Torm",241116,953675704,309.97,62.3,47.4,3,0,synthetic generator v2,synthetic,0.58,50321702,1,10.5,12.23571,-97.61291
Cormyr Settlement 0566,Cormyr,Suzail,791,2783703,21574,"{'humans': 665, 'elves': 42, 'dwarves': 44, 'halflings': 18, 'half-orcs': 11, 'misc.': 11}",86,monster attack,['Theocracy'],"{'poor': 0.5815, 'middle': 0.3299, 'wealthy': 0.0327, 'aristocrat': 0.0558}",0,"[['books', 'wine']]","[['coal', 'jewelry', 'mercenaries', 'ore', 'spices']]",Ruler COR-537,small militia,guilds,"Elvish, Orc","Mystra, Selune",142577,750902532,112.1,66.1,64.2,6,0,synthetic generator v2,derived,0.51,3664837,-3,21.0,38.47868,25.68075
Baldurs Gate Settlement 0567,Baldurs Gate,Baldur's Gate,678,1316169,79661,"{'humans': 555, 'elves': 70, 'dwarves': 34, 'halflings': 56, 'half-orcs': 39, 'misc.': 0}",132,crime,['Magocracy'],"{'poor': 0.5986, 'middle': 0.3656, 'wealthy': 0.0313, 'aristocrat': 0.0046}",5,"[['grain', 'weapons']]","[['jewelry', 'magic items', 'mercenaries', 'silk']]",Ruler BAL-209,naval patrol,None,Draconic,"Chauntea, Selune, Tyr",241116,953675704,63.68,60.5,53.1,7,1,synthetic generator v2,derived,0.81,1207911,-2,29.4,8.3215,87.76238
Tethyr Settlement 0568,Tethyr,Darromar,432,864259,68346,"{'humans': 351, 'elves': 12, 'dwarves': 14, 'halflings': 13, 'half-orcs': 17, 'misc.': 25}",171,old age,['Dictatorship'],"{'poor': 0.6522, 'middle': 0.2849, 'wealthy': 0.0579, 'aristocrat': 0.005}",0,"[['armor', 'cloth', 'grain', 'salt', 'weapons']]","[['coal', 'jewelry']]",Ruler TET-334,small militia,guilds,Elvish,"Mystra, Tempus, Tyr",193641,937694481,450.3,72.1,66.2,5,0,synthetic generator v2,derived,0.5,991456,3,17.5,23.84202,-46.52943
Amn Settlement 0569,Amn,Athkatla,665,5782243,71796,"{'humans': 515, 'elves': 40, 'dwarves': 65, 'halflings': 46, 'half-orcs': 17, 'misc.': 0}",138,monster attack,['Confederacy'],"{'poor': 0.4908, 'middle': 0.2202, 'wealthy': 0.076, 'aristocrat': 0.2131}",10,"[['armor', 'gems', 'grain', 'salt', 'timber']]",[['ore']],Ruler AMN-941,small militia,None,"Halfling, Orc",Lathander,169970,832884482,402.91,71.0,74.5,6,0,synthetic generator v2,synthetic,0.74,7035482,4,29.0,52.20972,1.38981
Calimshan Settlement 0570,Calimshan,Memnon,1862,5818176,324468,"{'humans': 1619, 'elves': 109, 'dwarves': 181, 'halflings': 159, 'half-orcs': 108, 'misc.': 0}",87,arcane mishap,['Magocracy'],"{'poor': 0.6058, 'middle': 0.3034, 'wealthy': 0.05, 'aristocrat': 0.0408}",18,"[['cloth', 'salt', 'weapons', 'wine']]","[['glass', 'mercenaries', 'ore', 'parchment']]",Ruler CAL-719,professional guard,arcanum,"Dwarvish, Halfling, Orc","Lathander, Tyr",175132,771448209,309.64,84.6,39.4,3,0,synthetic generator v2,derived,0.84,4376693,0,24.9,-20.79129,-90.16233
Neverwinter Settlement 0571,Neverwinter,Neverwinter,2717,21220701,1439565,"{'humans': 2295, 'elves': 301, 'dwarves': 219, 'halflings': 156, 'half-orcs': 126, 'misc.': 0}",74,war,['Magocracy'],"{'poor': 0.5169, 'middle': 0.2218, 'wealthy': 0.0758, 'aristocrat': 0.1855}",20,"[['books', 'gems']]",[['parchment']],Ruler NEV-705,professional guard,arcanum,"Common, Elvish",Tempus,177268,765621383,45.56,49.1,24.5,0,0,synthetic generator v2,synthetic,0.86,18323786,1,16.0,42.01697,90.01232
Tethyr Settlement 0572,Tethyr,Darromar,1491,4765962,207811,"{'humans': 978, 'elves': 101, 'dwarves': 59, 'halflings': 55, 'half-orcs': 77, 'misc.': 221}",179,old age,['Patriarchy'],"{'poor': 0.6745, 'middle': 0.231, 'wealthy': 0.0453, 'aristocrat': 0.0492}",0,"[['armor', 'books', 'cloth', 'gems', 'wine']]","[['coal', 'glass', 'silk', 'spices']]",Ruler TET-836,small militia,guilds,"Dwarvish, Halfling, Orc","Chauntea, Torm",193641,937694481,354.98,67.6,61.5,5,0,synthetic generator v2,derived,0.48,5183218,1,17.5,13.83596,19.52656
Calimshan Settlement 0573,Calimshan,Memnon,1320,2972995,91959,"{'humans': 1060, 'elves': 33, 'dwarves': 100, 'halflings': 81, 'half-orcs': 14, 'misc.': 32}",94,famine,['Confederacy'],"{'poor': 0.6198, 'middle': 0.331, 'wealthy': 0.033, 'aristocrat': 0.0162}",10,[['books']],"[['glass', 'mercenaries', 'ore', 'silk']]",Ruler CAL-4,mercenary heavy,local academy,"Dwarvish, Elvish",Mystra,175132,771448209,144.5,76.0,42.7,10,0,synthetic generator v2,synthetic,0.63,2273317,-3,43.0,33.08189,48.69335
Tethyr Settlement 0574,Tethyr,Darromar,852,3873007,263804,"{'humans': 746, 'elves': 84, 'dwarves': 58, 'halflings': 38, 'half-orcs': 25, 'misc.': 0}",84,famine,['Patriarchy'],"{'poor': 0.5702, 'middle': 0.3141, 'wealthy': 0.0248, 'aristocrat': 0.0909}",8,"[['books', 'grain', 'horses', 'timber', 'wine']]","[['coal', 'glass', 'jewelry', 'ore', 'parchment']]",Ruler TET-354,small militia,None,Draconic,Lathander,193641,937694481,22.18,67.8,44.8,1,0,synthetic generator v2,derived,0.92,5144699,0,9.9,17.33324,-66.59101
Amn Settlement 0575,Amn,Athkatla,390,926086,56135,"{'humans': 337, 'elves': 40, 'dwarves': 33, 'halflings': 33, 'half-orcs': 21, 'misc.': 0}",178,disease,['Patriarchy'],"{'poor': 0.583, 'middle': 0.3184, 'wealthy': 0.0937, 'aristocrat': 0.005}",13,"[['armor', 'horses', 'timber', 'weapons', 'wine']]","[['jewelry', 'mercenaries', 'ore', 'spices']]",Ruler AMN-518,naval patrol,None,"Dwarvish, Elvish","Chauntea, Lathander, Mystra",169970,832884482,19.97,71.8,72.4,6,64,synthetic generator v2,derived,0.58,1052261,1,89.0,-23.98091,-52.07779
Waterdeep Settlement 0576,Waterdeep,Waterdeep,3194,21601526,918688,"{'humans': 2173, 'elves': 260, 'dwarves': 179, 'halflings': 273, 'half-orcs': 111, 'misc.': 198}",110,monster attack,['Confederacy'],"{'poor': 0.4629, 'middle': 0.3428, 'wealthy': 0.0404, 'aristocrat': 0.1539}",6,"[['books', 'grain', 'horses']]","[['glass', 'jewelry', 'mercenaries']]",Ruler WAT-80,professional guard,None,Orc,Tempus,236326,985356857,52.72,56.6,59.2,1,0,synthetic generator v2,derived,0.74,26963986,0,8.3,46.55448,-18.69643
Baldurs Gate Settlement 0577,Baldurs Gate,Baldur's Gate,114,589135,42937,"{'humans': 93, 'elves': 3, 'dwarves': 9, 'halflings': 10, 'half-orcs': 5, 'misc.': 0}",57,old age,['Dictatorship'],"{'poor': 0.5607, 'middle': 0.3047, 'wealthy': 0.0233, 'aristocrat': 0.1113}",0,"[['cloth', 'gems', 'horses', 'salt', 'weapons']]",[['silk']],Ruler BAL-901,naval patrol,guilds,Common,"Chauntea, Mystra, Torm",241116,953675704,271.96,53.1,64.0,9,1,synthetic generator v2,synthetic,0.67,540908,4,32.4,25.52084,-94.16756
Neverwinter Settlement 0578,Neverwinter,Neverwinter,582,3123846,86175,"{'humans': 415, 'elves': 64, 'dwarves': 53, 'halflings': 35, 'half-orcs': 7, 'misc.': 8}",149,old age,['Monarchy'],"{'poor': 0.5372, 'middle': 0.3158, 'wealthy': 0.0327, 'aristocrat': 0.1143}",18,"[['horses', 'wine']]","[['glass', 'mercenaries']]",Ruler NEV-730,professional guard,guilds,"Dwarvish, Orc","Selune, Tempus, Torm",177268,765621383,213.78,53.5,58.8,6,2,synthetic generator v2,synthetic,0.5,3085154,0,37.2,-8.91543,-85.49435
Waterdeep Settlement 0579,Waterdeep,Waterdeep,456,1450225,51795,"{'humans': 361, 'elves': 51, 'dwarves': 20, 'halflings': 30, 'half-orcs': 6, 'misc.': 0}",75,disease,['Merchant Council'],"{'poor': 0.5952, 'middle': 0.3321, 'wealthy': 0.0258, 'aristocrat': 0.0469}",2,"[['armor', 'fish']]","[['coal', 'jewelry', 'magic items', 'mercenaries']]",Ruler WAT-717,small militia,local academy,Orc,"Chauntea, Lathander, Mystra",236326,985356857,541.16,47.4,31.0,8,0,synthetic generator v2,derived,0.38,1132348,-2,29.6,-32.08802,113.09839
Waterdeep Settlement 0580,Waterdeep,Waterdeep,10209,79850561,3641774,"{'humans': 7938, 'elves': 638, 'dwarves': 528, 'halflings': 340, 'half-orcs': 568, 'misc.': 197}",89,arcane mishap,['Theocracy'],"{'poor': 0.4587, 'middle': 0.2777, 'wealthy': 0.0836, 'aristocrat': 0.18}",10,[['armor']],"[['coal', 'jewelry', 'magic items', 'silk']]",Ruler WAT-319,small militia,local academy,"Draconic, Dwarvish","Lathander, Mystra",236326,985356857,270.53,49.8,38.7,7,0,synthetic generator v2,derived,0.38,65762485,-3,32.5,-38.49789,97.65197
Waterdeep Settlement 0581,Waterdeep,Waterdeep,2290,4829708,203351,"{'humans': 1664, 'elves': 99, 'dwarves': 75, 'halflings': 81, 'half-orcs': 103, 'misc.': 268}",104,crime,['Patriarchy'],"{'poor': 0.605, 'middle': 0.3309, 'wealthy': 0.0592, 'aristocrat': 0.0049}",13,"[['fish', 'gems', 'salt']]","[['glass', 'jewelry', 'ore', 'silk', 'spices']]",Ruler WAT-600,mercenary heavy,local academy,Elvish,"Mystra, Tempus, Tyr",236326,985356857,155.99,51.7,37.9,9,0,synthetic generator v2,synthetic,0.55,5210159,-2,41.9,17.45082,19.66919
Cormyr Settlement 0582,Cormyr,Suzail,450,2055128,69472,"{'humans': 350, 'elves': 41, 'dwarves': 31, 'halflings': 23, 'half-orcs': 4, 'misc.': 1}",149,crime,['Theocracy'],"{'poor': 0.5661, 'middle': 0.278, 'wealthy': 0.075, 'aristocrat': 0.0809}",0,"[['gems', 'salt', 'weapons', 'wine']]",[['ore']],Ruler COR-900,professional guard,guilds,Common,Mystra,142577,750902532,65.17,62.8,54.3,3,0,synthetic generator v2,synthetic,0.88,2016663,3,10.5,71.67479,30.8895
Baldurs Gate Settlement 0583,Baldurs Gate,Baldur's Gate,2716,9681922,195719,"{'humans': 2391, 'elves': 149, 'dwarves': 163, 'halflings': 57, 'half-orcs': 58, 'misc.': 0}",142,crime,['Democracy'],"{'poor': 0.656, 'middle': 0.246, 'wealthy': 0.0359, 'aristocrat': 0.0621}",10,"[['armor', 'cloth', 'gems', 'timber', 'wine']]","[['glass', 'jewelry', 'magic items', 'spices']]",Ruler BAL-161,naval patrol,None,Dwarvish,"Tempus, Tyr",241116,953675704,99.73,64.0,56.7,0,0,synthetic generator v2,derived,0.36,9170500,1,8.0,37.96812,-81.51798
Tethyr Settlement 0584,Tethyr,Darromar,572,3825100,48150,"{'humans': 450, 'elves': 44, 'dwarves': 28, 'halflings': 15, 'half-orcs': 27, 'misc.': 8}",110,war,['Patriarchy'],"{'poor': 0.5021, 'middle': 0.2825, 'wealthy': 0.0666, 'aristocrat': 0.1488}",18,[['timber']],"[['glass', 'magic items', 'mercenaries', 'ore']]",Ruler TET-429,mercenary heavy,arcanum,"Dwarvish, Elvish","Lathander, Mystra, Selune",193641,937694481,164.82,73.3,55.3,6,0,synthetic generator v2,synthetic,0.48,3614633,-3,35.4,-33.35802,-9.32502
Sembia Settlement 0585,Sembia,Selgaunt,4564,8887696,272897,"{'humans': 3758, 'elves': 144, 'dwarves': 165, 'halflings': 267, 'half-orcs': 250, 'misc.': 0}",169,crime,['Patriarchy'],"{'poor': 0.6027, 'middle': 0.3606, 'wealthy': 0.0318, 'aristocrat': 0.005}",10,"[['gems', 'grain', 'salt', 'weapons', 'wine']]","[['glass', 'ore', 'silk']]",Ruler SEM-410,professional guard,guilds,Halfling,"Selune, Torm, Tyr",158418,730633739,284.9,58.7,60.6,3,0,synthetic generator v2,synthetic,0.92,9133955,2,18.5,50.58689,-5.66155
Cormyr Settlement 0586,Cormyr,Suzail,556,1212444,35328,"{'humans': 417, 'elves': 48, 'dwarves': 55, 'halflings': 14, 'half-orcs': 30, 'misc.': 0}",161,old age,['Monarchy'],"{'poor': 0.5944, 'middle': 0.3327, 'wealthy': 0.0684, 'aristocrat': 0.0046}",1,"[['armor', 'books', 'cloth', 'fish', 'wine']]","[['coal', 'jewelry', 'mercenaries', 'ore']]",Ruler COR-446,naval patrol,None,"Common, Dwarvish, Elvish",Torm,142577,750902532,37.34,53.0,52.1,7,0,synthetic generator v2,derived,0.79,1013017,1,25.3,35.18322,126.17415
Cormyr Settlement 0587,Cormyr,Suzail,6423,15507000,295303,"{'humans': 4187, 'elves': 416, 'dwarves': 522, 'halflings': 584, 'half-orcs': 247, 'misc.': 467}",123,crime,['Dictatorship'],"{'poor': 0.6481, 'middle': 0.2656, 'wealthy': 0.0705, 'aristocrat': 0.0159}",2,"[['armor', 'grain']]","[['coal', 'glass', 'jewelry', 'magic items', 'parchment']]",Ruler COR-858,small militia,arcanum,"Draconic, Dwarvish","Selune, Tempus, Torm",142577,750902532,238.07,67.3,61.4,3,0,synthetic generator v2,synthetic,0.68,17378714,-3,12.1,4.4675,65.34098
Neverwinter Settlement 0588,Neverwinter,Neverwinter,1717,12378739,14484,"{'humans': 1196, 'elves': 101, 'dwarves': 138, 'halflings': 85, 'half-orcs': 56, 'misc.': 141}",152,crime,['Merchant Council'],"{'poor': 0.471, 'middle': 0.3337, 'wealthy': 0.0221, 'aristocrat': 0.1732}",3,"[['grain', 'weapons']]","[['glass', 'spices']]",Ruler NEV-615,mercenary heavy,guilds,Common,"Lathander, Tyr",177268,765621383,512.7,47.2,51.5,8,0,synthetic generator v2,synthetic,0.76,16516492,0,30.4,59.47411,-43.72466
Cormyr Settlement 0589,Cormyr,Suzail,1244,5539940,101720,"{'humans': 898, 'elves': 58, 'dwarves': 54, 'halflings': 64, 'half-orcs': 43, 'misc.': 127}",137,war,['Theocracy'],"{'poor': 0.5295, 'middle': 0.3238, 'wealthy': 0.0717, 'aristocrat': 0.0751}",16,"[['cloth', 'fish', 'grain']]","[['glass', 'jewelry', 'magic items', 'parchment']]",Ruler COR-432,naval patrol,None,"Draconic, Dwarvish","Selune, Torm, Tyr",142577,750902532,318.5,60.7,47.2,4,0,synthetic generator v2,synthetic,0.74,4233721,-1,26.8,-37.57081,-62.89221
Neverwinter Settlement 0590,Neverwinter,Neverwinter,637,3486575,78442,"{'humans': 546, 'elves': 41, 'dwarves': 20, 'halflings': 27, 'half-orcs': 35, 'misc.': 0}",128,disease,['Monarchy'],"{'poor': 0.4503, 'middle': 0.3792, 'wealthy': 0.0659, 'aristocrat': 0.1046}",0,"[['books', 'timber']]","[['glass', 'magic items', 'mercenaries', 'parchment', 'spices']]",Ruler NEV-674,professional guard,arcanum,"Draconic, Orc","Selune, Torm",177268,765621383,13.69,41.6,56.4,8,0,synthetic generator v2,derived,0.37,3772920,-3,28.0,20.96876,-44.0831
Cormyr Settlement 0591,Cormyr,Suzail,797,1606028,109134,"{'humans': 607, 'elves': 67, 'dwarves': 76, 'halflings': 61, 'half-orcs': 11, 'misc.': 0}",163,monster attack,['Confederacy'],"{'poor': 0.6454, 'middle': 0.291, 'wealthy': 0.0588, 'aristocrat': 0.0048}",0,"[['armor', 'fish', 'gems', 'grain', 'salt']]","[['magic items', 'parchment']]",Ruler COR-883,naval patrol,None,"Draconic, Dwarvish, Elvish","Chauntea, Selune, Tempus",142577,750902532,198.93,62.7,67.5,2,0,synthetic generator v2,derived,0.55,1710128,3,7.0,37.61797,122.81566
Amn Settlement 0592,Amn,Athkatla,1745,3945941,32837,"{'humans': 1246, 'elves': 146, 'dwarves': 96, 'halflings': 54, 'half-orcs': 69, 'misc.': 134}",52,monster attack,['Democracy'],"{'poor': 0.5516, 'middle': 0.3777, 'wealthy': 0.0659, 'aristocrat': 0.0047}",4,"[['grain', 'salt']]","[['magic items', 'ore', 'parchment']]",Ruler AMN-795,naval patrol,local academy,"Common, Elvish, Halfling",Mystra,169970,832884482,19.07,69.5,74.7,6,0,synthetic generator v2,synthetic,0.68,5059150,-1,24.2,-7.26834,-84.5035
Calimshan Settlement 0593,Calimshan,Memnon,1039,3683850,159712,"{'humans': 782, 'elves': 43, 'dwarves': 67, 'halflings': 29, 'half-orcs': 50, 'misc.': 68}",105,old age,['Democracy'],"{'poor': 0.5493, 'middle': 0.3231, 'wealthy': 0.0839, 'aristocrat': 0.0437}",0,"[['books', 'cloth', 'grain', 'wine']]",[['silk']],Ruler CAL-263,small militia,guilds,Draconic,Chauntea,175132,771448209,399.74,74.3,47.9,6,0,synthetic generator v2,synthetic,0.95,4693685,3,21.0,25.68224,6.02591
Tethyr Settlement 0594,Tethyr,Darromar,988,4162131,76299,"{'humans': 858, 'elves': 104, 'dwarves': 45, 'halflings': 40, 'half-orcs': 20, 'misc.': 0}",56,famine,['Monarchy'],"{'poor': 0.629, 'middle': 0.2152, 'wealthy': 0.084, 'aristocrat': 0.0718}",0,"[['books', 'cloth', 'fish', 'salt']]","[['coal', 'magic items', 'mercenaries', 'spices']]",Ruler TET-918,professional guard,arcanum,"Common, Orc",Tempus,193641,937694481,64.57,68.2,61.7,6,0,synthetic generator v2,derived,0.61,4750596,0,21.0,26.39946,-50.263
Tethyr Settlement 0595,Tethyr,Darromar,934,1979459,132923,"{'humans': 729, 'elves': 102, 'dwarves': 46, 'halflings': 36, 'half-orcs': 16, 'misc.': 5}",169,famine,['Magocracy'],"{'poor': 0.6369, 'middle': 0.2857, 'wealthy': 0.0726, 'aristocrat': 0.0048}",11,"[['armor', 'books', 'fish', 'timber', 'weapons']]",[['silk']],Ruler TET-548,small militia,arcanum,"Common, Draconic, Halfling","Selune, Tempus, Torm",193641,937694481,392.29,71.6,75.4,7,0,synthetic generator v2,synthetic,0.57,2621346,4,33.3,11.59615,-29.50663
Amn Settlement 0596,Amn,Athkatla,753,2124139,67201,"{'humans': 671, 'elves': 84, 'dwarves': 61, 'halflings': 72, 'half-orcs': 26, 'misc.': 0}",170,crime,['Merchant Council'],"{'poor': 0.6982, 'middle': 0.2057, 'wealthy': 0.0611, 'aristocrat': 0.0351}",5,[['wine']],"[['coal', 'jewelry', 'ore', 'silk']]",Ruler AMN-712,professional guard,local academy,"Elvish, Halfling",Chauntea,169970,832884482,29.69,67.3,71.7,6,0,synthetic generator v2,derived,0.74,1944746,-3,25.0,-25.14917,-52.11657
Baldurs Gate Settlement 0597,Baldurs Gate,Baldur's Gate,1390,5182022,249601,"{'humans': 905, 'elves': 38, 'dwarves': 131, 'halflings': 134, 'half-orcs': 50, 'misc.': 132}",62,war,['Theocracy'],"{'poor': 0.6988, 'middle': 0.2056, 'wealthy': 0.0219, 'aristocrat': 0.0736}",0,"[['cloth', 'gems', 'salt', 'timber']]","[['coal', 'jewelry', 'ore', 'spices']]",Ruler BAL-175,small militia,guilds,Draconic,"Torm, Tyr",241116,953675704,386.97,53.8,35.6,0,0,synthetic generator v2,derived,0.65,6092124,0,0.0,-0.82785,-69.94593
Waterdeep Settlement 0598,Waterdeep,Waterdeep,225,1379502,14514,"{'humans': 160, 'elves': 20, 'dwarves': 7, 'halflings': 8, 'half-orcs': 7, 'misc.': 23}",165,disease,['Monarchy'],"{'poor': 0.4505, 'middle': 0.3517, 'wealthy': 0.0726, 'aristocrat': 0.1252}",7,"[['armor', 'books', 'gems', 'weapons', 'wine']]",[['parchment']],Ruler WAT-546,small militia,local academy,"Elvish, Halfling","Chauntea, Torm",236326,985356857,36.58,54.8,39.7,1,0,synthetic generator v2,synthetic,0.51,1468874,4,9.1,56.79292,90.34722
Sembia Settlement 0599,Sembia,Selgaunt,822,3673057,219945,"{'humans': 669, 'elves': 82, 'dwarves': 27, 'halflings': 30, 'half-orcs': 13, 'misc.': 1}",180,famine,['Confederacy'],"{'poor': 0.6395, 'middle': 0.2286, 'wealthy': 0.0421, 'aristocrat': 0.0898}",6,"[['cloth', 'salt', 'timber']]","[['coal', 'magic items', 'parchment', 'spices']]",Ruler SEM-606,mercenary heavy,local academy,"Draconic, Dwarvish, Halfling",Torm,158418,730633739,19.2,52.9,50.8,9,0,synthetic generator v2,synthetic,0.43,3871850,-1,36.3,73.49822,8.95664
Sembia Settlement 0600,Sembia,Selgaunt,2946,7540686,237090,"{'humans': 2044, 'elves': 113, 'dwarves': 175, 'halflings': 275, 'half-orcs': 154, 'misc.': 185}",123,old age,['Democracy'],"{'poor': 0.6441, 'middle': 0.269, 'wealthy': 0.0655, 'aristocrat': 0.0215}",8,"[['fish', 'gems', 'horses', 'weapons']]","[['jewelry', 'mercenaries', 'ore', 'silk', 'spices']]",Ruler SEM-812,professional guard,local academy,"Draconic, Elvish, Halfling","Lathander, Selune",158418,730633739,510.87,53.6,43.2,2,4,synthetic generator v2,synthetic,0.74,6287796,-1,17.0,55.4773,25.9504
Baldurs Gate Settlement 0601,Baldurs Gate,Baldur's Gate,2181,13127987,691406,"{'humans': 1959, 'elves': 200, 'dwarves': 206, 'halflings': 56, 'half-orcs': 52, 'misc.': 0}",115,arcane mishap,['Dictatorship'],"{'poor': 0.4594, 'middle': 0.3336, 'wealthy': 0.0881, 'aristocrat': 0.1189}",8,"[['gems', 'horses']]","[['glass', 'jewelry', 'parchment', 'silk', 'spices']]",Ruler BAL-429,mercenary heavy,guilds,"Draconic, Dwarvish","Tempus, Torm",241116,953675704,352.05,59.0,57.9,6,0,synthetic generator v2,synthetic,0.77,16890266,-3,27.4,67.904,-6.405
Baldurs Gate Settlement 0602,Baldurs Gate,Baldur's Gate,3294,8636914,275935,"{'humans': 2481, 'elves': 270, 'dwarves': 280, 'halflings': 70, 'half-orcs': 60, 'misc.': 133}",72,crime,['Magocracy'],"{'poor': 0.6755, 'middle': 0.2157, 'wealthy': 0.0876, 'aristocrat': 0.0213}",0,"[['books', 'fish', 'grain', 'weapons', 'wine']]","[['coal', 'glass', 'jewelry', 'magic items', 'spices']]",Ruler BAL-994,professional guard,None,Halfling,"Chauntea, Mystra",241116,953675704,327.55,51.0,70.3,10,0,synthetic generator v2,derived,0.88,9392620,0,35.0,-32.39115,78.42431
Cormyr Settlement 0603,Cormyr,Suzail,457,2108765,146943,"{'humans': 337, 'elves': 29, 'dwarves': 44, 'halflings': 29, 'half-orcs': 14, 'misc.': 4}",117,arcane mishap,['Dictatorship'],"{'poor': 0.5899, 'middle': 0.2871, 'wealthy': 0.0293, 'aristocrat': 0.0937}",0,"[['armor', 'books', 'grain', 'weapons']]","[['glass', 'jewelry']]",Ruler COR-894,professional guard,local academy,"Draconic, Dwarvish","Lathander, Selune, Tempus",142577,750902532,160.84,54.4,52.9,6,0,synthetic generator v2,derived,0.94,2127343,2,21.0,51.49239,87.27643
Neverwinter Settlement 0604,Neverwinter,Neverwinter,604,1164756,48575,"{'humans': 510, 'elves': 49, 'dwarves': 47, 'halflings': 51, 'half-orcs': 21, 'misc.': 0}",101,old age,['Democracy'],"{'poor': 0.6032, 'middle': 0.3613, 'wealthy': 0.0309, 'aristocrat': 0.0046}",18,"[['cloth', 'fish', 'horses', 'timber']]",[['spices']],Ruler NEV-79,naval patrol,arcanum,Draconic,"Chauntea, Lathander, Mystra",177268,765621383,37.37,41.1,60.3,5,0,synthetic generator v2,derived,0.48,1032742,3,31.9,-31.93722,81.53659
Baldurs Gate Settlement 0605,Baldurs Gate,Baldur's Gate,14250,79919806,3065175,"{'humans': 12711, 'elves': 548, 'dwarves': 773, 'halflings': 1321, 'half-orcs': 775, 'misc.': 0}",33,famine,['Theocracy'],"{'poor': 0.5146, 'middle': 0.3291, 'wealthy': 0.0365, 'aristocrat': 0.1199}",16,"[['armor', 'gems', 'salt', 'wine']]","[['glass', 'jewelry', 'parchment', 'spices']]",Ruler BAL-411,small militia,local academy,Halfling,"Lathander, Tyr",241116,953675704,285.49,58.3,70.2,2,0,synthetic generator v2,synthetic,0.79,91769711,0,19.8,55.06051,-109.49113
Calimshan Settlement 0606,Calimshan,Memnon,8790,61131580,3319907,"{'humans': 6139, 'elves': 653, 'dwarves': 642, 'halflings': 293, 'half-orcs': 136, 'misc.': 927}",72,arcane mishap,['Satrapy'],"{'poor': 0.5657, 'middle': 0.2335, 'wealthy': 0.0309, 'aristocrat': 0.1698}",7,"[['armor', 'fish', 'timber']]","[['glass', 'magic items', 'parchment', 'spices']]",Ruler CAL-124,naval patrol,arcanum,Halfling,Tyr,175132,771448209,153.52,82.8,26.8,0,0,synthetic generator v2,synthetic,0.72,76031139,-1,5.6,-20.67795,108.02986
Neverwinter Settlement 0607,Neverwinter,Neverwinter,1289,7268663,539593,"{'humans': 902, 'elves': 79, 'dwarves': 58, 'halflings': 126, 'half-orcs': 75, 'misc.': 49}",117,disease,['Dictatorship'],"{'poor': 0.5195, 'middle': 0.3281, 'wealthy': 0.0297, 'aristocrat': 0.1227}",9,"[['books', 'horses']]","[['magic items', 'silk']]",Ruler NEV-695,mercenary heavy,None,Common,"Mystra, Tyr",177268,765621383,383.69,42.8,26.3,3,0,synthetic generator v2,synthetic,0.5,9215458,0,17.7,-13.37436,-72.04604
Neverwinter Settlement 0608,Neverwinter,Neverwinter,855,4104628,386992,"{'humans': 744, 'elves': 42, 'dwarves': 45, 'halflings': 73, 'half-orcs': 11, 'misc.': 0}",53,disease,['Merchant Council'],"{'poor': 0.5226, 'middle': 0.3355, 'wealthy': 0.0515, 'aristocrat': 0.0904}",0,"[['books', 'gems']]","[['coal', 'magic items', 'mercenaries', 'ore', 'spices']]",Ruler NEV-430,mercenary heavy,arcanum,Draconic,"Chauntea, Torm",177268,765621383,240.73,44.1,46.4,8,0,synthetic generator v2,synthetic,0.45,5712840,-3,28.0,2.60142,-76.37463
Neverwinter Settlement 0609,Neverwinter,Neverwinter,3970,8722411,149439,"{'humans': 2780, 'elves': 217, 'dwarves': 354, 'halflings': 392, 'half-orcs': 234, 'misc.': 0}",55,crime,['Democracy'],"{'poor': 0.6438, 'middle': 0.2646, 'wealthy': 0.0866, 'aristocrat': 0.005}",19,"[['fish', 'grain', 'horses', 'timber']]","[['coal', 'ore']]",Ruler NEV-25,mercenary heavy,guilds,Draconic,Selune,177268,765621383,499.65,40.2,24.2,2,0,synthetic generator v2,derived,0.45,11388318,2,22.2,22.2142,-105.6201
Cormyr Settlement 0610,Cormyr,Suzail,1777,10975564,161170,"{'humans': 1576, 'elves': 107, 'dwarves': 174, 'halflings': 136, 'half-orcs': 57, 'misc.': 0}",138,monster attack,['Dictatorship'],"{'poor': 0.5277, 'middle': 0.2518, 'wealthy': 0.0922, 'aristocrat': 0.1283}",6,"[['books', 'horses', 'weapons']]",[['silk']],Ruler COR-3,mercenary heavy,arcanum,"Common, Draconic, Halfling","Mystra, Torm",142577,750902532,281.79,56.9,50.5,6,0,synthetic generator v2,synthetic,0.47,11985726,2,25.8,-37.57687,106.09974
Calimshan Settlement 0611,Calimshan,Memnon,2384,7877297,543852,"{'humans': 1647, 'elves': 263, 'dwarves': 214, 'halflings': 165, 'half-orcs': 27, 'misc.': 68}",51,old age,['Magocracy'],"{'poor': 0.6673, 'middle': 0.2012, 'wealthy': 0.0881, 'aristocrat': 0.0434}",9,"[['armor', 'cloth', 'grain', 'horses', 'salt']]","[['jewelry', 'mercenaries', 'ore', 'parchment']]",Ruler CAL-605,small militia,None,Orc,"Mystra, Torm, Tyr",175132,771448209,492.19,85.6,31.5,1,0,synthetic generator v2,synthetic,0.74,10926946,1,10.7,6.56981,-99.69739
Tethyr Settlement 0612,Tethyr,Darromar,802,1674152,104041,"{'humans': 643, 'elves': 53, 'dwarves': 70, 'halflings': 30, 'half-orcs': 47, 'misc.': 0}",30,arcane mishap,['Merchant Council'],"{'poor': 0.6285, 'middle': 0.3022, 'wealthy': 0.0645, 'aristocrat': 0.0048}",10,"[['armor', 'grain', 'weapons', 'wine']]","[['coal', 'glass', 'magic items', 'mercenaries', 'parchment']]",Ruler TET-792,naval patrol,None,"Common, Halfling","Lathander, Tyr",193641,937694481,544.93,65.9,64.5,1,0,synthetic generator v2,derived,0.57,2173944,-1,11.5,-3.54495,80.90962
Cormyr Settlement 0613,Cormyr,Suzail,5155,24014541,1336177,"{'humans': 4131, 'elves': 237, 'dwarves': 281, 'halflings': 247, 'half-orcs': 216, 'misc.': 43}",35,disease,['Dictatorship'],"{'poor': 0.5263, 'middle': 0.3288, 'wealthy': 0.0608, 'aristocrat': 0.084}",12,"[['salt', 'weapons', 'wine']]",[['silk']],Ruler COR-155,small militia,arcanum,"Draconic, Dwarvish, Halfling",Torm,142577,750902532,517.1,64.2,49.5,10,0,synthetic generator v2,derived,0.54,30321798,2,44.6,-25.77636,14.40515
Neverwinter Settlement 0614,Neverwinter,Neverwinter,896,4865406,298304,"{'humans': 781, 'elves': 38, 'dwarves': 35, 'halflings': 74, 'half-orcs': 14, 'misc.': 0}",44,monster attack,['Confederacy'],"{'poor': 0.507, 'middle': 0.3467, 'wealthy': 0.0321, 'aristocrat': 0.1143}",17,"[['armor', 'books', 'fish']]","[['coal', 'glass', 'mercenaries', 'ore', 'silk']]",Ruler NEV-643,naval patrol,local academy,Draconic,"Mystra, Selune, Tyr",177268,765621383,372.66,42.3,45.3,9,0,synthetic generator v2,synthetic,0.64,3782388,-2,45.1,-25.28201,-1.95677
Neverwinter Settlement 0615,Neverwinter,Neverwinter,396,899501,39809,"{'humans': 328, 'elves': 35, 'dwarves': 26, 'halflings': 25, 'half-orcs': 22, 'misc.': 0}",31,arcane mishap,['Satrapy'],"{'poor': 0.5542, 'middle': 0.3736, 'wealthy': 0.0674, 'aristocrat': 0.0049}",14,[['grain']],"[['mercenaries', 'parchment', 'spices']]",Ruler NEV-540,professional guard,local academy,"Draconic, Elvish, Orc","Selune, Tempus",177268,765621383,34.37,53.7,56.5,1,0,synthetic generator v2,derived,0.44,758759,-2,14.7,26.03784,71.30979
Calimshan Settlement 0616,Calimshan,Memnon,706,6084318,229910,"{'humans': 535, 'elves': 19, 'dwarves': 67, 'halflings': 43, 'half-orcs': 33, 'misc.': 9}",110,famine,['Patriarchy'],"{'poor': 0.5248, 'middle': 0.2303, 'wealthy': 0.0202, 'aristocrat': 0.2246}",0,"[['armor', 'gems', 'horses', 'salt']]","[['glass', 'jewelry', 'mercenaries', 'ore', 'spices']]",Ruler CAL-941,naval patrol,guilds,"Common, Elvish, Halfling",Torm,175132,771448209,243.23,78.7,23.5,9,0,synthetic generator v2,synthetic,0.84,5080125,-1,31.5,46.99154,110.87885
Amn Settlement 0617,Amn,Athkatla,524,2234815,119216,"{'humans': 441, 'elves': 48, 'dwarves': 41, 'halflings': 23, 'half-orcs': 14, 'misc.': 0}",76,war,['Confederacy'],"{'poor': 0.6546, 'middle': 0.21, 'wealthy': 0.0537, 'aristocrat': 0.0817}",14,"[['books', 'gems', 'grain', 'weapons']]",[['parchment']],Ruler AMN-452,naval patrol,guilds,"Draconic, Dwarvish, Halfling","Lathander, Tyr",169970,832884482,87.09,63.1,59.7,2,0,synthetic generator v2,synthetic,0.46,2038468,3,18.2,8.57555,63.41627
Calimshan Settlement 0618,Calimshan,Memnon,2622,6416311,57661,"{'humans': 1911, 'elves': 280, 'dwarves': 189, 'halflings': 109, 'half-orcs': 71, 'misc.': 62}",144,crime,['Satrapy'],"{'poor': 0.5388, 'middle': 0.3656, 'wealthy': 0.0908, 'aristocrat': 0.0048}",15,"[['armor', 'fish', 'grain', 'salt']]","[['coal', 'glass', 'jewelry', 'ore']]",Ruler CAL-637,mercenary heavy,guilds,"Draconic, Elvish, Halfling",Tyr,175132,771448209,205.59,72.7,32.3,8,0,synthetic generator v2,derived,0.9,7230912,0,40.0,25.08311,-106.71909
Calimshan Settlement 0619,Calimshan,Memnon,2352,6501869,528088,"{'humans': 1643, 'elves': 165, 'dwarves': 170, 'halflings': 138, 'half-orcs': 107, 'misc.': 129}",25,crime,['Dictatorship'],"{'poor': 0.6099, 'middle': 0.2718, 'wealthy': 0.0995, 'aristocrat': 0.0188}",5,"[['armor', 'books']]","[['glass', 'jewelry', 'mercenaries', 'parchment', 'silk']]",Ruler CAL-45,naval patrol,guilds,"Common, Draconic","Tempus, Tyr",175132,771448209,270.75,84.8,37.5,9,0,synthetic generator v2,derived,0.38,7233839,-3,35.5,19.45067,-61.73045
Waterdeep Settlement 0620,Waterdeep,Waterdeep,364,884422,48193,"{'humans': 324, 'elves': 25, 'dwarves': 26, 'halflings': 15, 'half-orcs': 12, 'misc.': 0}",57,crime,['Confederacy'],"{'poor': 0.696, 'middle': 0.2341, 'wealthy': 0.0446, 'aristocrat': 0.0253}",0,[['timber']],"[['mercenaries', 'spices']]",Ruler WAT-569,mercenary heavy,guilds,"Common, Draconic","Lathander, Mystra, Torm",236326,985356857,69.57,57.1,49.6,0,0,synthetic generator v2,synthetic,0.48,877591,-1,0.0,2.51766,-37.34594
Amn Settlement 0621,Amn,Athkatla,968,1899589,141380,"{'humans': 669, 'elves': 33, 'dwarves': 42, 'halflings': 39, 'half-orcs': 36, 'misc.': 149}",94,crime,['Merchant Council'],"{'poor': 0.6494, 'middle': 0.2937, 'wealthy': 0.0522, 'aristocrat': 0.0047}",0,"[['grain', 'horses']]",[['ore']],Ruler AMN-345,naval patrol,arcanum,"Draconic, Dwarvish, Orc","Chauntea, Mystra",169970,832884482,298.65,68.9,62.2,10,0,synthetic generator v2,synthetic,0.86,1839507,1,35.0,31.15818,38.53982
Tethyr Settlement 0622,Tethyr,Darromar,423,1440875,7611,"{'humans': 289, 'elves': 32, 'dwarves': 23, 'halflings': 14, 'half-orcs': 5, 'misc.': 60}",123,famine,['Theocracy'],"{'poor': 0.5409, 'middle': 0.3712, 'wealthy': 0.0406, 'aristocrat': 0.0474}",17,[['gems']],"[['coal', 'glass', 'ore', 'silk']]",Ruler TET-393,small militia,arcanum,"Common, Dwarvish, Orc","Tempus, Torm, Tyr",193641,937694481,262.71,61.7,65.8,10,0,synthetic generator v2,derived,0.95,1118644,-3,48.6,-2.32825,-11.18778
Baldurs Gate Settlement 0623,Baldurs Gate,Baldur's Gate,1090,4822220,181219,"{'humans': 900, 'elves': 29, 'dwarves': 60, 'halflings': 28, 'half-orcs': 53, 'misc.': 20}",50,arcane mishap,['Patriarchy'],"{'poor': 0.5613, 'middle': 0.3297, 'wealthy': 0.0223, 'aristocrat': 0.0867}",15,[['cloth']],"[['coal', 'magic items', 'parchment']]",Ruler BAL-930,naval patrol,arcanum,"Draconic, Halfling, Orc","Chauntea, Selune",241116,953675704,353.45,58.7,59.5,8,0,synthetic generator v2,synthetic,0.37,3865897,-2,40.0,-1.47011,21.51578
Tethyr Settlement 0624,Tethyr,Darromar,4557,20345214,1157603,"{'humans': 3693, 'elves': 178, 'dwarves': 261, 'halflings': 117, 'half-orcs': 68, 'misc.': 240}",54,monster attack,['Theocracy'],"{'poor': 0.4836, 'middle': 0.3642, 'wealthy': 0.0824, 'aristocrat': 0.0699}",10,"[['cloth', 'fish']]","[['coal', 'glass', 'magic items']]",Ruler TET-778,mercenary heavy,None,Dwarvish,Tyr,193641,937694481,264.23,60.7,46.0,7,0,synthetic generator v2,synthetic,0.85,26465945,-1,32.5,41.31722,85.70709
Baldurs Gate Settlement 0625,Baldurs Gate,Baldur's Gate,1254,6668468,453028,"{'humans': 1056, 'elves': 132, 'dwarves': 39, 'halflings': 62, 'half-orcs': 47, 'misc.': 0}",77,arcane mishap,['Dictatorship'],"{'poor': 0.5929, 'middle': 0.2473, 'wealthy': 0.0458, 'aristocrat': 0.114}",7,"[['books', 'salt', 'weapons']]",[['coal']],Ruler BAL-543,naval patrol,None,Orc,"Lathander, Tempus, Tyr",241116,953675704,317.89,60.7,37.5,9,0,synthetic generator v2,derived,0.86,7300264,2,37.1,25.93766,71.73321
Cormyr Settlement 0626,Cormyr,Suzail,233,472382,13187,"{'humans': 182, 'elves': 20, 'dwarves': 17, 'halflings': 13, 'half-orcs': 13, 'misc.': 0}",151,famine,['Merchant Council'],"{'poor': 0.6073, 'middle': 0.3408, 'wealthy': 0.0469, 'aristocrat': 0.0049}",0,"[['books', 'cloth', 'timber', 'weapons']]","[['coal', 'magic items', 'ore', 'silk']]",Ruler COR-317,professional guard,None,Draconic,Torm,142577,750902532,295.21,63.0,51.5,0,0,synthetic generator v2,derived,0.51,651301,0,0.0,7.31605,119.0254
Cormyr Settlement 0627,Cormyr,Suzail,2205,15302218,803937,"{'humans': 1453, 'elves': 224, 'dwarves': 81, 'halflings': 131, 'half-orcs': 28, 'misc.': 288}",112,war,['Magocracy'],"{'poor': 0.4877, 'middle': 0.2999, 'wealthy': 0.0535, 'aristocrat': 0.1589}",0,[['salt']],"[['coal', 'glass', 'magic items', 'mercenaries', 'parchment']]",Ruler COR-168,mercenary heavy,arcanum,Dwarvish,"Tempus, Torm, Tyr",142577,750902532,24.45,61.0,71.4,0,0,synthetic generator v2,synthetic,0.43,12222733,-4,0.0,3.67578,79.45697
Neverwinter Settlement 0628,Neverwinter,Neverwinter,1672,3811381,319605,"{'humans': 1266, 'elves': 141, 'dwarves': 78, 'halflings': 38, 'half-orcs': 16, 'misc.': 133}",47,famine,['Democracy'],"{'poor': 0.5596, 'middle': 0.3637, 'wealthy': 0.0721, 'aristocrat': 0.0046}",1,"[['armor', 'weapons']]","[['mercenaries', 'ore', 'spices']]",Ruler NEV-927,small militia,local academy,Halfling,"Selune, Torm, Tyr",177268,765621383,126.06,54.9,38.4,3,0,synthetic generator v2,derived,0.62,4367932,-1,11.3,47.47674,-88.63089
Neverwinter Settlement 0629,Neverwinter,Neverwinter,1879,3985798,148732,"{'humans': 1611, 'elves': 177, 'dwarves': 163, 'halflings': 131, 'half-orcs': 28, 'misc.': 0}",122,monster attack,['Dictatorship'],"{'poor': 0.5925, 'middle': 0.3447, 'wealthy': 0.0582, 'aristocrat': 0.0046}",0,"[['gems', 'wine']]","[['coal', 'spices']]",Ruler NEV-591,small militia,None,"Common, Draconic, Dwarvish","Lathander, Tempus",177268,765621383,486.13,51.6,29.4,9,0,synthetic generator v2,synthetic,0.77,3791676,0,31.5,-32.65652,-76.79591
Waterdeep Settlement 0630,Waterdeep,Waterdeep,685,2639663,35857,"{'humans': 604, 'elves': 75, 'dwarves': 53, 'halflings': 19, 'half-orcs': 21, 'misc.': 0}",34,crime,['Patriarchy'],"{'poor': 0.6168, 'middle': 0.2655, 'wealthy': 0.0522, 'aristocrat': 0.0655}",0,[['books']],"[['coal', 'jewelry', 'ore', 'spices']]",Ruler WAT-819,small militia,local academy,"Draconic, Halfling, Orc","Lathander, Torm, Tyr",236326,985356857,360.33,57.5,44.1,1,0,synthetic generator v2,derived,0.68,2997837,-3,3.5,61.80676,121.615
Amn Settlement 0631,Amn,Athkatla,12329,100341545,8344633,"{'humans': 9103, 'elves': 784, 'dwarves': 766, 'halflings': 913, 'half-orcs': 218, 'misc.': 545}",88,old age,['Dictatorship'],"{'poor': 0.5069, 'middle': 0.2218, 'wealthy': 0.0755, 'aristocrat': 0.1958}",18,"[['armor', 'cloth', 'grain', 'salt']]","[['magic items', 'mercenaries', 'parchment']]",Ruler AMN-462,mercenary heavy,guilds,"Elvish, Halfling, Orc","Lathander, Selune",169970,832884482,532.71,72.3,86.6,2,0,synthetic generator v2,synthetic,0.52,128333215,1,21.4,4.83795,-41.34631
Calimshan Settlement 0632,Calimshan,Memnon,4120,15274246,761801,"{'humans': 3528, 'elves': 347, 'dwarves': 377, 'halflings': 106, 'half-orcs': 153, 'misc.': 0}",115,arcane mishap,['Confederacy'],"{'poor': 0.6336, 'middle': 0.2658, 'wealthy': 0.0351, 'aristocrat': 0.0654}",0,"[['armor', 'gems', 'horses', 'wine']]","[['coal', 'jewelry', 'mercenaries']]",Ruler CAL-885,mercenary heavy,local academy,"Common, Halfling, Orc","Mystra, Tempus",175132,771448209,491.39,76.7,18.9,2,0,synthetic generator v2,derived,0.95,21100691,1,7.0,-11.51559,100.5705
Cormyr Settlement 0633,Cormyr,Suzail,733,4746703,298672,"{'humans': 478, 'elves': 54, 'dwarves': 48, 'halflings': 68, 'half-orcs': 32, 'misc.': 53}",67,crime,['Confederacy'],"{'poor': 0.5197, 'middle': 0.2966, 'wealthy': 0.0339, 'aristocrat': 0.1498}",9,"[['armor', 'books', 'grain', 'horses', 'weapons']]","[['coal', 'glass', 'jewelry', 'magic items', 'parchment']]",Ruler COR-296,small militia,None,"Elvish, Orc",Chauntea,142577,750902532,460.05,56.2,75.6,7,0,synthetic generator v2,synthetic,0.53,4524872,0,31.7,8.18712,-50.58178
Neverwinter Settlement 0634,Neverwinter,Neverwinter,7405,67779553,6002437,"{'humans': 5701, 'elves': 377, 'dwarves': 254, 'halflings': 316, 'half-orcs': 394, 'misc.': 363}",174,disease,['Dictatorship'],"{'poor': 0.4858, 'middle': 0.2004, 'wealthy': 0.0883, 'aristocrat': 0.2255}",19,"[['armor', 'salt']]","[['mercenaries', 'silk']]",Ruler NEV-440,naval patrol,local academy,Dwarvish,"Torm, Tyr",177268,765621383,387.0,45.1,60.3,3,0,synthetic generator v2,synthetic,0.54,82038296,0,25.7,29.83743,0.06568
Tethyr Settlement 0635,Tethyr,Darromar,289,871907,16224,"{'humans': 219, 'elves': 23, 'dwarves': 14, 'halflings': 21, 'half-orcs': 4, 'misc.': 8}",71,disease,['Monarchy'],"{'poor': 0.6308, 'middle': 0.3017, 'wealthy': 0.0227, 'aristocrat': 0.0447}",0,"[['cloth', 'fish', 'gems', 'grain', 'timber']]","[['coal', 'mercenaries', 'parchment']]",Ruler TET-930,professional guard,arcanum,"Draconic, Elvish, Halfling","Chauntea, Selune, Tyr",193641,937694481,383.23,62.3,70.9,3,0,synthetic generator v2,derived,0.51,1129105,2,10.5,-27.14276,-38.51529
Tethyr Settlement 0636,Tethyr,Darromar,1194,8077999,74858,"{'humans': 778, 'elves': 124, 'dwarves': 78, 'halflings': 78, 'half-orcs': 23, 'misc.': 113}",148,arcane mishap,['Confederacy'],"{'poor': 0.4564, 'middle': 0.3646, 'wealthy': 0.0216, 'aristocrat': 0.1574}",0,[['salt']],[['parchment']],Ruler TET-634,mercenary heavy,None,"Elvish, Halfling, Orc","Mystra, Selune, Tempus",193641,937694481,505.73,66.3,57.8,8,0,synthetic generator v2,synthetic,0.58,7995458,0,28.0,-1.22847,31.44894
Calimshan Settlement 0637,Calimshan,Memnon,223,468835,27483,"{'humans': 194, 'elves': 6, 'dwarves': 10, 'halflings': 7, 'half-orcs': 3, 'misc.': 3}",128,war,['Confederacy'],"{'poor': 0.6766, 'middle': 0.2351, 'wealthy': 0.0834, 'aristocrat': 0.0049}",10,[['horses']],"[['glass', 'silk']]",Ruler CAL-805,naval patrol,local academy,"Common, Halfling, Orc","Chauntea, Lathander",175132,771448209,25.84,76.4,35.5,6,0,synthetic generator v2,synthetic,0.45,644588,-1,29.0,12.86716,59.61502
Waterdeep Settlement 0638,Waterdeep,Waterdeep,1680,5316014,295068,"{'humans': 1461, 'elves': 177, 'dwarves': 138, 'halflings': 127, 'half-orcs': 21, 'misc.': 0}",172,crime,['Theocracy'],"{'poor': 0.672, 'middle': 0.2086, 'wealthy': 0.0783, 'aristocrat': 0.0411}",0,"[['armor', 'grain', 'horses', 'timber']]","[['jewelry', 'magic items', 'ore', 'silk', 'spices']]",Ruler WAT-485,naval patrol,guilds,"Common, Draconic, Dwarvish",Tempus,236326,985356857,205.06,48.0,29.4,0,0,synthetic generator v2,synthetic,0.75,6369606,-1,0.0,-33.34355,26.66621
Calimshan Settlement 0639,Calimshan,Memnon,5027,11558485,841085,"{'humans': 3774, 'elves': 558, 'dwarves': 429, 'halflings': 379, 'half-orcs': 188, 'misc.': 0}",74,famine,['Merchant Council'],"{'poor': 0.6351, 'middle': 0.3054, 'wealthy': 0.0426, 'aristocrat': 0.0169}",15,"[['salt', 'weapons']]","[['coal', 'jewelry', 'magic items', 'mercenaries', 'parchment']]",Ruler CAL-762,mercenary heavy,arcanum,"Common, Draconic, Halfling","Selune, Tyr",175132,771448209,100.8,73.6,14.4,2,0,synthetic generator v2,synthetic,0.85,15374778,-3,19.0,61.91945,-100.88051
Baldur's Gate,Baldurs Gate,Baldur's Gate,1536,3321848,33502,"{'humans': 1162, 'elves': 165, 'dwarves': 145, 'halflings': 141, 'half-orcs': 40, 'misc.': 0}",116,old age,['Dictatorship'],"{'poor': 0.6048, 'middle': 0.321, 'wealthy': 0.0697, 'aristocrat': 0.0045}",14,"[['books', 'fish', 'gems', 'timber', 'wine']]","[['glass', 'silk', 'spices']]",Ruler BAL-154,naval patrol,None,"Common, Orc",Selune,241116,953675704,421.79,56.5,56.3,8,0,synthetic generator v2,synthetic,0.46,3888528,2,39.2,-16.62763,-15.567
Tethyr Settlement 0641,Tethyr,Darromar,2563,5424841,286083,"{'humans': 2259, 'elves': 103, 'dwarves': 169, 'halflings': 101, 'half-orcs': 137, 'misc.': 0}",96,war,['Dictatorship'],"{'poor': 0.6357, 'middle': 0.287, 'wealthy': 0.0727, 'aristocrat': 0.0046}",1,"[['armor', 'cloth', 'grain', 'wine']]","[['glass', 'magic items', 'ore', 'silk']]",Ruler TET-608,professional guard,arcanum,"Common, Draconic, Halfling","Lathander, Selune",193641,937694481,548.25,73.5,49.1,8,0,synthetic generator v2,synthetic,0.49,4106415,0,28.8,2.72966,114.23381
Baldurs Gate Settlement 0642,Baldurs Gate,Baldur's Gate,1213,4013571,25210,"{'humans': 891, 'elves': 38, 'dwarves': 53, 'halflings': 95, 'half-orcs': 58, 'misc.': 78}",56,old age,['Theocracy'],"{'poor': 0.6405, 'middle': 0.2589, 'wealthy': 0.0514, 'aristocrat': 0.0492}",8,"[['armor', 'books', 'fish', 'grain']]","[['jewelry', 'parchment', 'silk']]",Ruler BAL-574,mercenary heavy,arcanum,"Common, Draconic, Elvish","Chauntea, Selune",241116,953675704,172.61,57.6,50.5,6,0,synthetic generator v2,derived,0.4,3918594,1,27.4,18.58588,-61.5609
Cormyr Settlement 0643,Cormyr,Suzail,6303,36146258,1654076,"{'humans': 4338, 'elves': 624, 'dwarves': 370, 'halflings': 312, 'half-orcs': 177, 'misc.': 482}",76,monster attack,['Confederacy'],"{'poor': 0.5999, 'middle': 0.2328, 'wealthy': 0.0369, 'aristocrat': 0.1303}",7,"[['armor', 'wine']]","[['coal', 'jewelry', 'parchment', 'spices']]",Ruler COR-468,naval patrol,local academy,"Common, Draconic, Elvish","Chauntea, Torm, Tyr",142577,750902532,206.7,58.6,69.7,9,0,synthetic generator v2,synthetic,0.8,38395834,-2,37.1,30.81837,52.53281
Sembia Settlement 0644,Sembia,Selgaunt,3305,8660689,639439,"{'humans': 2181, 'elves': 117, 'dwarves': 180, 'halflings': 191, 'half-orcs': 191, 'misc.': 445}",145,disease,['Dictatorship'],"{'poor': 0.6155, 'middle': 0.3128, 'wealthy': 0.0464, 'aristocrat': 0.0254}",0,"[['armor', 'grain', 'weapons']]","[['coal', 'jewelry', 'mercenaries', 'spices']]",Ruler SEM-754,naval patrol,guilds,"Draconic, Elvish, Orc","Tempus, Tyr",158418,730633739,104.34,61.0,45.8,6,0,synthetic generator v2,synthetic,0.82,10713393,-1,21.0,-0.55283,62.94222
Waterdeep Settlement 0645,Waterdeep,Waterdeep,3175,16700431,1018585,"{'humans': 2449, 'elves': 145, 'dwarves': 207, 'halflings': 249, 'half-orcs': 185, 'misc.': 0}",178,arcane mishap,['Dictatorship'],"{'poor': 0.5007, 'middle': 0.3175, 'wealthy': 0.0845, 'aristocrat': 0.0973}",6,"[['books', 'gems', 'salt', 'weapons']]",[['coal']],Ruler WAT-623,naval patrol,None,"Common, Elvish","Lathander, Mystra, Torm",236326,985356857,501.47,55.9,45.3,6,0,synthetic generator v2,synthetic,0.58,17540870,3,25.8,-25.90998,-82.60506
Baldurs Gate Settlement 0646,Baldurs Gate,Baldur's Gate,219,1791575,15525,"{'humans': 155, 'elves': 25, 'dwarves': 12, 'halflings': 13, 'half-orcs': 10, 'misc.': 4}",50,disease,['Patriarchy'],"{'poor': 0.4524, 'middle': 0.3062, 'wealthy': 0.0409, 'aristocrat': 0.2004}",4,"[['salt', 'timber']]","[['glass', 'silk', 'spices']]",Ruler BAL-961,professional guard,guilds,"Common, Dwarvish","Tempus, Torm",241116,953675704,94.92,54.4,46.7,4,0,synthetic generator v2,derived,0.79,1944990,-1,17.2,-35.97171,-79.8408
Neverwinter Settlement 0647,Neverwinter,Neverwinter,3788,39756546,1965865,"{'humans': 3222, 'elves': 299, 'dwarves': 321, 'halflings': 155, 'half-orcs': 164, 'misc.': 0}",75,disease,['Patriarchy'],"{'poor': 0.4574, 'middle': 0.2039, 'wealthy': 0.0659, 'aristocrat': 0.2729}",9,"[['fish', 'timber', 'weapons', 'wine']]","[['coal', 'glass', 'parchment']]",Ruler NEV-373,small militia,guilds,"Draconic, Orc","Chauntea, Torm",177268,765621383,347.87,44.7,34.1,2,0,synthetic generator v2,synthetic,0.91,47819984,1,14.2,27.43189,-46.29662
Neverwinter Settlement 0648,Neverwinter,Neverwinter,2598,5347010,198552,"{'humans': 1907, 'elves': 90, 'dwarves': 203, 'halflings': 202, 'half-orcs': 155, 'misc.': 41}",83,crime,['Merchant Council'],"{'poor': 0.6021, 'middle': 0.3415, 'wealthy': 0.0519, 'aristocrat': 0.0045}",0,[['books']],[['magic items']],Ruler NEV-763,naval patrol,local academy,"Common, Draconic, Elvish","Lathander, Mystra, Tyr",177268,765621383,108.03,42.4,55.1,8,0,synthetic generator v2,synthetic,0.49,6079882,0,28.0,-24.24389,-22.67771
Amn Settlement 0649,Amn,Athkatla,1908,16214398,694455,"{'humans': 1697, 'elves': 195, 'dwarves': 71, 'halflings': 41, 'half-orcs': 80, 'misc.': 0}",43,old age,['Theocracy'],"{'poor': 0.528, 'middle': 0.215, 'wealthy': 0.0405, 'aristocrat': 0.2166}",5,"[['armor', 'books']]","[['mercenaries', 'parchment']]",Ruler AMN-208,naval patrol,local academy,"Elvish, Halfling","Chauntea, Lathander",169970,832884482,338.48,68.2,78.8,0,0,synthetic generator v2,derived,0.94,13716441,0,4.0,8.61537,82.17423
Tethyr Settlement 0650,Tethyr,Darromar,850,3307420,39632,"{'humans': 667, 'elves': 22, 'dwarves': 35, 'halflings': 17, 'half-orcs': 49, 'misc.': 60}",134,famine,['Magocracy'],"{'poor': 0.5288, 'middle': 0.3223, 'wealthy': 0.0981, 'aristocrat': 0.0508}",0,"[['cloth', 'grain', 'weapons']]","[['ore', 'parchment', 'silk', 'spices']]",Ruler TET-252,naval patrol,guilds,"Common, Draconic","Chauntea, Tempus, Torm",193641,937694481,162.24,63.8,52.0,8,0,synthetic generator v2,synthetic,0.42,4198444,-1,28.0,60.68148,-65.43862
Neverwinter Settlement 0651,Neverwinter,Neverwinter,2169,12977538,835918,"{'humans': 1804, 'elves': 156, 'dwarves': 148, 'halflings': 209, 'half-orcs': 121, 'misc.': 0}",47,disease,['Confederacy'],"{'poor': 0.5733, 'middle': 0.2094, 'wealthy': 0.0921, 'aristocrat': 0.1252}",0,"[['fish', 'gems', 'grain', 'salt', 'timber']]","[['glass', 'magic items', 'ore', 'parchment', 'silk']]",Ruler NEV-49,mercenary heavy,local academy,"Draconic, Orc","Chauntea, Tyr",177268,765621383,102.48,51.2,31.0,2,0,synthetic generator v2,derived,0.92,13005602,0,7.0,32.64857,-114.10971
Sembia Settlement 0652,Sembia,Selgaunt,1205,3471186,343053,"{'humans': 1037, 'elves': 74, 'dwarves': 65, 'halflings': 66, 'half-orcs': 22, 'misc.': 0}",135,old age,['Monarchy'],"{'poor': 0.6113, 'middle': 0.2852, 'wealthy': 0.0758, 'aristocrat': 0.0277}",5,"[['armor', 'books', 'timber', 'weapons']]","[['coal', 'jewelry', 'mercenaries', 'spices']]",Ruler SEM-74,naval patrol,guilds,"Elvish, Halfling","Chauntea, Selune",158418,730633739,476.5,49.1,34.0,3,0,synthetic generator v2,derived,0.8,4461414,0,14.5,72.0212,-50.63666
Cormyr Settlement 0653,Cormyr,Suzail,949,3734445,308138,"{'humans': 829, 'elves': 38, 'dwarves': 32, 'halflings': 64, 'half-orcs': 14, 'misc.': 0}",50,crime,['Magocracy'],"{'poor': 0.5188, 'middle': 0.3477, 'wealthy': 0.0776, 'aristocrat': 0.0558}",1,"[['cloth', 'fish', 'horses', 'timber', 'weapons']]","[['coal', 'magic items', 'spices']]",Ruler COR-658,mercenary heavy,local academy,Draconic,"Selune, Tempus",142577,750902532,257.71,64.1,45.5,10,0,synthetic generator v2,derived,0.37,4599454,2,35.8,-10.37342,-25.81573
Baldurs Gate Settlement 0654,Baldurs Gate,Baldur's Gate,468,1155546,10245,"{'humans': 305, 'elves': 38, 'dwarves': 42, 'halflings': 19, 'half-orcs': 17, 'misc.': 47}",101,crime,['Magocracy'],"{'poor': 0.537, 'middle': 0.3654, 'wealthy': 0.0927, 'aristocrat': 0.005}",0,"[['armor', 'grain', 'weapons', 'wine']]","[['glass', 'mercenaries']]",Ruler BAL-326,mercenary heavy,None,Common,"Selune, Torm, Tyr",241116,953675704,485.74,56.6,44.5,1,0,synthetic generator v2,synthetic,0.43,1368661,2,3.5,-5.11449,-80.60595
Amn Settlement 0655,Amn,Athkatla,213,480261,32587,"{'humans': 160, 'elves': 8, 'dwarves': 7, 'halflings': 13, 'half-orcs': 2, 'misc.': 23}",63,famine,['Confederacy'],"{'poor': 0.5779, 'middle': 0.3437, 'wealthy': 0.0736, 'aristocrat': 0.0048}",3,"[['fish', 'salt', 'weapons', 'wine']]","[['jewelry', 'mercenaries', 'parchment', 'silk']]",Ruler AMN-685,mercenary heavy,None,"Elvish, Orc","Chauntea, Lathander, Tyr",169970,832884482,548.5,69.1,80.8,5,0,synthetic generator v2,synthetic,0.73,526523,0,19.9,53.32075,-101.51384
Tethyr Settlement 0656,Tethyr,Darromar,2273,4214928,289856,"{'humans': 1889, 'elves': 158, 'dwarves': 151, 'halflings': 144, 'half-orcs': 30, 'misc.': 0}",118,war,['Confederacy'],"{'poor': 0.6627, 'middle': 0.2935, 'wealthy': 0.039, 'aristocrat': 0.0048}",0,"[['cloth', 'gems', 'grain', 'horses']]","[['jewelry', 'mercenaries', 'ore', 'spices']]",Ruler TET-9,small militia,guilds,"Draconic, Dwarvish","Chauntea, Tempus, Torm",193641,937694481,220.73,63.6,79.9,3,0,synthetic generator v2,derived,0.78,5495429,0,10.5,-35.12885,-49.37073
Neverwinter Settlement 0657,Neverwinter,Neverwinter,638,1205148,41614,"{'humans': 437, 'elves': 64, 'dwarves': 62, 'halflings': 37, 'half-orcs': 6, 'misc.': 32}",88,arcane mishap,['Satrapy'],"{'poor': 0.6012, 'middle': 0.3706, 'wealthy': 0.0234, 'aristocrat': 0.0047}",20,[['gems']],"[['glass', 'magic items', 'silk', 'spices']]",Ruler NEV-463,mercenary heavy,arcanum,"Elvish, Halfling","Chauntea, Lathander",177268,765621383,85.32,46.5,29.1,0,0,synthetic generator v2,derived,0.4,1566587,-3,16.0,-6.01296,124.50285
Baldurs Gate Settlement 0658,Baldurs Gate,Baldur's Gate,4784,20015358,1932347,"{'humans': 3425, 'elves': 100, 'dwarves': 451, 'halflings': 261, 'half-orcs': 76, 'misc.': 471}",170,war,['Magocracy'],"{'poor': 0.6316, 'middle': 0.2246, 'wealthy': 0.0697, 'aristocrat': 0.074}",14,"[['gems', 'horses', 'salt', 'timber', 'wine']]","[['jewelry', 'magic items', 'parchment', 'silk', 'spices']]",Ruler BAL-98,naval patrol,local academy,"Dwarvish, Orc",Tyr,241116,953675704,366.81,51.0,63.7,9,0,synthetic generator v2,synthetic,0.57,25602328,0,42.7,2.12811,-51.00391
Waterdeep Settlement 0659,Waterdeep,Waterdeep,1433,6148707,291277,"{'humans': 1095, 'elves': 159, 'dwarves': 121, 'halflings': 38, 'half-orcs': 15, 'misc.': 5}",25,famine,['Dictatorship'],"{'poor': 0.6681, 'middle': 0.2128, 'wealthy': 0.0308, 'aristocrat': 0.0883}",11,"[['books', 'cloth', 'grain', 'horses', 'wine']]","[['glass', 'magic items', 'mercenaries', 'ore', 'spices']]",Ruler WAT-319,small militia,guilds,"Draconic, Halfling, Orc","Lathander, Mystra, Selune",236326,985356857,188.4,58.8,48.7,2,0,synthetic generator v2,derived,0.88,5537491,0,15.8,69.37958,30.30966
Waterdeep Settlement 0660,Waterdeep,Waterdeep,768,2814160,108938,"{'humans': 568, 'elves': 80, 'dwarves': 71, 'halflings': 67, 'half-orcs': 15, 'misc.': 0}",156,monster attack,['Merchant Council'],"{'poor': 0.6808, 'middle': 0.2075, 'wealthy': 0.0467, 'aristocrat': 0.065}",0,"[['gems', 'grain', 'weapons']]","[['glass', 'mercenaries', 'ore', 'spices']]",Ruler WAT-149,mercenary heavy,local academy,"Common, Draconic, Dwarvish","Mystra, Torm, Tyr",236326,985356857,171.86,53.4,45.8,3,0,synthetic generator v2,synthetic,0.42,2166562,-1,10.5,-24.14452,18.53756
Neverwinter Settlement 0661,Neverwinter,Neverwinter,1116,8071197,104086,"{'humans': 729, 'elves': 121, 'dwarves': 70, 'halflings': 64, 'half-orcs': 18, 'misc.': 114}",60,war,['Theocracy'],"{'poor': 0.5029, 'middle': 0.2527, 'wealthy': 0.08, 'aristocrat': 0.1643}",0,[['wine']],[['coal']],Ruler NEV-295,mercenary heavy,local academy,Common,"Selune, Tempus",177268,765621383,223.8,49.3,56.0,10,0,synthetic generator v2,synthetic,0.69,8540861,0,35.0,-17.67004,-111.88222
Baldurs Gate Settlement 0662,Baldurs Gate,Baldur's Gate,348,2001873,84037,"{'humans': 284, 'elves': 23, 'dwarves': 16, 'halflings': 17, 'half-orcs': 7, 'misc.': 1}",42,arcane mishap,['Dictatorship'],"{'poor': 0.6109, 'middle': 0.2045, 'wealthy': 0.0571, 'aristocrat': 0.1275}",19,"[['gems', 'grain', 'weapons']]","[['coal', 'glass']]",Ruler BAL-632,mercenary heavy,guilds,Common,"Tempus, Tyr",241116,953675704,399.2,58.2,59.0,5,0,synthetic generator v2,synthetic,0.91,2219465,1,32.7,-21.27045,12.79233
Sembia Settlement 0663,Sembia,Selgaunt,911,6059121,371768,"{'humans': 612, 'elves': 102, 'dwarves': 44, 'halflings': 48, 'half-orcs': 27, 'misc.': 78}",84,crime,['Theocracy'],"{'poor': 0.4673, 'middle': 0.3075, 'wealthy': 0.0837, 'aristocrat': 0.1415}",0,"[['armor', 'fish', 'grain', 'salt']]","[['coal', 'glass', 'ore', 'parchment']]",Ruler SEM-497,mercenary heavy,guilds,"Elvish, Orc","Selune, Tyr",158418,730633739,53.23,48.0,36.3,9,0,synthetic generator v2,derived,0.92,6868947,0,31.5,-12.6409,-81.05267
Cormyr Settlement 0664,Cormyr,Suzail,1329,2464668,41711,"{'humans': 1191, 'elves': 142, 'dwarves': 69, 'halflings': 45, 'half-orcs': 45, 'misc.': 0}",134,old age,['Satrapy'],"{'poor': 0.622, 'middle': 0.3483, 'wealthy': 0.0251, 'aristocrat': 0.0047}",0,"[['armor', 'salt', 'timber', 'weapons', 'wine']]","[['coal', 'mercenaries', 'parchment']]",Ruler COR-282,small militia,arcanum,"Draconic, Dwarvish",Mystra,142577,750902532,300.86,53.5,41.8,5,0,synthetic generator v2,derived,0.64,2036518,2,17.5,-4.53351,-87.12338
Amn Settlement 0665,Amn,Athkatla,465,2700833,27509,"{'humans': 411, 'elves': 18, 'dwarves': 23, 'halflings': 13, 'half-orcs': 11, 'misc.': 0}",175,famine,['Patriarchy'],"{'poor': 0.4593, 'middle': 0.3848, 'wealthy': 0.0324, 'aristocrat': 0.1234}",4,"[['grain', 'timber', 'weapons', 'wine']]","[['coal', 'ore']]",Ruler AMN-231,naval patrol,local academy,"Common, Draconic","Lathander, Torm",169970,832884482,212.19,68.9,75.0,8,0,synthetic generator v2,derived,0.77,2118445,2,31.2,-16.25259,-28.97354
Sembia Settlement 0666,Sembia,Selgaunt,491,3559478,138032,"{'humans': 350, 'elves': 53, 'dwarves': 27, 'halflings': 31, 'half-orcs': 4, 'misc.': 26}",127,war,['Monarchy'],"{'poor': 0.5003, 'middle': 0.2643, 'wealthy': 0.0683, 'aristocrat': 0.1671}",0,"[['armor', 'horses', 'timber']]","[['mercenaries', 'ore']]",Ruler SEM-262,naval patrol,None,"Dwarvish, Elvish, Orc","Lathander, Tempus, Torm",158418,730633739,109.52,56.2,62.8,7,0,synthetic generator v2,synthetic,0.86,4141889,1,24.5,28.08212,-2.86903
Baldurs Gate Settlement 0667,Baldurs Gate,Baldur's Gate,240,2229271,163304,"{'humans': 180, 'elves': 20, 'dwarves': 11, 'halflings': 23, 'half-orcs': 3, 'misc.': 3}",67,monster attack,['Satrapy'],"{'poor': 0.4949, 'middle': 0.2035, 'wealthy': 0.0665, 'aristocrat': 0.2352}",2,[['fish']],[['mercenaries']],Ruler BAL-320,naval patrol,None,"Draconic, Dwarvish","Lathander, Mystra, Torm",241116,953675704,295.7,59.6,57.7,3,0,synthetic generator v2,synthetic,0.84,2673212,0,12.1,-0.85645,91.91308
Baldurs Gate Settlement 0668,Baldurs Gate,Baldur's Gate,787,1719422,172206,"{'humans': 589, 'elves': 45, 'dwarves': 30, 'halflings': 44, 'half-orcs': 37, 'misc.': 42}",112,famine,['Merchant Council'],"{'poor': 0.6227, 'middle': 0.2936, 'wealthy': 0.0791, 'aristocrat': 0.0046}",0,"[['armor', 'fish', 'timber', 'weapons']]","[['coal', 'jewelry', 'ore', 'parchment', 'silk']]",Ruler BAL-58,naval patrol,local academy,Common,"Lathander, Torm, Tyr",241116,953675704,471.18,63.6,63.6,2,0,synthetic generator v2,derived,0.44,2238025,-1,7.0,-34.80553,-39.08731
Cormyr Settlement 0669,Cormyr,Suzail,3375,20165054,350736,"{'humans': 2279, 'elves': 274, 'dwarves': 176, 'halflings': 116, 'half-orcs': 193, 'misc.': 337}",163,crime,['Theocracy'],"{'poor': 0.5678, 'middle': 0.2201, 'wealthy': 0.0864, 'aristocrat': 0.1257}",0,"[['fish', 'gems', 'weapons']]",[['ore']],Ruler COR-608,mercenary heavy,local academy,Draconic,"Selune, Tempus",142577,750902532,158.66,61.6,58.0,5,0,synthetic generator v2,derived,0.42,23081347,2,17.5,21.57949,10.63799
Waterdeep Settlement 0670,Waterdeep,Waterdeep,2727,6090975,33910,"{'humans': 1801, 'elves': 127, 'dwarves': 99, 'halflings': 209, 'half-orcs': 135, 'misc.': 356}",131,monster attack,['Patriarchy'],"{'poor': 0.6184, 'middle': 0.2917, 'wealthy': 0.0854, 'aristocrat': 0.0046}",0,"[['armor', 'books', 'horses', 'timber', 'weapons']]","[['jewelry', 'magic items', 'mercenaries', 'parchment', 'spices']]",Ruler WAT-112,professional guard,None,"Elvish, Halfling","Selune, Tyr",236326,985356857,356.06,49.7,62.8,4,0,synthetic generator v2,derived,0.47,6714809,0,14.0,-11.24392,29.89579
Neverwinter Settlement 0671,Neverwinter,Neverwinter,1501,8567567,335204,"{'humans': 1075, 'elves': 160, 'dwarves': 74, 'halflings': 84, 'half-orcs': 63, 'misc.': 45}",37,crime,['Dictatorship'],"{'poor': 0.5756, 'middle': 0.2138, 'wealthy': 0.0949, 'aristocrat': 0.1156}",1,"[['weapons', 'wine']]","[['magic items', 'ore', 'parchment', 'silk', 'spices']]",Ruler NEV-759,naval patrol,local academy,Dwarvish,"Mystra, Tempus",177268,765621383,518.38,55.0,30.3,7,0,synthetic generator v2,synthetic,0.46,6553130,-3,25.3,-10.78021,110.08841
Calimshan Settlement 0672,Calimshan,Memnon,1032,2314962,161919,"{'humans': 815, 'elves': 59, 'dwarves': 63, 'halflings': 26, 'half-orcs': 34, 'misc.': 35}",97,disease,['Confederacy'],"{'poor': 0.6329, 'middle': 0.2713, 'wealthy': 0.0911, 'aristocrat': 0.0048}",0,"[['gems', 'grain', 'salt', 'weapons', 'wine']]","[['coal', 'glass', 'magic items', 'parchment', 'silk']]",Ruler CAL-270,professional guard,guilds,Draconic,"Selune, Tyr",175132,771448209,502.21,75.2,39.2,10,0,synthetic generator v2,derived,0.49,2441905,0,35.0,20.8139,-94.27155
Neverwinter Settlement 0673,Neverwinter,Neverwinter,1317,12240768,796415,"{'humans': 996, 'elves': 81, 'dwarves': 79, 'halflings': 95, 'half-orcs': 49, 'misc.': 17}",51,old age,['Merchant Council'],"{'poor': 0.4629, 'middle': 0.2308, 'wealthy': 0.075, 'aristocrat': 0.2313}",17,[['fish']],"[['jewelry', 'mercenaries', 'spices']]",Ruler NEV-862,naval patrol,arcanum,Draconic,"Lathander, Tempus, Torm",177268,765621383,204.84,43.6,41.0,4,0,synthetic generator v2,derived,0.93,12597908,-2,27.6,45.5836,0.01126
Amn Settlement 0674,Amn,Athkatla,3892,13808889,136618,"{'humans': 3217, 'elves': 282, 'dwarves': 241, 'halflings': 274, 'half-orcs': 210, 'misc.': 0}",155,crime,['Democracy'],"{'poor': 0.5523, 'middle': 0.363, 'wealthy': 0.0294, 'aristocrat': 0.0553}",0,[['books']],"[['coal', 'magic items', 'mercenaries', 'silk']]",Ruler AMN-266,naval patrol,local academy,"Common, Dwarvish","Chauntea, Mystra, Torm",169970,832884482,449.84,62.3,84.7,2,0,synthetic generator v2,synthetic,0.84,14165452,-3,7.0,24.37315,-111.24385
Waterdeep Settlement 0675,Waterdeep,Waterdeep,6300,21315215,763951,"{'humans': 5235, 'elves': 210, 'dwarves': 562, 'halflings': 273, 'half-orcs': 88, 'misc.': 0}",177,arcane mishap,['Confederacy'],"{'poor': 0.5968, 'middle': 0.2683, 'wealthy': 0.0957, 'aristocrat': 0.0393}",19,"[['armor', 'cloth', 'gems', 'salt']]","[['coal', 'glass', 'magic items', 'spices']]",Ruler WAT-392,naval patrol,None,"Draconic, Dwarvish, Orc","Lathander, Mystra, Tyr",236326,985356857,280.95,53.4,45.7,4,0,synthetic generator v2,derived,0.52,22420200,0,29.2,56.25605,-108.52134
Waterdeep Settlement 0676,Waterdeep,Waterdeep,617,3880304,28671,"{'humans': 520, 'elves': 72, 'dwarves': 53, 'halflings': 46, 'half-orcs': 17, 'misc.': 0}",109,arcane mishap,['Confederacy'],"{'poor': 0.4979, 'middle': 0.3061, 'wealthy': 0.0593, 'aristocrat': 0.1367}",0,[['wine']],"[['coal', 'jewelry', 'mercenaries', 'ore', 'silk']]",Ruler WAT-113,mercenary heavy,guilds,"Dwarvish, Orc","Selune, Tempus, Torm",236326,985356857,85.32,46.4,55.3,5,0,synthetic generator v2,synthetic,0.36,3389077,-4,17.5,72.40938,20.63874
Sembia Settlement 0677,Sembia,Selgaunt,4440,9371605,300775,"{'humans': 3507, 'elves': 460, 'dwarves': 398, 'halflings': 305, 'half-orcs': 93, 'misc.': 0}",146,famine,['Monarchy'],"{'poor': 0.594, 'middle': 0.3446, 'wealthy': 0.0566, 'aristocrat': 0.0047}",6,"[['armor', 'salt']]","[['mercenaries', 'ore', 'parchment']]",Ruler SEM-2,naval patrol,local academy,"Draconic, Elvish, Orc","Mystra, Tempus, Torm",158418,730633739,225.59,56.1,65.9,0,0,synthetic generator v2,derived,0.55,10428089,-1,4.8,39.53673,-23.81532
Sembia Settlement 0678,Sembia,Selgaunt,826,4633238,14769,"{'humans': 610, 'elves': 18, 'dwarves': 78, 'halflings': 49, 'half-orcs': 29, 'misc.': 42}",93,crime,['Merchant Council'],"{'poor': 0.6073, 'middle': 0.2089, 'wealthy': 0.0626, 'aristocrat': 0.1213}",1,"[['cloth', 'horses', 'salt', 'wine']]","[['coal', 'jewelry', 'spices']]",Ruler SEM-232,mercenary heavy,local academy,Dwarvish,"Mystra, Tyr",158418,730633739,44.13,47.8,42.7,1,0,synthetic generator v2,derived,0.48,3475029,1,4.3,6.10957,-117.00733
Cormyr Settlement 0679,Cormyr,Suzail,814,3486377,69166,"{'humans': 582, 'elves': 43, 'dwarves': 66, 'halflings': 66, 'half-orcs': 23, 'misc.': 34}",95,war,['Magocracy'],"{'poor': 0.5971, 'middle': 0.2962, 'wealthy': 0.0219, 'aristocrat': 0.0847}",0,"[['salt', 'timber']]","[['ore', 'parchment', 'silk']]",Ruler COR-381,small militia,local academy,"Common, Dwarvish, Elvish","Chauntea, Selune, Tyr",142577,750902532,418.05,65.1,46.0,10,0,synthetic generator v2,derived,0.66,3031027,-1,35.0,47.11102,-7.23045
Baldurs Gate Settlement 0680,Baldurs Gate,Baldur's Gate,5704,13586454,746926,"{'humans': 4577, 'elves': 619, 'dwarves': 363, 'halflings': 452, 'half-orcs': 256, 'misc.': 0}",119,disease,['Democracy'],"{'poor': 0.5433, 'middle': 0.3704, 'wealthy': 0.0814, 'aristocrat': 0.0049}",11,"[['gems', 'grain', 'wine']]","[['coal', 'mercenaries', 'ore', 'silk']]",Ruler BAL-463,naval patrol,arcanum,Elvish,Chauntea,241116,953675704,228.81,50.3,65.8,7,0,synthetic generator v2,derived,0.57,13005905,-1,33.3,0.33126,-20.3105
Tethyr Settlement 0681,Tethyr,Darromar,80,463284,27033,"{'humans': 69, 'elves': 5, 'dwarves': 7, 'halflings': 5, 'half-orcs': 4, 'misc.': 0}",133,disease,['Patriarchy'],"{'poor': 0.5255, 'middle': 0.3123, 'wealthy': 0.0351, 'aristocrat': 0.1271}",11,"[['books', 'fish', 'grain', 'timber', 'weapons']]","[['coal', 'magic items', 'mercenaries', 'ore']]",Ruler TET-695,naval patrol,None,"Dwarvish, Elvish, Halfling",Lathander,193641,937694481,493.62,62.1,68.1,10,0,synthetic generator v2,derived,0.86,456361,1,43.8,-25.16546,-22.80263
Cormyr Settlement 0682,Cormyr,Suzail,2398,9847225,316669,"{'humans': 2071, 'elves': 103, 'dwarves': 80, 'halflings': 232, 'half-orcs': 90, 'misc.': 0}",41,war,['Magocracy'],"{'poor': 0.6297, 'middle': 0.2092, 'wealthy': 0.0951, 'aristocrat': 0.066}",0,"[['books', 'grain', 'horses']]","[['ore', 'parchment']]",Ruler COR-658,professional guard,None,Common,Tyr,142577,750902532,410.39,63.4,70.5,10,0,synthetic generator v2,synthetic,0.76,12739627,1,35.0,68.8947,63.3379
Tethyr Settlement 0683,Tethyr,Darromar,7378,44762008,1107004,"{'humans': 5502, 'elves': 496, 'dwarves': 561, 'halflings': 200, 'half-orcs': 116, 'misc.': 503}",134,crime,['Theocracy'],"{'poor': 0.5892, 'middle': 0.2208, 'wealthy': 0.0528, 'aristocrat': 0.1373}",1,"[['gems', 'horses']]","[['coal', 'glass', 'jewelry', 'magic items', 'silk']]",Ruler TET-681,small militia,None,"Draconic, Halfling",Tempus,193641,937694481,84.94,60.0,51.4,9,0,synthetic generator v2,synthetic,0.44,35972347,-3,32.3,41.14864,-98.16493
Tethyr Settlement 0684,Tethyr,Darromar,1747,9633564,135496,"{'humans': 1433, 'elves': 116, 'dwarves': 161, 'halflings': 123, 'half-orcs': 47, 'misc.': 0}",52,famine,['Magocracy'],"{'poor': 0.5746, 'middle': 0.2702, 'wealthy': 0.0334, 'aristocrat': 0.1218}",7,"[['armor', 'books', 'timber', 'wine']]","[['jewelry', 'magic items', 'ore']]",Ruler TET-505,mercenary heavy,guilds,"Common, Draconic, Halfling",Chauntea,193641,937694481,419.05,65.4,59.1,2,0,synthetic generator v2,derived,0.72,8262675,1,12.6,16.85748,-86.68111
Baldurs Gate Settlement 0685,Baldurs Gate,Baldur's Gate,1650,11934487,950869,"{'humans': 1417, 'elves': 83, 'dwarves': 129, 'halflings': 73, 'half-orcs': 88, 'misc.': 0}",104,old age,['Theocracy'],"{'poor': 0.584, 'middle': 0.2015, 'wealthy': 0.0349, 'aristocrat': 0.1796}",8,"[['cloth', 'timber', 'wine']]","[['glass', 'silk', 'spices']]",Ruler BAL-926,mercenary heavy,arcanum,Orc,"Chauntea, Torm, Tyr",241116,953675704,91.14,61.7,64.0,2,0,synthetic generator v2,synthetic,0.42,16298600,0,13.4,58.71531,77.4934
Amn Settlement 0686,Amn,Athkatla,1011,3915802,229681,"{'humans': 875, 'elves': 63, 'dwarves': 62, 'halflings': 40, 'half-orcs': 34, 'misc.': 0}",160,monster attack,['Merchant Council'],"{'poor': 0.5876, 'middle': 0.2896, 'wealthy': 0.0605, 'aristocrat': 0.0623}",8,"[['cloth', 'fish', 'gems', 'horses', 'salt']]",[['spices']],Ruler AMN-811,mercenary heavy,arcanum,Elvish,"Chauntea, Tyr",169970,832884482,429.9,59.3,89.5,1,1,synthetic generator v2,derived,0.63,5155385,4,10.8,-0.68381,-31.76441
Cormyr Settlement 0687,Cormyr,Suzail,1015,9239942,26434,"{'humans': 698, 'elves': 35, 'dwarves': 71, 'halflings': 39, 'half-orcs': 41, 'misc.': 131}",88,monster attack,['Monarchy'],"{'poor': 0.4695, 'middle': 0.2236, 'wealthy': 0.0832, 'aristocrat': 0.2237}",9,[['grain']],"[['magic items', 'mercenaries', 'ore', 'silk', 'spices']]",Ruler COR-900,small militia,None,"Draconic, Elvish",Tempus,142577,750902532,111.93,60.4,62.7,2,0,synthetic generator v2,synthetic,0.82,10772166,-4,14.2,36.72222,34.25063
Neverwinter Settlement 0688,Neverwinter,Neverwinter,6563,20372726,1444527,"{'humans': 4599, 'elves': 710, 'dwarves': 439, 'halflings': 304, 'half-orcs': 258, 'misc.': 253}",87,disease,['Dictatorship'],"{'poor': 0.5592, 'middle': 0.3504, 'wealthy': 0.0548, 'aristocrat': 0.0357}",5,"[['armor', 'books', 'gems', 'horses', 'timber']]",[['ore']],Ruler NEV-665,professional guard,guilds,"Common, Dwarvish, Halfling","Selune, Tempus",177268,765621383,107.85,51.3,34.1,7,0,synthetic generator v2,derived,0.69,19539874,4,28.5,-1.89385,124.52659
Waterdeep Settlement 0689,Waterdeep,Waterdeep,3235,6833026,414254,"{'humans': 2354, 'elves': 240, 'dwarves': 301, 'halflings': 197, 'half-orcs': 63, 'misc.': 80}",96,old age,['Dictatorship'],"{'poor': 0.6382, 'middle': 0.286, 'wealthy': 0.0709, 'aristocrat': 0.005}",17,"[['horses', 'weapons']]","[['coal', 'jewelry', 'parchment', 'spices']]",Ruler WAT-816,naval patrol,local academy,"Common, Dwarvish","Lathander, Selune, Tyr",236326,985356857,110.26,48.8,43.5,2,0,synthetic generator v2,derived,0.75,8459107,-2,20.6,24.7223,50.81282
Amn Settlement 0690,Amn,Athkatla,301,881435,73067,"{'humans': 233, 'elves': 15, 'dwarves': 17, 'halflings': 14, 'half-orcs': 12, 'misc.': 10}",163,crime,['Theocracy'],"{'poor': 0.6789, 'middle': 0.2262, 'wealthy': 0.0567, 'aristocrat': 0.0382}",4,"[['grain', 'timber']]","[['jewelry', 'ore', 'parchment']]",Ruler AMN-930,naval patrol,local academy,"Common, Dwarvish",Selune,169970,832884482,538.08,72.2,70.1,9,0,synthetic generator v2,synthetic,0.71,1062126,-1,34.7,-32.85159,-87.71758
Neverwinter Settlement 0691,Neverwinter,Neverwinter,787,5707096,25542,"{'humans': 666, 'elves': 91, 'dwarves': 70, 'halflings': 46, 'half-orcs': 34, 'misc.': 0}",46,famine,['Merchant Council'],"{'poor': 0.487, 'middle': 0.2869, 'wealthy': 0.0577, 'aristocrat': 0.1684}",0,"[['cloth', 'gems', 'salt']]",[['parchment']],Ruler NEV-752,mercenary heavy,None,Dwarvish,"Chauntea, Torm, Tyr",177268,765621383,524.85,45.5,50.4,3,0,synthetic generator v2,derived,0.39,5803148,2,10.5,15.8386,-3.05594
Sembia Settlement 0692,Sembia,Selgaunt,812,3550721,315353,"{'humans': 677, 'elves': 91, 'dwarves': 51, 'halflings': 44, 'half-orcs': 17, 'misc.': 0}",72,old age,['Merchant Council'],"{'poor': 0.5164, 'middle': 0.3295, 'wealthy': 0.0855, 'aristocrat': 0.0686}",6,"[['armor', 'cloth', 'timber']]","[['parchment', 'silk']]",Ruler SEM-735,mercenary heavy,None,Halfling,"Chauntea, Mystra, Tyr",158418,730633739,202.89,52.6,59.7,7,0,synthetic generator v2,synthetic,0.94,4141046,1,29.3,42.89279,12.32238
Neverwinter Settlement 0693,Neverwinter,Neverwinter,80,737878,42828,"{'humans': 62, 'elves': 8, 'dwarves': 4, 'halflings': 3, 'half-orcs': 1, 'misc.': 2}",68,arcane mishap,['Satrapy'],"{'poor': 0.4825, 'middle': 0.2551, 'wealthy': 0.0208, 'aristocrat': 0.2416}",17,[['gems']],"[['coal', 'glass', 'magic items', 'parchment']]",Ruler NEV-674,small militia,guilds,Orc,"Chauntea, Torm, Tyr",177268,765621383,328.63,41.7,55.4,7,1,synthetic generator v2,synthetic,0.58,981417,-3,39.0,17.92434,71.45461
Amn Settlement 0694,Amn,Athkatla,4934,10127057,57284,"{'humans': 4259, 'elves': 505, 'dwarves': 469, 'halflings': 298, 'half-orcs': 231, 'misc.': 0}",82,old age,['Satrapy'],"{'poor': 0.6125, 'middle': 0.3291, 'wealthy': 0.0537, 'aristocrat': 0.0047}",13,"[['gems', 'weapons']]","[['magic items', 'mercenaries', 'ore']]",Ruler AMN-899,professional guard,None,"Draconic, Elvish, Orc",Mystra,169970,832884482,317.47,69.6,73.1,2,0,synthetic generator v2,synthetic,0.37,12065211,-1,17.4,-2.89623,-116.25034
Neverwinter Settlement 0695,Neverwinter,Neverwinter,723,1493117,32880,"{'humans': 565, 'elves': 45, 'dwarves': 25, 'halflings': 64, 'half-orcs': 37, 'misc.': 0}",120,old age,['Dictatorship'],"{'poor': 0.6017, 'middle': 0.3422, 'wealthy': 0.0514, 'aristocrat': 0.0048}",9,"[['horses', 'salt', 'weapons']]","[['ore', 'parchment', 'silk', 'spices']]",Ruler NEV-484,mercenary heavy,local academy,Elvish,Tempus,177268,765621383,355.82,42.7,40.7,6,0,synthetic generator v2,synthetic,0.55,1545310,-1,28.2,25.07299,108.08785
Baldurs Gate Settlement 0696,Baldurs Gate,Baldur's Gate,2373,7897250,336494,"{'humans': 2002, 'elves': 67, 'dwarves': 125, 'halflings': 84, 'half-orcs': 89, 'misc.': 6}",138,arcane mishap,['Magocracy'],"{'poor': 0.6432, 'middle': 0.2361, 'wealthy': 0.0757, 'aristocrat': 0.045}",0,"[['cloth', 'fish', 'salt', 'timber', 'weapons']]","[['coal', 'glass', 'jewelry', 'magic items', 'ore']]",Ruler BAL-688,professional guard,guilds,"Elvish, Orc","Chauntea, Lathander, Tempus",241116,953675704,35.89,54.9,63.9,3,0,synthetic generator v2,synthetic,0.56,8563842,0,10.5,-32.84961,19.92835
Calimshan Settlement 0697,Calimshan,Memnon,800,1708579,53087,"{'humans': 641, 'elves': 31, 'dwarves': 24, 'halflings': 21, 'half-orcs': 43, 'misc.': 40}",159,arcane mishap,['Confederacy'],"{'poor': 0.6664, 'middle': 0.243, 'wealthy': 0.0857, 'aristocrat': 0.0048}",9,"[['grain', 'horses', 'salt']]",[['mercenaries']],Ruler CAL-795,mercenary heavy,guilds,Halfling,"Lathander, Mystra",175132,771448209,238.81,82.2,17.8,6,0,synthetic generator v2,synthetic,0.87,1591484,2,28.2,0.22093,-68.58029
Baldurs Gate Settlement 0698,Baldurs Gate,Baldur's Gate,1725,14005693,720444,"{'humans': 1318, 'elves': 152, 'dwarves': 156, 'halflings': 47, 'half-orcs': 35, 'misc.': 17}",39,war,['Magocracy'],"{'poor': 0.4946, 'middle': 0.2236, 'wealthy': 0.0907, 'aristocrat': 0.1911}",0,"[['gems', 'grain', 'salt', 'weapons']]","[['ore', 'parchment']]",Ruler BAL-479,professional guard,guilds,Common,Tempus,241116,953675704,415.37,61.4,46.5,4,0,synthetic generator v2,synthetic,0.77,13545010,2,14.0,42.90909,-32.53906
Sembia Settlement 0699,Sembia,Selgaunt,1201,2929549,49944,"{'humans': 882, 'elves': 75, 'dwarves': 117, 'halflings': 46, 'half-orcs': 52, 'misc.': 29}",172,arcane mishap,['Dictatorship'],"{'poor': 0.5634, 'middle': 0.3342, 'wealthy': 0.0973, 'aristocrat': 0.005}",7,[['wine']],"[['glass', 'magic items', 'spices']]",Ruler SEM-136,professional guard,None,"Common, Elvish, Orc","Selune, Torm",158418,730633739,157.45,57.7,64.3,6,0,synthetic generator v2,synthetic,0.78,3872790,-2,26.6,37.94336,-87.26394
Baldurs Gate Settlement 0700,Baldurs Gate,Baldur's Gate,2326,10323209,568245,"{'humans': 1690, 'elves': 230, 'dwarves': 76, 'halflings': 200, 'half-orcs': 122, 'misc.': 8}",61,famine,['Democracy'],"{'poor': 0.5475, 'middle': 0.3438, 'wealthy': 0.0226, 'aristocrat': 0.0861}",18,[['fish']],"[['coal', 'jewelry', 'mercenaries', 'silk', 'spices']]",Ruler BAL-714,mercenary heavy,arcanum,"Dwarvish, Elvish, Orc","Mystra, Selune",241116,953675704,17.23,62.6,67.8,1,0,synthetic generator v2,synthetic,0.53,9288322,-4,17.9,-19.13142,65.57861
