settlement,region_kingdom,capital,settlement_population,settlement_economy,rumored_treasure_value,demographic_breakdown,average_age,most_likely_cause_of_death,government_type,class_density,tax_rate,exports,imports,ruler,military,magic_academy,languages,religions,region_population,region_economy,area,average_temperature,annual_rainfall,magical_climate,dragon_sightings,sources,canon_status,source_confidence,hidden_economy,trade_balance,risk_index,geo_lat,geo_lon
Baldurs Gate Settlement 0001,Baldurs Gate,Baldur's Gate,2127,9473782,571812,"{'humans': 1610, 'elves': 223, 'dwarves': 69, 'halflings': 132, 'half-orcs': 42, 'misc.': 51}",138,war,['Theocracy'],"{'poor': 0.4995, 'middle': 0.3353, 'wealthy': 0.0975, 'aristocrat': 0.0676}",0,"[['books', 'horses', 'salt', 'wine']]","[['coal', 'magic items', 'parchment', 'silk']]",Ruler BAL-278,small militia,guilds,"Common, Draconic, Halfling","Torm, Tyr",261869,1312711673,123.44,52.0,46.6,3,0,synthetic generator v2,synthetic,0.76,9968460,0,10.5,35.2309,-11.06958
Tethyr Settlement 0002,Tethyr,Darromar,475,3326927,41171,"{'humans': 427, 'elves': 21, 'dwarves': 25, 'halflings': 11, 'half-orcs': 9, 'misc.': 0}",153,war,['Merchant Council'],"{'poor': 0.498, 'middle': 0.2584, 'wealthy': 0.0892, 'aristocrat': 0.1544}",0,"[['armor', 'books', 'horses', 'weapons']]","[['glass', 'jewelry', 'ore', 'parchment']]",Ruler TET-108,mercenary heavy,guilds,"Halfling, Orc","Mystra, Tempus, Torm",306344,1288038783,311.3,70.0,60.7,1,0,synthetic generator v2,derived,0.38,4412387,0,3.5,-38.21484,-33.25989
Neverwinter Settlement 0003,Neverwinter,Neverwinter,1138,11429237,320368,"{'humans': 784, 'elves': 24, 'dwarves': 39, 'halflings': 82, 'half-orcs': 66, 'misc.': 143}",178,disease,['Democracy'],"{'poor': 0.4566, 'middle': 0.2202, 'wealthy': 0.0652, 'aristocrat': 0.2579}",15,"[['armor', 'timber', 'weapons', 'wine']]","[['coal', 'mercenaries', 'parchment', 'silk', 'spices']]",Ruler NEV-231,naval patrol,arcanum,"Common, Draconic, Elvish",Tyr,172720,723835434,234.53,54.1,48.6,10,0,synthetic generator v2,derived,0.89,15475676,-1,47.0,5.21627,93.18208
Waterdeep Settlement 0004,Waterdeep,Waterdeep,831,5348232,167508,"{'humans': 656, 'elves': 57, 'dwarves': 56, 'halflings': 24, 'half-orcs': 42, 'misc.': 0}",175,old age,['Patriarchy'],"{'poor': 0.475, 'middle': 0.3102, 'wealthy': 0.0788, 'aristocrat': 0.1359}",1,"[['cloth', 'salt']]","[['glass', 'jewelry', 'magic items', 'silk']]",Ruler WAT-206,naval patrol,local academy,"Elvish, Orc","Selune, Torm, Tyr",190388,767901516,514.21,54.3,50.1,9,0,synthetic generator v2,synthetic,0.84,7397208,-2,32.3,-5.3176,-80.58658
Neverwinter Settlement 0005,Neverwinter,Neverwinter,105,695648,37396,"{'humans': 87, 'elves': 10, 'dwarves': 3, 'halflings': 2, 'half-orcs': 5, 'misc.': 0}",72,famine,['Magocracy'],"{'poor': 0.5343, 'middle': 0.2279, 'wealthy': 0.0945, 'aristocrat': 0.1433}",5,"[['armor', 'fish', 'grain', 'weapons']]",[['coal']],Ruler NEV-423,mercenary heavy,arcanum,"Draconic, Dwarvish, Elvish",Selune,172720,723835434,19.74,47.8,41.1,8,0,synthetic generator v2,synthetic,0.9,687543,3,32.0,22.51506,-33.87373
Tethyr Settlement 0006,Tethyr,Darromar,7287,14449119,821254,"{'humans': 5101, 'elves': 599, 'dwarves': 303, 'halflings': 406, 'half-orcs': 355, 'misc.': 523}",68,arcane mishap,['Confederacy'],"{'poor': 0.628, 'middle': 0.3205, 'wealthy': 0.0465, 'aristocrat': 0.005}",0,"[['armor', 'cloth', 'horses', 'weapons']]","[['jewelry', 'magic items', 'mercenaries', 'parchment', 'spices']]",Ruler TET-765,professional guard,arcanum,"Dwarvish, Elvish, Halfling",Tyr,306344,1288038783,538.19,61.4,45.9,3,0,synthetic generator v2,synthetic,0.84,14296454,-1,10.5,40.03776,-25.58391
Sembia Settlement 0007,Sembia,Selgaunt,627,4928323,331234,"{'humans': 520, 'elves': 16, 'dwarves': 33, 'halflings': 34, 'half-orcs': 22, 'misc.': 2}",89,arcane mishap,['Merchant Council'],"{'poor': 0.4556, 'middle': 0.273, 'wealthy': 0.0921, 'aristocrat': 0.1793}",19,"[['armor', 'gems', 'grain', 'salt', 'wine']]","[['jewelry', 'mercenaries', 'ore', 'spices']]",Ruler SEM-306,naval patrol,local academy,Common,"Chauntea, Mystra",210662,818271539,121.53,54.3,31.3,7,0,synthetic generator v2,synthetic,0.93,4152755,1,39.7,74.13995,107.9166
Baldurs Gate Settlement 0008,Baldurs Gate,Baldur's Gate,7769,15116469,87971,"{'humans': 6544, 'elves': 258, 'dwarves': 712, 'halflings': 627, 'half-orcs': 381, 'misc.': 0}",40,old age,['Merchant Council'],"{'poor': 0.5964, 'middle': 0.369, 'wealthy': 0.0298, 'aristocrat': 0.0049}",3,[['horses']],[['glass']],Ruler BAL-883,small militia,None,Orc,"Lathander, Tempus",261869,1312711673,523.69,63.8,66.9,3,0,synthetic generator v2,synthetic,0.95,15444462,0,12.9,-32.39573,98.28173
Sembia Settlement 0009,Sembia,Selgaunt,4035,20708541,1142462,"{'humans': 3137, 'elves': 246, 'dwarves': 168, 'halflings': 187, 'half-orcs': 201, 'misc.': 96}",175,crime,['Satrapy'],"{'poor': 0.5092, 'middle': 0.3545, 'wealthy': 0.0317, 'aristocrat': 0.1046}",0,"[['armor', 'horses']]","[['coal', 'magic items', 'ore']]",Ruler SEM-195,small militia,local academy,"Common, Elvish, Halfling","Lathander, Selune, Tyr",210662,818271539,245.52,61.1,57.1,5,0,synthetic generator v2,synthetic,0.56,15850207,-1,17.5,-37.48853,-111.67392
Baldurs Gate Settlement 0010,Baldurs Gate,Baldur's Gate,1882,9685781,185693,"{'humans': 1480, 'elves': 134, 'dwarves': 63, 'halflings': 55, 'half-orcs': 32, 'misc.': 118}",111,arcane mishap,['Dictatorship'],"{'poor': 0.5249, 'middle': 0.3191, 'wealthy': 0.0545, 'aristocrat': 0.1015}",0,"[['armor', 'grain', 'weapons']]","[['glass', 'magic items', 'mercenaries', 'ore']]",Ruler BAL-444,small militia,None,"Halfling, Orc",Tyr,261869,1312711673,39.9,61.7,61.6,6,0,synthetic generator v2,synthetic,0.56,12686430,-1,21.0,6.29076,21.72344
Tethyr Settlement 0011,Tethyr,Darromar,3095,20916610,557232,"{'humans': 2724, 'elves': 114, 'dwarves': 225, 'halflings': 179, 'half-orcs': 184, 'misc.': 0}",155,crime,['Satrapy'],"{'poor': 0.4923, 'middle': 0.313, 'wealthy': 0.0384, 'aristocrat': 0.1563}",0,"[['books', 'weapons']]","[['jewelry', 'magic items', 'mercenaries', 'parchment']]",Ruler TET-398,mercenary heavy,None,"Common, Halfling, Orc","Chauntea, Selune, Tempus",306344,1288038783,412.0,69.1,49.0,7,0,synthetic generator v2,derived,0.8,26537817,-2,24.5,46.59292,-8.19194
Calimshan Settlement 0012,Calimshan,Memnon,956,4035805,121053,"{'humans': 720, 'elves': 110, 'dwarves': 87, 'halflings': 42, 'half-orcs': 38, 'misc.': 0}",42,war,['Merchant Council'],"{'poor': 0.614, 'middle': 0.2203, 'wealthy': 0.0975, 'aristocrat': 0.0682}",12,"[['cloth', 'salt', 'wine']]","[['jewelry', 'ore', 'parchment']]",Ruler CAL-994,professional guard,arcanum,Common,"Mystra, Tempus",169269,841078201,175.4,78.7,41.6,9,0,synthetic generator v2,synthetic,0.75,3467467,0,41.1,52.71576,72.84632
Sembia Settlement 0013,Sembia,Selgaunt,1744,4004598,23319,"{'humans': 1149, 'elves': 90, 'dwarves': 73, 'halflings': 37, 'half-orcs': 34, 'misc.': 361}",140,famine,['Merchant Council'],"{'poor': 0.5764, 'middle': 0.3379, 'wealthy': 0.0812, 'aristocrat': 0.0045}",19,"[['cloth', 'fish', 'timber', 'weapons']]","[['coal', 'glass', 'jewelry', 'mercenaries']]",Ruler SEM-865,small militia,local academy,"Draconic, Dwarvish, Elvish","Mystra, Torm",210662,818271539,399.61,57.2,64.7,9,0,synthetic generator v2,synthetic,0.37,5344373,0,46.7,-31.12242,47.71596
Amn Settlement 0014,Amn,Athkatla,1692,9541858,582599,"{'humans': 1283, 'elves': 157, 'dwarves': 62, 'halflings': 138, 'half-orcs': 36, 'misc.': 16}",36,monster attack,['Merchant Council'],"{'poor': 0.5001, 'middle': 0.3409, 'wealthy': 0.0398, 'aristocrat': 0.1192}",3,"[['gems', 'wine']]","[['coal', 'jewelry', 'mercenaries', 'ore', 'spices']]",Ruler AMN-886,small militia,arcanum,"Elvish, Halfling","Chauntea, Lathander, Torm",191831,772478497,431.23,62.9,85.7,3,0,synthetic generator v2,derived,0.57,8396671,-3,12.9,-37.3922,-106.94769
Waterdeep Settlement 0015,Waterdeep,Waterdeep,4656,25694003,440989,"{'humans': 3966, 'elves': 275, 'dwarves': 294, 'halflings': 375, 'half-orcs': 260, 'misc.': 0}",131,war,['Patriarchy'],"{'poor': 0.4769, 'middle': 0.3826, 'wealthy': 0.0237, 'aristocrat': 0.1168}",0,[['fish']],"[['parchment', 'spices']]",Ruler WAT-101,naval patrol,arcanum,"Dwarvish, Halfling, Orc","Chauntea, Torm",190388,767901516,192.3,52.1,59.6,10,0,synthetic generator v2,synthetic,0.7,20955816,-1,35.0,18.61949,-91.29237
Waterdeep Settlement 0016,Waterdeep,Waterdeep,6876,20789180,231221,"{'humans': 5494, 'elves': 183, 'dwarves': 340, 'halflings': 596, 'half-orcs': 411, 'misc.': 0}",97,monster attack,['Satrapy'],"{'poor': 0.5777, 'middle': 0.313, 'wealthy': 0.0802, 'aristocrat': 0.0291}",7,"[['books', 'horses']]","[['coal', 'jewelry', 'spices']]",Ruler WAT-479,naval patrol,None,"Dwarvish, Elvish, Orc","Mystra, Tempus, Tyr",190388,767901516,501.49,57.9,59.0,8,0,synthetic generator v2,derived,0.92,24839444,-1,33.6,10.90311,-3.64508
Calimshan Settlement 0017,Calimshan,Memnon,2977,15829770,62616,"{'humans': 2142, 'elves': 346, 'dwarves': 178, 'halflings': 114, 'half-orcs': 131, 'misc.': 66}",138,crime,['Democracy'],"{'poor': 0.4782, 'middle': 0.3894, 'wealthy': 0.0217, 'aristocrat': 0.1106}",9,"[['cloth', 'horses', 'salt']]","[['coal', 'magic items', 'ore']]",Ruler CAL-245,small militia,arcanum,"Draconic, Halfling, Orc",Selune,169269,841078201,312.3,76.8,17.9,8,0,synthetic generator v2,derived,0.88,19862195,0,35.2,19.41189,-33.32274
Calimshan Settlement 0018,Calimshan,Memnon,6489,14940640,419574,"{'humans': 5169, 'elves': 447, 'dwarves': 647, 'halflings': 415, 'half-orcs': 332, 'misc.': 0}",49,disease,['Merchant Council'],"{'poor': 0.5349, 'middle': 0.3951, 'wealthy': 0.0651, 'aristocrat': 0.005}",0,"[['cloth', 'timber', 'weapons']]","[['glass', 'jewelry']]",Ruler CAL-485,naval patrol,guilds,"Draconic, Orc","Selune, Torm",169269,841078201,151.69,71.9,49.3,0,0,synthetic generator v2,synthetic,0.57,11270864,1,0.0,-2.08409,-6.20751
Cormyr Settlement 0019,Cormyr,Suzail,7220,16790286,1243963,"{'humans': 6435, 'elves': 404, 'dwarves': 400, 'halflings': 653, 'half-orcs': 412, 'misc.': 0}",90,disease,['Satrapy'],"{'poor': 0.5844, 'middle': 0.3225, 'wealthy': 0.0887, 'aristocrat': 0.0045}",0,"[['armor', 'books', 'wine']]",[['mercenaries']],Ruler COR-207,naval patrol,local academy,"Common, Elvish","Tempus, Torm, Tyr",162084,631592082,462.46,65.8,55.9,2,0,synthetic generator v2,derived,0.93,20908762,2,7.0,40.01299,97.43828
Waterdeep Settlement 0020,Waterdeep,Waterdeep,2024,9600924,938732,"{'humans': 1363, 'elves': 111, 'dwarves': 83, 'halflings': 93, 'half-orcs': 45, 'misc.': 329}",91,arcane mishap,['Dictatorship'],"{'poor': 0.5773, 'middle': 0.2883, 'wealthy': 0.0394, 'aristocrat': 0.095}",3,"[['armor', 'weapons']]","[['coal', 'glass']]",Ruler WAT-181,naval patrol,local academy,Halfling,"Lathander, Tyr",190388,767901516,98.27,53.9,34.9,7,0,synthetic generator v2,synthetic,0.72,11785395,0,26.9,-3.8709,25.90546
Sembia Settlement 0021,Sembia,Selgaunt,1352,5442640,95302,"{'humans': 1076, 'elves': 62, 'dwarves': 61, 'halflings': 83, 'half-orcs': 43, 'misc.': 27}",166,famine,['Confederacy'],"{'poor': 0.5241, 'middle': 0.3748, 'wealthy': 0.0327, 'aristocrat': 0.0685}",14,"[['armor', 'grain', 'salt']]",[['glass']],Ruler SEM-300,mercenary heavy,None,"Dwarvish, Halfling",Tempus,210662,818271539,400.46,53.9,51.6,8,0,synthetic generator v2,derived,0.59,4207191,2,39.2,7.88534,-52.29364
Baldurs Gate Settlement 0022,Baldurs Gate,Baldur's Gate,1463,3020863,149083,"{'humans': 1150, 'elves': 88, 'dwarves': 55, 'halflings': 59, 'half-orcs': 58, 'misc.': 53}",51,war,['Confederacy'],"{'poor': 0.6004, 'middle': 0.3431, 'wealthy': 0.0519, 'aristocrat': 0.0046}",0,[['grain']],"[['coal', 'glass', 'jewelry', 'magic items', 'ore']]",Ruler BAL-595,small militia,local academy,"Halfling, Orc","Tempus, Torm",261869,1312711673,357.92,61.9,44.0,2,0,synthetic generator v2,derived,0.9,2592297,-4,7.0,-4.4543,40.14018
Tethyr Settlement 0023,Tethyr,Darromar,3044,6671248,358835,"{'humans': 2381, 'elves': 193, 'dwarves': 98, 'halflings': 299, 'half-orcs': 41, 'misc.': 32}",79,crime,['Merchant Council'],"{'poor': 0.6703, 'middle': 0.2291, 'wealthy': 0.0956, 'aristocrat': 0.0049}",19,"[['armor', 'horses', 'weapons', 'wine']]","[['coal', 'jewelry', 'spices']]",Ruler TET-652,small militia,arcanum,Dwarvish,"Chauntea, Lathander, Tyr",306344,1288038783,533.6,74.3,56.4,3,0,synthetic generator v2,synthetic,0.9,8253610,1,25.7,54.03108,-54.04545
Calimshan Settlement 0024,Calimshan,Memnon,742,4268280,208069,"{'humans': 580, 'elves': 14, 'dwarves': 67, 'halflings': 28, 'half-orcs': 14, 'misc.': 39}",179,old age,['Satrapy'],"{'poor': 0.5614, 'middle': 0.2279, 'wealthy': 0.0946, 'aristocrat': 0.1161}",15,"[['books', 'fish', 'gems', 'timber']]","[['coal', 'glass']]",Ruler CAL-800,small militia,None,"Common, Draconic",Selune,169269,841078201,127.11,74.0,46.8,7,0,synthetic generator v2,synthetic,0.7,3400184,2,36.5,-12.41449,-15.26363
Amn Settlement 0025,Amn,Athkatla,796,1657356,38876,"{'humans': 695, 'elves': 26, 'dwarves': 38, 'halflings': 43, 'half-orcs': 30, 'misc.': 0}",115,monster attack,['Magocracy'],"{'poor': 0.654, 'middle': 0.2688, 'wealthy': 0.0722, 'aristocrat': 0.0049}",14,"[['books', 'cloth', 'salt', 'timber', 'weapons']]","[['glass', 'mercenaries', 'ore', 'parchment', 'spices']]",Ruler AMN-150,naval patrol,local academy,"Common, Draconic, Halfling","Lathander, Tempus",191831,772478497,44.1,68.1,65.8,0,0,synthetic generator v2,synthetic,0.85,2095981,0,11.2,39.58711,-40.53326
Waterdeep Settlement 0026,Waterdeep,Waterdeep,885,5065839,94618,"{'humans': 727, 'elves': 62, 'dwarves': 52, 'halflings': 39, 'half-orcs': 31, 'misc.': 0}",173,war,['Monarchy'],"{'poor': 0.513, 'middle': 0.327, 'wealthy': 0.0363, 'aristocrat': 0.1237}",10,"[['cloth', 'fish', 'gems', 'horses', 'salt']]","[['jewelry', 'mercenaries']]",Ruler WAT-232,professional guard,guilds,"Draconic, Orc",Mystra,190388,767901516,14.91,45.3,52.9,10,0,synthetic generator v2,derived,0.59,5508222,3,43.0,52.7138,-69.40221
Sembia Settlement 0027,Sembia,Selgaunt,3009,13177992,916363,"{'humans': 2020, 'elves': 261, 'dwarves': 95, 'halflings': 186, 'half-orcs': 34, 'misc.': 413}",91,old age,['Satrapy'],"{'poor': 0.5194, 'middle': 0.3678, 'wealthy': 0.0327, 'aristocrat': 0.08}",0,"[['books', 'horses', 'salt']]","[['glass', 'parchment', 'silk', 'spices']]",Ruler SEM-387,professional guard,arcanum,"Common, Draconic, Orc","Chauntea, Torm",210662,818271539,434.0,47.5,57.3,3,0,synthetic generator v2,derived,0.54,12756829,-1,10.5,-5.53281,-73.15015
Waterdeep Settlement 0028,Waterdeep,Waterdeep,707,3472413,164451,"{'humans': 608, 'elves': 75, 'dwarves': 58, 'halflings': 62, 'half-orcs': 15, 'misc.': 0}",29,disease,['Dictatorship'],"{'poor': 0.5974, 'middle': 0.2696, 'wealthy': 0.0287, 'aristocrat': 0.1043}",4,"[['armor', 'cloth', 'salt']]","[['ore', 'parchment']]",Ruler WAT-636,mercenary heavy,arcanum,"Common, Elvish, Orc",Mystra,190388,767901516,388.13,46.7,42.2,0,0,synthetic generator v2,synthetic,0.8,2765500,1,3.2,14.54183,7.53257
Waterdeep Settlement 0029,Waterdeep,Waterdeep,1386,9793828,593863,"{'humans': 1023, 'elves': 132, 'dwarves': 134, 'halflings': 90, 'half-orcs': 36, 'misc.': 0}",31,arcane mishap,['Dictatorship'],"{'poor': 0.488, 'middle': 0.2642, 'wealthy': 0.0928, 'aristocrat': 0.155}",3,"[['armor', 'weapons']]","[['coal', 'glass', 'magic items', 'mercenaries', 'parchment']]",Ruler WAT-614,naval patrol,None,"Halfling, Orc","Chauntea, Selune, Tyr",190388,767901516,503.53,45.5,59.7,10,0,synthetic generator v2,derived,0.69,8579144,-3,37.4,-10.9678,129.0265
Amn Settlement 0030,Amn,Athkatla,1779,7295148,129486,"{'humans': 1546, 'elves': 76, 'dwarves': 98, 'halflings': 124, 'half-orcs': 48, 'misc.': 0}",100,old age,['Magocracy'],"{'poor': 0.5575, 'middle': 0.3361, 'wealthy': 0.033, 'aristocrat': 0.0734}",0,"[['armor', 'cloth', 'gems', 'timber', 'wine']]","[['ore', 'silk']]",Ruler AMN-401,mercenary heavy,arcanum,Dwarvish,Lathander,191831,772478497,492.96,68.5,64.2,7,0,synthetic generator v2,synthetic,0.85,8944086,3,24.5,56.35068,-18.34869
Waterdeep Settlement 0031,Waterdeep,Waterdeep,17865,129732432,9365957,"{'humans': 13197, 'elves': 394, 'dwarves': 736, 'halflings': 475, 'half-orcs': 868, 'misc.': 2195}",49,crime,['Patriarchy'],"{'poor': 0.5601, 'middle': 0.2214, 'wealthy': 0.0408, 'aristocrat': 0.1776}",10,"[['fish', 'grain', 'salt']]","[['coal', 'jewelry', 'mercenaries']]",Ruler WAT-899,mercenary heavy,arcanum,Draconic,"Selune, Torm",190388,767901516,129.94,44.4,53.6,7,0,synthetic generator v2,synthetic,0.72,142267762,0,32.5,5.40181,-112.75606
Tethyr Settlement 0032,Tethyr,Darromar,1251,6483476,477231,"{'humans': 998, 'elves': 120, 'dwarves': 107, 'halflings': 109, 'half-orcs': 55, 'misc.': 0}",73,monster attack,['Merchant Council'],"{'poor': 0.6517, 'middle': 0.2052, 'wealthy': 0.025, 'aristocrat': 0.1181}",0,"[['books', 'fish', 'timber']]",[['glass']],Ruler TET-678,professional guard,guilds,Elvish,"Mystra, Selune",306344,1288038783,541.81,65.0,57.3,10,0,synthetic generator v2,synthetic,0.91,6364800,2,35.0,63.08831,-39.76875
Amn Settlement 0033,Amn,Athkatla,307,1533595,48132,"{'humans': 251, 'elves': 11, 'dwarves': 17, 'halflings': 10, 'half-orcs': 10, 'misc.': 8}",51,arcane mishap,['Merchant Council'],"{'poor': 0.5004, 'middle': 0.3561, 'wealthy': 0.0475, 'aristocrat': 0.0961}",0,"[['gems', 'horses', 'weapons', 'wine']]",[['magic items']],Ruler AMN-952,naval patrol,arcanum,Elvish,"Mystra, Tempus",191831,772478497,515.79,63.1,87.2,0,0,synthetic generator v2,derived,0.46,2075638,3,0.0,-9.52302,-57.13952
Sembia Settlement 0034,Sembia,Selgaunt,1380,3273697,352201,"{'humans': 1040, 'elves': 105, 'dwarves': 63, 'halflings': 72, 'half-orcs': 78, 'misc.': 22}",63,disease,['Magocracy'],"{'poor': 0.6151, 'middle': 0.3142, 'wealthy': 0.0555, 'aristocrat': 0.0152}",1,"[['armor', 'fish', 'horses', 'wine']]","[['glass', 'mercenaries', 'ore']]",Ruler SEM-511,naval patrol,guilds,"Common, Halfling","Chauntea, Mystra, Tempus",210662,818271539,300.26,56.1,52.8,3,2,synthetic generator v2,derived,0.65,4546594,1,13.1,47.22729,87.84134
Neverwinter Settlement 0035,Neverwinter,Neverwinter,665,1457927,131674,"{'humans': 571, 'elves': 22, 'dwarves': 55, 'halflings': 37, 'half-orcs': 19, 'misc.': 0}",156,old age,['Merchant Council'],"{'poor': 0.6044, 'middle': 0.3169, 'wealthy': 0.0743, 'aristocrat': 0.0045}",2,"[['cloth', 'salt']]",[['parchment']],Ruler NEV-121,professional guard,guilds,"Elvish, Orc","Chauntea, Lathander, Torm",172720,723835434,454.17,43.1,50.9,1,0,synthetic generator v2,synthetic,0.79,1870029,1,5.1,44.28424,-46.45255
Waterdeep Settlement 0036,Waterdeep,Waterdeep,1624,3591769,204286,"{'humans': 1140, 'elves': 62, 'dwarves': 117, 'halflings': 157, 'half-orcs': 30, 'misc.': 118}",39,monster attack,['Patriarchy'],"{'poor': 0.5759, 'middle': 0.3532, 'wealthy': 0.066, 'aristocrat': 0.0048}",0,[['gems']],"[['magic items', 'mercenaries', 'ore', 'silk']]",Ruler WAT-648,naval patrol,local academy,Common,"Mystra, Selune",190388,767901516,481.64,51.1,53.3,8,0,synthetic generator v2,synthetic,0.85,2865240,-3,28.0,16.53007,122.47636
Tethyr Settlement 0037,Tethyr,Darromar,121,312679,16410,"{'humans': 106, 'elves': 7, 'dwarves': 6, 'halflings': 11, 'half-orcs': 5, 'misc.': 0}",143,crime,['Satrapy'],"{'poor': 0.6001, 'middle': 0.3512, 'wealthy': 0.0202, 'aristocrat': 0.0285}",0,"[['armor', 'cloth', 'grain', 'weapons']]","[['coal', 'jewelry', 'mercenaries']]",Ruler TET-481,naval patrol,guilds,"Elvish, Orc",Lathander,306344,1288038783,531.08,65.4,68.1,7,0,synthetic generator v2,derived,0.66,330104,1,24.5,-17.75717,114.47413
Calimshan Settlement 0038,Calimshan,Memnon,943,2148774,137692,"{'humans': 626, 'elves': 45, 'dwarves': 80, 'halflings': 89, 'half-orcs': 17, 'misc.': 86}",62,old age,['Theocracy'],"{'poor': 0.5454, 'middle': 0.3842, 'wealthy': 0.0655, 'aristocrat': 0.0049}",1,"[['fish', 'grain', 'salt', 'timber']]","[['glass', 'jewelry', 'magic items', 'mercenaries', 'silk']]",Ruler CAL-166,naval patrol,arcanum,"Draconic, Orc","Lathander, Tempus, Torm",169269,841078201,54.97,81.9,49.5,10,0,synthetic generator v2,derived,0.54,2417025,-1,35.8,-6.46874,-62.43472
Tethyr Settlement 0039,Tethyr,Darromar,1398,4270857,338223,"{'humans': 1170, 'elves': 103, 'dwarves': 88, 'halflings': 107, 'half-orcs': 81, 'misc.': 0}",149,monster attack,['Monarchy'],"{'poor': 0.6415, 'middle': 0.2401, 'wealthy': 0.0846, 'aristocrat': 0.0339}",0,"[['horses', 'weapons']]",[['ore']],Ruler TET-571,small militia,arcanum,Orc,"Torm, Tyr",306344,1288038783,39.99,67.3,79.2,0,0,synthetic generator v2,synthetic,0.56,5277889,1,0.0,13.21506,-8.62831
Waterdeep Settlement 0040,Waterdeep,Waterdeep,547,4449571,334796,"{'humans': 364, 'elves': 51, 'dwarves': 22, 'halflings': 49, 'half-orcs': 7, 'misc.': 54}",97,famine,['Satrapy'],"{'poor': 0.5442, 'middle': 0.2003, 'wealthy': 0.0523, 'aristocrat': 0.2032}",9,"[['books', 'cloth', 'gems', 'horses']]",[['parchment']],Ruler WAT-74,naval patrol,local academy,"Dwarvish, Elvish, Halfling","Chauntea, Mystra, Selune",190388,767901516,499.3,47.3,53.2,2,0,synthetic generator v2,synthetic,0.4,4472439,3,14.2,-23.66112,-7.85868
Amn Settlement 0041,Amn,Athkatla,726,1671185,48232,"{'humans': 500, 'elves': 34, 'dwarves': 69, 'halflings': 42, 'half-orcs': 24, 'misc.': 57}",27,war,['Democracy'],"{'poor': 0.6076, 'middle': 0.2963, 'wealthy': 0.0912, 'aristocrat': 0.0049}",0,"[['armor', 'books', 'grain', 'timber']]","[['coal', 'mercenaries', 'ore', 'silk']]",Ruler AMN-697,small militia,guilds,"Dwarvish, Halfling, Orc","Lathander, Mystra, Tyr",191831,772478497,433.17,67.3,74.3,2,0,synthetic generator v2,derived,0.59,1731739,0,7.0,12.82447,87.58403
Tethyr Settlement 0042,Tethyr,Darromar,427,2297910,230176,"{'humans': 279, 'elves': 12, 'dwarves': 20, 'halflings': 8, 'half-orcs': 11, 'misc.': 97}",84,old age,['Democracy'],"{'poor': 0.5472, 'middle': 0.2675, 'wealthy': 0.0795, 'aristocrat': 0.1058}",17,"[['gems', 'salt', 'timber', 'weapons', 'wine']]","[['glass', 'ore', 'parchment', 'silk']]",Ruler TET-932,naval patrol,arcanum,"Dwarvish, Halfling","Chauntea, Mystra, Selune",306344,1288038783,442.84,65.4,65.4,9,0,synthetic generator v2,derived,0.52,3067501,1,45.1,-18.6039,-6.60103
Sembia Settlement 0043,Sembia,Selgaunt,663,7028478,612908,"{'humans': 548, 'elves': 27, 'dwarves': 45, 'halflings': 42, 'half-orcs': 38, 'misc.': 0}",25,old age,['Monarchy'],"{'poor': 0.476, 'middle': 0.2128, 'wealthy': 0.0249, 'aristocrat': 0.2863}",19,"[['armor', 'timber', 'weapons']]","[['magic items', 'mercenaries', 'parchment', 'spices']]",Ruler SEM-916,mercenary heavy,guilds,"Draconic, Elvish",Torm,210662,818271539,389.32,48.9,29.5,6,1,synthetic generator v2,synthetic,0.84,8895121,-1,37.1,38.99263,-1.51272
Sembia Settlement 0044,Sembia,Selgaunt,4152,9253066,349189,"{'humans': 3048, 'elves': 397, 'dwarves': 164, 'halflings': 101, 'half-orcs': 79, 'misc.': 363}",87,famine,['Theocracy'],"{'poor': 0.6095, 'middle': 0.3044, 'wealthy': 0.0815, 'aristocrat': 0.0046}",13,"[['cloth', 'horses', 'salt', 'weapons']]","[['jewelry', 'silk']]",Ruler SEM-895,professional guard,guilds,Orc,"Chauntea, Mystra",210662,818271539,382.32,54.2,35.6,3,0,synthetic generator v2,derived,0.91,8246957,2,20.9,-27.28389,56.20142
Calimshan Settlement 0045,Calimshan,Memnon,4590,8118411,815563,"{'humans': 3627, 'elves': 106, 'dwarves': 142, 'halflings': 279, 'half-orcs': 86, 'misc.': 350}",154,crime,['Monarchy'],"{'poor': 0.689, 'middle': 0.2721, 'wealthy': 0.034, 'aristocrat': 0.0049}",0,"[['books', 'fish', 'gems', 'salt', 'weapons']]","[['glass', 'mercenaries', 'parchment']]",Ruler CAL-331,naval patrol,arcanum,"Common, Halfling, Orc","Lathander, Mystra, Torm",169269,841078201,280.5,72.3,28.4,5,0,synthetic generator v2,synthetic,0.9,10901516,2,17.5,33.6786,-115.06368
Sembia Settlement 0046,Sembia,Selgaunt,7218,25667825,1039025,"{'humans': 5902, 'elves': 729, 'dwarves': 583, 'halflings': 308, 'half-orcs': 146, 'misc.': 0}",133,crime,['Confederacy'],"{'poor': 0.666, 'middle': 0.2029, 'wealthy': 0.0771, 'aristocrat': 0.054}",20,"[['gems', 'salt', 'weapons', 'wine']]",[['silk']],Ruler SEM-923,mercenary heavy,None,"Common, Elvish, Orc","Chauntea, Lathander, Tempus",210662,818271539,9.25,58.9,44.7,3,1,synthetic generator v2,derived,0.75,27786970,3,27.4,-1.31789,6.01295
Waterdeep Settlement 0047,Waterdeep,Waterdeep,2536,11625112,602191,"{'humans': 1988, 'elves': 187, 'dwarves': 90, 'halflings': 125, 'half-orcs': 133, 'misc.': 13}",102,disease,['Theocracy'],"{'poor': 0.5114, 'middle': 0.3569, 'wealthy': 0.0488, 'aristocrat': 0.0829}",0,[['weapons']],[['silk']],Ruler WAT-275,naval patrol,guilds,Elvish,Torm,190388,767901516,225.46,48.5,39.6,4,0,synthetic generator v2,synthetic,0.83,12343623,0,14.0,18.71659,-18.81313
Cormyr Settlement 0048,Cormyr,Suzail,1727,3766938,136826,"{'humans': 1462, 'elves': 133, 'dwarves': 75, 'halflings': 100, 'half-orcs': 97, 'misc.': 0}",66,disease,['Magocracy'],"{'poor': 0.6862, 'middle': 0.24, 'wealthy': 0.0609, 'aristocrat': 0.0129}",0,"[['armor', 'books', 'fish', 'weapons']]","[['coal', 'glass', 'magic items', 'spices']]",Ruler COR-935,small militia,local academy,"Common, Elvish, Halfling","Selune, Tyr",162084,631592082,277.21,53.1,48.5,10,0,synthetic generator v2,synthetic,0.81,3540923,0,35.0,7.29505,-65.36223
Cormyr Settlement 0049,Cormyr,Suzail,2426,5683960,52144,"{'humans': 2135, 'elves': 131, 'dwarves': 210, 'halflings': 178, 'half-orcs': 117, 'misc.': 0}",27,monster attack,['Theocracy'],"{'poor': 0.5579, 'middle': 0.3554, 'wealthy': 0.0822, 'aristocrat': 0.0045}",0,"[['cloth', 'gems', 'grain', 'horses', 'salt']]","[['magic items', 'silk']]",Ruler COR-616,small militia,arcanum,"Common, Dwarvish, Elvish",Selune,162084,631592082,507.1,66.7,52.4,1,0,synthetic generator v2,derived,0.7,7905920,3,3.5,5.63643,-6.48701
Waterdeep Settlement 0050,Waterdeep,Waterdeep,2042,13133310,363376,"{'humans': 1770, 'elves': 71, 'dwarves': 147, 'halflings': 161, 'half-orcs': 73, 'misc.': 0}",84,monster attack,['Confederacy'],"{'poor': 0.4537, 'middle': 0.3618, 'wealthy': 0.043, 'aristocrat': 0.1416}",3,"[['books', 'cloth', 'gems', 'horses', 'weapons']]",[['glass']],Ruler WAT-651,naval patrol,guilds,"Draconic, Halfling",Torm,190388,767901516,238.35,56.1,57.9,2,0,synthetic generator v2,synthetic,0.49,15733527,4,9.4,24.77696,-112.832
Baldurs Gate Settlement 0051,Baldurs Gate,Baldur's Gate,168,1307090,108211,"{'humans': 116, 'elves': 6, 'dwarves': 9, 'halflings': 16, 'half-orcs': 8, 'misc.': 13}",120,war,['Monarchy'],"{'poor': 0.5171, 'middle': 0.2474, 'wealthy': 0.0445, 'aristocrat': 0.191}",0,"[['armor', 'gems', 'salt']]","[['magic items', 'mercenaries', 'parchment']]",Ruler BAL-219,professional guard,local academy,"Common, Draconic, Halfling","Selune, Tempus",261869,1312711673,484.56,60.9,57.8,1,0,synthetic generator v2,derived,0.78,1546777,0,3.5,25.97414,91.65547
Baldurs Gate Settlement 0052,Baldurs Gate,Baldur's Gate,1439,6210116,84230,"{'humans': 1255, 'elves': 118, 'dwarves': 97, 'halflings': 94, 'half-orcs': 56, 'misc.': 0}",123,old age,['Magocracy'],"{'poor': 0.4779, 'middle': 0.3684, 'wealthy': 0.0911, 'aristocrat': 0.0627}",7,"[['weapons', 'wine']]","[['magic items', 'ore', 'parchment']]",Ruler BAL-163,naval patrol,arcanum,"Dwarvish, Halfling","Torm, Tyr",261869,1312711673,125.18,51.2,62.8,3,0,synthetic generator v2,synthetic,0.37,6631789,-1,16.1,52.97206,-29.33421
Sembia Settlement 0053,Sembia,Selgaunt,4051,8532347,369839,"{'humans': 3094, 'elves': 251, 'dwarves': 163, 'halflings': 210, 'half-orcs': 45, 'misc.': 288}",71,disease,['Confederacy'],"{'poor': 0.6723, 'middle': 0.2403, 'wealthy': 0.0825, 'aristocrat': 0.0049}",0,"[['armor', 'gems', 'timber']]","[['coal', 'glass', 'magic items', 'ore', 'spices']]",Ruler SEM-150,mercenary heavy,guilds,Draconic,Lathander,210662,818271539,539.21,51.0,31.1,6,0,synthetic generator v2,synthetic,0.86,10191785,-2,21.0,-22.72334,-61.87833
Cormyr Settlement 0054,Cormyr,Suzail,202,573007,28344,"{'humans': 146, 'elves': 22, 'dwarves': 6, 'halflings': 6, 'half-orcs': 8, 'misc.': 14}",105,arcane mishap,['Democracy'],"{'poor': 0.6966, 'middle': 0.2015, 'wealthy': 0.0679, 'aristocrat': 0.0341}",16,"[['armor', 'books', 'timber']]","[['glass', 'magic items', 'ore', 'parchment']]",Ruler COR-258,small militia,local academy,Draconic,"Selune, Tempus",162084,631592082,485.79,62.0,60.0,6,0,synthetic generator v2,synthetic,0.5,670001,-1,33.8,-7.8036,120.22215
Cormyr Settlement 0055,Cormyr,Suzail,594,4717178,183432,"{'humans': 408, 'elves': 20, 'dwarves': 41, 'halflings': 29, 'half-orcs': 11, 'misc.': 85}",34,famine,['Democracy'],"{'poor': 0.4632, 'middle': 0.3066, 'wealthy': 0.036, 'aristocrat': 0.1942}",9,"[['armor', 'gems', 'grain', 'salt', 'wine']]","[['jewelry', 'magic items', 'mercenaries', 'parchment']]",Ruler COR-767,small militia,guilds,"Common, Halfling",Tempus,162084,631592082,53.1,64.4,65.0,8,0,synthetic generator v2,synthetic,0.8,3970551,1,35.2,11.72266,15.46648
Amn Settlement 0056,Amn,Athkatla,1328,4019637,211118,"{'humans': 979, 'elves': 124, 'dwarves': 46, 'halflings': 111, 'half-orcs': 37, 'misc.': 31}",117,crime,['Merchant Council'],"{'poor': 0.5481, 'middle': 0.3785, 'wealthy': 0.0375, 'aristocrat': 0.0359}",15,"[['fish', 'salt', 'timber', 'weapons']]",[['coal']],Ruler AMN-162,naval patrol,guilds,Draconic,"Chauntea, Tyr",191831,772478497,531.71,64.2,84.8,5,0,synthetic generator v2,synthetic,0.48,3460024,3,29.5,-21.43878,-105.67297
Cormyr Settlement 0057,Cormyr,Suzail,80,321757,549,"{'humans': 67, 'elves': 3, 'dwarves': 7, 'halflings': 7, 'half-orcs': 3, 'misc.': 0}",138,crime,['Merchant Council'],"{'poor': 0.6021, 'middle': 0.2678, 'wealthy': 0.0621, 'aristocrat': 0.068}",0,"[['timber', 'weapons']]","[['coal', 'glass', 'mercenaries', 'ore', 'parchment']]",Ruler COR-407,small militia,arcanum,Common,"Chauntea, Selune",162084,631592082,281.88,54.3,73.1,10,0,synthetic generator v2,derived,0.45,252261,-3,35.0,-38.61849,-48.19888
Sembia Settlement 0058,Sembia,Selgaunt,187,400827,40414,"{'humans': 142, 'elves': 5, 'dwarves': 16, 'halflings': 6, 'half-orcs': 10, 'misc.': 8}",80,old age,['Confederacy'],"{'poor': 0.5899, 'middle': 0.3454, 'wealthy': 0.0599, 'aristocrat': 0.0048}",0,"[['armor', 'cloth', 'fish', 'salt', 'wine']]","[['coal', 'glass', 'mercenaries', 'spices']]",Ruler SEM-833,naval patrol,guilds,Dwarvish,"Chauntea, Selune, Tempus",210662,818271539,439.34,53.7,35.7,5,0,synthetic generator v2,derived,0.86,505358,1,17.5,73.91088,-50.36577
Sembia Settlement 0059,Sembia,Selgaunt,2458,5227271,81221,"{'humans': 2188, 'elves': 210, 'dwarves': 236, 'halflings': 243, 'half-orcs': 112, 'misc.': 0}",95,war,['Merchant Council'],"{'poor': 0.576, 'middle': 0.3673, 'wealthy': 0.0518, 'aristocrat': 0.0049}",7,"[['armor', 'cloth', 'salt', 'timber']]","[['coal', 'mercenaries', 'ore', 'spices']]",Ruler SEM-979,small militia,None,"Draconic, Dwarvish","Lathander, Mystra, Tyr",210662,818271539,235.53,59.1,44.3,9,0,synthetic generator v2,synthetic,0.54,4604743,0,37.1,60.9305,5.7089
Calimshan Settlement 0060,Calimshan,Memnon,4066,19690906,1276218,"{'humans': 2678, 'elves': 287, 'dwarves': 327, 'halflings': 357, 'half-orcs': 226, 'misc.': 191}",86,disease,['Merchant Council'],"{'poor': 0.5591, 'middle': 0.2986, 'wealthy': 0.047, 'aristocrat': 0.0954}",0,"[['grain', 'salt', 'wine']]","[['coal', 'glass']]",Ruler CAL-362,small militia,None,Dwarvish,Selune,169269,841078201,98.63,76.0,42.0,8,0,synthetic generator v2,derived,0.71,21193246,1,28.0,37.47866,-111.85317
Tethyr Settlement 0061,Tethyr,Darromar,148,320392,19960,"{'humans': 129, 'elves': 17, 'dwarves': 9, 'halflings': 9, 'half-orcs': 2, 'misc.': 0}",152,monster attack,['Democracy'],"{'poor': 0.6202, 'middle': 0.3132, 'wealthy': 0.0586, 'aristocrat': 0.008}",0,[['armor']],"[['coal', 'magic items', 'ore', 'parchment']]",Ruler TET-356,professional guard,arcanum,"Draconic, Elvish, Orc","Lathander, Mystra",306344,1288038783,327.76,64.2,45.4,10,0,synthetic generator v2,synthetic,0.8,438167,-3,35.0,-30.35418,-85.91115
Tethyr Settlement 0062,Tethyr,Darromar,201,951830,25275,"{'humans': 165, 'elves': 14, 'dwarves': 15, 'halflings': 19, 'half-orcs': 2, 'misc.': 0}",54,famine,['Dictatorship'],"{'poor': 0.6271, 'middle': 0.2044, 'wealthy': 0.0783, 'aristocrat': 0.0903}",0,"[['fish', 'grain', 'wine']]","[['coal', 'parchment']]",Ruler TET-744,mercenary heavy,arcanum,Draconic,"Lathander, Mystra, Selune",306344,1288038783,389.68,61.1,68.1,1,0,synthetic generator v2,derived,0.67,1196666,1,3.5,46.70481,39.32655
Neverwinter Settlement 0063,Neverwinter,Neverwinter,6941,35477630,1106260,"{'humans': 5933, 'elves': 733, 'dwarves': 660, 'halflings': 504, 'half-orcs': 235, 'misc.': 0}",38,crime,['Dictatorship'],"{'poor': 0.4849, 'middle': 0.3646, 'wealthy': 0.0526, 'aristocrat': 0.0978}",10,"[['cloth', 'gems', 'horses', 'salt']]","[['coal', 'glass', 'magic items', 'mercenaries', 'parchment']]",Ruler NEV-683,naval patrol,local academy,"Common, Elvish, Orc",Tyr,172720,723835434,63.36,46.0,44.6,7,0,synthetic generator v2,synthetic,0.58,27609818,-1,32.5,13.90475,113.37718
Tethyr Settlement 0064,Tethyr,Darromar,751,1692605,11358,"{'humans': 573, 'elves': 36, 'dwarves': 48, 'halflings': 57, 'half-orcs': 27, 'misc.': 10}",64,arcane mishap,['Dictatorship'],"{'poor': 0.5899, 'middle': 0.328, 'wealthy': 0.0772, 'aristocrat': 0.0049}",13,"[['cloth', 'fish', 'salt', 'timber', 'weapons']]","[['mercenaries', 'spices']]",Ruler TET-208,small militia,None,Draconic,"Chauntea, Tyr",306344,1288038783,178.08,68.2,59.4,7,0,synthetic generator v2,synthetic,0.36,1735286,3,34.9,-35.49399,121.65206
Amn Settlement 0065,Amn,Athkatla,1286,2930401,231031,"{'humans': 932, 'elves': 152, 'dwarves': 73, 'halflings': 31, 'half-orcs': 16, 'misc.': 82}",85,monster attack,['Dictatorship'],"{'poor': 0.5962, 'middle': 0.3147, 'wealthy': 0.0844, 'aristocrat': 0.0047}",0,"[['cloth', 'fish', 'timber', 'wine']]",[['silk']],Ruler AMN-896,naval patrol,arcanum,"Draconic, Elvish, Orc","Chauntea, Lathander, Mystra",191831,772478497,544.2,63.5,77.3,1,0,synthetic generator v2,derived,0.45,3134536,3,3.5,53.14623,41.09823
Baldurs Gate Settlement 0066,Baldurs Gate,Baldur's Gate,710,7541213,343191,"{'humans': 476, 'elves': 40, 'dwarves': 44, 'halflings': 60, 'half-orcs': 29, 'misc.': 61}",53,war,['Satrapy'],"{'poor': 0.4695, 'middle': 0.2206, 'wealthy': 0.023, 'aristocrat': 0.2869}",0,"[['armor', 'weapons']]","[['mercenaries', 'silk']]",Ruler BAL-696,mercenary heavy,arcanum,"Draconic, Dwarvish, Orc",Tyr,261869,1312711673,197.09,52.0,50.4,7,0,synthetic generator v2,derived,0.75,6759486,0,24.5,7.20822,31.95918
Amn Settlement 0067,Amn,Athkatla,3104,13802398,421756,"{'humans': 2615, 'elves': 316, 'dwarves': 293, 'halflings': 241, 'half-orcs': 149, 'misc.': 0}",164,disease,['Dictatorship'],"{'poor': 0.6039, 'middle': 0.2646, 'wealthy': 0.0458, 'aristocrat': 0.0857}",0,"[['cloth', 'gems', 'grain', 'salt', 'wine']]",[['parchment']],Ruler AMN-808,mercenary heavy,arcanum,"Elvish, Halfling","Selune, Tempus",191831,772478497,123.0,68.6,88.4,8,0,synthetic generator v2,synthetic,0.65,10762206,4,28.0,27.22221,89.24528
Neverwinter Settlement 0068,Neverwinter,Neverwinter,562,1176974,8925,"{'humans': 390, 'elves': 38, 'dwarves': 48, 'halflings': 51, 'half-orcs': 14, 'misc.': 21}",57,crime,['Dictatorship'],"{'poor': 0.6076, 'middle': 0.328, 'wealthy': 0.0601, 'aristocrat': 0.0044}",0,"[['grain', 'timber']]","[['jewelry', 'mercenaries', 'ore', 'parchment']]",Ruler NEV-507,professional guard,arcanum,Draconic,"Chauntea, Mystra",172720,723835434,152.32,47.2,34.1,3,0,synthetic generator v2,derived,0.66,1505806,-2,10.5,49.11253,35.6889
Tethyr Settlement 0069,Tethyr,Darromar,453,1733807,8179,"{'humans': 332, 'elves': 10, 'dwarves': 24, 'halflings': 43, 'half-orcs': 5, 'misc.': 39}",165,arcane mishap,['Dictatorship'],"{'poor': 0.6444, 'middle': 0.2079, 'wealthy': 0.0886, 'aristocrat': 0.0591}",15,"[['books', 'cloth', 'grain']]","[['parchment', 'silk']]",Ruler TET-3,professional guard,arcanum,"Elvish, Halfling",Selune,306344,1288038783,298.19,60.5,78.4,5,0,synthetic generator v2,derived,0.57,1955791,1,29.5,-35.41039,-54.80005
Neverwinter Settlement 0070,Neverwinter,Neverwinter,7398,14533393,506128,"{'humans': 6142, 'elves': 641, 'dwarves': 697, 'halflings': 354, 'half-orcs': 245, 'misc.': 0}",68,monster attack,['Patriarchy'],"{'poor': 0.6181, 'middle': 0.337, 'wealthy': 0.04, 'aristocrat': 0.005}",17,"[['timber', 'weapons', 'wine']]","[['coal', 'ore', 'silk', 'spices']]",Ruler NEV-316,professional guard,arcanum,"Common, Elvish, Orc",Mystra,172720,723835434,497.64,49.8,50.2,6,0,synthetic generator v2,derived,0.4,14190022,-1,34.6,27.07672,-28.97792
Sembia Settlement 0071,Sembia,Selgaunt,235,482510,45829,"{'humans': 162, 'elves': 17, 'dwarves': 23, 'halflings': 22, 'half-orcs': 5, 'misc.': 6}",118,arcane mishap,['Dictatorship'],"{'poor': 0.5955, 'middle': 0.3516, 'wealthy': 0.0483, 'aristocrat': 0.0046}",15,"[['cloth', 'grain', 'salt', 'timber', 'weapons']]",[['parchment']],Ruler SEM-697,professional guard,None,Orc,"Mystra, Selune",210662,818271539,542.72,51.3,55.2,6,0,synthetic generator v2,synthetic,0.8,607085,4,33.0,3.35825,-66.07666
Waterdeep Settlement 0072,Waterdeep,Waterdeep,214,1200394,17452,"{'humans': 156, 'elves': 25, 'dwarves': 20, 'halflings': 6, 'half-orcs': 2, 'misc.': 5}",76,arcane mishap,['Monarchy'],"{'poor': 0.4583, 'middle': 0.3633, 'wealthy': 0.0694, 'aristocrat': 0.109}",0,"[['books', 'cloth', 'fish', 'horses', 'timber']]","[['jewelry', 'spices']]",Ruler WAT-199,professional guard,local academy,Elvish,"Chauntea, Lathander, Selune",190388,767901516,112.54,47.9,58.5,7,0,synthetic generator v2,synthetic,0.63,951404,3,24.5,-37.26393,-105.1191
Sembia Settlement 0073,Sembia,Selgaunt,252,2440707,155779,"{'humans': 186, 'elves': 9, 'dwarves': 18, 'halflings': 21, 'half-orcs': 12, 'misc.': 6}",87,famine,['Patriarchy'],"{'poor': 0.4972, 'middle': 0.2111, 'wealthy': 0.0368, 'aristocrat': 0.2548}",13,[['books']],"[['glass', 'mercenaries']]",Ruler SEM-129,small militia,guilds,Dwarvish,"Lathander, Mystra, Tyr",210662,818271539,211.7,53.7,49.5,10,0,synthetic generator v2,derived,0.65,3052140,-1,45.4,15.45132,100.14708
Amn Settlement 0074,Amn,Athkatla,1423,4549952,62484,"{'humans': 1064, 'elves': 143, 'dwarves': 61, 'halflings': 94, 'half-orcs': 63, 'misc.': 0}",117,famine,['Dictatorship'],"{'poor': 0.5675, 'middle': 0.3097, 'wealthy': 0.0907, 'aristocrat': 0.032}",4,"[['armor', 'cloth']]","[['coal', 'parchment']]",Ruler AMN-341,small militia,None,"Draconic, Dwarvish, Halfling",Selune,191831,772478497,465.89,64.0,75.6,4,0,synthetic generator v2,synthetic,0.86,4702308,0,17.2,28.56779,45.85435
Waterdeep Settlement 0075,Waterdeep,Waterdeep,1922,3844173,156564,"{'humans': 1546, 'elves': 203, 'dwarves': 172, 'halflings': 67, 'half-orcs': 106, 'misc.': 0}",164,disease,['Satrapy'],"{'poor': 0.6088, 'middle': 0.3427, 'wealthy': 0.0439, 'aristocrat': 0.0047}",8,"[['books', 'wine']]","[['coal', 'glass', 'mercenaries', 'ore', 'silk']]",Ruler WAT-606,professional guard,local academy,Draconic,Lathander,190388,767901516,456.46,57.4,35.4,10,0,synthetic generator v2,synthetic,0.51,4498928,-3,41.4,64.54429,-56.46499
Cormyr Settlement 0076,Cormyr,Suzail,1875,3925164,33727,"{'humans': 1584, 'elves': 146, 'dwarves': 66, 'halflings': 42, 'half-orcs': 110, 'misc.': 0}",43,disease,['Dictatorship'],"{'poor': 0.6043, 'middle': 0.3326, 'wealthy': 0.0588, 'aristocrat': 0.0044}",0,"[['fish', 'horses', 'timber']]","[['coal', 'glass', 'silk']]",Ruler COR-345,mercenary heavy,guilds,Common,"Selune, Torm",162084,631592082,166.88,54.4,67.4,8,0,synthetic generator v2,derived,0.74,2950496,0,28.0,-26.03529,129.71377
Calimshan Settlement 0077,Calimshan,Memnon,460,2387000,148729,"{'humans': 340, 'elves': 10, 'dwarves': 26, 'halflings': 14, 'half-orcs': 23, 'misc.': 47}",130,old age,['Confederacy'],"{'poor': 0.5115, 'middle': 0.3481, 'wealthy': 0.0344, 'aristocrat': 0.1061}",2,[['armor']],"[['coal', 'mercenaries', 'ore']]",Ruler CAL-611,professional guard,None,"Common, Halfling","Lathander, Mystra",169269,841078201,399.57,81.3,41.7,5,0,synthetic generator v2,derived,0.69,2557295,-2,19.1,37.19622,-72.02862
Tethyr Settlement 0078,Tethyr,Darromar,492,2465184,33830,"{'humans': 342, 'elves': 51, 'dwarves': 27, 'halflings': 11, 'half-orcs': 21, 'misc.': 40}",115,famine,['Magocracy'],"{'poor': 0.5349, 'middle': 0.3229, 'wealthy': 0.0419, 'aristocrat': 0.1003}",16,"[['books', 'fish', 'grain', 'salt', 'timber']]","[['coal', 'glass', 'magic items', 'parchment']]",Ruler TET-242,naval patrol,local academy,"Common, Draconic",Tyr,306344,1288038783,38.17,66.8,63.3,10,0,synthetic generator v2,derived,0.38,2356220,1,47.8,-31.55234,-58.24279
Tethyr Settlement 0079,Tethyr,Darromar,1569,2966107,28686,"{'humans': 1199, 'elves': 185, 'dwarves': 119, 'halflings': 87, 'half-orcs': 57, 'misc.': 0}",157,arcane mishap,['Monarchy'],"{'poor': 0.6135, 'middle': 0.3531, 'wealthy': 0.0289, 'aristocrat': 0.0045}",6,"[['cloth', 'gems', 'horses', 'timber']]","[['jewelry', 'magic items', 'ore', 'parchment', 'silk']]",Ruler TET-536,small militia,guilds,Elvish,Tempus,306344,1288038783,242.01,61.3,78.2,3,0,synthetic generator v2,synthetic,0.94,2720236,-1,15.3,-28.91297,16.73146
Athkatla,Amn,Athkatla,786,1538505,13995,"{'humans': 630, 'elves': 43, 'dwarves': 50, 'halflings': 77, 'half-orcs': 12, 'misc.': 0}",53,disease,['Confederacy'],"{'poor': 0.6193, 'middle': 0.3347, 'wealthy': 0.0413, 'aristocrat': 0.0046}",6,"[['books', 'gems', 'salt', 'weapons', 'wine']]","[['glass', 'jewelry', 'mercenaries', 'spices']]",Ruler AMN-252,professional guard,local academy,"Common, Dwarvish","Selune, Tempus, Torm",191831,772478497,219.88,63.1,88.1,5,0,synthetic generator v2,derived,0.73,1201350,1,22.3,38.521,27.30545
Calimshan Settlement 0081,Calimshan,Memnon,1782,14286564,13622,"{'humans': 1435, 'elves': 165, 'dwarves': 85, 'halflings': 150, 'half-orcs': 100, 'misc.': 0}",147,monster attack,['Monarchy'],"{'poor': 0.4844, 'middle': 0.2865, 'wealthy': 0.0296, 'aristocrat': 0.1996}",0,"[['armor', 'cloth', 'horses', 'salt', 'wine']]","[['coal', 'glass', 'magic items', 'ore', 'parchment']]",Ruler CAL-924,mercenary heavy,None,"Common, Halfling","Chauntea, Torm",169269,841078201,417.67,83.3,44.4,8,0,synthetic generator v2,derived,0.82,19344073,0,28.0,-27.01738,42.14954
Sembia Settlement 0082,Sembia,Selgaunt,468,4857300,266036,"{'humans': 322, 'elves': 12, 'dwarves': 20, 'halflings': 35, 'half-orcs': 9, 'misc.': 70}",83,monster attack,['Confederacy'],"{'poor': 0.4535, 'middle': 0.2129, 'wealthy': 0.0646, 'aristocrat': 0.269}",12,"[['cloth', 'weapons']]","[['coal', 'glass', 'magic items', 'ore']]",Ruler SEM-859,professional guard,guilds,Orc,Selune,210662,818271539,441.42,61.0,48.0,8,1,synthetic generator v2,synthetic,0.54,4283663,-2,38.5,61.76377,97.39439
Sembia Settlement 0083,Sembia,Selgaunt,1210,2501417,2840,"{'humans': 921, 'elves': 72, 'dwarves': 87, 'halflings': 32, 'half-orcs': 67, 'misc.': 31}",168,old age,['Dictatorship'],"{'poor': 0.6032, 'middle': 0.3393, 'wealthy': 0.0528, 'aristocrat': 0.0047}",8,"[['cloth', 'fish', 'gems', 'horses']]","[['coal', 'glass', 'jewelry', 'parchment', 'silk']]",Ruler SEM-549,professional guard,guilds,Halfling,Tyr,210662,818271539,137.02,58.2,47.2,5,0,synthetic generator v2,synthetic,0.51,2292605,-1,23.9,-14.08288,-63.11144
Neverwinter Settlement 0084,Neverwinter,Neverwinter,126,279504,14644,"{'humans': 98, 'elves': 14, 'dwarves': 9, 'halflings': 9, 'half-orcs': 7, 'misc.': 0}",127,disease,['Patriarchy'],"{'poor': 0.5615, 'middle': 0.372, 'wealthy': 0.0615, 'aristocrat': 0.0049}",4,"[['cloth', 'grain']]","[['coal', 'parchment']]",Ruler NEV-972,small militia,arcanum,Elvish,Tyr,172720,723835434,419.43,50.4,38.1,7,0,synthetic generator v2,synthetic,0.63,377628,0,27.7,-37.12399,-7.19527
Waterdeep Settlement 0085,Waterdeep,Waterdeep,1710,12605458,736853,"{'humans': 1332, 'elves': 180, 'dwarves': 89, 'halflings': 144, 'half-orcs': 42, 'misc.': 0}",95,monster attack,['Magocracy'],"{'poor': 0.5524, 'middle': 0.2223, 'wealthy': 0.0456, 'aristocrat': 0.1797}",8,"[['books', 'timber', 'weapons', 'wine']]","[['coal', 'spices']]",Ruler WAT-571,small militia,arcanum,Halfling,Chauntea,190388,767901516,24.58,53.3,41.8,8,0,synthetic generator v2,synthetic,0.65,14724638,2,34.4,-13.55745,-117.71186
Neverwinter Settlement 0086,Neverwinter,Neverwinter,2465,5840294,399757,"{'humans': 2002, 'elves': 112, 'dwarves': 87, 'halflings': 157, 'half-orcs': 140, 'misc.': 0}",61,famine,['Patriarchy'],"{'poor': 0.5672, 'middle': 0.3596, 'wealthy': 0.0632, 'aristocrat': 0.01}",20,[['horses']],"[['mercenaries', 'ore', 'parchment']]",Ruler NEV-152,mercenary heavy,None,Elvish,"Mystra, Selune",172720,723835434,357.29,51.2,32.6,4,0,synthetic generator v2,derived,0.54,5772018,-2,30.0,5.68245,-81.65699
Sembia Settlement 0087,Sembia,Selgaunt,919,3281158,182028,"{'humans': 700, 'elves': 82, 'dwarves': 27, 'halflings': 74, 'half-orcs': 54, 'misc.': 0}",159,famine,['Satrapy'],"{'poor': 0.6774, 'middle': 0.2225, 'wealthy': 0.0362, 'aristocrat': 0.0638}",0,"[['armor', 'grain']]","[['glass', 'ore']]",Ruler SEM-384,professional guard,local academy,"Draconic, Halfling","Lathander, Tempus",210662,818271539,405.4,59.8,33.4,5,0,synthetic generator v2,synthetic,0.54,2968961,0,17.5,13.9676,-14.96867
Amn Settlement 0088,Amn,Athkatla,1285,8069809,825857,"{'humans': 1093, 'elves': 151, 'dwarves': 51, 'halflings': 83, 'half-orcs': 32, 'misc.': 0}",125,arcane mishap,['Confederacy'],"{'poor': 0.5466, 'middle': 0.2376, 'wealthy': 0.0803, 'aristocrat': 0.1356}",0,"[['cloth', 'wine']]",[['coal']],Ruler AMN-195,mercenary heavy,guilds,"Common, Draconic","Lathander, Selune",191831,772478497,527.58,67.1,61.9,0,0,synthetic generator v2,derived,0.76,10400089,1,0.0,52.21264,-51.31524
Sembia Settlement 0089,Sembia,Selgaunt,1668,5738311,185867,"{'humans': 1420, 'elves': 147, 'dwarves': 110, 'halflings': 42, 'half-orcs': 89, 'misc.': 0}",31,famine,['Satrapy'],"{'poor': 0.6797, 'middle': 0.2363, 'wealthy': 0.0213, 'aristocrat': 0.0627}",9,"[['books', 'cloth', 'timber', 'weapons']]","[['coal', 'magic items', 'mercenaries', 'ore', 'parchment']]",Ruler SEM-947,professional guard,local academy,Dwarvish,"Lathander, Tempus, Tyr",210662,818271539,121.8,57.0,48.5,10,0,synthetic generator v2,synthetic,0.82,7285565,-1,42.2,-14.86894,-83.81817
Cormyr Settlement 0090,Cormyr,Suzail,1679,3117062,240472,"{'humans': 1116, 'elves': 40, 'dwarves': 108, 'halflings': 115, 'half-orcs': 29, 'misc.': 271}",26,war,['Theocracy'],"{'poor': 0.6781, 'middle': 0.2727, 'wealthy': 0.0443, 'aristocrat': 0.0049}",17,"[['armor', 'books', 'gems', 'timber']]","[['jewelry', 'magic items', 'parchment']]",Ruler COR-107,small militia,local academy,Common,"Lathander, Selune",162084,631592082,462.16,66.2,69.2,8,0,synthetic generator v2,derived,0.41,4323869,1,41.6,10.62564,-69.71655
Sembia Settlement 0091,Sembia,Selgaunt,1416,7241548,175631,"{'humans': 1270, 'elves': 132, 'dwarves': 121, 'halflings': 72, 'half-orcs': 51, 'misc.': 0}",119,disease,['Theocracy'],"{'poor': 0.4979, 'middle': 0.3318, 'wealthy': 0.0764, 'aristocrat': 0.0939}",0,[['grain']],"[['coal', 'glass', 'mercenaries', 'ore', 'silk']]",Ruler SEM-170,professional guard,None,"Common, Draconic","Mystra, Tempus, Tyr",210662,818271539,10.51,47.5,62.8,2,0,synthetic generator v2,synthetic,0.6,6456751,-4,7.0,41.11914,-15.9033
Baldurs Gate Settlement 0092,Baldurs Gate,Baldur's Gate,1960,22659293,926925,"{'humans': 1467, 'elves': 144, 'dwarves': 65, 'halflings': 77, 'half-orcs': 114, 'misc.': 93}",140,war,['Merchant Council'],"{'poor': 0.453, 'middle': 0.2057, 'wealthy': 0.0244, 'aristocrat': 0.3168}",0,"[['armor', 'cloth', 'wine']]","[['coal', 'magic items']]",Ruler BAL-915,mercenary heavy,guilds,"Draconic, Dwarvish","Chauntea, Mystra",261869,1312711673,339.07,56.4,51.0,10,0,synthetic generator v2,derived,0.73,18191120,1,35.0,25.1919,46.03671
Amn Settlement 0093,Amn,Athkatla,7430,22928452,1025179,"{'humans': 5513, 'elves': 254, 'dwarves': 354, 'halflings': 148, 'half-orcs': 180, 'misc.': 981}",31,famine,['Magocracy'],"{'poor': 0.6634, 'middle': 0.2581, 'wealthy': 0.0308, 'aristocrat': 0.0477}",0,"[['books', 'fish', 'grain', 'wine']]","[['coal', 'magic items', 'mercenaries', 'silk']]",Ruler AMN-997,naval patrol,local academy,"Draconic, Elvish","Mystra, Torm, Tyr",191831,772478497,321.96,70.2,69.1,9,0,synthetic generator v2,synthetic,0.48,18684830,0,31.5,74.60854,66.59143
Waterdeep Settlement 0094,Waterdeep,Waterdeep,4923,11357274,177939,"{'humans': 3435, 'elves': 438, 'dwarves': 167, 'halflings': 415, 'half-orcs': 269, 'misc.': 199}",62,famine,['Patriarchy'],"{'poor': 0.6068, 'middle': 0.2958, 'wealthy': 0.0927, 'aristocrat': 0.0047}",0,"[['gems', 'wine']]",[['spices']],Ruler WAT-377,small militia,guilds,"Common, Halfling",Tempus,190388,767901516,475.9,55.4,63.1,2,0,synthetic generator v2,derived,0.36,11479948,1,7.0,69.7826,12.89741
Baldurs Gate Settlement 0095,Baldurs Gate,Baldur's Gate,1829,5317848,370385,"{'humans': 1467, 'elves': 102, 'dwarves': 152, 'halflings': 94, 'half-orcs': 45, 'misc.': 0}",147,monster attack,['Democracy'],"{'poor': 0.6598, 'middle': 0.2229, 'wealthy': 0.0876, 'aristocrat': 0.0297}",10,"[['grain', 'timber', 'weapons']]","[['coal', 'magic items', 'mercenaries', 'parchment', 'silk']]",Ruler BAL-71,mercenary heavy,guilds,"Halfling, Orc","Selune, Tempus, Tyr",261869,1312711673,130.48,51.5,47.6,4,0,synthetic generator v2,synthetic,0.39,6224396,-2,22.0,67.09956,-93.39671
Sembia Settlement 0096,Sembia,Selgaunt,404,2172144,119992,"{'humans': 339, 'elves': 45, 'dwarves': 16, 'halflings': 39, 'half-orcs': 12, 'misc.': 0}",51,war,['Confederacy'],"{'poor': 0.6088, 'middle': 0.2436, 'wealthy': 0.0266, 'aristocrat': 0.1211}",0,[['salt']],"[['coal', 'glass']]",Ruler SEM-502,mercenary heavy,arcanum,"Draconic, Elvish","Chauntea, Mystra, Tyr",210662,818271539,235.79,47.4,48.8,9,0,synthetic generator v2,synthetic,0.54,2321508,-1,31.5,9.69903,18.6945
Amn Settlement 0097,Amn,Athkatla,3203,19221441,561472,"{'humans': 2715, 'elves': 241, 'dwarves': 113, 'halflings': 73, 'half-orcs': 141, 'misc.': 0}",38,old age,['Magocracy'],"{'poor': 0.4591, 'middle': 0.3572, 'wealthy': 0.0595, 'aristocrat': 0.1242}",8,"[['armor', 'fish', 'gems', 'grain', 'salt']]","[['magic items', 'silk', 'spices']]",Ruler AMN-166,professional guard,local academy,Orc,"Lathander, Mystra",191831,772478497,110.3,66.6,93.2,2,0,synthetic generator v2,derived,0.78,15054801,2,13.4,-31.42355,74.09409
Neverwinter Settlement 0098,Neverwinter,Neverwinter,3076,25900489,1131448,"{'humans': 2337, 'elves': 289, 'dwarves': 225, 'halflings': 246, 'half-orcs': 162, 'misc.': 0}",26,war,['Magocracy'],"{'poor': 0.4898, 'middle': 0.2508, 'wealthy': 0.0502, 'aristocrat': 0.2092}",0,"[['armor', 'cloth', 'gems', 'salt', 'weapons']]",[['ore']],Ruler NEV-807,mercenary heavy,arcanum,Orc,"Chauntea, Lathander, Tyr",172720,723835434,334.75,41.7,26.1,10,0,synthetic generator v2,derived,0.66,31001688,4,35.0,72.03218,115.75639
Neverwinter Settlement 0099,Neverwinter,Neverwinter,428,1006041,43598,"{'humans': 352, 'elves': 29, 'dwarves': 23, 'halflings': 15, 'half-orcs': 18, 'misc.': 0}",79,crime,['Magocracy'],"{'poor': 0.6933, 'middle': 0.2541, 'wealthy': 0.0265, 'aristocrat': 0.0262}",0,"[['cloth', 'gems']]","[['coal', 'glass', 'jewelry', 'ore', 'parchment']]",Ruler NEV-842,small militia,None,Draconic,"Lathander, Mystra, Selune",172720,723835434,351.87,41.4,32.8,2,0,synthetic generator v2,derived,0.82,1306152,-3,7.0,62.58043,95.16404
Tethyr Settlement 0100,Tethyr,Darromar,908,1967176,100662,"{'humans': 713, 'elves': 70, 'dwarves': 89, 'halflings': 23, 'half-orcs': 23, 'misc.': 0}",130,old age,['Satrapy'],"{'poor': 0.687, 'middle': 0.2107, 'wealthy': 0.0974, 'aristocrat': 0.0049}",9,"[['armor', 'fish', 'timber']]","[['magic items', 'mercenaries', 'silk', 'spices']]",Ruler TET-408,professional guard,local academy,Draconic,"Lathander, Mystra",306344,1288038783,92.59,73.7,58.2,6,0,synthetic generator v2,derived,0.59,2009120,-1,28.2,-24.32692,-25.12027
Neverwinter Settlement 0101,Neverwinter,Neverwinter,3103,6914605,713079,"{'humans': 2100, 'elves': 230, 'dwarves': 298, 'halflings': 302, 'half-orcs': 53, 'misc.': 120}",31,disease,['Confederacy'],"{'poor': 0.611, 'middle': 0.3037, 'wealthy': 0.0805, 'aristocrat': 0.0049}",0,"[['armor', 'grain', 'wine']]","[['glass', 'mercenaries', 'ore', 'silk', 'spices']]",Ruler NEV-876,mercenary heavy,local academy,Dwarvish,Mystra,172720,723835434,282.16,51.1,59.9,6,0,synthetic generator v2,derived,0.55,9501746,-2,21.0,-32.51325,-70.62251
Baldurs Gate Settlement 0102,Baldurs Gate,Baldur's Gate,983,2016320,123512,"{'humans': 851, 'elves': 109, 'dwarves': 97, 'halflings': 49, 'half-orcs': 19, 'misc.': 0}",61,disease,['Dictatorship'],"{'poor': 0.5868, 'middle': 0.3647, 'wealthy': 0.0435, 'aristocrat': 0.0049}",11,[['timber']],"[['magic items', 'mercenaries']]",Ruler BAL-881,small militia,None,"Dwarvish, Orc","Mystra, Selune",261869,1312711673,59.48,58.6,50.8,10,0,synthetic generator v2,synthetic,0.5,1625705,-1,43.8,-39.12293,-81.63155
Cormyr Settlement 0103,Cormyr,Suzail,1109,6879159,116448,"{'humans': 731, 'elves': 44, 'dwarves': 65, 'halflings': 61, 'half-orcs': 38, 'misc.': 170}",62,old age,['Merchant Council'],"{'poor': 0.6139, 'middle': 0.2001, 'wealthy': 0.0396, 'aristocrat': 0.1464}",14,[['armor']],"[['magic items', 'mercenaries', 'silk', 'spices']]",Ruler COR-635,professional guard,guilds,"Halfling, Orc",Lathander,162084,631592082,447.08,66.8,59.9,10,0,synthetic generator v2,synthetic,0.35,6584133,-3,46.2,-10.01832,52.53985
Cormyr Settlement 0104,Cormyr,Suzail,3229,24714691,2650456,"{'humans': 2257, 'elves': 381, 'dwarves': 232, 'halflings': 93, 'half-orcs': 43, 'misc.': 223}",155,arcane mishap,['Democracy'],"{'poor': 0.4757, 'middle': 0.2528, 'wealthy': 0.0992, 'aristocrat': 0.1724}",0,"[['cloth', 'horses']]","[['jewelry', 'magic items', 'ore', 'parchment']]",Ruler COR-951,mercenary heavy,None,Elvish,"Chauntea, Mystra",162084,631592082,384.12,54.4,42.8,9,0,synthetic generator v2,derived,0.66,33980001,-2,31.5,69.51768,-103.69975
Sembia Settlement 0105,Sembia,Selgaunt,876,1815835,161048,"{'humans': 734, 'elves': 80, 'dwarves': 30, 'halflings': 45, 'half-orcs': 48, 'misc.': 0}",161,old age,['Theocracy'],"{'poor': 0.5674, 'middle': 0.3876, 'wealthy': 0.0401, 'aristocrat': 0.0049}",16,"[['armor', 'grain', 'salt', 'timber', 'wine']]","[['glass', 'silk']]",Ruler SEM-450,professional guard,None,"Halfling, Orc","Torm, Tyr",210662,818271539,15.54,55.0,63.0,3,0,synthetic generator v2,derived,0.88,2147805,3,23.3,-33.79599,-117.19085
Cormyr Settlement 0106,Cormyr,Suzail,367,1457001,75194,"{'humans': 271, 'elves': 37, 'dwarves': 26, 'halflings': 29, 'half-orcs': 19, 'misc.': 0}",117,famine,['Confederacy'],"{'poor': 0.6864, 'middle': 0.208, 'wealthy': 0.0256, 'aristocrat': 0.08}",0,"[['armor', 'grain', 'salt', 'weapons', 'wine']]","[['glass', 'parchment']]",Ruler COR-518,professional guard,None,"Draconic, Elvish",Mystra,162084,631592082,238.36,65.8,57.6,3,0,synthetic generator v2,synthetic,0.63,1231120,3,10.5,37.22853,120.74527
Baldurs Gate Settlement 0107,Baldurs Gate,Baldur's Gate,27809,73965126,4961429,"{'humans': 18449, 'elves': 1682, 'dwarves': 1386, 'halflings': 2216, 'half-orcs': 724, 'misc.': 3352}",64,arcane mishap,['Satrapy'],"{'poor': 0.6954, 'middle': 0.2464, 'wealthy': 0.0202, 'aristocrat': 0.038}",0,"[['gems', 'horses']]","[['coal', 'mercenaries', 'silk', 'spices']]",Ruler BAL-243,mercenary heavy,guilds,"Common, Halfling, Orc","Chauntea, Selune, Tempus",261869,1312711673,336.6,62.2,36.2,6,0,synthetic generator v2,derived,0.61,98184704,-2,21.0,33.53105,128.34497
Calimshan Settlement 0108,Calimshan,Memnon,260,868629,13544,"{'humans': 193, 'elves': 20, 'dwarves': 23, 'halflings': 21, 'half-orcs': 13, 'misc.': 0}",145,crime,['Monarchy'],"{'poor': 0.6769, 'middle': 0.2171, 'wealthy': 0.0535, 'aristocrat': 0.0525}",0,"[['cloth', 'timber']]",[['parchment']],Ruler CAL-447,mercenary heavy,local academy,Draconic,Lathander,169269,841078201,98.16,73.5,25.4,2,2,synthetic generator v2,derived,0.47,1139014,1,8.8,-39.67937,-108.63992
Cormyr Settlement 0109,Cormyr,Suzail,2611,13909539,382204,"{'humans': 2168, 'elves': 69, 'dwarves': 220, 'halflings': 153, 'half-orcs': 153, 'misc.': 0}",107,monster attack,['Monarchy'],"{'poor': 0.587, 'middle': 0.2461, 'wealthy': 0.0549, 'aristocrat': 0.112}",6,"[['fish', 'grain', 'timber', 'weapons', 'wine']]",[['spices']],Ruler COR-417,naval patrol,None,"Draconic, Elvish, Halfling","Lathander, Selune, Tempus",162084,631592082,93.41,55.9,60.3,4,0,synthetic generator v2,derived,0.82,12687883,4,18.8,-35.02137,68.70712
Waterdeep Settlement 0110,Waterdeep,Waterdeep,1831,6986899,10680,"{'humans': 1356, 'elves': 135, 'dwarves': 118, 'halflings': 116, 'half-orcs': 44, 'misc.': 62}",99,disease,['Democracy'],"{'poor': 0.6444, 'middle': 0.2304, 'wealthy': 0.0607, 'aristocrat': 0.0645}",16,"[['fish', 'gems', 'grain', 'timber']]","[['coal', 'glass', 'magic items', 'mercenaries', 'silk']]",Ruler WAT-334,small militia,local academy,"Common, Draconic, Halfling",Lathander,190388,767901516,397.94,50.4,57.4,4,0,synthetic generator v2,derived,0.48,8650405,-1,26.8,4.55033,96.16071
Cormyr Settlement 0111,Cormyr,Suzail,922,2223319,34365,"{'humans': 753, 'elves': 29, 'dwarves': 43, 'halflings': 22, 'half-orcs': 42, 'misc.': 33}",100,disease,['Democracy'],"{'poor': 0.5483, 'middle': 0.3585, 'wealthy': 0.0884, 'aristocrat': 0.0048}",20,"[['armor', 'books', 'gems', 'grain', 'salt']]","[['coal', 'jewelry', 'magic items', 'silk', 'spices']]",Ruler COR-409,small militia,guilds,"Common, Elvish, Orc","Chauntea, Lathander, Selune",162084,631592082,311.8,61.0,55.2,10,0,synthetic generator v2,derived,0.65,1764327,0,51.0,-29.75119,-90.96239
Calimshan Settlement 0112,Calimshan,Memnon,2444,4610344,363769,"{'humans': 1706, 'elves': 101, 'dwarves': 214, 'halflings': 70, 'half-orcs': 51, 'misc.': 302}",155,famine,['Democracy'],"{'poor': 0.6305, 'middle': 0.3319, 'wealthy': 0.0328, 'aristocrat': 0.0048}",0,"[['cloth', 'gems', 'grain']]",[['glass']],Ruler CAL-269,small militia,arcanum,"Draconic, Halfling",Mystra,169269,841078201,349.09,83.5,37.2,9,0,synthetic generator v2,synthetic,0.36,6188247,2,31.5,10.80568,72.05335
Calimshan Settlement 0113,Calimshan,Memnon,503,3139345,161181,"{'humans': 395, 'elves': 41, 'dwarves': 43, 'halflings': 24, 'half-orcs': 9, 'misc.': 0}",134,war,['Patriarchy'],"{'poor': 0.4977, 'middle': 0.3328, 'wealthy': 0.0279, 'aristocrat': 0.1416}",9,[['cloth']],"[['glass', 'mercenaries', 'parchment', 'silk', 'spices']]",Ruler CAL-60,mercenary heavy,None,Draconic,Tyr,169269,841078201,411.75,82.8,15.2,10,0,synthetic generator v2,derived,0.59,3335093,-4,42.2,46.34265,-85.60081
Tethyr Settlement 0114,Tethyr,Darromar,23322,158741659,1779585,"{'humans': 15309, 'elves': 2410, 'dwarves': 718, 'halflings': 614, 'half-orcs': 687, 'misc.': 3584}",34,disease,['Patriarchy'],"{'poor': 0.5554, 'middle': 0.2554, 'wealthy': 0.0236, 'aristocrat': 0.1656}",0,"[['armor', 'books', 'gems']]","[['coal', 'glass', 'parchment']]",Ruler TET-76,small militia,arcanum,"Dwarvish, Halfling",Tempus,306344,1288038783,60.58,65.7,52.9,4,0,synthetic generator v2,synthetic,0.72,122449609,0,14.0,30.22254,-5.0276
Calimshan Settlement 0115,Calimshan,Memnon,1383,10716343,761122,"{'humans': 1069, 'elves': 31, 'dwarves': 72, 'halflings': 101, 'half-orcs': 80, 'misc.': 30}",162,war,['Dictatorship'],"{'poor': 0.4536, 'middle': 0.2803, 'wealthy': 0.0903, 'aristocrat': 0.1758}",0,"[['fish', 'grain']]","[['glass', 'jewelry']]",Ruler CAL-843,naval patrol,None,"Dwarvish, Halfling","Mystra, Tyr",169269,841078201,220.92,76.6,19.8,2,0,synthetic generator v2,derived,0.71,15002622,0,7.0,27.1959,-63.51948
Calimshan Settlement 0116,Calimshan,Memnon,434,1559942,78983,"{'humans': 321, 'elves': 49, 'dwarves': 24, 'halflings': 13, 'half-orcs': 18, 'misc.': 9}",121,war,['Patriarchy'],"{'poor': 0.5826, 'middle': 0.2786, 'wealthy': 0.0929, 'aristocrat': 0.0459}",18,"[['salt', 'weapons', 'wine']]","[['coal', 'glass', 'mercenaries', 'parchment', 'spices']]",Ruler CAL-277,small militia,guilds,Draconic,Lathander,169269,841078201,50.42,81.3,15.8,8,0,synthetic generator v2,synthetic,0.44,1658915,-2,42.4,16.51437,33.8395
Sembia Settlement 0117,Sembia,Selgaunt,182,708343,55605,"{'humans': 119, 'elves': 16, 'dwarves': 16, 'halflings': 8, 'half-orcs': 9, 'misc.': 14}",180,crime,['Patriarchy'],"{'poor': 0.6023, 'middle': 0.2468, 'wealthy': 0.0938, 'aristocrat': 0.0571}",4,"[['cloth', 'salt', 'wine']]","[['magic items', 'mercenaries', 'ore', 'parchment', 'silk']]",Ruler SEM-57,professional guard,local academy,"Draconic, Dwarvish","Lathander, Mystra, Tempus",210662,818271539,278.82,51.8,30.0,1,0,synthetic generator v2,synthetic,0.93,695354,-2,6.7,49.19013,32.53863
Waterdeep Settlement 0118,Waterdeep,Waterdeep,4903,22785123,1492306,"{'humans': 4126, 'elves': 437, 'dwarves': 314, 'halflings': 100, 'half-orcs': 214, 'misc.': 0}",98,crime,['Patriarchy'],"{'poor': 0.5975, 'middle': 0.231, 'wealthy': 0.0884, 'aristocrat': 0.0831}",20,"[['armor', 'wine']]",[['jewelry']],Ruler WAT-50,small militia,guilds,"Draconic, Halfling, Orc","Chauntea, Torm",190388,767901516,41.93,44.9,34.9,10,0,synthetic generator v2,derived,0.59,20113591,1,51.0,34.12472,113.37926
Sembia Settlement 0119,Sembia,Selgaunt,1610,3454911,191611,"{'humans': 1301, 'elves': 36, 'dwarves': 109, 'halflings': 110, 'half-orcs': 87, 'misc.': 0}",101,old age,['Democracy'],"{'poor': 0.6243, 'middle': 0.2977, 'wealthy': 0.0734, 'aristocrat': 0.0046}",3,"[['armor', 'books', 'cloth', 'timber']]","[['jewelry', 'mercenaries', 'ore', 'parchment', 'spices']]",Ruler SEM-407,mercenary heavy,None,"Dwarvish, Halfling","Lathander, Tempus, Torm",210662,818271539,483.34,48.5,63.1,6,0,synthetic generator v2,derived,0.4,4585669,-1,23.4,-1.50291,68.58286
Cormyr Settlement 0120,Cormyr,Suzail,847,1565004,92527,"{'humans': 603, 'elves': 96, 'dwarves': 30, 'halflings': 56, 'half-orcs': 15, 'misc.': 47}",166,disease,['Democracy'],"{'poor': 0.6204, 'middle': 0.3508, 'wealthy': 0.0244, 'aristocrat': 0.0045}",0,"[['books', 'fish', 'grain']]","[['glass', 'magic items', 'parchment', 'silk']]",Ruler COR-97,small militia,guilds,"Elvish, Halfling","Chauntea, Mystra",162084,631592082,461.6,58.8,43.1,5,0,synthetic generator v2,derived,0.63,1331697,-1,17.5,-8.23368,124.51676
Cormyr Settlement 0121,Cormyr,Suzail,290,617116,42582,"{'humans': 232, 'elves': 21, 'dwarves': 19, 'halflings': 19, 'half-orcs': 8, 'misc.': 0}",109,famine,['Confederacy'],"{'poor': 0.6025, 'middle': 0.3427, 'wealthy': 0.0469, 'aristocrat': 0.0079}",6,"[['timber', 'weapons']]","[['coal', 'mercenaries', 'ore', 'parchment', 'silk']]",Ruler COR-45,naval patrol,None,"Dwarvish, Orc","Tempus, Torm",162084,631592082,293.47,53.1,48.9,4,0,synthetic generator v2,synthetic,0.83,563043,-3,18.8,1.10674,-39.07274
Waterdeep Settlement 0122,Waterdeep,Waterdeep,1193,12921482,436893,"{'humans': 984, 'elves': 125, 'dwarves': 93, 'halflings': 91, 'half-orcs': 60, 'misc.': 0}",145,old age,['Dictatorship'],"{'poor': 0.4526, 'middle': 0.22, 'wealthy': 0.0378, 'aristocrat': 0.2896}",20,"[['gems', 'grain']]",[['magic items']],Ruler WAT-736,naval patrol,local academy,Halfling,"Tempus, Tyr",190388,767901516,233.74,45.5,45.6,10,0,synthetic generator v2,derived,0.39,16112796,1,51.0,53.30026,26.32749
Neverwinter Settlement 0123,Neverwinter,Neverwinter,1052,4889754,238082,"{'humans': 941, 'elves': 21, 'dwarves': 57, 'halflings': 47, 'half-orcs': 25, 'misc.': 0}",60,crime,['Magocracy'],"{'poor': 0.5256, 'middle': 0.3224, 'wealthy': 0.0704, 'aristocrat': 0.0816}",7,"[['armor', 'cloth', 'salt']]","[['magic items', 'mercenaries']]",Ruler NEV-141,naval patrol,arcanum,Orc,Tyr,172720,723835434,297.95,43.1,27.9,3,0,synthetic generator v2,derived,0.58,4077370,1,16.1,-37.98623,-26.83805
Waterdeep Settlement 0124,Waterdeep,Waterdeep,2152,16726953,1353234,"{'humans': 1416, 'elves': 141, 'dwarves': 113, 'halflings': 117, 'half-orcs': 39, 'misc.': 326}",50,famine,['Theocracy'],"{'poor': 0.5555, 'middle': 0.2154, 'wealthy': 0.0332, 'aristocrat': 0.1959}",0,"[['armor', 'fish', 'timber']]",[['ore']],Ruler WAT-13,professional guard,guilds,Common,"Lathander, Tyr",190388,767901516,273.01,44.0,55.0,2,0,synthetic generator v2,synthetic,0.74,18957928,2,7.0,20.6016,20.34682
Calimshan Settlement 0125,Calimshan,Memnon,3202,7377491,85263,"{'humans': 2607, 'elves': 310, 'dwarves': 116, 'halflings': 92, 'half-orcs': 137, 'misc.': 0}",115,crime,['Magocracy'],"{'poor': 0.5675, 'middle': 0.3493, 'wealthy': 0.0784, 'aristocrat': 0.0047}",15,"[['fish', 'horses', 'salt', 'wine']]","[['ore', 'parchment']]",Ruler CAL-782,professional guard,arcanum,"Common, Orc",Tempus,169269,841078201,301.97,81.6,26.2,8,0,synthetic generator v2,derived,0.63,7336973,2,40.0,-12.28748,21.37265
Calimshan Settlement 0126,Calimshan,Memnon,614,1412363,148648,"{'humans': 439, 'elves': 70, 'dwarves': 32, 'halflings': 37, 'half-orcs': 24, 'misc.': 12}",80,crime,['Confederacy'],"{'poor': 0.6006, 'middle': 0.3058, 'wealthy': 0.0889, 'aristocrat': 0.0048}",0,"[['cloth', 'fish', 'gems', 'horses', 'timber']]","[['mercenaries', 'ore', 'silk', 'spices']]",Ruler CAL-427,small militia,local academy,"Common, Orc","Mystra, Selune, Tempus",169269,841078201,48.33,78.3,20.9,0,0,synthetic generator v2,derived,0.79,1955411,1,0.0,37.00224,-76.57386
Amn Settlement 0127,Amn,Athkatla,1148,2540266,182521,"{'humans': 875, 'elves': 32, 'dwarves': 58, 'halflings': 46, 'half-orcs': 62, 'misc.': 75}",107,crime,['Satrapy'],"{'poor': 0.6044, 'middle': 0.3137, 'wealthy': 0.0772, 'aristocrat': 0.0046}",15,"[['cloth', 'wine']]","[['coal', 'magic items', 'ore']]",Ruler AMN-410,mercenary heavy,arcanum,"Draconic, Orc","Lathander, Tyr",191831,772478497,276.04,68.4,84.1,2,0,synthetic generator v2,derived,0.75,2392385,-1,19.0,45.93697,-85.09255
Baldurs Gate Settlement 0128,Baldurs Gate,Baldur's Gate,3396,29210751,990493,"{'humans': 2392, 'elves': 333, 'dwarves': 276, 'halflings': 90, 'half-orcs': 60, 'misc.': 245}",124,disease,['Satrapy'],"{'poor': 0.458, 'middle': 0.2906, 'wealthy': 0.0354, 'aristocrat': 0.216}",0,"[['cloth', 'fish', 'grain', 'horses', 'timber']]","[['jewelry', 'silk']]",Ruler BAL-181,professional guard,arcanum,"Common, Draconic, Dwarvish",Selune,261869,1312711673,85.82,60.8,66.5,1,0,synthetic generator v2,synthetic,0.85,25554721,3,3.5,-30.50729,-62.3075
Baldurs Gate Settlement 0129,Baldurs Gate,Baldur's Gate,2574,5971619,521076,"{'humans': 2267, 'elves': 256, 'dwarves': 121, 'halflings': 65, 'half-orcs': 97, 'misc.': 0}",57,monster attack,['Monarchy'],"{'poor': 0.5576, 'middle': 0.3608, 'wealthy': 0.0769, 'aristocrat': 0.0048}",4,"[['salt', 'timber', 'weapons']]","[['glass', 'jewelry', 'mercenaries', 'ore', 'silk']]",Ruler BAL-955,professional guard,None,"Elvish, Halfling, Orc",Chauntea,261869,1312711673,413.18,63.2,56.4,0,0,synthetic generator v2,synthetic,0.58,6538056,-2,3.2,-8.46885,-3.69809
Baldurs Gate Settlement 0130,Baldurs Gate,Baldur's Gate,166,332311,6070,"{'humans': 116, 'elves': 15, 'dwarves': 5, 'halflings': 4, 'half-orcs': 6, 'misc.': 20}",90,famine,['Magocracy'],"{'poor': 0.6612, 'middle': 0.2719, 'wealthy': 0.0622, 'aristocrat': 0.0048}",15,"[['cloth', 'salt', 'timber', 'wine']]","[['glass', 'ore']]",Ruler BAL-244,mercenary heavy,None,Draconic,"Lathander, Torm",261869,1312711673,417.99,53.2,33.6,6,0,synthetic generator v2,derived,0.71,339399,2,33.0,17.53855,-76.27748
Neverwinter Settlement 0131,Neverwinter,Neverwinter,5121,35850958,962319,"{'humans': 3396, 'elves': 158, 'dwarves': 217, 'halflings': 340, 'half-orcs': 106, 'misc.': 904}",71,arcane mishap,['Magocracy'],"{'poor': 0.4768, 'middle': 0.2977, 'wealthy': 0.0686, 'aristocrat': 0.157}",1,[['gems']],"[['coal', 'glass', 'mercenaries']]",Ruler NEV-254,small militia,local academy,"Draconic, Dwarvish, Halfling",Tyr,172720,723835434,34.69,52.0,34.8,7,0,synthetic generator v2,synthetic,0.54,36519560,-2,25.3,-37.94035,-58.6321
Baldurs Gate Settlement 0132,Baldurs Gate,Baldur's Gate,242,729058,18006,"{'humans': 167, 'elves': 20, 'dwarves': 9, 'halflings': 5, 'half-orcs': 3, 'misc.': 38}",44,famine,['Merchant Council'],"{'poor': 0.5654, 'middle': 0.3505, 'wealthy': 0.05, 'aristocrat': 0.0341}",6,"[['fish', 'gems', 'horses', 'weapons', 'wine']]","[['coal', 'glass', 'spices']]",Ruler BAL-649,naval patrol,guilds,Common,"Lathander, Tempus",261869,1312711673,20.12,59.9,35.1,6,0,synthetic generator v2,derived,0.86,680507,2,25.8,-25.82179,117.8357
Baldurs Gate Settlement 0133,Baldurs Gate,Baldur's Gate,10517,84996222,223688,"{'humans': 9350, 'elves': 981, 'dwarves': 821, 'halflings': 736, 'half-orcs': 432, 'misc.': 0}",77,old age,['Confederacy'],"{'poor': 0.5017, 'middle': 0.2315, 'wealthy': 0.0727, 'aristocrat': 0.1941}",0,"[['cloth', 'gems', 'horses', 'salt']]","[['magic items', 'ore', 'silk']]",Ruler BAL-354,mercenary heavy,arcanum,"Elvish, Halfling, Orc","Mystra, Tempus, Torm",261869,1312711673,229.96,51.1,53.4,6,0,synthetic generator v2,synthetic,0.51,101711151,1,21.0,7.24269,46.35065
Sembia Settlement 0134,Sembia,Selgaunt,1726,3913182,58584,"{'humans': 1514, 'elves': 185, 'dwarves': 163, 'halflings': 146, 'half-orcs': 75, 'misc.': 0}",156,war,['Monarchy'],"{'poor': 0.6508, 'middle': 0.2488, 'wealthy': 0.0941, 'aristocrat': 0.0063}",4,"[['armor', 'books', 'cloth', 'timber', 'weapons']]",[['spices']],Ruler SEM-166,mercenary heavy,guilds,"Draconic, Halfling","Chauntea, Lathander",210662,818271539,43.81,53.5,32.8,3,0,synthetic generator v2,derived,0.38,3172472,4,13.7,72.94141,36.12774
Sembia Settlement 0135,Sembia,Selgaunt,15466,54099155,3834923,"{'humans': 11602, 'elves': 662, 'dwarves': 1423, 'halflings': 761, 'half-orcs': 660, 'misc.': 358}",45,old age,['Monarchy'],"{'poor': 0.5256, 'middle': 0.3854, 'wealthy': 0.0394, 'aristocrat': 0.0496}",4,"[['armor', 'books']]","[['coal', 'magic items', 'parchment']]",Ruler SEM-604,professional guard,local academy,"Draconic, Halfling",Tyr,210662,818271539,488.83,54.9,62.4,2,0,synthetic generator v2,derived,0.65,50812758,-1,10.2,0.44366,76.68403
Amn Settlement 0136,Amn,Athkatla,373,704795,10960,"{'humans': 322, 'elves': 32, 'dwarves': 17, 'halflings': 9, 'half-orcs': 14, 'misc.': 0}",150,war,['Merchant Council'],"{'poor': 0.6489, 'middle': 0.3065, 'wealthy': 0.0398, 'aristocrat': 0.0048}",18,[['grain']],"[['glass', 'jewelry', 'magic items', 'ore', 'parchment']]",Ruler AMN-98,naval patrol,arcanum,"Draconic, Orc","Chauntea, Mystra",191831,772478497,207.83,71.8,72.4,4,0,synthetic generator v2,synthetic,0.56,864705,-4,28.4,-10.52672,-45.33623
Tethyr Settlement 0137,Tethyr,Darromar,392,841124,51998,"{'humans': 343, 'elves': 30, 'dwarves': 12, 'halflings': 25, 'half-orcs': 23, 'misc.': 0}",40,crime,['Confederacy'],"{'poor': 0.6467, 'middle': 0.2691, 'wealthy': 0.0793, 'aristocrat': 0.005}",2,"[['books', 'fish', 'horses', 'salt', 'timber']]","[['glass', 'mercenaries', 'silk']]",Ruler TET-216,small militia,None,Halfling,"Mystra, Tyr",306344,1288038783,130.94,71.5,45.8,2,0,synthetic generator v2,synthetic,0.71,841227,2,8.6,16.39454,-3.52394
Waterdeep Settlement 0138,Waterdeep,Waterdeep,586,4718563,291216,"{'humans': 396, 'elves': 40, 'dwarves': 50, 'halflings': 49, 'half-orcs': 9, 'misc.': 42}",36,monster attack,['Monarchy'],"{'poor': 0.485, 'middle': 0.2679, 'wealthy': 0.0505, 'aristocrat': 0.1965}",0,[['cloth']],[['ore']],Ruler WAT-197,professional guard,local academy,"Draconic, Orc","Mystra, Selune, Torm",190388,767901516,123.66,51.2,52.1,10,0,synthetic generator v2,synthetic,0.45,5466026,0,35.0,-30.03492,73.77567
Sembia Settlement 0139,Sembia,Selgaunt,9239,20927753,588020,"{'humans': 6220, 'elves': 831, 'dwarves': 908, 'halflings': 355, 'half-orcs': 285, 'misc.': 640}",156,arcane mishap,['Merchant Council'],"{'poor': 0.5776, 'middle': 0.3409, 'wealthy': 0.0771, 'aristocrat': 0.0044}",14,"[['books', 'gems', 'grain', 'horses', 'timber']]","[['coal', 'glass', 'mercenaries']]",Ruler SEM-694,small militia,None,Halfling,"Chauntea, Selune, Torm",210662,818271539,539.11,60.9,44.7,8,0,synthetic generator v2,synthetic,0.85,21470367,2,39.2,31.38323,90.18746
Sembia Settlement 0140,Sembia,Selgaunt,688,4760105,229556,"{'humans': 522, 'elves': 52, 'dwarves': 59, 'halflings': 49, 'half-orcs': 24, 'misc.': 0}",90,disease,['Confederacy'],"{'poor': 0.5507, 'middle': 0.2387, 'wealthy': 0.0463, 'aristocrat': 0.1643}",0,"[['fish', 'wine']]","[['coal', 'glass', 'magic items', 'mercenaries', 'spices']]",Ruler SEM-350,small militia,None,Draconic,Mystra,210662,818271539,249.77,53.8,54.4,9,0,synthetic generator v2,derived,0.42,4850995,-3,31.5,-22.72617,-50.20275
Sembia Settlement 0141,Sembia,Selgaunt,537,5409365,429078,"{'humans': 351, 'elves': 53, 'dwarves': 34, 'halflings': 49, 'half-orcs': 17, 'misc.': 33}",82,old age,['Confederacy'],"{'poor': 0.4816, 'middle': 0.2268, 'wealthy': 0.0219, 'aristocrat': 0.2697}",0,"[['armor', 'cloth', 'weapons']]","[['glass', 'jewelry', 'magic items', 'parchment']]",Ruler SEM-865,mercenary heavy,guilds,"Dwarvish, Orc",Tempus,210662,818271539,469.47,49.2,51.6,9,0,synthetic generator v2,derived,0.56,7159378,-1,31.5,4.44448,87.46964
Tethyr Settlement 0142,Tethyr,Darromar,4047,34851551,2662625,"{'humans': 3550, 'elves': 127, 'dwarves': 336, 'halflings': 91, 'half-orcs': 99, 'misc.': 0}",159,famine,['Patriarchy'],"{'poor': 0.5315, 'middle': 0.2159, 'wealthy': 0.0297, 'aristocrat': 0.2229}",20,"[['cloth', 'salt', 'weapons']]","[['coal', 'mercenaries']]",Ruler TET-965,professional guard,local academy,"Common, Dwarvish, Elvish","Lathander, Torm",306344,1288038783,141.52,72.0,63.1,8,0,synthetic generator v2,derived,0.71,37760637,1,44.0,-23.38898,-25.38155
Cormyr Settlement 0143,Cormyr,Suzail,859,1755294,34723,"{'humans': 661, 'elves': 47, 'dwarves': 48, 'halflings': 62, 'half-orcs': 31, 'misc.': 10}",144,crime,['Merchant Council'],"{'poor': 0.6625, 'middle': 0.2633, 'wealthy': 0.0694, 'aristocrat': 0.0048}",0,"[['gems', 'grain', 'horses']]","[['coal', 'jewelry', 'magic items', 'parchment', 'silk']]",Ruler COR-168,naval patrol,arcanum,Common,"Chauntea, Mystra",162084,631592082,284.99,54.3,41.1,2,0,synthetic generator v2,synthetic,0.9,1844793,-2,7.0,2.00838,-5.92651
Sembia Settlement 0144,Sembia,Selgaunt,1443,5329784,82681,"{'humans': 999, 'elves': 59, 'dwarves': 120, 'halflings': 108, 'half-orcs': 33, 'misc.': 124}",68,war,['Merchant Council'],"{'poor': 0.5926, 'middle': 0.3007, 'wealthy': 0.0473, 'aristocrat': 0.0594}",0,[['timber']],"[['magic items', 'mercenaries', 'silk']]",Ruler SEM-447,naval patrol,arcanum,"Common, Dwarvish, Orc","Lathander, Tempus",210662,818271539,370.5,61.2,62.7,0,0,synthetic generator v2,synthetic,0.41,5992900,-2,0.0,-19.14358,67.61571
Sembia Settlement 0145,Sembia,Selgaunt,80,373132,29903,"{'humans': 56, 'elves': 3, 'dwarves': 6, 'halflings': 2, 'half-orcs': 4, 'misc.': 9}",157,monster attack,['Theocracy'],"{'poor': 0.4869, 'middle': 0.3464, 'wealthy': 0.0917, 'aristocrat': 0.0749}",0,"[['cloth', 'weapons']]","[['coal', 'magic items', 'parchment', 'spices']]",Ruler SEM-906,naval patrol,guilds,"Common, Dwarvish, Orc","Chauntea, Tempus, Tyr",210662,818271539,445.89,58.2,45.9,7,0,synthetic generator v2,synthetic,0.46,485382,-2,24.5,48.56382,-114.71984
Amn Settlement 0146,Amn,Athkatla,3195,7025504,209693,"{'humans': 2414, 'elves': 81, 'dwarves': 98, 'halflings': 162, 'half-orcs': 38, 'misc.': 402}",52,old age,['Democracy'],"{'poor': 0.5976, 'middle': 0.3249, 'wealthy': 0.073, 'aristocrat': 0.0045}",0,"[['armor', 'cloth', 'gems', 'salt', 'wine']]","[['glass', 'jewelry', 'magic items']]",Ruler AMN-841,naval patrol,arcanum,Orc,"Chauntea, Tempus, Torm",191831,772478497,201.35,59.4,67.2,6,5,synthetic generator v2,synthetic,0.9,7719688,2,25.5,-36.72558,-18.54099
Sembia Settlement 0147,Sembia,Selgaunt,1957,4862917,32880,"{'humans': 1464, 'elves': 121, 'dwarves': 174, 'halflings': 67, 'half-orcs': 43, 'misc.': 88}",116,old age,['Magocracy'],"{'poor': 0.5104, 'middle': 0.3987, 'wealthy': 0.0859, 'aristocrat': 0.005}",15,"[['fish', 'grain', 'horses', 'weapons']]","[['coal', 'glass', 'parchment']]",Ruler SEM-285,naval patrol,None,Elvish,Mystra,210662,818271539,448.88,53.5,53.1,7,0,synthetic generator v2,derived,0.62,4654905,1,36.5,-17.35715,15.63003
Cormyr Settlement 0148,Cormyr,Suzail,1031,2350200,179678,"{'humans': 746, 'elves': 83, 'dwarves': 49, 'halflings': 54, 'half-orcs': 50, 'misc.': 49}",128,famine,['Confederacy'],"{'poor': 0.5852, 'middle': 0.3283, 'wealthy': 0.0821, 'aristocrat': 0.0044}",10,"[['armor', 'books', 'grain', 'horses', 'salt']]","[['mercenaries', 'ore']]",Ruler COR-264,small militia,local academy,"Common, Elvish, Halfling","Selune, Tempus, Tyr",162084,631592082,244.39,57.9,73.6,0,0,synthetic generator v2,derived,0.94,2810549,3,8.0,4.58172,33.72688
Tethyr Settlement 0149,Tethyr,Darromar,769,2245620,189199,"{'humans': 602, 'elves': 31, 'dwarves': 36, 'halflings': 75, 'half-orcs': 14, 'misc.': 11}",115,arcane mishap,['Monarchy'],"{'poor': 0.5587, 'middle': 0.3272, 'wealthy': 0.0925, 'aristocrat': 0.0217}",5,"[['armor', 'fish', 'gems', 'timber']]","[['glass', 'jewelry']]",Ruler TET-968,mercenary heavy,arcanum,"Common, Dwarvish, Halfling","Selune, Torm",306344,1288038783,80.94,64.6,51.3,10,0,synthetic generator v2,synthetic,0.55,2411836,2,39.0,-2.68401,45.49953
Cormyr Settlement 0150,Cormyr,Suzail,4188,9458794,805002,"{'humans': 2867, 'elves': 259, 'dwarves': 357, 'halflings': 103, 'half-orcs': 119, 'misc.': 483}",84,war,['Magocracy'],"{'poor': 0.5516, 'middle': 0.3792, 'wealthy': 0.0644, 'aristocrat': 0.0049}",0,"[['books', 'salt']]","[['coal', 'ore', 'parchment', 'silk']]",Ruler COR-732,small militia,local academy,"Common, Elvish","Mystra, Selune",162084,631592082,178.4,58.1,76.1,4,0,synthetic generator v2,derived,0.39,11538482,-2,14.0,2.01863,115.10643
Cormyr Settlement 0151,Cormyr,Suzail,4099,12650419,908488,"{'humans': 2918, 'elves': 304, 'dwarves': 267, 'halflings': 107, 'half-orcs': 230, 'misc.': 273}",104,monster attack,['Democracy'],"{'poor': 0.5239, 'middle': 0.3957, 'wealthy': 0.0462, 'aristocrat': 0.0343}",13,"[['gems', 'weapons']]","[['glass', 'magic items', 'ore', 'parchment', 'silk']]",Ruler COR-24,small militia,guilds,"Dwarvish, Halfling, Orc",Torm,162084,631592082,386.18,65.6,69.0,6,0,synthetic generator v2,derived,0.74,15509497,-3,31.4,-35.68909,-53.4045
Calimshan Settlement 0152,Calimshan,Memnon,500,3479836,309857,"{'humans': 389, 'elves': 13, 'dwarves': 34, 'halflings': 34, 'half-orcs': 11, 'misc.': 19}",115,disease,['Merchant Council'],"{'poor': 0.5236, 'middle': 0.2313, 'wealthy': 0.0906, 'aristocrat': 0.1545}",12,"[['grain', 'horses', 'weapons', 'wine']]","[['coal', 'glass', 'magic items']]",Ruler CAL-675,small militia,arcanum,"Common, Dwarvish, Orc",Lathander,169269,841078201,441.79,73.8,17.0,1,0,synthetic generator v2,derived,0.94,4689509,1,13.1,-24.69161,26.92032
Sembia Settlement 0153,Sembia,Selgaunt,2234,5134229,249145,"{'humans': 1696, 'elves': 242, 'dwarves': 222, 'halflings': 169, 'half-orcs': 44, 'misc.': 0}",63,monster attack,['Theocracy'],"{'poor': 0.5598, 'middle': 0.3608, 'wealthy': 0.0747, 'aristocrat': 0.0047}",10,"[['books', 'cloth', 'salt']]","[['jewelry', 'mercenaries', 'ore', 'spices']]",Ruler SEM-715,professional guard,local academy,"Common, Draconic",Tempus,210662,818271539,454.17,58.5,58.8,2,0,synthetic generator v2,derived,0.7,4066223,-1,15.0,40.37083,8.22733
Amn Settlement 0154,Amn,Athkatla,940,2125092,8829,"{'humans': 762, 'elves': 76, 'dwarves': 52, 'halflings': 64, 'half-orcs': 36, 'misc.': 0}",80,crime,['Theocracy'],"{'poor': 0.5636, 'middle': 0.3617, 'wealthy': 0.07, 'aristocrat': 0.0047}",0,"[['horses', 'salt', 'timber']]","[['magic items', 'ore', 'silk']]",Ruler AMN-159,professional guard,arcanum,"Common, Elvish, Halfling","Chauntea, Selune, Tempus",191831,772478497,345.84,71.6,93.0,0,0,synthetic generator v2,synthetic,0.82,2627535,0,0.0,65.19413,14.95249
Neverwinter Settlement 0155,Neverwinter,Neverwinter,456,1654862,140440,"{'humans': 341, 'elves': 28, 'dwarves': 37, 'halflings': 11, 'half-orcs': 22, 'misc.': 17}",80,famine,['Monarchy'],"{'poor': 0.5302, 'middle': 0.3546, 'wealthy': 0.0665, 'aristocrat': 0.0487}",0,"[['books', 'gems', 'grain', 'horses', 'timber']]","[['glass', 'jewelry', 'mercenaries', 'ore', 'spices']]",Ruler NEV-888,professional guard,None,"Common, Dwarvish, Orc","Chauntea, Selune",172720,723835434,327.49,44.1,55.2,9,0,synthetic generator v2,derived,0.56,1798731,0,31.5,56.21459,-5.72517
Baldurs Gate Settlement 0156,Baldurs Gate,Baldur's Gate,592,1319730,84898,"{'humans': 442, 'elves': 32, 'dwarves': 55, 'halflings': 16, 'half-orcs': 29, 'misc.': 18}",84,old age,['Monarchy'],"{'poor': 0.6139, 'middle': 0.2991, 'wealthy': 0.0822, 'aristocrat': 0.0048}",7,[['grain']],"[['coal', 'glass', 'jewelry', 'magic items', 'silk']]",Ruler BAL-804,small militia,local academy,"Common, Halfling","Mystra, Torm",261869,1312711673,59.51,59.5,66.6,5,0,synthetic generator v2,synthetic,0.58,1816027,-4,23.1,33.75143,-44.61147
Sembia Settlement 0157,Sembia,Selgaunt,693,6052670,155158,"{'humans': 513, 'elves': 29, 'dwarves': 22, 'halflings': 57, 'half-orcs': 37, 'misc.': 35}",100,monster attack,['Monarchy'],"{'poor': 0.4753, 'middle': 0.2294, 'wealthy': 0.0836, 'aristocrat': 0.2117}",19,"[['armor', 'books', 'grain', 'horses', 'wine']]","[['magic items', 'parchment']]",Ruler SEM-283,mercenary heavy,guilds,Halfling,"Chauntea, Mystra, Torm",210662,818271539,305.05,55.4,34.0,2,0,synthetic generator v2,derived,0.86,7577462,3,22.2,-16.45817,-117.64769
Tethyr Settlement 0158,Tethyr,Darromar,24113,51469680,1754260,"{'humans': 18365, 'elves': 1554, 'dwarves': 1896, 'halflings': 2220, 'half-orcs': 1254, 'misc.': 0}",62,old age,['Patriarchy'],"{'poor': 0.5819, 'middle': 0.3569, 'wealthy': 0.0566, 'aristocrat': 0.0046}",4,"[['armor', 'cloth', 'weapons', 'wine']]","[['mercenaries', 'parchment']]",Ruler TET-681,professional guard,None,"Draconic, Elvish","Mystra, Tyr",306344,1288038783,443.54,69.7,80.4,10,0,synthetic generator v2,synthetic,0.57,59293656,2,38.2,-17.94203,98.51516
Sembia Settlement 0159,Sembia,Selgaunt,1407,7367203,461044,"{'humans': 1132, 'elves': 167, 'dwarves': 81, 'halflings': 104, 'half-orcs': 66, 'misc.': 0}",166,crime,['Dictatorship'],"{'poor': 0.5898, 'middle': 0.2398, 'wealthy': 0.0629, 'aristocrat': 0.1075}",14,[['grain']],"[['jewelry', 'parchment']]",Ruler SEM-740,mercenary heavy,arcanum,Elvish,"Lathander, Selune, Tempus",210662,818271539,312.01,60.7,30.4,1,0,synthetic generator v2,synthetic,0.45,7627916,-1,14.7,45.13546,-0.53969
Baldur's Gate,Baldurs Gate,Baldur's Gate,603,1484562,18982,"{'humans': 518, 'elves': 39, 'dwarves': 49, 'halflings': 13, 'half-orcs': 14, 'misc.': 0}",30,disease,['Dictatorship'],"{'poor': 0.6148, 'middle': 0.2805, 'wealthy': 0.0945, 'aristocrat': 0.0101}",0,"[['armor', 'cloth', 'gems', 'grain']]",[['glass']],Ruler BAL-127,naval patrol,guilds,"Common, Draconic, Orc","Tempus, Tyr",261869,1312711673,221.76,57.5,69.9,4,0,synthetic generator v2,derived,0.81,1537914,3,14.0,8.0982,74.62138
Calimshan Settlement 0161,Calimshan,Memnon,1800,17167738,475173,"{'humans': 1608, 'elves': 38, 'dwarves': 93, 'halflings': 136, 'half-orcs': 65, 'misc.': 0}",103,crime,['Monarchy'],"{'poor': 0.4834, 'middle': 0.2119, 'wealthy': 0.0607, 'aristocrat': 0.2439}",0,"[['books', 'grain', 'salt', 'weapons']]","[['glass', 'mercenaries', 'ore', 'silk']]",Ruler CAL-799,mercenary heavy,local academy,Halfling,Selune,169269,841078201,95.68,85.9,13.8,8,0,synthetic generator v2,synthetic,0.52,16901421,0,28.0,-20.73736,39.96569
Sembia Settlement 0162,Sembia,Selgaunt,5179,14459928,210793,"{'humans': 4637, 'elves': 303, 'dwarves': 183, 'halflings': 165, 'half-orcs': 120, 'misc.': 0}",70,disease,['Confederacy'],"{'poor': 0.6568, 'middle': 0.2666, 'wealthy': 0.0414, 'aristocrat': 0.0352}",7,"[['armor', 'fish']]","[['coal', 'glass', 'mercenaries', 'silk']]",Ruler SEM-244,professional guard,arcanum,"Common, Draconic","Lathander, Tempus, Torm",210662,818271539,447.27,56.1,44.8,10,0,synthetic generator v2,synthetic,0.86,15810748,-2,40.6,-1.18408,-7.41565
Calimshan Settlement 0163,Calimshan,Memnon,927,4741470,90849,"{'humans': 712, 'elves': 45, 'dwarves': 66, 'halflings': 31, 'half-orcs': 20, 'misc.': 53}",72,old age,['Satrapy'],"{'poor': 0.4896, 'middle': 0.3712, 'wealthy': 0.0379, 'aristocrat': 0.1013}",19,[['timber']],"[['coal', 'silk']]",Ruler CAL-22,professional guard,guilds,"Elvish, Orc","Lathander, Mystra, Torm",169269,841078201,49.68,83.9,37.4,0,0,synthetic generator v2,synthetic,0.86,6349285,-1,15.2,68.54839,-5.54101
Amn Settlement 0164,Amn,Athkatla,2612,21783207,1539703,"{'humans': 1856, 'elves': 93, 'dwarves': 232, 'halflings': 246, 'half-orcs': 85, 'misc.': 100}",55,war,['Magocracy'],"{'poor': 0.4898, 'middle': 0.2536, 'wealthy': 0.0502, 'aristocrat': 0.2065}",10,[['wine']],[['jewelry']],Ruler AMN-836,naval patrol,arcanum,Dwarvish,"Lathander, Tyr",191831,772478497,178.38,64.0,61.1,4,0,synthetic generator v2,derived,0.59,27342667,0,22.0,68.73916,-106.46236
Neverwinter Settlement 0165,Neverwinter,Neverwinter,2216,7555697,505318,"{'humans': 1830, 'elves': 60, 'dwarves': 109, 'halflings': 51, 'half-orcs': 58, 'misc.': 108}",180,crime,['Satrapy'],"{'poor': 0.6106, 'middle': 0.2909, 'wealthy': 0.0474, 'aristocrat': 0.0512}",3,"[['horses', 'salt', 'weapons']]","[['glass', 'mercenaries', 'parchment']]",Ruler NEV-3,small militia,None,"Draconic, Elvish, Orc","Lathander, Mystra, Selune",172720,723835434,411.33,45.4,60.4,5,0,synthetic generator v2,derived,0.48,7426721,0,19.9,60.7097,67.66033
Sembia Settlement 0166,Sembia,Selgaunt,5220,20046042,701398,"{'humans': 3456, 'elves': 419, 'dwarves': 359, 'halflings': 492, 'half-orcs': 249, 'misc.': 245}",32,arcane mishap,['Patriarchy'],"{'poor': 0.6558, 'middle': 0.2382, 'wealthy': 0.0344, 'aristocrat': 0.0716}",0,"[['books', 'gems', 'grain', 'salt', 'weapons']]","[['jewelry', 'magic items', 'ore', 'spices']]",Ruler SEM-463,mercenary heavy,guilds,Draconic,Selune,210662,818271539,544.41,48.8,40.9,4,0,synthetic generator v2,derived,0.59,19813602,1,14.0,-9.53805,117.05382
Amn Settlement 0167,Amn,Athkatla,327,1997704,26188,"{'humans': 257, 'elves': 22, 'dwarves': 25, 'halflings': 9, 'half-orcs': 4, 'misc.': 10}",134,old age,['Merchant Council'],"{'poor': 0.5289, 'middle': 0.2744, 'wealthy': 0.0649, 'aristocrat': 0.1318}",9,"[['armor', 'cloth', 'gems', 'weapons']]","[['coal', 'jewelry', 'ore']]",Ruler AMN-199,mercenary heavy,arcanum,"Common, Elvish",Chauntea,191831,772478497,160.15,60.7,71.3,8,0,synthetic generator v2,synthetic,0.46,1507113,1,35.2,74.46189,37.85622
Tethyr Settlement 0168,Tethyr,Darromar,1389,6419596,138074,"{'humans': 1225, 'elves': 142, 'dwarves': 80, 'halflings': 108, 'half-orcs': 27, 'misc.': 0}",91,crime,['Satrapy'],"{'poor': 0.5535, 'middle': 0.3191, 'wealthy': 0.0379, 'aristocrat': 0.0895}",6,"[['books', 'fish', 'gems', 'salt', 'weapons']]",[['jewelry']],Ruler TET-97,small militia,guilds,"Common, Draconic, Dwarvish",Mystra,306344,1288038783,67.65,62.6,63.7,5,0,synthetic generator v2,derived,0.68,6630907,4,22.3,19.85486,-71.88149
Amn Settlement 0169,Amn,Athkatla,785,1662704,112578,"{'humans': 588, 'elves': 55, 'dwarves': 37, 'halflings': 69, 'half-orcs': 44, 'misc.': 0}",97,monster attack,['Merchant Council'],"{'poor': 0.6797, 'middle': 0.2767, 'wealthy': 0.0262, 'aristocrat': 0.0175}",17,"[['cloth', 'gems', 'grain', 'horses']]","[['jewelry', 'mercenaries', 'parchment', 'spices']]",Ruler AMN-309,professional guard,local academy,"Common, Draconic, Elvish","Lathander, Selune",191831,772478497,163.2,71.0,62.9,5,0,synthetic generator v2,synthetic,0.39,1622798,0,31.1,51.78545,126.50893
Tethyr Settlement 0170,Tethyr,Darromar,1054,3805936,55668,"{'humans': 899, 'elves': 76, 'dwarves': 37, 'halflings': 65, 'half-orcs': 20, 'misc.': 0}",103,crime,['Satrapy'],"{'poor': 0.5889, 'middle': 0.2934, 'wealthy': 0.065, 'aristocrat': 0.0527}",8,"[['armor', 'books', 'cloth', 'horses', 'weapons']]","[['coal', 'glass', 'magic items', 'mercenaries', 'silk']]",Ruler TET-497,naval patrol,local academy,"Halfling, Orc","Chauntea, Lathander, Mystra",306344,1288038783,123.68,65.3,70.8,0,0,synthetic generator v2,synthetic,0.6,3276749,0,6.4,-18.64484,43.45842
Sembia Settlement 0171,Sembia,Selgaunt,1271,8500917,190670,"{'humans': 1041, 'elves': 102, 'dwarves': 70, 'halflings': 106, 'half-orcs': 22, 'misc.': 0}",131,old age,['Monarchy'],"{'poor': 0.4707, 'middle': 0.3173, 'wealthy': 0.0653, 'aristocrat': 0.1468}",0,"[['cloth', 'timber', 'weapons']]","[['magic items', 'ore', 'parchment', 'silk', 'spices']]",Ruler SEM-808,small militia,guilds,"Common, Draconic, Dwarvish","Selune, Torm",210662,818271539,175.83,48.8,47.6,6,0,synthetic generator v2,synthetic,0.53,10437169,-2,21.0,28.58486,-52.70711
Baldurs Gate Settlement 0172,Baldurs Gate,Baldur's Gate,1515,3442324,121902,"{'humans': 1189, 'elves': 157, 'dwarves': 138, 'halflings': 95, 'half-orcs': 47, 'misc.': 0}",65,arcane mishap,['Confederacy'],"{'poor': 0.5863, 'middle': 0.328, 'wealthy': 0.0813, 'aristocrat': 0.0044}",10,"[['armor', 'books', 'horses']]",[['glass']],Ruler BAL-510,naval patrol,None,"Draconic, Dwarvish",Lathander,261869,1312711673,465.58,51.7,45.7,7,0,synthetic generator v2,synthetic,0.62,3288573,2,32.5,74.16883,-88.55223
Baldurs Gate Settlement 0173,Baldurs Gate,Baldur's Gate,1571,3222764,3419,"{'humans': 1311, 'elves': 54, 'dwarves': 121, 'halflings': 145, 'half-orcs': 66, 'misc.': 0}",126,war,['Satrapy'],"{'poor': 0.5934, 'middle': 0.3555, 'wealthy': 0.0463, 'aristocrat': 0.0048}",0,"[['cloth', 'fish', 'gems', 'horses', 'wine']]","[['glass', 'jewelry', 'magic items', 'parchment', 'silk']]",Ruler BAL-883,professional guard,local academy,"Common, Dwarvish, Elvish","Lathander, Mystra, Torm",261869,1312711673,57.41,52.7,57.9,0,0,synthetic generator v2,derived,0.36,2559323,0,0.0,20.92003,-62.23247
Amn Settlement 0174,Amn,Athkatla,1677,10827647,282463,"{'humans': 1211, 'elves': 160, 'dwarves': 122, 'halflings': 49, 'half-orcs': 50, 'misc.': 85}",178,old age,['Magocracy'],"{'poor': 0.4809, 'middle': 0.3128, 'wealthy': 0.0668, 'aristocrat': 0.1395}",18,"[['cloth', 'grain', 'weapons', 'wine']]","[['magic items', 'mercenaries', 'ore', 'silk']]",Ruler AMN-707,small militia,local academy,Common,"Mystra, Tempus, Torm",191831,772478497,109.81,72.8,70.3,6,0,synthetic generator v2,synthetic,0.92,14065171,0,35.4,24.28339,10.83422
Waterdeep Settlement 0175,Waterdeep,Waterdeep,1423,5089032,244904,"{'humans': 1180, 'elves': 53, 'dwarves': 131, 'halflings': 132, 'half-orcs': 76, 'misc.': 0}",146,old age,['Satrapy'],"{'poor': 0.4903, 'middle': 0.3823, 'wealthy': 0.0878, 'aristocrat': 0.0396}",2,"[['books', 'fish']]","[['magic items', 'parchment']]",Ruler WAT-632,naval patrol,None,Elvish,Tempus,190388,767901516,359.69,50.3,36.0,5,1,synthetic generator v2,derived,0.35,4273580,0,20.0,25.86086,-13.14382
Neverwinter Settlement 0176,Neverwinter,Neverwinter,80,379830,6663,"{'humans': 53, 'elves': 7, 'dwarves': 7, 'halflings': 4, 'half-orcs': 4, 'misc.': 5}",52,disease,['Theocracy'],"{'poor': 0.6625, 'middle': 0.2023, 'wealthy': 0.0325, 'aristocrat': 0.1028}",19,"[['gems', 'grain', 'horses', 'salt', 'weapons']]","[['coal', 'mercenaries', 'ore', 'parchment', 'spices']]",Ruler NEV-956,naval patrol,arcanum,"Common, Dwarvish, Elvish",Chauntea,172720,723835434,248.48,54.4,25.8,0,0,synthetic generator v2,synthetic,0.55,396829,0,15.2,-3.298,84.09394
Tethyr Settlement 0177,Tethyr,Darromar,1410,5318804,237657,"{'humans': 1017, 'elves': 96, 'dwarves': 56, 'halflings': 53, 'half-orcs': 56, 'misc.': 132}",106,famine,['Dictatorship'],"{'poor': 0.506, 'middle': 0.3876, 'wealthy': 0.0516, 'aristocrat': 0.0548}",5,[['gems']],"[['glass', 'jewelry', 'ore', 'parchment', 'silk']]",Ruler TET-181,naval patrol,guilds,"Common, Draconic, Elvish","Mystra, Selune, Tyr",306344,1288038783,285.34,70.9,78.3,6,0,synthetic generator v2,synthetic,0.65,4408963,-4,25.0,48.60487,96.04276
Tethyr Settlement 0178,Tethyr,Darromar,2155,4904216,286270,"{'humans': 1813, 'elves': 251, 'dwarves': 138, 'halflings': 135, 'half-orcs': 111, 'misc.': 0}",104,disease,['Monarchy'],"{'poor': 0.6289, 'middle': 0.2717, 'wealthy': 0.0945, 'aristocrat': 0.0049}",0,"[['armor', 'cloth', 'grain', 'horses', 'wine']]",[['jewelry']],Ruler TET-698,professional guard,guilds,"Draconic, Orc","Chauntea, Lathander, Selune",306344,1288038783,331.12,74.8,80.9,7,0,synthetic generator v2,derived,0.88,6368012,4,24.5,45.92664,80.28482
Neverwinter Settlement 0179,Neverwinter,Neverwinter,1611,5673286,417061,"{'humans': 1284, 'elves': 136, 'dwarves': 101, 'halflings': 115, 'half-orcs': 77, 'misc.': 0}",135,war,['Theocracy'],"{'poor': 0.5564, 'middle': 0.3143, 'wealthy': 0.0864, 'aristocrat': 0.0429}",3,"[['armor', 'timber']]","[['mercenaries', 'parchment']]",Ruler NEV-453,small militia,guilds,Elvish,"Lathander, Selune, Torm",172720,723835434,536.35,46.7,52.2,8,0,synthetic generator v2,synthetic,0.85,5506287,0,30.4,-36.71532,18.48346
Tethyr Settlement 0180,Tethyr,Darromar,9612,57586900,1151550,"{'humans': 7195, 'elves': 542, 'dwarves': 758, 'halflings': 253, 'half-orcs': 409, 'misc.': 455}",82,war,['Monarchy'],"{'poor': 0.4643, 'middle': 0.364, 'wealthy': 0.0443, 'aristocrat': 0.1274}",9,"[['cloth', 'grain']]","[['coal', 'jewelry', 'ore', 'parchment']]",Ruler TET-932,mercenary heavy,arcanum,"Elvish, Halfling, Orc","Mystra, Selune",306344,1288038783,389.19,61.4,50.4,6,0,synthetic generator v2,derived,0.92,51952678,-2,28.2,-36.01756,-103.08569
Baldurs Gate Settlement 0181,Baldurs Gate,Baldur's Gate,2376,5336561,540880,"{'humans': 1844, 'elves': 100, 'dwarves': 126, 'halflings': 107, 'half-orcs': 75, 'misc.': 124}",122,arcane mishap,['Monarchy'],"{'poor': 0.5766, 'middle': 0.3461, 'wealthy': 0.0727, 'aristocrat': 0.0046}",0,"[['armor', 'cloth', 'timber']]","[['glass', 'jewelry', 'spices']]",Ruler BAL-379,naval patrol,arcanum,"Draconic, Dwarvish, Elvish","Lathander, Selune, Torm",261869,1312711673,117.92,63.4,70.4,2,0,synthetic generator v2,synthetic,0.58,6827081,0,7.0,57.08583,-48.52893
Tethyr Settlement 0182,Tethyr,Darromar,5088,32550485,2139595,"{'humans': 3987, 'elves': 219, 'dwarves': 428, 'halflings': 183, 'half-orcs': 221, 'misc.': 50}",62,arcane mishap,['Democracy'],"{'poor': 0.5064, 'middle': 0.2817, 'wealthy': 0.074, 'aristocrat': 0.1379}",18,"[['cloth', 'gems', 'grain', 'salt']]","[['coal', 'parchment', 'spices']]",Ruler TET-913,professional guard,arcanum,"Common, Elvish, Orc",Selune,306344,1288038783,539.76,62.2,54.8,4,0,synthetic generator v2,synthetic,0.54,27565586,1,28.4,57.99901,-43.99629
Neverwinter Settlement 0183,Neverwinter,Neverwinter,524,4070452,198372,"{'humans': 411, 'elves': 12, 'dwarves': 18, 'halflings': 27, 'half-orcs': 27, 'misc.': 29}",177,arcane mishap,['Magocracy'],"{'poor': 0.4505, 'middle': 0.2936, 'wealthy': 0.0769, 'aristocrat': 0.179}",9,"[['fish', 'salt']]",[['parchment']],Ruler NEV-626,mercenary heavy,local academy,Draconic,"Chauntea, Mystra, Torm",172720,723835434,15.78,46.3,48.9,4,0,synthetic generator v2,derived,0.82,4674362,1,21.2,49.72459,-8.59433
Waterdeep Settlement 0184,Waterdeep,Waterdeep,140,645147,9188,"{'humans': 120, 'elves': 14, 'dwarves': 10, 'halflings': 13, 'half-orcs': 5, 'misc.': 0}",26,arcane mishap,['Theocracy'],"{'poor': 0.6194, 'middle': 0.2208, 'wealthy': 0.0734, 'aristocrat': 0.0865}",4,"[['armor', 'cloth', 'horses', 'timber', 'wine']]","[['coal', 'mercenaries', 'ore', 'parchment', 'silk']]",Ruler WAT-494,professional guard,arcanum,"Dwarvish, Elvish","Selune, Tyr",190388,767901516,398.63,53.6,48.3,4,0,synthetic generator v2,derived,0.67,848114,0,17.2,-36.28586,108.52171
Calimshan Settlement 0185,Calimshan,Memnon,1770,9932566,244477,"{'humans': 1299, 'elves': 141, 'dwarves': 99, 'halflings': 162, 'half-orcs': 47, 'misc.': 22}",77,arcane mishap,['Dictatorship'],"{'poor': 0.4552, 'middle': 0.3708, 'wealthy': 0.0639, 'aristocrat': 0.11}",5,"[['armor', 'cloth', 'gems']]","[['jewelry', 'mercenaries', 'silk']]",Ruler CAL-241,professional guard,guilds,"Halfling, Orc","Mystra, Selune, Torm",169269,841078201,105.86,80.7,47.4,9,0,synthetic generator v2,derived,0.64,8752944,0,35.5,-12.57963,-5.9108
Amn Settlement 0186,Amn,Athkatla,1436,8036900,390126,"{'humans': 977, 'elves': 153, 'dwarves': 138, 'halflings': 67, 'half-orcs': 19, 'misc.': 82}",114,disease,['Monarchy'],"{'poor': 0.5526, 'middle': 0.2951, 'wealthy': 0.0283, 'aristocrat': 0.124}",0,"[['armor', 'fish', 'gems']]","[['glass', 'ore', 'parchment']]",Ruler AMN-373,professional guard,guilds,Draconic,"Mystra, Torm",191831,772478497,342.17,65.1,66.3,1,0,synthetic generator v2,derived,0.51,10637554,0,3.5,-2.72979,-106.94609
Baldurs Gate Settlement 0187,Baldurs Gate,Baldur's Gate,11999,87949640,1745068,"{'humans': 7924, 'elves': 498, 'dwarves': 1061, 'halflings': 699, 'half-orcs': 293, 'misc.': 1524}",139,disease,['Monarchy'],"{'poor': 0.4861, 'middle': 0.2711, 'wealthy': 0.0757, 'aristocrat': 0.1672}",0,"[['horses', 'weapons', 'wine']]","[['coal', 'glass', 'mercenaries', 'silk']]",Ruler BAL-403,professional guard,None,Orc,"Lathander, Mystra, Tempus",261869,1312711673,521.88,58.7,34.6,8,0,synthetic generator v2,derived,0.82,111316701,-1,28.0,49.94302,-35.74409
Amn Settlement 0188,Amn,Athkatla,1542,2797096,51239,"{'humans': 1055, 'elves': 169, 'dwarves': 84, 'halflings': 88, 'half-orcs': 27, 'misc.': 119}",60,arcane mishap,['Satrapy'],"{'poor': 0.6403, 'middle': 0.3297, 'wealthy': 0.0255, 'aristocrat': 0.0046}",7,[['cloth']],"[['glass', 'jewelry', 'mercenaries', 'ore']]",Ruler AMN-94,mercenary heavy,local academy,"Draconic, Dwarvish",Mystra,191831,772478497,314.5,64.9,75.9,4,0,synthetic generator v2,derived,0.92,2172546,-3,19.6,8.08201,20.41128
Cormyr Settlement 0189,Cormyr,Suzail,1559,3716026,3672,"{'humans': 1096, 'elves': 75, 'dwarves': 59, 'halflings': 79, 'half-orcs': 32, 'misc.': 218}",92,disease,['Patriarchy'],"{'poor': 0.5557, 'middle': 0.3535, 'wealthy': 0.086, 'aristocrat': 0.0049}",0,"[['armor', 'books', 'fish', 'gems', 'timber']]","[['glass', 'mercenaries', 'parchment', 'silk', 'spices']]",Ruler COR-192,small militia,None,"Draconic, Dwarvish, Orc","Chauntea, Selune",162084,631592082,339.13,62.1,69.0,7,0,synthetic generator v2,synthetic,0.91,3104286,0,24.5,-25.24989,22.58704
Tethyr Settlement 0190,Tethyr,Darromar,1393,5944332,59799,"{'humans': 1146, 'elves': 128, 'dwarves': 112, 'halflings': 36, 'half-orcs': 28, 'misc.': 0}",122,crime,['Merchant Council'],"{'poor': 0.6548, 'middle': 0.2157, 'wealthy': 0.046, 'aristocrat': 0.0834}",0,"[['books', 'cloth', 'horses', 'timber', 'weapons']]","[['glass', 'magic items']]",Ruler TET-694,small militia,arcanum,"Draconic, Dwarvish, Halfling","Chauntea, Mystra, Tempus",306344,1288038783,413.66,61.6,72.8,3,0,synthetic generator v2,synthetic,0.81,5555226,3,10.5,-21.35096,-84.34392
Tethyr Settlement 0191,Tethyr,Darromar,958,8429599,691448,"{'humans': 695, 'elves': 62, 'dwarves': 39, 'halflings': 38, 'half-orcs': 48, 'misc.': 76}",65,famine,['Magocracy'],"{'poor': 0.4831, 'middle': 0.2592, 'wealthy': 0.0327, 'aristocrat': 0.225}",0,"[['gems', 'grain', 'salt', 'weapons']]","[['glass', 'jewelry', 'magic items']]",Ruler TET-329,professional guard,guilds,"Draconic, Dwarvish, Orc",Tempus,306344,1288038783,393.23,62.1,63.7,4,0,synthetic generator v2,derived,0.48,10239139,1,14.0,5.16118,31.59462
Baldurs Gate Settlement 0192,Baldurs Gate,Baldur's Gate,5006,39945114,123905,"{'humans': 3773, 'elves': 109, 'dwarves': 422, 'halflings': 415, 'half-orcs': 203, 'misc.': 84}",56,monster attack,['Satrapy'],"{'poor': 0.4932, 'middle': 0.2507, 'wealthy': 0.0643, 'aristocrat': 0.1918}",3,"[['books', 'fish', 'horses', 'timber', 'wine']]","[['coal', 'magic items', 'spices']]",Ruler BAL-96,professional guard,arcanum,"Common, Dwarvish, Orc",Torm,261869,1312711673,226.74,62.4,70.9,8,1,synthetic generator v2,derived,0.65,42214907,2,31.3,72.11066,44.45705
Neverwinter Settlement 0193,Neverwinter,Neverwinter,480,2594203,284795,"{'humans': 393, 'elves': 47, 'dwarves': 21, 'halflings': 13, 'half-orcs': 28, 'misc.': 0}",26,war,['Theocracy'],"{'poor': 0.6391, 'middle': 0.2023, 'wealthy': 0.0365, 'aristocrat': 0.1222}",0,"[['armor', 'books', 'salt']]","[['glass', 'ore', 'parchment', 'spices']]",Ruler NEV-710,small militia,None,"Draconic, Dwarvish, Halfling","Selune, Tempus, Tyr",172720,723835434,133.77,42.7,35.0,8,0,synthetic generator v2,synthetic,0.76,3567270,-1,28.0,43.21732,40.34016
Sembia Settlement 0194,Sembia,Selgaunt,4071,8634057,580647,"{'humans': 3074, 'elves': 401, 'dwarves': 193, 'halflings': 105, 'half-orcs': 219, 'misc.': 79}",133,monster attack,['Dictatorship'],"{'poor': 0.6683, 'middle': 0.2435, 'wealthy': 0.0834, 'aristocrat': 0.0049}",19,"[['cloth', 'grain', 'salt']]","[['mercenaries', 'ore']]",Ruler SEM-112,professional guard,guilds,"Dwarvish, Orc","Mystra, Selune, Tyr",210662,818271539,369.52,61.4,51.9,3,0,synthetic generator v2,derived,0.58,9756472,1,25.7,-30.06627,37.60953
Waterdeep Settlement 0195,Waterdeep,Waterdeep,2181,7956590,848903,"{'humans': 1879, 'elves': 216, 'dwarves': 201, 'halflings': 137, 'half-orcs': 57, 'misc.': 0}",73,old age,['Patriarchy'],"{'poor': 0.5921, 'middle': 0.2739, 'wealthy': 0.0837, 'aristocrat': 0.0503}",0,"[['books', 'fish', 'salt']]","[['glass', 'ore', 'parchment']]",Ruler WAT-304,mercenary heavy,guilds,"Common, Halfling",Tempus,190388,767901516,57.07,56.2,45.7,8,0,synthetic generator v2,synthetic,0.81,10822580,0,28.0,47.29768,30.48221
Sembia Settlement 0196,Sembia,Selgaunt,577,1295789,132059,"{'humans': 507, 'elves': 46, 'dwarves': 24, 'halflings': 13, 'half-orcs': 25, 'misc.': 0}",73,famine,['Monarchy'],"{'poor': 0.5414, 'middle': 0.3953, 'wealthy': 0.0583, 'aristocrat': 0.005}",2,[['books']],"[['coal', 'magic items', 'silk', 'spices']]",Ruler SEM-400,mercenary heavy,arcanum,"Common, Draconic, Halfling",Chauntea,210662,818271539,452.44,56.8,39.1,1,0,synthetic generator v2,synthetic,0.88,1784975,-3,5.1,42.75877,59.69995
Neverwinter Settlement 0197,Neverwinter,Neverwinter,2440,4905691,97978,"{'humans': 2177, 'elves': 253, 'dwarves': 89, 'halflings': 87, 'half-orcs': 59, 'misc.': 0}",98,arcane mishap,['Patriarchy'],"{'poor': 0.6584, 'middle': 0.274, 'wealthy': 0.0627, 'aristocrat': 0.0048}",12,[['salt']],"[['glass', 'jewelry']]",Ruler NEV-387,mercenary heavy,arcanum,Halfling,"Mystra, Tempus",172720,723835434,541.87,50.4,38.4,5,0,synthetic generator v2,synthetic,0.88,6823987,-1,27.1,33.5932,32.93446
Baldurs Gate Settlement 0198,Baldurs Gate,Baldur's Gate,2490,13031727,40240,"{'humans': 1651, 'elves': 208, 'dwarves': 164, 'halflings': 182, 'half-orcs': 24, 'misc.': 261}",147,monster attack,['Theocracy'],"{'poor': 0.4694, 'middle': 0.3933, 'wealthy': 0.0325, 'aristocrat': 0.1049}",17,"[['grain', 'timber', 'weapons']]",[['coal']],Ruler BAL-195,naval patrol,guilds,"Common, Dwarvish, Halfling",Chauntea,261869,1312711673,388.76,59.6,70.7,2,0,synthetic generator v2,derived,0.5,10297315,2,20.6,-32.84757,-79.36815
Neverwinter Settlement 0199,Neverwinter,Neverwinter,1001,4537358,292624,"{'humans': 822, 'elves': 103, 'dwarves': 84, 'halflings': 74, 'half-orcs': 26, 'misc.': 0}",110,disease,['Magocracy'],"{'poor': 0.6119, 'middle': 0.2288, 'wealthy': 0.0765, 'aristocrat': 0.0828}",2,"[['fish', 'gems', 'salt']]","[['mercenaries', 'parchment']]",Ruler NEV-595,professional guard,local academy,"Dwarvish, Halfling",Chauntea,172720,723835434,98.01,47.6,35.3,3,3,synthetic generator v2,synthetic,0.41,5556155,1,14.8,-12.81572,77.21769
Tethyr Settlement 0200,Tethyr,Darromar,22467,71249653,1325741,"{'humans': 20183, 'elves': 1971, 'dwarves': 718, 'halflings': 1897, 'half-orcs': 476, 'misc.': 0}",121,monster attack,['Dictatorship'],"{'poor': 0.5604, 'middle': 0.3554, 'wealthy': 0.0439, 'aristocrat': 0.0403}",13,[['fish']],"[['coal', 'glass', 'magic items', 'mercenaries', 'parchment']]",Ruler TET-997,naval patrol,None,"Common, Elvish","Lathander, Mystra, Selune",306344,1288038783,490.77,69.3,71.9,5,0,synthetic generator v2,derived,0.88,69039095,-4,27.9,55.98793,-18.32514
Sembia Settlement 0201,Sembia,Selgaunt,2618,22421590,2262110,"{'humans': 2232, 'elves': 57, 'dwarves': 253, 'halflings': 128, 'half-orcs': 119, 'misc.': 0}",44,disease,['Confederacy'],"{'poor': 0.4837, 'middle': 0.2729, 'wealthy': 0.0245, 'aristocrat': 0.2189}",0,[['grain']],"[['coal', 'jewelry', 'ore', 'spices']]",Ruler SEM-400,professional guard,arcanum,"Dwarvish, Halfling","Chauntea, Mystra",210662,818271539,335.65,56.2,50.1,6,0,synthetic generator v2,derived,0.71,29401769,-3,21.0,19.94002,-66.80846
Baldurs Gate Settlement 0202,Baldurs Gate,Baldur's Gate,579,1662170,131175,"{'humans': 482, 'elves': 46, 'dwarves': 46, 'halflings': 27, 'half-orcs': 6, 'misc.': 0}",106,arcane mishap,['Dictatorship'],"{'poor': 0.6276, 'middle': 0.2873, 'wealthy': 0.0515, 'aristocrat': 0.0336}",0,"[['books', 'grain', 'salt']]","[['glass', 'magic items', 'parchment']]",Ruler BAL-843,mercenary heavy,guilds,"Common, Dwarvish",Tyr,261869,1312711673,425.52,57.2,64.8,2,0,synthetic generator v2,derived,0.57,2205970,0,7.0,59.95569,46.69813
Calimshan Settlement 0203,Calimshan,Memnon,5935,53913818,5013924,"{'humans': 4082, 'elves': 423, 'dwarves': 409, 'halflings': 390, 'half-orcs': 196, 'misc.': 435}",129,crime,['Patriarchy'],"{'poor': 0.4517, 'middle': 0.2508, 'wealthy': 0.0738, 'aristocrat': 0.2237}",6,"[['cloth', 'gems']]","[['magic items', 'mercenaries', 'ore', 'silk', 'spices']]",Ruler CAL-886,small militia,None,Orc,Torm,169269,841078201,252.28,74.1,26.0,9,0,synthetic generator v2,derived,0.37,63491694,-3,36.3,-17.47254,42.31776
Calimshan Settlement 0204,Calimshan,Memnon,969,8925205,247647,"{'humans': 645, 'elves': 65, 'dwarves': 44, 'halflings': 32, 'half-orcs': 52, 'misc.': 131}",57,monster attack,['Patriarchy'],"{'poor': 0.5123, 'middle': 0.2111, 'wealthy': 0.0365, 'aristocrat': 0.2401}",13,"[['fish', 'timber', 'wine']]","[['glass', 'mercenaries', 'ore', 'parchment', 'silk']]",Ruler CAL-766,mercenary heavy,arcanum,"Common, Dwarvish, Orc","Lathander, Torm",169269,841078201,443.22,76.6,43.2,6,0,synthetic generator v2,synthetic,0.82,12373515,-2,31.4,58.58609,40.41306
Cormyr Settlement 0205,Cormyr,Suzail,2739,5589418,265241,"{'humans': 1818, 'elves': 314, 'dwarves': 210, 'halflings': 226, 'half-orcs': 155, 'misc.': 16}",173,old age,['Dictatorship'],"{'poor': 0.6629, 'middle': 0.2632, 'wealthy': 0.0691, 'aristocrat': 0.0048}",15,"[['cloth', 'fish', 'grain', 'timber', 'wine']]",[['ore']],Ruler COR-631,professional guard,arcanum,"Halfling, Orc","Chauntea, Selune, Torm",162084,631592082,511.28,66.2,55.8,0,0,synthetic generator v2,derived,0.38,6261977,4,12.0,61.00653,-80.12068
Neverwinter Settlement 0206,Neverwinter,Neverwinter,5193,15013630,591892,"{'humans': 3584, 'elves': 589, 'dwarves': 211, 'halflings': 293, 'half-orcs': 252, 'misc.': 264}",156,crime,['Democracy'],"{'poor': 0.6566, 'middle': 0.2314, 'wealthy': 0.0819, 'aristocrat': 0.0301}",13,"[['armor', 'horses', 'wine']]",[['ore']],Ruler NEV-458,mercenary heavy,None,"Dwarvish, Halfling, Orc","Tempus, Tyr",172720,723835434,399.25,44.5,27.0,9,0,synthetic generator v2,derived,0.83,17313360,2,41.9,74.50946,-29.19272
Amn Settlement 0207,Amn,Athkatla,1978,3976538,256919,"{'humans': 1391, 'elves': 116, 'dwarves': 189, 'halflings': 122, 'half-orcs': 72, 'misc.': 88}",40,famine,['Democracy'],"{'poor': 0.6257, 'middle': 0.3175, 'wealthy': 0.0521, 'aristocrat': 0.0046}",0,"[['grain', 'timber']]",[['jewelry']],Ruler AMN-816,small militia,arcanum,Common,Lathander,191831,772478497,31.99,59.7,90.2,0,0,synthetic generator v2,synthetic,0.45,4724719,1,0.0,-17.94047,69.11441
Baldurs Gate Settlement 0208,Baldurs Gate,Baldur's Gate,9009,18853053,1582857,"{'humans': 6712, 'elves': 484, 'dwarves': 780, 'halflings': 609, 'half-orcs': 291, 'misc.': 133}",133,war,['Merchant Council'],"{'poor': 0.6485, 'middle': 0.2743, 'wealthy': 0.0724, 'aristocrat': 0.0048}",13,"[['salt', 'timber', 'weapons']]","[['coal', 'glass', 'ore']]",Ruler BAL-152,small militia,None,"Draconic, Halfling","Mystra, Torm",261869,1312711673,93.6,50.9,51.9,3,0,synthetic generator v2,derived,0.59,20291155,0,20.9,38.68355,84.56884
Neverwinter Settlement 0209,Neverwinter,Neverwinter,3607,7476320,131278,"{'humans': 3224, 'elves': 293, 'dwarves': 316, 'halflings': 207, 'half-orcs': 97, 'misc.': 0}",105,famine,['Confederacy'],"{'poor': 0.6664, 'middle': 0.2533, 'wealthy': 0.0755, 'aristocrat': 0.0048}",19,"[['cloth', 'grain', 'weapons', 'wine']]","[['jewelry', 'parchment', 'silk', 'spices']]",Ruler NEV-555,professional guard,arcanum,Common,"Mystra, Tempus, Torm",172720,723835434,460.54,43.4,61.9,6,0,synthetic generator v2,derived,0.6,5720783,0,36.2,67.64155,-97.29442
Neverwinter Settlement 0210,Neverwinter,Neverwinter,2342,4508544,395058,"{'humans': 1774, 'elves': 217, 'dwarves': 73, 'halflings': 142, 'half-orcs': 59, 'misc.': 77}",127,crime,['Merchant Council'],"{'poor': 0.6056, 'middle': 0.3595, 'wealthy': 0.0302, 'aristocrat': 0.0048}",19,"[['books', 'horses', 'timber', 'wine']]","[['coal', 'glass', 'jewelry', 'ore', 'spices']]",Ruler NEV-994,small militia,arcanum,"Common, Orc",Lathander,172720,723835434,468.56,51.4,56.4,2,0,synthetic generator v2,derived,0.73,6125437,-1,22.2,-0.67393,129.10566
Baldurs Gate Settlement 0211,Baldurs Gate,Baldur's Gate,713,4560767,280918,"{'humans': 471, 'elves': 74, 'dwarves': 38, 'halflings': 50, 'half-orcs': 37, 'misc.': 43}",91,disease,['Theocracy'],"{'poor': 0.4711, 'middle': 0.2994, 'wealthy': 0.0995, 'aristocrat': 0.13}",5,"[['cloth', 'fish']]","[['coal', 'glass', 'mercenaries', 'silk']]",Ruler BAL-796,mercenary heavy,guilds,Elvish,Tyr,261869,1312711673,201.39,59.7,56.7,0,0,synthetic generator v2,synthetic,0.84,4418574,-2,4.0,74.89134,-71.53673
Baldurs Gate Settlement 0212,Baldurs Gate,Baldur's Gate,1945,6990134,563397,"{'humans': 1503, 'elves': 225, 'dwarves': 116, 'halflings': 160, 'half-orcs': 26, 'misc.': 0}",48,crime,['Dictatorship'],"{'poor': 0.5085, 'middle': 0.3936, 'wealthy': 0.0483, 'aristocrat': 0.0497}",10,[['horses']],[['mercenaries']],Ruler BAL-803,professional guard,arcanum,"Common, Halfling","Selune, Torm, Tyr",261869,1312711673,17.37,55.6,39.7,3,0,synthetic generator v2,synthetic,0.6,8374823,0,18.5,-15.22152,92.87172
Sembia Settlement 0213,Sembia,Selgaunt,1083,2156571,61682,"{'humans': 752, 'elves': 105, 'dwarves': 91, 'halflings': 99, 'half-orcs': 43, 'misc.': 0}",145,war,['Merchant Council'],"{'poor': 0.6133, 'middle': 0.3385, 'wealthy': 0.0432, 'aristocrat': 0.0049}",0,"[['salt', 'weapons']]","[['coal', 'glass', 'jewelry']]",Ruler SEM-859,naval patrol,guilds,"Common, Halfling","Chauntea, Mystra, Selune",210662,818271539,315.08,51.5,30.2,5,0,synthetic generator v2,synthetic,0.7,2844885,-1,17.5,5.08548,-7.086
Waterdeep Settlement 0214,Waterdeep,Waterdeep,411,1786093,119473,"{'humans': 289, 'elves': 14, 'dwarves': 38, 'halflings': 16, 'half-orcs': 4, 'misc.': 50}",60,crime,['Democracy'],"{'poor': 0.5708, 'middle': 0.2985, 'wealthy': 0.0521, 'aristocrat': 0.0786}",20,"[['cloth', 'fish', 'gems', 'horses', 'salt']]","[['glass', 'magic items', 'ore', 'parchment', 'silk']]",Ruler WAT-371,mercenary heavy,local academy,Draconic,"Chauntea, Tempus, Torm",190388,767901516,376.07,53.9,52.7,3,0,synthetic generator v2,derived,0.92,2479995,0,26.5,6.48687,79.47403
Calimshan Settlement 0215,Calimshan,Memnon,1218,3496987,216520,"{'humans': 1089, 'elves': 72, 'dwarves': 85, 'halflings': 35, 'half-orcs': 47, 'misc.': 0}",132,famine,['Merchant Council'],"{'poor': 0.5558, 'middle': 0.3863, 'wealthy': 0.0238, 'aristocrat': 0.0341}",17,[['armor']],"[['coal', 'jewelry', 'ore']]",Ruler CAL-105,naval patrol,guilds,"Dwarvish, Orc",Mystra,169269,841078201,67.17,76.1,27.3,8,0,synthetic generator v2,derived,0.78,3901880,-2,41.6,74.20216,-90.12458
Tethyr Settlement 0216,Tethyr,Darromar,2209,4436018,162424,"{'humans': 1614, 'elves': 169, 'dwarves': 125, 'halflings': 160, 'half-orcs': 76, 'misc.': 65}",50,disease,['Confederacy'],"{'poor': 0.6147, 'middle': 0.3543, 'wealthy': 0.0208, 'aristocrat': 0.0102}",0,"[['grain', 'salt']]","[['glass', 'jewelry', 'parchment', 'silk']]",Ruler TET-805,small militia,None,"Dwarvish, Elvish","Selune, Tempus",306344,1288038783,13.92,60.7,78.4,4,0,synthetic generator v2,synthetic,0.6,4876704,-2,14.0,-15.81291,-76.64849
Cormyr Settlement 0217,Cormyr,Suzail,4672,8875129,159448,"{'humans': 3855, 'elves': 508, 'dwarves': 411, 'halflings': 254, 'half-orcs': 83, 'misc.': 0}",80,war,['Monarchy'],"{'poor': 0.6551, 'middle': 0.2961, 'wealthy': 0.0441, 'aristocrat': 0.0047}",11,"[['books', 'cloth', 'gems', 'weapons']]","[['jewelry', 'magic items', 'ore', 'parchment', 'spices']]",Ruler COR-797,mercenary heavy,arcanum,"Elvish, Halfling",Chauntea,162084,631592082,312.02,66.6,64.2,9,0,synthetic generator v2,synthetic,0.44,6970728,-1,40.3,-15.75492,42.76669
Sembia Settlement 0218,Sembia,Selgaunt,4012,8323828,198190,"{'humans': 3265, 'elves': 458, 'dwarves': 258, 'halflings': 309, 'half-orcs': 238, 'misc.': 0}",156,arcane mishap,['Dictatorship'],"{'poor': 0.6751, 'middle': 0.276, 'wealthy': 0.035, 'aristocrat': 0.0139}",0,"[['armor', 'books', 'fish', 'horses', 'timber']]","[['coal', 'ore']]",Ruler SEM-655,professional guard,None,"Elvish, Halfling","Tempus, Torm",210662,818271539,314.44,55.2,44.4,1,0,synthetic generator v2,synthetic,0.62,6686762,3,3.5,38.7207,61.08302
Tethyr Settlement 0219,Tethyr,Darromar,4378,20654721,1284156,"{'humans': 3336, 'elves': 96, 'dwarves': 437, 'halflings': 204, 'half-orcs': 164, 'misc.': 141}",101,monster attack,['Dictatorship'],"{'poor': 0.4833, 'middle': 0.394, 'wealthy': 0.0344, 'aristocrat': 0.0883}",16,"[['cloth', 'fish', 'gems', 'weapons']]","[['magic items', 'parchment', 'silk']]",Ruler TET-515,professional guard,None,Halfling,Mystra,306344,1288038783,416.06,69.2,77.1,2,0,synthetic generator v2,derived,0.48,18007245,1,19.8,70.71524,-48.25451
Amn Settlement 0220,Amn,Athkatla,2394,5658007,15861,"{'humans': 1774, 'elves': 74, 'dwarves': 217, 'halflings': 150, 'half-orcs': 46, 'misc.': 133}",118,old age,['Confederacy'],"{'poor': 0.5649, 'middle': 0.3801, 'wealthy': 0.0407, 'aristocrat': 0.0143}",15,"[['armor', 'cloth', 'gems', 'timber']]","[['jewelry', 'mercenaries', 'parchment', 'silk']]",Ruler AMN-633,small militia,None,Dwarvish,"Mystra, Tyr",191831,772478497,356.23,64.1,75.6,2,0,synthetic generator v2,derived,0.55,4275311,0,19.0,-7.52346,-101.70013
Amn Settlement 0221,Amn,Athkatla,1578,3399029,116391,"{'humans': 1091, 'elves': 119, 'dwarves': 49, 'halflings': 108, 'half-orcs': 91, 'misc.': 120}",50,famine,['Democracy'],"{'poor': 0.5798, 'middle': 0.3566, 'wealthy': 0.059, 'aristocrat': 0.0046}",0,"[['armor', 'books', 'cloth', 'salt']]","[['jewelry', 'magic items', 'silk']]",Ruler AMN-35,mercenary heavy,None,"Draconic, Dwarvish","Mystra, Torm, Tyr",191831,772478497,71.7,64.4,61.0,3,0,synthetic generator v2,synthetic,0.66,2556633,1,10.5,72.48071,59.63288
Neverwinter Settlement 0222,Neverwinter,Neverwinter,3243,13043963,634009,"{'humans': 2163, 'elves': 126, 'dwarves': 154, 'halflings': 238, 'half-orcs': 178, 'misc.': 384}",35,famine,['Merchant Council'],"{'poor': 0.5569, 'middle': 0.3488, 'wealthy': 0.0211, 'aristocrat': 0.0732}",14,"[['armor', 'cloth', 'gems', 'weapons']]","[['coal', 'glass', 'mercenaries']]",Ruler NEV-715,mercenary heavy,None,"Dwarvish, Elvish, Orc",Tempus,172720,723835434,392.87,45.5,47.3,8,0,synthetic generator v2,derived,0.86,15952109,1,39.2,40.50591,-47.14869
Tethyr Settlement 0223,Tethyr,Darromar,270,1399015,19474,"{'humans': 221, 'elves': 27, 'dwarves': 8, 'halflings': 6, 'half-orcs': 15, 'misc.': 0}",157,monster attack,['Merchant Council'],"{'poor': 0.4552, 'middle': 0.3787, 'wealthy': 0.0722, 'aristocrat': 0.0939}",0,"[['books', 'gems', 'horses']]","[['glass', 'magic items', 'mercenaries', 'parchment']]",Ruler TET-778,naval patrol,arcanum,"Dwarvish, Elvish","Tempus, Torm",306344,1288038783,138.19,66.2,66.9,6,0,synthetic generator v2,synthetic,0.4,1482732,-1,21.0,58.96016,-79.10238
Tethyr Settlement 0224,Tethyr,Darromar,15557,28950270,447626,"{'humans': 11915, 'elves': 1275, 'dwarves': 1376, 'halflings': 389, 'half-orcs': 714, 'misc.': 0}",73,monster attack,['Theocracy'],"{'poor': 0.6315, 'middle': 0.3348, 'wealthy': 0.029, 'aristocrat': 0.0048}",11,"[['fish', 'horses', 'weapons', 'wine']]",[['ore']],Ruler TET-369,mercenary heavy,arcanum,"Dwarvish, Elvish, Halfling","Chauntea, Mystra",306344,1288038783,251.86,62.1,72.3,1,0,synthetic generator v2,derived,0.75,28875629,3,12.3,40.16137,41.79937
Cormyr Settlement 0225,Cormyr,Suzail,4118,9629417,208913,"{'humans': 3278, 'elves': 421, 'dwarves': 304, 'halflings': 138, 'half-orcs': 209, 'misc.': 0}",112,crime,['Merchant Council'],"{'poor': 0.5783, 'middle': 0.3293, 'wealthy': 0.0877, 'aristocrat': 0.0047}",0,"[['fish', 'gems', 'salt', 'timber', 'wine']]","[['glass', 'jewelry', 'magic items', 'parchment', 'silk']]",Ruler COR-78,professional guard,guilds,"Common, Orc","Selune, Tyr",162084,631592082,104.66,61.1,63.5,8,0,synthetic generator v2,derived,0.73,11303299,0,28.0,72.61426,-44.61579
Neverwinter Settlement 0226,Neverwinter,Neverwinter,770,4318108,311153,"{'humans': 669, 'elves': 38, 'dwarves': 65, 'halflings': 19, 'half-orcs': 37, 'misc.': 0}",43,famine,['Merchant Council'],"{'poor': 0.5086, 'middle': 0.348, 'wealthy': 0.0208, 'aristocrat': 0.1227}",17,"[['armor', 'fish', 'horses', 'timber', 'weapons']]","[['magic items', 'mercenaries', 'ore', 'parchment']]",Ruler NEV-749,small militia,None,"Common, Elvish, Halfling","Mystra, Tyr",172720,723835434,499.71,44.2,24.9,1,0,synthetic generator v2,derived,0.61,4126792,1,17.1,13.20869,16.94762
Amn Settlement 0227,Amn,Athkatla,4574,31327353,2306915,"{'humans': 4103, 'elves': 343, 'dwarves': 350, 'halflings': 233, 'half-orcs': 92, 'misc.': 0}",71,crime,['Patriarchy'],"{'poor': 0.5322, 'middle': 0.245, 'wealthy': 0.0662, 'aristocrat': 0.1565}",12,[['grain']],[['silk']],Ruler AMN-135,mercenary heavy,arcanum,Orc,"Chauntea, Lathander, Tyr",191831,772478497,42.79,66.3,92.8,8,0,synthetic generator v2,derived,0.64,36252418,0,37.6,9.65146,-81.17848
Sembia Settlement 0228,Sembia,Selgaunt,1212,6312497,180532,"{'humans': 1021, 'elves': 42, 'dwarves': 39, 'halflings': 24, 'half-orcs': 61, 'misc.': 25}",24,monster attack,['Satrapy'],"{'poor': 0.4946, 'middle': 0.3249, 'wealthy': 0.0856, 'aristocrat': 0.0949}",0,[['wine']],"[['jewelry', 'ore', 'silk', 'spices']]",Ruler SEM-356,small militia,guilds,"Draconic, Orc","Mystra, Selune",210662,818271539,111.6,60.7,45.5,1,0,synthetic generator v2,derived,0.38,8255754,-3,3.5,27.20695,43.35057
Waterdeep Settlement 0229,Waterdeep,Waterdeep,370,811056,6000,"{'humans': 323, 'elves': 7, 'dwarves': 13, 'halflings': 12, 'half-orcs': 4, 'misc.': 11}",114,crime,['Confederacy'],"{'poor': 0.6131, 'middle': 0.3058, 'wealthy': 0.0764, 'aristocrat': 0.0047}",8,"[['cloth', 'horses']]","[['coal', 'jewelry', 'parchment', 'silk', 'spices']]",Ruler WAT-721,professional guard,local academy,"Common, Dwarvish, Orc",Tyr,190388,767901516,223.9,46.3,39.5,1,0,synthetic generator v2,synthetic,0.49,1062026,-3,9.9,-26.89809,-106.5747
Neverwinter Settlement 0230,Neverwinter,Neverwinter,1033,5359845,395900,"{'humans': 911, 'elves': 44, 'dwarves': 86, 'halflings': 24, 'half-orcs': 19, 'misc.': 0}",92,old age,['Satrapy'],"{'poor': 0.4871, 'middle': 0.3474, 'wealthy': 0.0682, 'aristocrat': 0.0973}",0,[['timber']],"[['coal', 'mercenaries', 'parchment', 'silk']]",Ruler NEV-123,mercenary heavy,None,Halfling,"Lathander, Mystra, Selune",172720,723835434,254.96,51.9,55.3,4,0,synthetic generator v2,derived,0.7,5918049,-3,14.0,-31.07483,-90.09999
Calimshan Settlement 0231,Calimshan,Memnon,1569,5663511,452809,"{'humans': 1084, 'elves': 175, 'dwarves': 140, 'halflings': 67, 'half-orcs': 51, 'misc.': 52}",95,famine,['Democracy'],"{'poor': 0.6684, 'middle': 0.2142, 'wealthy': 0.0572, 'aristocrat': 0.0601}",4,"[['armor', 'cloth', 'horses', 'weapons']]",[['mercenaries']],Ruler CAL-754,naval patrol,arcanum,"Common, Draconic","Chauntea, Lathander, Mystra",169269,841078201,521.65,83.9,15.8,2,0,synthetic generator v2,derived,0.73,6913493,3,10.2,-31.16295,108.89562
Tethyr Settlement 0232,Tethyr,Darromar,2669,18800698,1117249,"{'humans': 2323, 'elves': 96, 'dwarves': 193, 'halflings': 72, 'half-orcs': 131, 'misc.': 0}",70,monster attack,['Magocracy'],"{'poor': 0.5445, 'middle': 0.2603, 'wealthy': 0.0223, 'aristocrat': 0.173}",0,"[['armor', 'fish', 'grain', 'horses', 'salt']]","[['parchment', 'silk']]",Ruler TET-257,mercenary heavy,local academy,Orc,"Chauntea, Lathander, Mystra",306344,1288038783,465.36,66.1,78.6,6,0,synthetic generator v2,derived,0.4,18578012,3,21.0,-22.99689,-54.85692
Cormyr Settlement 0233,Cormyr,Suzail,2132,15172486,883450,"{'humans': 1415, 'elves': 220, 'dwarves': 118, 'halflings': 111, 'half-orcs': 23, 'misc.': 245}",40,disease,['Satrapy'],"{'poor': 0.5098, 'middle': 0.2601, 'wealthy': 0.0662, 'aristocrat': 0.1638}",0,"[['salt', 'timber']]","[['glass', 'mercenaries']]",Ruler COR-992,mercenary heavy,guilds,"Common, Halfling, Orc",Tyr,162084,631592082,209.92,57.8,76.8,9,0,synthetic generator v2,synthetic,0.53,14085922,0,31.5,-12.14661,45.85419
Tethyr Settlement 0234,Tethyr,Darromar,1609,11151543,795256,"{'humans': 1175, 'elves': 151, 'dwarves': 114, 'halflings': 86, 'half-orcs': 71, 'misc.': 12}",26,disease,['Democracy'],"{'poor': 0.5009, 'middle': 0.2575, 'wealthy': 0.0895, 'aristocrat': 0.1521}",2,[['gems']],[['ore']],Ruler TET-49,naval patrol,arcanum,"Dwarvish, Elvish, Halfling",Chauntea,306344,1288038783,101.25,60.8,48.9,8,0,synthetic generator v2,synthetic,0.37,10312901,0,29.6,-7.95633,15.36763
Calimshan Settlement 0235,Calimshan,Memnon,470,2272848,163031,"{'humans': 324, 'elves': 27, 'dwarves': 35, 'halflings': 14, 'half-orcs': 14, 'misc.': 56}",141,old age,['Patriarchy'],"{'poor': 0.5815, 'middle': 0.2838, 'wealthy': 0.0355, 'aristocrat': 0.0992}",18,"[['cloth', 'grain', 'salt', 'timber', 'weapons']]","[['glass', 'jewelry', 'ore', 'silk', 'spices']]",Ruler CAL-48,mercenary heavy,local academy,"Elvish, Halfling",Mystra,169269,841078201,244.74,78.8,16.3,3,0,synthetic generator v2,synthetic,0.8,2737819,0,24.9,-18.55159,26.39282
Waterdeep Settlement 0236,Waterdeep,Waterdeep,2648,13636823,515446,"{'humans': 2064, 'elves': 159, 'dwarves': 137, 'halflings': 163, 'half-orcs': 59, 'misc.': 66}",47,old age,['Monarchy'],"{'poor': 0.5702, 'middle': 0.2621, 'wealthy': 0.0648, 'aristocrat': 0.1028}",7,"[['gems', 'grain', 'horses', 'salt', 'timber']]","[['glass', 'mercenaries', 'ore', 'parchment', 'spices']]",Ruler WAT-616,mercenary heavy,local academy,Orc,"Selune, Tempus",190388,767901516,83.39,46.3,38.5,2,0,synthetic generator v2,derived,0.93,18044672,0,12.6,52.22165,51.12785
Waterdeep Settlement 0237,Waterdeep,Waterdeep,374,1947943,47415,"{'humans': 294, 'elves': 25, 'dwarves': 21, 'halflings': 28, 'half-orcs': 10, 'misc.': 0}",165,old age,['Satrapy'],"{'poor': 0.5229, 'middle': 0.3256, 'wealthy': 0.0464, 'aristocrat': 0.1051}",0,"[['cloth', 'fish', 'timber', 'weapons']]","[['coal', 'glass', 'magic items', 'mercenaries', 'ore']]",Ruler WAT-752,naval patrol,arcanum,"Dwarvish, Orc","Chauntea, Mystra, Torm",190388,767901516,230.76,47.0,46.3,9,0,synthetic generator v2,synthetic,0.38,2242452,-1,31.5,23.11884,-55.55846
Waterdeep Settlement 0238,Waterdeep,Waterdeep,2384,5321463,153762,"{'humans': 1928, 'elves': 69, 'dwarves': 97, 'halflings': 231, 'half-orcs': 41, 'misc.': 18}",120,famine,['Patriarchy'],"{'poor': 0.5963, 'middle': 0.3668, 'wealthy': 0.0205, 'aristocrat': 0.0164}",15,"[['cloth', 'horses', 'weapons', 'wine']]","[['coal', 'glass', 'ore']]",Ruler WAT-576,professional guard,arcanum,"Elvish, Orc","Lathander, Selune, Torm",190388,767901516,45.75,51.9,28.5,0,0,synthetic generator v2,derived,0.37,4969819,1,12.0,0.91853,79.59474
Waterdeep Settlement 0239,Waterdeep,Waterdeep,28307,57524749,2564647,"{'humans': 24859, 'elves': 1471, 'dwarves': 1561, 'halflings': 2653, 'half-orcs': 486, 'misc.': 0}",46,arcane mishap,['Confederacy'],"{'poor': 0.6444, 'middle': 0.2896, 'wealthy': 0.0612, 'aristocrat': 0.0048}",11,"[['cloth', 'fish', 'grain', 'horses', 'weapons']]","[['jewelry', 'mercenaries', 'ore', 'parchment', 'spices']]",Ruler WAT-998,small militia,arcanum,"Halfling, Orc","Mystra, Tempus, Torm",190388,767901516,71.84,45.0,37.7,7,0,synthetic generator v2,synthetic,0.82,58613790,0,33.3,30.23286,-45.61507
Athkatla,Amn,Athkatla,1083,5203465,107649,"{'humans': 821, 'elves': 66, 'dwarves': 85, 'halflings': 66, 'half-orcs': 43, 'misc.': 2}",54,war,['Monarchy'],"{'poor': 0.6333, 'middle': 0.2208, 'wealthy': 0.0463, 'aristocrat': 0.0997}",12,"[['armor', 'wine']]","[['glass', 'jewelry']]",Ruler AMN-168,mercenary heavy,guilds,Dwarvish,Lathander,191831,772478497,117.81,65.2,79.3,1,0,synthetic generator v2,derived,0.6,4162737,0,13.1,64.60377,-21.42958
Baldurs Gate Settlement 0241,Baldurs Gate,Baldur's Gate,15166,31965264,537824,"{'humans': 10193, 'elves': 1561, 'dwarves': 1456, 'halflings': 1411, 'half-orcs': 538, 'misc.': 7}",139,monster attack,['Democracy'],"{'poor': 0.6407, 'middle': 0.3102, 'wealthy': 0.0369, 'aristocrat': 0.0121}",9,"[['cloth', 'grain', 'horses', 'timber', 'wine']]",[['ore']],Ruler BAL-14,mercenary heavy,None,"Dwarvish, Orc","Chauntea, Lathander, Mystra",261869,1312711673,36.96,58.1,38.5,7,0,synthetic generator v2,synthetic,0.51,28720660,4,31.7,-16.32344,84.52775
Calimshan Settlement 0242,Calimshan,Memnon,1529,3208207,233748,"{'humans': 1301, 'elves': 163, 'dwarves': 139, 'halflings': 71, 'half-orcs': 73, 'misc.': 0}",165,disease,['Merchant Council'],"{'poor': 0.5979, 'middle': 0.3401, 'wealthy': 0.0578, 'aristocrat': 0.0043}",0,"[['gems', 'wine']]","[['glass', 'mercenaries', 'ore', 'parchment']]",Ruler CAL-440,naval patrol,guilds,"Common, Halfling","Lathander, Mystra",169269,841078201,387.16,84.9,35.9,2,0,synthetic generator v2,derived,0.88,3070271,-2,7.0,-35.11176,47.58202
Tethyr Settlement 0243,Tethyr,Darromar,673,1325795,63414,"{'humans': 547, 'elves': 33, 'dwarves': 57, 'halflings': 19, 'half-orcs': 6, 'misc.': 11}",36,crime,['Theocracy'],"{'poor': 0.6065, 'middle': 0.3499, 'wealthy': 0.0392, 'aristocrat': 0.0045}",0,"[['armor', 'gems', 'wine']]","[['jewelry', 'spices']]",Ruler TET-267,small militia,local academy,Elvish,Tempus,306344,1288038783,277.43,71.9,73.7,3,0,synthetic generator v2,synthetic,0.87,1680053,1,10.5,29.94793,-95.77657
Baldurs Gate Settlement 0244,Baldurs Gate,Baldur's Gate,717,2542333,207006,"{'humans': 627, 'elves': 41, 'dwarves': 35, 'halflings': 68, 'half-orcs': 32, 'misc.': 0}",52,war,['Theocracy'],"{'poor': 0.5439, 'middle': 0.3309, 'wealthy': 0.0815, 'aristocrat': 0.0438}",0,"[['books', 'cloth', 'gems', 'grain', 'weapons']]","[['glass', 'jewelry', 'parchment', 'spices']]",Ruler BAL-336,mercenary heavy,arcanum,Draconic,"Lathander, Selune, Tempus",261869,1312711673,339.0,59.0,67.2,7,0,synthetic generator v2,synthetic,0.35,3049125,1,24.5,-3.7015,-40.19379
Baldurs Gate Settlement 0245,Baldurs Gate,Baldur's Gate,6702,20537813,1119479,"{'humans': 4972, 'elves': 563, 'dwarves': 669, 'halflings': 194, 'half-orcs': 232, 'misc.': 72}",31,arcane mishap,['Democracy'],"{'poor': 0.5692, 'middle': 0.3091, 'wealthy': 0.0949, 'aristocrat': 0.0268}",0,"[['armor', 'grain', 'weapons', 'wine']]","[['coal', 'magic items', 'mercenaries', 'parchment']]",Ruler BAL-604,small militia,None,Halfling,"Mystra, Torm",261869,1312711673,391.91,55.6,65.3,6,0,synthetic generator v2,derived,0.9,16865612,0,21.0,-26.33505,1.23093
Amn Settlement 0246,Amn,Athkatla,588,1836524,8392,"{'humans': 516, 'elves': 64, 'dwarves': 22, 'halflings': 33, 'half-orcs': 24, 'misc.': 0}",140,crime,['Democracy'],"{'poor': 0.6802, 'middle': 0.2324, 'wealthy': 0.0389, 'aristocrat': 0.0485}",0,"[['books', 'grain', 'salt', 'timber']]",[['jewelry']],Ruler AMN-639,small militia,None,Common,"Lathander, Selune, Tempus",191831,772478497,132.67,72.4,59.0,1,0,synthetic generator v2,derived,0.76,1831130,3,3.5,-24.40906,74.83332
Sembia Settlement 0247,Sembia,Selgaunt,2725,5674236,178061,"{'humans': 1890, 'elves': 211, 'dwarves': 215, 'halflings': 57, 'half-orcs': 76, 'misc.': 276}",68,famine,['Monarchy'],"{'poor': 0.6727, 'middle': 0.244, 'wealthy': 0.0783, 'aristocrat': 0.005}",8,"[['grain', 'timber', 'wine']]","[['coal', 'glass', 'jewelry', 'silk', 'spices']]",Ruler SEM-762,naval patrol,guilds,Common,Mystra,210662,818271539,29.05,60.1,65.2,10,0,synthetic generator v2,synthetic,0.88,5051370,-2,41.4,56.78635,-46.14784
Baldurs Gate Settlement 0248,Baldurs Gate,Baldur's Gate,400,1009356,47705,"{'humans': 344, 'elves': 35, 'dwarves': 18, 'halflings': 18, 'half-orcs': 15, 'misc.': 0}",87,war,['Monarchy'],"{'poor': 0.5229, 'middle': 0.3752, 'wealthy': 0.097, 'aristocrat': 0.0049}",6,[['weapons']],"[['coal', 'glass', 'ore']]",Ruler BAL-631,small militia,arcanum,"Common, Draconic, Orc","Lathander, Selune, Tempus",261869,1312711673,328.35,54.8,41.7,2,0,synthetic generator v2,synthetic,0.64,771658,-2,11.8,-7.30642,-16.91409
Amn Settlement 0249,Amn,Athkatla,8310,52736772,2385527,"{'humans': 6123, 'elves': 528, 'dwarves': 616, 'halflings': 512, 'half-orcs': 135, 'misc.': 396}",27,disease,['Dictatorship'],"{'poor': 0.529, 'middle': 0.2581, 'wealthy': 0.0752, 'aristocrat': 0.1376}",9,"[['grain', 'horses', 'timber']]","[['coal', 'spices']]",Ruler AMN-83,mercenary heavy,arcanum,Orc,"Mystra, Torm",191831,772478497,274.52,70.5,93.5,6,0,synthetic generator v2,derived,0.67,58181045,1,28.2,28.63519,-110.0073
Cormyr Settlement 0250,Cormyr,Suzail,1409,3137087,29606,"{'humans': 1216, 'elves': 60, 'dwarves': 121, 'halflings': 124, 'half-orcs': 50, 'misc.': 0}",141,arcane mishap,['Monarchy'],"{'poor': 0.597, 'middle': 0.3283, 'wealthy': 0.0685, 'aristocrat': 0.0063}",16,"[['gems', 'horses']]","[['coal', 'glass', 'magic items', 'parchment', 'spices']]",Ruler COR-207,professional guard,local academy,"Common, Elvish, Orc","Tempus, Torm, Tyr",162084,631592082,230.59,54.4,62.1,9,0,synthetic generator v2,synthetic,0.92,2449674,-3,44.3,64.06374,14.09055
Cormyr Settlement 0251,Cormyr,Suzail,698,1515957,100323,"{'humans': 473, 'elves': 17, 'dwarves': 67, 'halflings': 26, 'half-orcs': 7, 'misc.': 108}",76,famine,['Merchant Council'],"{'poor': 0.6564, 'middle': 0.251, 'wealthy': 0.0879, 'aristocrat': 0.0048}",5,"[['armor', 'books', 'gems', 'weapons']]",[['silk']],Ruler COR-734,small militia,local academy,"Common, Dwarvish",Torm,162084,631592082,361.02,54.5,57.3,1,0,synthetic generator v2,synthetic,0.76,1482980,3,7.5,13.58054,59.04076
Amn Settlement 0252,Amn,Athkatla,998,2252390,207048,"{'humans': 820, 'elves': 28, 'dwarves': 93, 'halflings': 21, 'half-orcs': 58, 'misc.': 0}",146,crime,['Merchant Council'],"{'poor': 0.6886, 'middle': 0.2657, 'wealthy': 0.0219, 'aristocrat': 0.0237}",11,"[['timber', 'wine']]","[['coal', 'magic items', 'parchment']]",Ruler AMN-549,professional guard,guilds,"Elvish, Orc",Lathander,191831,772478497,114.18,67.3,76.6,1,0,synthetic generator v2,synthetic,0.41,2913762,-1,12.3,39.87162,83.84463
Waterdeep Settlement 0253,Waterdeep,Waterdeep,2426,5095640,186779,"{'humans': 1661, 'elves': 115, 'dwarves': 120, 'halflings': 232, 'half-orcs': 133, 'misc.': 165}",39,war,['Dictatorship'],"{'poor': 0.6198, 'middle': 0.3115, 'wealthy': 0.064, 'aristocrat': 0.0047}",0,"[['salt', 'weapons', 'wine']]","[['coal', 'glass', 'magic items', 'silk', 'spices']]",Ruler WAT-789,professional guard,guilds,"Common, Dwarvish, Orc","Mystra, Selune",190388,767901516,15.21,56.6,53.1,1,0,synthetic generator v2,derived,0.9,5132713,-2,3.5,-22.02235,-55.02918
Waterdeep Settlement 0254,Waterdeep,Waterdeep,2088,8042652,323886,"{'humans': 1435, 'elves': 66, 'dwarves': 108, 'halflings': 152, 'half-orcs': 43, 'misc.': 284}",111,old age,['Dictatorship'],"{'poor': 0.6403, 'middle': 0.2378, 'wealthy': 0.0554, 'aristocrat': 0.0665}",18,"[['fish', 'timber', 'wine']]","[['coal', 'glass', 'mercenaries', 'parchment', 'silk']]",Ruler WAT-380,small militia,local academy,"Common, Elvish","Chauntea, Mystra, Selune",190388,767901516,119.85,46.3,49.2,0,0,synthetic generator v2,derived,0.73,9375763,-2,14.4,47.63885,55.93189
Cormyr Settlement 0255,Cormyr,Suzail,1399,12245435,37094,"{'humans': 1141, 'elves': 138, 'dwarves': 58, 'halflings': 31, 'half-orcs': 74, 'misc.': 0}",139,old age,['Confederacy'],"{'poor': 0.4865, 'middle': 0.2131, 'wealthy': 0.0882, 'aristocrat': 0.2122}",19,"[['armor', 'fish', 'grain', 'salt']]","[['jewelry', 'ore', 'spices']]",Ruler COR-191,mercenary heavy,guilds,"Draconic, Dwarvish, Elvish","Selune, Tyr",162084,631592082,32.23,62.8,53.0,0,0,synthetic generator v2,synthetic,0.39,16395907,1,15.2,31.98265,-95.99873
Calimshan Settlement 0256,Calimshan,Memnon,1123,9516983,602961,"{'humans': 741, 'elves': 58, 'dwarves': 106, 'halflings': 83, 'half-orcs': 17, 'misc.': 118}",177,disease,['Democracy'],"{'poor': 0.5311, 'middle': 0.2143, 'wealthy': 0.0379, 'aristocrat': 0.2166}",13,"[['armor', 'fish', 'timber']]","[['coal', 'magic items', 'mercenaries', 'ore', 'silk']]",Ruler CAL-479,mercenary heavy,local academy,Elvish,"Selune, Tempus",169269,841078201,77.07,72.0,16.2,1,0,synthetic generator v2,synthetic,0.66,12541461,-2,13.9,37.42804,104.05812
Tethyr Settlement 0257,Tethyr,Darromar,707,1569180,53969,"{'humans': 575, 'elves': 28, 'dwarves': 69, 'halflings': 60, 'half-orcs': 22, 'misc.': 0}",117,arcane mishap,['Magocracy'],"{'poor': 0.6373, 'middle': 0.2694, 'wealthy': 0.0884, 'aristocrat': 0.0049}",0,"[['books', 'grain']]","[['glass', 'mercenaries', 'silk']]",Ruler TET-659,professional guard,local academy,Halfling,Tyr,306344,1288038783,137.34,72.6,77.7,2,0,synthetic generator v2,derived,0.63,1251330,-1,7.0,7.59955,48.67867
Sembia Settlement 0258,Sembia,Selgaunt,3995,9092596,702080,"{'humans': 3231, 'elves': 246, 'dwarves': 395, 'halflings': 97, 'half-orcs': 152, 'misc.': 0}",39,war,['Satrapy'],"{'poor': 0.6032, 'middle': 0.3049, 'wealthy': 0.0874, 'aristocrat': 0.0045}",0,"[['books', 'gems', 'timber', 'weapons', 'wine']]","[['coal', 'jewelry', 'parchment']]",Ruler SEM-158,naval patrol,local academy,"Elvish, Halfling","Chauntea, Lathander, Tyr",210662,818271539,493.61,52.8,32.7,1,0,synthetic generator v2,derived,0.87,12358449,2,3.5,-39.71637,-63.3351
Amn Settlement 0259,Amn,Athkatla,3659,7458829,485746,"{'humans': 2575, 'elves': 402, 'dwarves': 291, 'halflings': 98, 'half-orcs': 211, 'misc.': 82}",109,old age,['Dictatorship'],"{'poor': 0.67, 'middle': 0.2538, 'wealthy': 0.0713, 'aristocrat': 0.0048}",6,[['wine']],"[['coal', 'glass', 'spices']]",Ruler AMN-401,small militia,guilds,"Common, Dwarvish, Orc","Mystra, Selune",191831,772478497,320.94,70.9,81.2,8,0,synthetic generator v2,derived,0.92,6523689,-2,32.8,16.59182,-22.17963
Baldurs Gate Settlement 0260,Baldurs Gate,Baldur's Gate,1429,13813657,243832,"{'humans': 1129, 'elves': 135, 'dwarves': 104, 'halflings': 59, 'half-orcs': 25, 'misc.': 0}",135,disease,['Theocracy'],"{'poor': 0.451, 'middle': 0.237, 'wealthy': 0.0676, 'aristocrat': 0.2444}",0,"[['fish', 'salt', 'timber', 'weapons']]","[['jewelry', 'mercenaries']]",Ruler BAL-124,naval patrol,arcanum,Common,"Mystra, Selune, Tyr",261869,1312711673,487.51,55.0,62.6,3,0,synthetic generator v2,derived,0.79,14319110,2,10.5,62.58343,94.50917
Waterdeep Settlement 0261,Waterdeep,Waterdeep,280,1800631,84025,"{'humans': 237, 'elves': 26, 'dwarves': 11, 'halflings': 7, 'half-orcs': 14, 'misc.': 0}",115,arcane mishap,['Patriarchy'],"{'poor': 0.5042, 'middle': 0.3021, 'wealthy': 0.0497, 'aristocrat': 0.1439}",0,[['wine']],"[['parchment', 'spices']]",Ruler WAT-581,professional guard,guilds,Halfling,"Chauntea, Torm, Tyr",190388,767901516,399.98,47.4,53.1,6,0,synthetic generator v2,derived,0.52,1468644,-1,21.0,9.75251,112.68413
Neverwinter Settlement 0262,Neverwinter,Neverwinter,879,3990064,337588,"{'humans': 674, 'elves': 95, 'dwarves': 62, 'halflings': 67, 'half-orcs': 46, 'misc.': 0}",71,crime,['Dictatorship'],"{'poor': 0.5512, 'middle': 0.2757, 'wealthy': 0.0991, 'aristocrat': 0.0739}",0,"[['armor', 'books', 'cloth', 'timber']]","[['glass', 'jewelry', 'magic items', 'ore', 'silk']]",Ruler NEV-953,mercenary heavy,guilds,Elvish,Tempus,172720,723835434,212.98,51.2,31.9,1,0,synthetic generator v2,synthetic,0.84,5217300,-1,3.5,10.8095,-71.09247
Tethyr Settlement 0263,Tethyr,Darromar,2507,4795437,26336,"{'humans': 1996, 'elves': 99, 'dwarves': 123, 'halflings': 227, 'half-orcs': 119, 'misc.': 0}",35,monster attack,['Dictatorship'],"{'poor': 0.6284, 'middle': 0.3311, 'wealthy': 0.0354, 'aristocrat': 0.005}",16,"[['armor', 'books', 'grain', 'salt', 'wine']]","[['jewelry', 'magic items', 'spices']]",Ruler TET-920,naval patrol,arcanum,"Dwarvish, Halfling, Orc",Mystra,306344,1288038783,205.12,74.2,77.8,7,0,synthetic generator v2,synthetic,0.7,4902934,2,37.3,14.66176,-49.74737
Neverwinter Settlement 0264,Neverwinter,Neverwinter,1836,3523194,168755,"{'humans': 1224, 'elves': 139, 'dwarves': 173, 'halflings': 47, 'half-orcs': 105, 'misc.': 148}",62,old age,['Magocracy'],"{'poor': 0.634, 'middle': 0.3223, 'wealthy': 0.0388, 'aristocrat': 0.0049}",0,"[['cloth', 'weapons']]","[['coal', 'jewelry', 'magic items', 'silk', 'spices']]",Ruler NEV-207,professional guard,None,Dwarvish,"Chauntea, Mystra, Torm",172720,723835434,103.63,45.8,24.0,3,0,synthetic generator v2,synthetic,0.4,3084586,-3,10.5,-19.64996,-75.69089
Tethyr Settlement 0265,Tethyr,Darromar,2096,5027307,116918,"{'humans': 1806, 'elves': 109, 'dwarves': 93, 'halflings': 187, 'half-orcs': 92, 'misc.': 0}",80,old age,['Democracy'],"{'poor': 0.5369, 'middle': 0.376, 'wealthy': 0.0823, 'aristocrat': 0.0048}",7,"[['books', 'grain', 'weapons', 'wine']]",[['silk']],Ruler TET-621,professional guard,local academy,"Common, Orc","Selune, Tempus",306344,1288038783,457.51,73.8,45.3,0,0,synthetic generator v2,synthetic,0.59,6487467,3,5.6,67.25264,-114.55156
Sembia Settlement 0266,Sembia,Selgaunt,2552,14741416,592611,"{'humans': 2236, 'elves': 253, 'dwarves': 112, 'halflings': 187, 'half-orcs': 148, 'misc.': 0}",75,crime,['Democracy'],"{'poor': 0.5714, 'middle': 0.217, 'wealthy': 0.0938, 'aristocrat': 0.1178}",0,"[['books', 'gems', 'grain', 'weapons', 'wine']]","[['coal', 'mercenaries', 'silk']]",Ruler SEM-856,professional guard,guilds,"Dwarvish, Halfling","Chauntea, Lathander, Tempus",210662,818271539,165.63,54.6,41.8,1,0,synthetic generator v2,synthetic,0.61,13303547,2,3.5,50.2984,-55.59533
Neverwinter Settlement 0267,Neverwinter,Neverwinter,3257,10393484,361931,"{'humans': 2352, 'elves': 133, 'dwarves': 129, 'halflings': 156, 'half-orcs': 112, 'misc.': 375}",30,crime,['Merchant Council'],"{'poor': 0.6418, 'middle': 0.2589, 'wealthy': 0.0546, 'aristocrat': 0.0447}",3,[['salt']],"[['jewelry', 'parchment']]",Ruler NEV-377,naval patrol,local academy,"Draconic, Dwarvish, Halfling","Chauntea, Lathander",172720,723835434,531.63,52.4,28.2,7,0,synthetic generator v2,synthetic,0.46,10647806,-1,26.9,5.32951,58.85327
Waterdeep Settlement 0268,Waterdeep,Waterdeep,1448,3231529,238496,"{'humans': 1252, 'elves': 53, 'dwarves': 56, 'halflings': 126, 'half-orcs': 52, 'misc.': 0}",113,old age,['Satrapy'],"{'poor': 0.6388, 'middle': 0.2654, 'wealthy': 0.0909, 'aristocrat': 0.0049}",0,[['wine']],"[['coal', 'magic items', 'ore', 'silk', 'spices']]",Ruler WAT-651,naval patrol,guilds,Elvish,Torm,190388,767901516,228.33,46.4,54.5,7,0,synthetic generator v2,derived,0.52,3629606,-4,24.5,-3.28999,-5.40449
Cormyr Settlement 0269,Cormyr,Suzail,565,4678461,226779,"{'humans': 463, 'elves': 41, 'dwarves': 37, 'halflings': 15, 'half-orcs': 33, 'misc.': 0}",60,arcane mishap,['Patriarchy'],"{'poor': 0.4978, 'middle': 0.2202, 'wealthy': 0.084, 'aristocrat': 0.1981}",0,"[['fish', 'gems', 'wine']]","[['parchment', 'silk', 'spices']]",Ruler COR-803,professional guard,local academy,"Common, Draconic, Elvish",Chauntea,162084,631592082,547.51,63.4,54.1,9,0,synthetic generator v2,synthetic,0.6,4173235,0,31.5,-39.39096,-22.4874
Tethyr Settlement 0270,Tethyr,Darromar,5380,26669206,138916,"{'humans': 4645, 'elves': 411, 'dwarves': 382, 'halflings': 277, 'half-orcs': 86, 'misc.': 0}",134,monster attack,['Democracy'],"{'poor': 0.6219, 'middle': 0.2291, 'wealthy': 0.0447, 'aristocrat': 0.1043}",3,"[['armor', 'weapons']]",[['spices']],Ruler TET-842,professional guard,arcanum,Orc,Mystra,306344,1288038783,33.48,61.4,75.4,0,0,synthetic generator v2,derived,0.61,22462165,1,2.4,-35.03812,-116.95726
Neverwinter Settlement 0271,Neverwinter,Neverwinter,177,901317,91841,"{'humans': 138, 'elves': 15, 'dwarves': 14, 'halflings': 15, 'half-orcs': 9, 'misc.': 0}",105,old age,['Confederacy'],"{'poor': 0.5372, 'middle': 0.3051, 'wealthy': 0.0578, 'aristocrat': 0.0999}",0,"[['armor', 'cloth', 'fish', 'weapons', 'wine']]",[['glass']],Ruler NEV-511,mercenary heavy,None,Halfling,"Chauntea, Selune",172720,723835434,242.76,44.3,41.0,1,0,synthetic generator v2,synthetic,0.49,1230032,4,3.5,38.83182,-12.13193
Cormyr Settlement 0272,Cormyr,Suzail,486,1066362,20394,"{'humans': 396, 'elves': 13, 'dwarves': 41, 'halflings': 21, 'half-orcs': 24, 'misc.': 0}",168,old age,['Magocracy'],"{'poor': 0.5658, 'middle': 0.3706, 'wealthy': 0.0586, 'aristocrat': 0.005}",3,"[['books', 'gems']]","[['glass', 'jewelry', 'magic items', 'spices']]",Ruler COR-626,small militia,arcanum,Elvish,"Tempus, Torm",162084,631592082,521.77,58.5,49.0,1,0,synthetic generator v2,synthetic,0.86,866977,-2,5.9,72.61824,-4.19997
Baldurs Gate Settlement 0273,Baldurs Gate,Baldur's Gate,9053,51418251,276012,"{'humans': 7500, 'elves': 639, 'dwarves': 635, 'halflings': 633, 'half-orcs': 515, 'misc.': 0}",73,old age,['Monarchy'],"{'poor': 0.4913, 'middle': 0.3639, 'wealthy': 0.021, 'aristocrat': 0.1238}",0,"[['horses', 'weapons']]","[['glass', 'jewelry', 'mercenaries', 'silk', 'spices']]",Ruler BAL-979,naval patrol,None,"Common, Draconic, Elvish","Lathander, Selune",261869,1312711673,310.83,54.6,43.4,7,0,synthetic generator v2,synthetic,0.66,64008358,-3,24.5,28.16313,-72.30385
Baldurs Gate Settlement 0274,Baldurs Gate,Baldur's Gate,3652,36337034,1221543,"{'humans': 2900, 'elves': 379, 'dwarves': 278, 'halflings': 125, 'half-orcs': 141, 'misc.': 0}",115,famine,['Theocracy'],"{'poor': 0.4965, 'middle': 0.212, 'wealthy': 0.0256, 'aristocrat': 0.2659}",15,"[['books', 'cloth', 'grain', 'salt', 'weapons']]","[['coal', 'mercenaries', 'ore']]",Ruler BAL-296,naval patrol,None,"Dwarvish, Halfling, Orc","Chauntea, Tempus, Torm",261869,1312711673,21.46,54.2,62.3,10,0,synthetic generator v2,synthetic,0.7,27971762,2,47.0,9.50215,-2.52213
Sembia Settlement 0275,Sembia,Selgaunt,337,1606334,74186,"{'humans': 233, 'elves': 31, 'dwarves': 21, 'halflings': 12, 'half-orcs': 16, 'misc.': 24}",92,famine,['Theocracy'],"{'poor': 0.5387, 'middle': 0.3414, 'wealthy': 0.0237, 'aristocrat': 0.0962}",11,"[['armor', 'weapons']]","[['coal', 'ore', 'parchment', 'silk', 'spices']]",Ruler SEM-850,small militia,guilds,Orc,Torm,210662,818271539,43.67,59.2,66.9,3,0,synthetic generator v2,synthetic,0.59,1673657,-3,19.3,9.60911,-70.09014
Cormyr Settlement 0276,Cormyr,Suzail,607,4905737,400880,"{'humans': 455, 'elves': 33, 'dwarves': 43, 'halflings': 60, 'half-orcs': 11, 'misc.': 5}",72,arcane mishap,['Satrapy'],"{'poor': 0.4762, 'middle': 0.2448, 'wealthy': 0.0903, 'aristocrat': 0.1886}",0,"[['fish', 'gems', 'grain', 'timber', 'wine']]","[['glass', 'mercenaries']]",Ruler COR-695,naval patrol,local academy,"Common, Draconic, Halfling",Torm,162084,631592082,541.77,65.3,74.5,3,0,synthetic generator v2,derived,0.87,5974032,3,10.5,7.51627,110.24589
Calimshan Settlement 0277,Calimshan,Memnon,2467,19874482,258538,"{'humans': 1798, 'elves': 79, 'dwarves': 191, 'halflings': 114, 'half-orcs': 99, 'misc.': 186}",51,famine,['Magocracy'],"{'poor': 0.4715, 'middle': 0.2862, 'wealthy': 0.0458, 'aristocrat': 0.1966}",0,"[['books', 'fish', 'salt', 'weapons']]","[['jewelry', 'magic items', 'parchment', 'silk']]",Ruler CAL-808,mercenary heavy,guilds,"Draconic, Dwarvish, Orc","Selune, Tempus",169269,841078201,348.79,77.0,15.5,10,0,synthetic generator v2,synthetic,0.49,17485105,0,35.0,9.52338,19.9745
Calimshan Settlement 0278,Calimshan,Memnon,787,3108185,182752,"{'humans': 619, 'elves': 38, 'dwarves': 57, 'halflings': 19, 'half-orcs': 35, 'misc.': 19}",54,arcane mishap,['Confederacy'],"{'poor': 0.6338, 'middle': 0.2379, 'wealthy': 0.0601, 'aristocrat': 0.0683}",5,"[['grain', 'horses']]","[['magic items', 'parchment']]",Ruler CAL-557,mercenary heavy,None,Dwarvish,Lathander,169269,841078201,35.63,71.2,44.4,10,0,synthetic generator v2,synthetic,0.93,2380158,0,39.0,22.37718,69.08123
Tethyr Settlement 0279,Tethyr,Darromar,904,4755713,20877,"{'humans': 803, 'elves': 89, 'dwarves': 89, 'halflings': 35, 'half-orcs': 46, 'misc.': 0}",114,crime,['Merchant Council'],"{'poor': 0.6039, 'middle': 0.2179, 'wealthy': 0.0704, 'aristocrat': 0.1078}",16,"[['books', 'cloth', 'fish', 'timber', 'wine']]","[['coal', 'mercenaries']]",Ruler TET-256,professional guard,None,Elvish,"Lathander, Mystra, Selune",306344,1288038783,331.94,70.1,67.5,7,0,synthetic generator v2,derived,0.65,3715178,3,37.3,40.3028,-60.50287
Neverwinter Settlement 0280,Neverwinter,Neverwinter,80,618870,6558,"{'humans': 64, 'elves': 9, 'dwarves': 2, 'halflings': 4, 'half-orcs': 4, 'misc.': 0}",108,disease,['Monarchy'],"{'poor': 0.4801, 'middle': 0.279, 'wealthy': 0.0566, 'aristocrat': 0.1843}",6,"[['armor', 'timber']]","[['magic items', 'ore', 'silk']]",Ruler NEV-202,professional guard,local academy,"Common, Elvish, Orc","Mystra, Selune, Tempus",172720,723835434,542.79,53.4,28.4,4,0,synthetic generator v2,derived,0.53,633162,-1,18.8,-5.74934,48.61736
Amn Settlement 0281,Amn,Athkatla,889,2858128,187192,"{'humans': 669, 'elves': 54, 'dwarves': 72, 'halflings': 68, 'half-orcs': 21, 'misc.': 5}",85,disease,['Merchant Council'],"{'poor': 0.6244, 'middle': 0.2633, 'wealthy': 0.0716, 'aristocrat': 0.0407}",19,"[['armor', 'books', 'grain', 'timber', 'wine']]",[['ore']],Ruler AMN-327,small militia,arcanum,Common,"Mystra, Torm, Tyr",191831,772478497,399.35,69.6,70.3,6,1,synthetic generator v2,derived,0.72,3061675,4,37.1,26.9114,-82.76561
Baldurs Gate Settlement 0282,Baldurs Gate,Baldur's Gate,1250,4372243,219328,"{'humans': 844, 'elves': 102, 'dwarves': 91, 'halflings': 25, 'half-orcs': 65, 'misc.': 123}",70,crime,['Patriarchy'],"{'poor': 0.5561, 'middle': 0.3541, 'wealthy': 0.0376, 'aristocrat': 0.0522}",6,"[['grain', 'horses', 'wine']]","[['coal', 'magic items', 'mercenaries', 'ore', 'parchment']]",Ruler BAL-768,small militia,arcanum,"Common, Draconic, Dwarvish",Selune,261869,1312711673,492.9,59.3,60.7,10,0,synthetic generator v2,synthetic,0.86,5574182,-2,39.8,63.59236,-24.18606
Amn Settlement 0283,Amn,Athkatla,1465,14486769,1112086,"{'humans': 1165, 'elves': 37, 'dwarves': 127, 'halflings': 132, 'half-orcs': 36, 'misc.': 0}",67,war,['Confederacy'],"{'poor': 0.4974, 'middle': 0.2134, 'wealthy': 0.0252, 'aristocrat': 0.264}",17,[['timber']],"[['coal', 'ore', 'parchment', 'silk', 'spices']]",Ruler AMN-564,mercenary heavy,local academy,"Common, Draconic, Dwarvish","Lathander, Selune, Tyr",191831,772478497,376.01,72.8,77.2,7,0,synthetic generator v2,derived,0.7,17774821,-4,38.1,11.42945,-41.05626
Tethyr Settlement 0284,Tethyr,Darromar,4254,13171949,591267,"{'humans': 3195, 'elves': 262, 'dwarves': 137, 'halflings': 91, 'half-orcs': 211, 'misc.': 358}",77,monster attack,['Democracy'],"{'poor': 0.5036, 'middle': 0.382, 'wealthy': 0.0904, 'aristocrat': 0.024}",1,"[['books', 'fish', 'gems']]","[['glass', 'silk']]",Ruler TET-635,professional guard,local academy,Orc,Mystra,306344,1288038783,433.13,62.6,51.2,2,0,synthetic generator v2,synthetic,0.57,13557507,1,7.8,-20.77239,-8.99874
Baldurs Gate Settlement 0285,Baldurs Gate,Baldur's Gate,4340,9784985,232823,"{'humans': 3373, 'elves': 222, 'dwarves': 340, 'halflings': 367, 'half-orcs': 43, 'misc.': 0}",123,war,['Satrapy'],"{'poor': 0.5627, 'middle': 0.3652, 'wealthy': 0.0672, 'aristocrat': 0.005}",0,"[['fish', 'grain', 'timber', 'weapons']]",[['mercenaries']],Ruler BAL-539,professional guard,arcanum,"Common, Halfling",Chauntea,261869,1312711673,538.92,53.2,42.6,3,0,synthetic generator v2,derived,0.73,9597130,3,10.5,-32.67065,-59.49651
Calimshan Settlement 0286,Calimshan,Memnon,354,2679763,230591,"{'humans': 231, 'elves': 15, 'dwarves': 16, 'halflings': 22, 'half-orcs': 14, 'misc.': 56}",177,arcane mishap,['Confederacy'],"{'poor': 0.4638, 'middle': 0.2745, 'wealthy': 0.0912, 'aristocrat': 0.1704}",20,"[['books', 'fish', 'gems', 'wine']]",[['silk']],Ruler CAL-943,small militia,arcanum,"Dwarvish, Elvish, Halfling",Tempus,169269,841078201,379.65,85.4,29.3,8,0,synthetic generator v2,synthetic,0.44,3393516,3,44.0,63.81538,115.95589
Neverwinter Settlement 0287,Neverwinter,Neverwinter,610,5335451,393045,"{'humans': 458, 'elves': 16, 'dwarves': 45, 'halflings': 37, 'half-orcs': 36, 'misc.': 18}",29,arcane mishap,['Merchant Council'],"{'poor': 0.4802, 'middle': 0.2475, 'wealthy': 0.0536, 'aristocrat': 0.2187}",0,"[['gems', 'timber']]","[['glass', 'jewelry']]",Ruler NEV-610,mercenary heavy,None,"Draconic, Elvish",Tempus,172720,723835434,329.39,50.4,48.4,4,0,synthetic generator v2,synthetic,0.59,5118261,0,14.0,34.97501,-118.63363
Neverwinter Settlement 0288,Neverwinter,Neverwinter,872,1829409,118064,"{'humans': 678, 'elves': 81, 'dwarves': 38, 'halflings': 81, 'half-orcs': 22, 'misc.': 0}",124,crime,['Magocracy'],"{'poor': 0.6029, 'middle': 0.334, 'wealthy': 0.0586, 'aristocrat': 0.0045}",0,[['cloth']],"[['jewelry', 'mercenaries', 'ore', 'spices']]",Ruler NEV-571,naval patrol,local academy,"Common, Elvish, Halfling","Chauntea, Lathander, Tyr",172720,723835434,510.91,46.6,45.9,5,0,synthetic generator v2,derived,0.94,1748024,-3,17.5,-16.07588,-115.30078
Cormyr Settlement 0289,Cormyr,Suzail,1374,6472387,173960,"{'humans': 1128, 'elves': 62, 'dwarves': 134, 'halflings': 83, 'half-orcs': 57, 'misc.': 0}",173,disease,['Satrapy'],"{'poor': 0.4895, 'middle': 0.3971, 'wealthy': 0.0224, 'aristocrat': 0.091}",18,[['timber']],"[['glass', 'jewelry']]",Ruler COR-297,naval patrol,arcanum,"Draconic, Dwarvish",Mystra,162084,631592082,9.79,58.8,72.4,1,0,synthetic generator v2,derived,0.5,4917971,-1,17.9,37.80076,81.51367
Waterdeep Settlement 0290,Waterdeep,Waterdeep,1569,7246641,311897,"{'humans': 1260, 'elves': 108, 'dwarves': 89, 'halflings': 48, 'half-orcs': 45, 'misc.': 19}",96,old age,['Merchant Council'],"{'poor': 0.4988, 'middle': 0.3764, 'wealthy': 0.0398, 'aristocrat': 0.085}",0,"[['timber', 'wine']]","[['coal', 'glass', 'jewelry', 'silk', 'spices']]",Ruler WAT-838,naval patrol,arcanum,"Halfling, Orc","Lathander, Torm",190388,767901516,46.82,44.6,31.8,4,0,synthetic generator v2,derived,0.43,6913646,-3,14.0,26.68904,60.12192
Amn Settlement 0291,Amn,Athkatla,382,2345017,6729,"{'humans': 305, 'elves': 14, 'dwarves': 21, 'halflings': 25, 'half-orcs': 21, 'misc.': 0}",99,disease,['Monarchy'],"{'poor': 0.4523, 'middle': 0.391, 'wealthy': 0.0204, 'aristocrat': 0.1364}",0,"[['cloth', 'fish', 'timber', 'weapons', 'wine']]",[['glass']],Ruler AMN-375,mercenary heavy,arcanum,Elvish,"Lathander, Mystra",191831,772478497,226.83,62.5,83.1,5,0,synthetic generator v2,derived,0.5,2769520,4,17.5,68.22182,-21.36021
Tethyr Settlement 0292,Tethyr,Darromar,205,645994,28076,"{'humans': 143, 'elves': 22, 'dwarves': 14, 'halflings': 18, 'half-orcs': 11, 'misc.': 0}",121,arcane mishap,['Dictatorship'],"{'poor': 0.598, 'middle': 0.2898, 'wealthy': 0.0766, 'aristocrat': 0.0356}",0,"[['armor', 'grain']]","[['magic items', 'spices']]",Ruler TET-931,naval patrol,local academy,"Elvish, Orc","Chauntea, Selune, Tempus",306344,1288038783,483.32,62.3,47.0,7,0,synthetic generator v2,derived,0.65,676836,0,24.5,13.54681,16.94682
Tethyr Settlement 0293,Tethyr,Darromar,3551,8519752,90904,"{'humans': 2395, 'elves': 282, 'dwarves': 133, 'halflings': 77, 'half-orcs': 166, 'misc.': 498}",31,crime,['Merchant Council'],"{'poor': 0.5504, 'middle': 0.358, 'wealthy': 0.0867, 'aristocrat': 0.0049}",1,"[['fish', 'gems', 'timber']]",[['jewelry']],Ruler TET-743,professional guard,arcanum,Orc,Tempus,306344,1288038783,378.86,69.1,58.5,8,0,synthetic generator v2,derived,0.35,8701709,2,28.8,33.32005,128.76094
Cormyr Settlement 0294,Cormyr,Suzail,271,680188,49740,"{'humans': 205, 'elves': 17, 'dwarves': 16, 'halflings': 23, 'half-orcs': 3, 'misc.': 7}",154,famine,['Democracy'],"{'poor': 0.5239, 'middle': 0.3894, 'wealthy': 0.0783, 'aristocrat': 0.0084}",12,"[['gems', 'salt', 'weapons']]","[['glass', 'jewelry']]",Ruler COR-402,naval patrol,None,"Common, Draconic, Orc","Lathander, Tempus",162084,631592082,442.18,61.0,47.3,2,0,synthetic generator v2,derived,0.85,761636,1,16.6,-33.46617,-68.8443
Amn Settlement 0295,Amn,Athkatla,2328,8396678,231322,"{'humans': 1611, 'elves': 175, 'dwarves': 185, 'halflings': 106, 'half-orcs': 85, 'misc.': 166}",54,war,['Satrapy'],"{'poor': 0.6204, 'middle': 0.2503, 'wealthy': 0.0769, 'aristocrat': 0.0524}",13,[['timber']],"[['glass', 'jewelry', 'magic items', 'ore', 'spices']]",Ruler AMN-451,professional guard,local academy,"Draconic, Dwarvish, Elvish","Lathander, Mystra, Selune",191831,772478497,171.51,64.5,83.0,5,0,synthetic generator v2,synthetic,0.7,10203239,-4,27.9,37.78928,-102.62184
Amn Settlement 0296,Amn,Athkatla,759,1758673,136151,"{'humans': 511, 'elves': 83, 'dwarves': 51, 'halflings': 46, 'half-orcs': 34, 'misc.': 34}",45,arcane mishap,['Patriarchy'],"{'poor': 0.5787, 'middle': 0.3331, 'wealthy': 0.0834, 'aristocrat': 0.0049}",1,[['horses']],"[['magic items', 'ore']]",Ruler AMN-389,professional guard,None,"Draconic, Orc","Lathander, Mystra, Tyr",191831,772478497,253.57,67.4,88.9,1,0,synthetic generator v2,synthetic,0.63,2231348,-1,4.3,18.60162,-91.90764
Baldurs Gate Settlement 0297,Baldurs Gate,Baldur's Gate,381,2856728,161891,"{'humans': 275, 'elves': 17, 'dwarves': 25, 'halflings': 9, 'half-orcs': 16, 'misc.': 39}",83,famine,['Satrapy'],"{'poor': 0.455, 'middle': 0.3328, 'wealthy': 0.0326, 'aristocrat': 0.1795}",5,"[['cloth', 'horses']]","[['coal', 'jewelry', 'mercenaries']]",Ruler BAL-409,small militia,guilds,"Dwarvish, Elvish, Halfling","Chauntea, Tyr",261869,1312711673,245.7,51.8,48.9,7,0,synthetic generator v2,synthetic,0.5,3522671,-1,28.5,67.04492,63.23914
Sembia Settlement 0298,Sembia,Selgaunt,386,1640340,47335,"{'humans': 282, 'elves': 18, 'dwarves': 32, 'halflings': 35, 'half-orcs': 17, 'misc.': 2}",92,war,['Theocracy'],"{'poor': 0.5759, 'middle': 0.2918, 'wealthy': 0.0577, 'aristocrat': 0.0746}",5,"[['armor', 'books', 'grain', 'horses', 'timber']]",[['coal']],Ruler SEM-240,mercenary heavy,local academy,Halfling,"Chauntea, Mystra, Tempus",210662,818271539,365.4,51.3,55.8,5,0,synthetic generator v2,synthetic,0.4,1474978,4,21.5,32.3873,-72.93378
Waterdeep Settlement 0299,Waterdeep,Waterdeep,410,1815927,100061,"{'humans': 332, 'elves': 45, 'dwarves': 17, 'halflings': 23, 'half-orcs': 7, 'misc.': 0}",84,arcane mishap,['Satrapy'],"{'poor': 0.5457, 'middle': 0.3412, 'wealthy': 0.0287, 'aristocrat': 0.0844}",16,"[['cloth', 'fish', 'grain', 'weapons']]",[['jewelry']],Ruler WAT-116,naval patrol,local academy,"Draconic, Elvish, Orc","Tempus, Torm",190388,767901516,82.29,48.1,31.6,6,0,synthetic generator v2,derived,0.91,1830836,3,33.8,54.88676,128.67685
Sembia Settlement 0300,Sembia,Selgaunt,1599,7493581,219729,"{'humans': 1398, 'elves': 140, 'dwarves': 98, 'halflings': 107, 'half-orcs': 65, 'misc.': 0}",75,crime,['Merchant Council'],"{'poor': 0.5094, 'middle': 0.3259, 'wealthy': 0.0863, 'aristocrat': 0.0784}",7,"[['books', 'fish', 'grain', 'timber', 'wine']]",[['glass']],Ruler SEM-978,professional guard,guilds,Elvish,Tyr,210662,818271539,272.05,48.0,66.0,4,0,synthetic generator v2,synthetic,0.38,10238416,4,19.6,27.8571,89.79714
Baldurs Gate Settlement 0301,Baldurs Gate,Baldur's Gate,477,2056423,163085,"{'humans': 398, 'elves': 17, 'dwarves': 39, 'halflings': 14, 'half-orcs': 28, 'misc.': 0}",154,war,['Patriarchy'],"{'poor': 0.6088, 'middle': 0.2821, 'wealthy': 0.0228, 'aristocrat': 0.0863}",7,[['salt']],[['ore']],Ruler BAL-738,small militia,arcanum,Common,Chauntea,261869,1312711673,496.52,63.6,51.1,1,0,synthetic generator v2,synthetic,0.62,2637264,0,9.1,51.16174,98.24763
Amn Settlement 0302,Amn,Athkatla,4538,31259345,510163,"{'humans': 3924, 'elves': 190, 'dwarves': 446, 'halflings': 327, 'half-orcs': 113, 'misc.': 0}",116,old age,['Patriarchy'],"{'poor': 0.5586, 'middle': 0.2385, 'wealthy': 0.037, 'aristocrat': 0.1658}",0,"[['fish', 'grain', 'weapons']]","[['glass', 'jewelry', 'parchment']]",Ruler AMN-686,mercenary heavy,arcanum,"Common, Draconic, Elvish",Torm,191831,772478497,411.99,59.6,91.5,5,0,synthetic generator v2,derived,0.95,28807258,0,17.5,40.69167,-65.6251
Waterdeep Settlement 0303,Waterdeep,Waterdeep,518,2673204,132026,"{'humans': 437, 'elves': 33, 'dwarves': 46, 'halflings': 15, 'half-orcs': 28, 'misc.': 0}",161,arcane mishap,['Patriarchy'],"{'poor': 0.6059, 'middle': 0.2298, 'wealthy': 0.0569, 'aristocrat': 0.1074}",0,"[['cloth', 'gems', 'horses']]","[['magic items', 'parchment', 'spices']]",Ruler WAT-118,mercenary heavy,guilds,"Halfling, Orc","Selune, Torm, Tyr",190388,767901516,296.24,52.9,39.8,8,0,synthetic generator v2,synthetic,0.63,2076157,0,28.0,4.56183,-105.49417
Neverwinter Settlement 0304,Neverwinter,Neverwinter,1203,2804851,21258,"{'humans': 1000, 'elves': 107, 'dwarves': 40, 'halflings': 114, 'half-orcs': 57, 'misc.': 0}",165,monster attack,['Theocracy'],"{'poor': 0.6154, 'middle': 0.2815, 'wealthy': 0.0982, 'aristocrat': 0.005}",8,"[['horses', 'salt']]",[['silk']],Ruler NEV-151,mercenary heavy,guilds,"Common, Draconic, Orc","Chauntea, Lathander",172720,723835434,543.49,43.3,27.1,3,0,synthetic generator v2,derived,0.61,2529672,1,16.9,59.42204,17.49824
Baldurs Gate Settlement 0305,Baldurs Gate,Baldur's Gate,1712,15273441,75145,"{'humans': 1128, 'elves': 95, 'dwarves': 107, 'halflings': 111, 'half-orcs': 94, 'misc.': 177}",139,arcane mishap,['Dictatorship'],"{'poor': 0.4796, 'middle': 0.2135, 'wealthy': 0.0898, 'aristocrat': 0.217}",0,"[['fish', 'grain', 'horses', 'weapons']]","[['coal', 'ore', 'spices']]",Ruler BAL-563,mercenary heavy,guilds,Halfling,"Mystra, Tyr",261869,1312711673,456.0,52.7,57.8,0,0,synthetic generator v2,derived,0.94,19178704,1,0.0,-15.40666,64.99759
Calimshan Settlement 0306,Calimshan,Memnon,450,924481,27812,"{'humans': 383, 'elves': 34, 'dwarves': 28, 'halflings': 13, 'half-orcs': 17, 'misc.': 0}",85,crime,['Patriarchy'],"{'poor': 0.607, 'middle': 0.337, 'wealthy': 0.0511, 'aristocrat': 0.0049}",14,"[['grain', 'timber']]","[['jewelry', 'magic items', 'silk']]",Ruler CAL-444,naval patrol,local academy,"Draconic, Elvish, Orc","Selune, Tempus",169269,841078201,300.33,71.1,46.8,1,0,synthetic generator v2,synthetic,0.89,1272319,-1,14.7,-27.83708,105.62013
Neverwinter Settlement 0307,Neverwinter,Neverwinter,2349,6302722,365554,"{'humans': 2011, 'elves': 133, 'dwarves': 92, 'halflings': 142, 'half-orcs': 132, 'misc.': 0}",66,famine,['Satrapy'],"{'poor': 0.6244, 'middle': 0.3146, 'wealthy': 0.0293, 'aristocrat': 0.0317}",0,[['fish']],"[['coal', 'jewelry', 'mercenaries']]",Ruler NEV-166,naval patrol,guilds,Elvish,Torm,172720,723835434,52.04,42.3,43.8,1,0,synthetic generator v2,derived,0.8,5962753,-2,3.5,2.40958,124.58201
Amn Settlement 0308,Amn,Athkatla,942,9171940,437050,"{'humans': 727, 'elves': 110, 'dwarves': 58, 'halflings': 58, 'half-orcs': 18, 'misc.': 0}",78,famine,['Patriarchy'],"{'poor': 0.4734, 'middle': 0.2, 'wealthy': 0.081, 'aristocrat': 0.2456}",10,[['weapons']],[['parchment']],Ruler AMN-917,naval patrol,None,"Common, Dwarvish, Elvish","Lathander, Mystra",191831,772478497,534.09,68.8,93.4,5,0,synthetic generator v2,derived,0.88,8239541,0,25.5,-0.38718,-87.24388
Cormyr Settlement 0309,Cormyr,Suzail,4216,14343065,318580,"{'humans': 3711, 'elves': 120, 'dwarves': 230, 'halflings': 111, 'half-orcs': 83, 'misc.': 0}",114,arcane mishap,['Confederacy'],"{'poor': 0.5356, 'middle': 0.3705, 'wealthy': 0.0487, 'aristocrat': 0.0452}",0,"[['books', 'salt', 'weapons', 'wine']]",[['ore']],Ruler COR-921,naval patrol,guilds,"Elvish, Orc",Mystra,162084,631592082,364.36,59.4,76.2,1,0,synthetic generator v2,derived,0.85,15621249,3,3.5,-23.06617,57.66218
Amn Settlement 0310,Amn,Athkatla,3019,7177674,86247,"{'humans': 2402, 'elves': 275, 'dwarves': 160, 'halflings': 234, 'half-orcs': 71, 'misc.': 0}",74,famine,['Patriarchy'],"{'poor': 0.5593, 'middle': 0.3487, 'wealthy': 0.0873, 'aristocrat': 0.0047}",0,"[['armor', 'cloth', 'fish']]","[['glass', 'jewelry', 'magic items', 'ore', 'spices']]",Ruler AMN-612,mercenary heavy,arcanum,Draconic,Tyr,191831,772478497,237.82,70.2,93.0,5,0,synthetic generator v2,synthetic,0.77,5585159,-2,17.5,25.04931,-109.88461
Neverwinter Settlement 0311,Neverwinter,Neverwinter,651,4834134,300084,"{'humans': 435, 'elves': 71, 'dwarves': 36, 'halflings': 46, 'half-orcs': 18, 'misc.': 45}",178,monster attack,['Monarchy'],"{'poor': 0.5096, 'middle': 0.2409, 'wealthy': 0.0778, 'aristocrat': 0.1717}",20,[['horses']],"[['jewelry', 'parchment']]",Ruler NEV-256,small militia,local academy,"Dwarvish, Elvish, Halfling","Mystra, Torm, Tyr",172720,723835434,532.68,52.5,29.8,8,0,synthetic generator v2,synthetic,0.84,4114998,-1,44.0,6.6136,-25.09379
Cormyr Settlement 0312,Cormyr,Suzail,921,1607137,46950,"{'humans': 770, 'elves': 63, 'dwarves': 37, 'halflings': 48, 'half-orcs': 16, 'misc.': 0}",144,crime,['Confederacy'],"{'poor': 0.6944, 'middle': 0.269, 'wealthy': 0.0316, 'aristocrat': 0.005}",0,"[['fish', 'salt', 'weapons']]","[['jewelry', 'silk']]",Ruler COR-662,naval patrol,arcanum,"Draconic, Elvish, Orc","Mystra, Tempus",162084,631592082,164.63,56.2,54.8,4,0,synthetic generator v2,derived,0.52,1405311,1,14.0,48.30995,-31.97122
Waterdeep Settlement 0313,Waterdeep,Waterdeep,12953,28063069,1287371,"{'humans': 8443, 'elves': 921, 'dwarves': 393, 'halflings': 571, 'half-orcs': 581, 'misc.': 2044}",116,old age,['Magocracy'],"{'poor': 0.5907, 'middle': 0.3406, 'wealthy': 0.0639, 'aristocrat': 0.0048}",0,[['books']],"[['coal', 'glass', 'magic items', 'ore']]",Ruler WAT-726,professional guard,None,"Common, Elvish, Orc","Mystra, Selune, Tempus",190388,767901516,503.84,55.3,52.5,7,0,synthetic generator v2,synthetic,0.48,25237227,-3,24.5,58.53696,-94.18445
Neverwinter Settlement 0314,Neverwinter,Neverwinter,356,1284820,44544,"{'humans': 296, 'elves': 16, 'dwarves': 14, 'halflings': 9, 'half-orcs': 9, 'misc.': 12}",126,monster attack,['Confederacy'],"{'poor': 0.5718, 'middle': 0.3199, 'wealthy': 0.0548, 'aristocrat': 0.0535}",1,"[['cloth', 'fish', 'wine']]",[['mercenaries']],Ruler NEV-120,professional guard,local academy,Common,"Selune, Torm",172720,723835434,220.16,48.0,42.1,5,0,synthetic generator v2,synthetic,0.36,1620907,2,18.3,-2.89416,25.25151
Waterdeep Settlement 0315,Waterdeep,Waterdeep,3797,7584642,76600,"{'humans': 2532, 'elves': 244, 'dwarves': 179, 'halflings': 359, 'half-orcs': 225, 'misc.': 258}",148,famine,['Patriarchy'],"{'poor': 0.6587, 'middle': 0.2766, 'wealthy': 0.0597, 'aristocrat': 0.005}",3,[['timber']],"[['magic items', 'parchment', 'spices']]",Ruler WAT-277,naval patrol,local academy,"Elvish, Halfling","Selune, Torm",190388,767901516,378.57,55.5,61.3,9,0,synthetic generator v2,derived,0.82,7369824,-2,33.9,-27.94665,-39.4169
Baldurs Gate Settlement 0316,Baldurs Gate,Baldur's Gate,13247,118496594,6351272,"{'humans': 11586, 'elves': 350, 'dwarves': 804, 'halflings': 634, 'half-orcs': 258, 'misc.': 0}",90,crime,['Confederacy'],"{'poor': 0.5108, 'middle': 0.2024, 'wealthy': 0.0607, 'aristocrat': 0.2261}",0,"[['armor', 'grain', 'horses', 'timber', 'weapons']]","[['silk', 'spices']]",Ruler BAL-810,naval patrol,guilds,"Dwarvish, Orc",Tyr,261869,1312711673,72.96,62.6,36.1,7,0,synthetic generator v2,derived,0.41,95670770,3,24.5,29.94419,-66.69923
Neverwinter Settlement 0317,Neverwinter,Neverwinter,3126,29383801,2100767,"{'humans': 2390, 'elves': 230, 'dwarves': 133, 'halflings': 266, 'half-orcs': 79, 'misc.': 28}",50,crime,['Satrapy'],"{'poor': 0.4602, 'middle': 0.2515, 'wealthy': 0.0481, 'aristocrat': 0.2402}",6,"[['armor', 'gems', 'weapons']]","[['jewelry', 'mercenaries']]",Ruler NEV-211,professional guard,arcanum,Orc,"Mystra, Selune",172720,723835434,349.85,52.3,26.4,6,0,synthetic generator v2,derived,0.73,27020135,1,25.8,-13.35223,-24.22632
Amn Settlement 0318,Amn,Athkatla,1095,9210390,356722,"{'humans': 727, 'elves': 70, 'dwarves': 75, 'halflings': 93, 'half-orcs': 23, 'misc.': 107}",37,crime,['Democracy'],"{'poor': 0.4547, 'middle': 0.3066, 'wealthy': 0.0277, 'aristocrat': 0.211}",15,"[['cloth', 'salt']]","[['coal', 'mercenaries', 'ore']]",Ruler AMN-813,naval patrol,None,"Dwarvish, Halfling",Selune,191831,772478497,383.51,71.2,67.3,9,0,synthetic generator v2,synthetic,0.75,7366184,-1,43.5,-32.63232,-91.17184
Baldurs Gate Settlement 0319,Baldurs Gate,Baldur's Gate,1351,7614188,178831,"{'humans': 1117, 'elves': 53, 'dwarves': 87, 'halflings': 40, 'half-orcs': 56, 'misc.': 0}",172,old age,['Merchant Council'],"{'poor': 0.6054, 'middle': 0.2334, 'wealthy': 0.033, 'aristocrat': 0.1282}",10,"[['books', 'gems', 'salt', 'timber', 'weapons']]",[['spices']],Ruler BAL-576,professional guard,None,Elvish,Tempus,261869,1312711673,77.1,62.5,43.5,6,0,synthetic generator v2,derived,0.77,10132140,4,29.0,-32.90489,65.41494
Darromar,Tethyr,Darromar,633,1402720,59745,"{'humans': 449, 'elves': 16, 'dwarves': 44, 'halflings': 42, 'half-orcs': 36, 'misc.': 46}",137,crime,['Merchant Council'],"{'poor': 0.5959, 'middle': 0.3243, 'wealthy': 0.0752, 'aristocrat': 0.0045}",0,"[['armor', 'wine']]","[['glass', 'ore', 'parchment', 'silk']]",Ruler TET-891,mercenary heavy,arcanum,Orc,"Chauntea, Mystra",306344,1288038783,400.33,72.3,48.1,8,0,synthetic generator v2,derived,0.9,1355788,-2,28.0,68.84655,80.2021
Amn Settlement 0321,Amn,Athkatla,2448,16026085,1106775,"{'humans': 2082, 'elves': 211, 'dwarves': 82, 'halflings': 218, 'half-orcs': 73, 'misc.': 0}",54,monster attack,['Merchant Council'],"{'poor': 0.5359, 'middle': 0.2267, 'wealthy': 0.0973, 'aristocrat': 0.1402}",12,"[['armor', 'books', 'fish', 'weapons']]",[['parchment']],Ruler AMN-372,professional guard,local academy,"Dwarvish, Elvish","Chauntea, Tempus, Torm",191831,772478497,148.74,60.3,80.1,8,0,synthetic generator v2,derived,0.67,20390881,3,37.6,-15.9111,-98.01109
Baldurs Gate Settlement 0322,Baldurs Gate,Baldur's Gate,1148,8175038,261114,"{'humans': 1010, 'elves': 61, 'dwarves': 39, 'halflings': 47, 'half-orcs': 56, 'misc.': 0}",167,war,['Patriarchy'],"{'poor': 0.4567, 'middle': 0.34, 'wealthy': 0.0371, 'aristocrat': 0.1661}",13,"[['books', 'cloth', 'gems', 'grain', 'wine']]",[['mercenaries']],Ruler BAL-451,mercenary heavy,guilds,"Dwarvish, Elvish, Orc","Chauntea, Mystra, Torm",261869,1312711673,172.87,56.1,41.8,1,0,synthetic generator v2,synthetic,0.38,8118127,4,13.9,-9.06147,-50.69345
Neverwinter Settlement 0323,Neverwinter,Neverwinter,595,1539814,87923,"{'humans': 406, 'elves': 66, 'dwarves': 35, 'halflings': 27, 'half-orcs': 23, 'misc.': 38}",176,old age,['Monarchy'],"{'poor': 0.6687, 'middle': 0.2421, 'wealthy': 0.0648, 'aristocrat': 0.0244}",17,"[['cloth', 'timber', 'weapons']]","[['coal', 'magic items', 'mercenaries', 'ore', 'parchment']]",Ruler NEV-899,mercenary heavy,arcanum,"Common, Dwarvish, Elvish","Chauntea, Mystra, Tyr",172720,723835434,364.73,50.7,24.0,5,0,synthetic generator v2,derived,0.58,1469738,-2,31.1,42.87146,-8.07907
Calimshan Settlement 0324,Calimshan,Memnon,1464,3449935,6004,"{'humans': 958, 'elves': 72, 'dwarves': 94, 'halflings': 144, 'half-orcs': 38, 'misc.': 158}",35,monster attack,['Merchant Council'],"{'poor': 0.5745, 'middle': 0.3319, 'wealthy': 0.0888, 'aristocrat': 0.0048}",9,[['fish']],"[['parchment', 'spices']]",Ruler CAL-491,mercenary heavy,local academy,"Common, Elvish, Orc","Lathander, Torm, Tyr",169269,841078201,137.72,82.8,47.9,6,0,synthetic generator v2,derived,0.7,2735234,-1,28.2,40.66746,14.33363
Amn Settlement 0325,Amn,Athkatla,889,4883207,272553,"{'humans': 650, 'elves': 70, 'dwarves': 87, 'halflings': 21, 'half-orcs': 9, 'misc.': 52}",149,crime,['Theocracy'],"{'poor': 0.5166, 'middle': 0.3018, 'wealthy': 0.0731, 'aristocrat': 0.1086}",16,[['gems']],"[['coal', 'glass', 'magic items', 'parchment']]",Ruler AMN-729,mercenary heavy,local academy,Common,"Lathander, Selune, Torm",191831,772478497,421.21,73.4,68.3,4,0,synthetic generator v2,synthetic,0.59,3902066,-3,26.8,10.143,-92.08529
Baldurs Gate Settlement 0326,Baldurs Gate,Baldur's Gate,675,3756036,269718,"{'humans': 557, 'elves': 54, 'dwarves': 30, 'halflings': 38, 'half-orcs': 40, 'misc.': 0}",109,monster attack,['Merchant Council'],"{'poor': 0.4996, 'middle': 0.3395, 'wealthy': 0.0454, 'aristocrat': 0.1155}",8,"[['books', 'cloth']]",[['mercenaries']],Ruler BAL-385,mercenary heavy,local academy,"Elvish, Halfling, Orc","Mystra, Tempus",261869,1312711673,460.96,58.8,56.8,4,0,synthetic generator v2,derived,0.58,3729571,1,20.4,19.52198,68.11148
Waterdeep Settlement 0327,Waterdeep,Waterdeep,808,5386831,69721,"{'humans': 539, 'elves': 93, 'dwarves': 77, 'halflings': 17, 'half-orcs': 18, 'misc.': 64}",78,famine,['Magocracy'],"{'poor': 0.4783, 'middle': 0.3111, 'wealthy': 0.0636, 'aristocrat': 0.147}",0,"[['armor', 'cloth', 'fish', 'grain', 'weapons']]","[['mercenaries', 'ore']]",Ruler WAT-927,small militia,arcanum,"Dwarvish, Elvish, Orc","Mystra, Tempus, Torm",190388,767901516,542.77,58.3,42.9,7,0,synthetic generator v2,synthetic,0.54,6111421,3,24.5,58.60812,30.62803
Neverwinter Settlement 0328,Neverwinter,Neverwinter,4120,9147765,432216,"{'humans': 2863, 'elves': 225, 'dwarves': 348, 'halflings': 176, 'half-orcs': 97, 'misc.': 411}",125,monster attack,['Magocracy'],"{'poor': 0.5872, 'middle': 0.3359, 'wealthy': 0.0723, 'aristocrat': 0.0046}",20,"[['cloth', 'grain', 'salt', 'timber']]","[['glass', 'mercenaries']]",Ruler NEV-289,naval patrol,local academy,"Common, Halfling","Chauntea, Lathander, Selune",172720,723835434,35.12,48.4,35.7,6,0,synthetic generator v2,synthetic,0.42,11438851,2,37.0,23.7841,32.12693
Calimshan Settlement 0329,Calimshan,Memnon,5898,13449645,517182,"{'humans': 3942, 'elves': 365, 'dwarves': 444, 'halflings': 190, 'half-orcs': 185, 'misc.': 772}",81,famine,['Patriarchy'],"{'poor': 0.6004, 'middle': 0.3086, 'wealthy': 0.0862, 'aristocrat': 0.0047}",4,"[['gems', 'grain', 'salt', 'timber', 'wine']]","[['coal', 'jewelry', 'magic items', 'ore']]",Ruler CAL-254,naval patrol,arcanum,"Common, Draconic, Dwarvish",Tyr,169269,841078201,472.35,73.1,37.8,8,0,synthetic generator v2,derived,0.8,18706368,1,31.2,-6.71108,-30.52871
Tethyr Settlement 0330,Tethyr,Darromar,454,1036201,42004,"{'humans': 350, 'elves': 52, 'dwarves': 18, 'halflings': 40, 'half-orcs': 20, 'misc.': 0}",65,disease,['Theocracy'],"{'poor': 0.6916, 'middle': 0.2053, 'wealthy': 0.0931, 'aristocrat': 0.01}",0,"[['armor', 'gems', 'weapons']]","[['coal', 'jewelry', 'parchment']]",Ruler TET-11,naval patrol,arcanum,Elvish,"Mystra, Tempus, Tyr",306344,1288038783,190.85,74.7,77.5,1,0,synthetic generator v2,derived,0.57,880399,0,3.5,66.68883,37.86475
Tethyr Settlement 0331,Tethyr,Darromar,5637,49987701,2616458,"{'humans': 3824, 'elves': 311, 'dwarves': 514, 'halflings': 303, 'half-orcs': 287, 'misc.': 398}",108,disease,['Magocracy'],"{'poor': 0.4994, 'middle': 0.2215, 'wealthy': 0.0553, 'aristocrat': 0.2238}",0,"[['armor', 'books', 'cloth', 'horses', 'wine']]","[['coal', 'glass', 'parchment', 'silk', 'spices']]",Ruler TET-724,naval patrol,guilds,Dwarvish,"Mystra, Torm, Tyr",306344,1288038783,205.06,66.0,52.4,2,0,synthetic generator v2,derived,0.47,39267280,0,7.0,69.45086,119.28554
Baldurs Gate Settlement 0332,Baldurs Gate,Baldur's Gate,8512,40910153,4218610,"{'humans': 5670, 'elves': 173, 'dwarves': 751, 'halflings': 197, 'half-orcs': 417, 'misc.': 1304}",79,monster attack,['Merchant Council'],"{'poor': 0.5037, 'middle': 0.3374, 'wealthy': 0.0746, 'aristocrat': 0.0844}",0,"[['cloth', 'gems', 'grain']]",[['ore']],Ruler BAL-740,naval patrol,local academy,"Draconic, Orc","Chauntea, Lathander, Tempus",261869,1312711673,358.31,58.5,68.1,5,0,synthetic generator v2,derived,0.75,56853226,2,17.5,-34.04068,-89.86771
Sembia Settlement 0333,Sembia,Selgaunt,291,2640674,169660,"{'humans': 204, 'elves': 24, 'dwarves': 25, 'halflings': 24, 'half-orcs': 8, 'misc.': 6}",160,crime,['Magocracy'],"{'poor': 0.4555, 'middle': 0.2472, 'wealthy': 0.0736, 'aristocrat': 0.2237}",4,"[['cloth', 'grain']]","[['mercenaries', 'silk']]",Ruler SEM-928,naval patrol,local academy,"Common, Dwarvish, Elvish","Chauntea, Tempus, Torm",210662,818271539,228.65,49.1,58.2,6,0,synthetic generator v2,synthetic,0.51,3461166,0,24.2,-37.87466,30.16469
Baldurs Gate Settlement 0334,Baldurs Gate,Baldur's Gate,1362,3167861,12656,"{'humans': 1048, 'elves': 50, 'dwarves': 130, 'halflings': 125, 'half-orcs': 18, 'misc.': 0}",79,war,['Satrapy'],"{'poor': 0.6036, 'middle': 0.2977, 'wealthy': 0.0937, 'aristocrat': 0.0049}",0,"[['books', 'salt', 'timber', 'weapons']]","[['magic items', 'mercenaries', 'silk']]",Ruler BAL-894,naval patrol,guilds,Halfling,"Mystra, Selune",261869,1312711673,257.68,59.4,55.9,8,0,synthetic generator v2,derived,0.54,3821022,1,28.0,59.7795,-85.77806
Neverwinter Settlement 0335,Neverwinter,Neverwinter,1588,3496093,275039,"{'humans': 1336, 'elves': 169, 'dwarves': 69, 'halflings': 90, 'half-orcs': 89, 'misc.': 0}",142,crime,['Confederacy'],"{'poor': 0.6401, 'middle': 0.2685, 'wealthy': 0.0865, 'aristocrat': 0.0049}",11,"[['books', 'fish']]","[['glass', 'magic items', 'ore', 'silk']]",Ruler NEV-953,naval patrol,arcanum,Halfling,Lathander,172720,723835434,107.58,49.4,49.4,6,0,synthetic generator v2,synthetic,0.76,3671802,-2,29.8,17.08322,49.34547
Amn Settlement 0336,Amn,Athkatla,19786,42567264,2587411,"{'humans': 13647, 'elves': 1460, 'dwarves': 1227, 'halflings': 532, 'half-orcs': 942, 'misc.': 1978}",138,famine,['Confederacy'],"{'poor': 0.6141, 'middle': 0.311, 'wealthy': 0.0702, 'aristocrat': 0.0047}",0,"[['armor', 'grain', 'horses', 'timber', 'wine']]",[['glass']],Ruler AMN-883,professional guard,None,"Common, Orc","Lathander, Selune",191831,772478497,253.3,65.6,78.9,1,0,synthetic generator v2,synthetic,0.72,48723859,4,3.5,65.95299,13.12506
Tethyr Settlement 0337,Tethyr,Darromar,1473,4825471,249255,"{'humans': 1046, 'elves': 75, 'dwarves': 46, 'halflings': 54, 'half-orcs': 86, 'misc.': 166}",158,disease,['Merchant Council'],"{'poor': 0.6255, 'middle': 0.2669, 'wealthy': 0.063, 'aristocrat': 0.0446}",1,"[['books', 'fish', 'grain', 'weapons', 'wine']]","[['magic items', 'ore', 'parchment', 'silk', 'spices']]",Ruler TET-826,professional guard,arcanum,"Draconic, Dwarvish, Elvish","Chauntea, Mystra",306344,1288038783,127.02,68.9,52.1,8,0,synthetic generator v2,synthetic,0.58,4945182,0,28.8,43.07266,-101.32462
Amn Settlement 0338,Amn,Athkatla,1797,6041803,304444,"{'humans': 1468, 'elves': 145, 'dwarves': 170, 'halflings': 120, 'half-orcs': 58, 'misc.': 0}",137,war,['Democracy'],"{'poor': 0.5704, 'middle': 0.2952, 'wealthy': 0.0984, 'aristocrat': 0.0361}",9,[['horses']],"[['coal', 'parchment', 'silk']]",Ruler AMN-483,professional guard,guilds,"Common, Elvish",Chauntea,191831,772478497,510.08,61.5,57.3,6,0,synthetic generator v2,synthetic,0.51,7160811,-2,28.2,17.92898,-108.81939
Neverwinter Settlement 0339,Neverwinter,Neverwinter,3245,6928530,414839,"{'humans': 2616, 'elves': 321, 'dwarves': 172, 'halflings': 153, 'half-orcs': 164, 'misc.': 0}",76,arcane mishap,['Dictatorship'],"{'poor': 0.6075, 'middle': 0.3214, 'wealthy': 0.0667, 'aristocrat': 0.0044}",0,"[['books', 'cloth']]","[['coal', 'parchment', 'spices']]",Ruler NEV-507,small militia,local academy,"Dwarvish, Halfling, Orc","Lathander, Mystra, Tyr",172720,723835434,472.49,54.3,34.5,7,0,synthetic generator v2,derived,0.44,6332966,-1,24.5,50.63109,-44.19419
Baldurs Gate Settlement 0340,Baldurs Gate,Baldur's Gate,1605,3273121,109151,"{'humans': 1231, 'elves': 156, 'dwarves': 62, 'halflings': 91, 'half-orcs': 36, 'misc.': 29}",119,monster attack,['Democracy'],"{'poor': 0.6765, 'middle': 0.2454, 'wealthy': 0.0732, 'aristocrat': 0.0049}",0,"[['armor', 'gems', 'grain', 'weapons', 'wine']]","[['glass', 'jewelry', 'parchment', 'spices']]",Ruler BAL-58,professional guard,local academy,"Common, Dwarvish, Halfling",Lathander,261869,1312711673,387.64,56.6,65.9,5,0,synthetic generator v2,derived,0.57,2792116,1,17.5,22.22358,112.80137
Amn Settlement 0341,Amn,Athkatla,121,274105,11509,"{'humans': 88, 'elves': 11, 'dwarves': 5, 'halflings': 8, 'half-orcs': 4, 'misc.': 5}",72,disease,['Satrapy'],"{'poor': 0.5886, 'middle': 0.3269, 'wealthy': 0.08, 'aristocrat': 0.0046}",5,"[['armor', 'cloth', 'gems', 'weapons', 'wine']]",[['glass']],Ruler AMN-132,professional guard,guilds,"Halfling, Orc",Chauntea,191831,772478497,545.11,70.8,92.7,8,0,synthetic generator v2,synthetic,0.41,304300,4,32.0,49.05951,-1.16219
Waterdeep Settlement 0342,Waterdeep,Waterdeep,2416,14927170,1103000,"{'humans': 1577, 'elves': 167, 'dwarves': 157, 'halflings': 161, 'half-orcs': 42, 'misc.': 312}",30,crime,['Satrapy'],"{'poor': 0.4786, 'middle': 0.3007, 'wealthy': 0.0969, 'aristocrat': 0.1238}",6,[['weapons']],"[['coal', 'magic items', 'ore', 'parchment']]",Ruler WAT-540,professional guard,guilds,"Elvish, Orc",Chauntea,190388,767901516,512.18,47.5,30.0,0,0,synthetic generator v2,synthetic,0.41,17256974,-3,4.8,-24.14258,60.14895
Neverwinter Settlement 0343,Neverwinter,Neverwinter,436,873248,7523,"{'humans': 356, 'elves': 29, 'dwarves': 16, 'halflings': 40, 'half-orcs': 17, 'misc.': 0}",174,old age,['Democracy'],"{'poor': 0.6089, 'middle': 0.3425, 'wealthy': 0.0439, 'aristocrat': 0.0048}",0,"[['timber', 'wine']]","[['coal', 'jewelry', 'mercenaries', 'ore', 'parchment']]",Ruler NEV-848,mercenary heavy,guilds,Elvish,"Selune, Tyr",172720,723835434,339.26,48.9,26.7,1,0,synthetic generator v2,derived,0.92,1155246,-3,3.5,46.37388,-32.75816
Tethyr Settlement 0344,Tethyr,Darromar,1868,4432648,393830,"{'humans': 1244, 'elves': 210, 'dwarves': 148, 'halflings': 86, 'half-orcs': 91, 'misc.': 89}",126,crime,['Theocracy'],"{'poor': 0.5575, 'middle': 0.3524, 'wealthy': 0.0854, 'aristocrat': 0.0048}",18,"[['horses', 'timber']]",[['magic items']],Ruler TET-880,professional guard,local academy,"Elvish, Halfling, Orc","Chauntea, Lathander, Mystra",306344,1288038783,88.0,71.6,70.6,8,0,synthetic generator v2,derived,0.6,6150022,1,42.4,-14.70237,77.81352
Neverwinter Settlement 0345,Neverwinter,Neverwinter,520,2167876,54057,"{'humans': 378, 'elves': 40, 'dwarves': 28, 'halflings': 39, 'half-orcs': 21, 'misc.': 14}",104,crime,['Theocracy'],"{'poor': 0.5347, 'middle': 0.333, 'wealthy': 0.0649, 'aristocrat': 0.0674}",0,"[['books', 'gems', 'grain', 'weapons', 'wine']]","[['coal', 'magic items']]",Ruler NEV-848,naval patrol,local academy,"Draconic, Dwarvish, Orc",Lathander,172720,723835434,167.14,45.9,49.3,4,0,synthetic generator v2,synthetic,0.62,2710705,3,14.0,59.78556,115.04795
Cormyr Settlement 0346,Cormyr,Suzail,734,2287951,80440,"{'humans': 521, 'elves': 57, 'dwarves': 35, 'halflings': 59, 'half-orcs': 16, 'misc.': 46}",101,famine,['Magocracy'],"{'poor': 0.4983, 'middle': 0.3983, 'wealthy': 0.076, 'aristocrat': 0.0273}",12,"[['books', 'cloth', 'fish', 'grain', 'salt']]","[['glass', 'silk']]",Ruler COR-655,naval patrol,arcanum,"Common, Dwarvish, Halfling","Selune, Torm, Tyr",162084,631592082,298.7,56.3,62.2,6,0,synthetic generator v2,synthetic,0.5,2542468,3,30.6,-14.60349,-111.16168
Neverwinter Settlement 0347,Neverwinter,Neverwinter,167,1074874,1234,"{'humans': 117, 'elves': 9, 'dwarves': 8, 'halflings': 11, 'half-orcs': 9, 'misc.': 13}",41,arcane mishap,['Patriarchy'],"{'poor': 0.454, 'middle': 0.3773, 'wealthy': 0.0227, 'aristocrat': 0.146}",0,"[['cloth', 'horses', 'weapons']]","[['jewelry', 'magic items', 'ore']]",Ruler NEV-872,naval patrol,None,"Draconic, Halfling, Orc","Lathander, Torm",172720,723835434,31.67,53.8,43.2,1,0,synthetic generator v2,derived,0.87,1020813,0,3.5,19.25601,68.41911
Sembia Settlement 0348,Sembia,Selgaunt,996,8423985,536176,"{'humans': 748, 'elves': 108, 'dwarves': 66, 'halflings': 24, 'half-orcs': 19, 'misc.': 31}",119,disease,['Magocracy'],"{'poor': 0.5145, 'middle': 0.2387, 'wealthy': 0.0303, 'aristocrat': 0.2164}",0,"[['grain', 'salt']]","[['jewelry', 'mercenaries']]",Ruler SEM-949,naval patrol,arcanum,"Dwarvish, Halfling, Orc","Lathander, Mystra, Tempus",210662,818271539,505.77,56.4,42.2,5,0,synthetic generator v2,derived,0.89,7748715,0,17.5,55.03322,-108.70801
Amn Settlement 0349,Amn,Athkatla,91,279334,3863,"{'humans': 79, 'elves': 4, 'dwarves': 4, 'halflings': 7, 'half-orcs': 4, 'misc.': 0}",38,crime,['Monarchy'],"{'poor': 0.5581, 'middle': 0.3479, 'wealthy': 0.0609, 'aristocrat': 0.0332}",4,"[['books', 'cloth', 'gems', 'grain', 'horses']]","[['jewelry', 'mercenaries', 'ore', 'parchment']]",Ruler AMN-704,professional guard,None,Elvish,"Torm, Tyr",191831,772478497,218.01,64.2,86.8,7,0,synthetic generator v2,synthetic,0.68,272300,1,27.7,36.94039,128.61204
Amn Settlement 0350,Amn,Athkatla,605,2121443,40182,"{'humans': 520, 'elves': 67, 'dwarves': 31, 'halflings': 20, 'half-orcs': 15, 'misc.': 0}",92,war,['Magocracy'],"{'poor': 0.6056, 'middle': 0.2689, 'wealthy': 0.0777, 'aristocrat': 0.0478}",0,"[['armor', 'fish', 'grain', 'weapons']]","[['glass', 'ore']]",Ruler AMN-646,mercenary heavy,arcanum,Halfling,"Lathander, Mystra, Tempus",191831,772478497,187.35,71.2,71.2,6,0,synthetic generator v2,derived,0.46,2126016,2,21.0,1.70811,-48.55786
Cormyr Settlement 0351,Cormyr,Suzail,1579,14093696,82626,"{'humans': 1183, 'elves': 113, 'dwarves': 69, 'halflings': 35, 'half-orcs': 52, 'misc.': 127}",92,crime,['Monarchy'],"{'poor': 0.4992, 'middle': 0.2317, 'wealthy': 0.0404, 'aristocrat': 0.2288}",13,[['timber']],"[['jewelry', 'ore', 'silk']]",Ruler COR-483,professional guard,None,"Draconic, Dwarvish","Tempus, Torm",162084,631592082,342.44,54.1,60.6,8,0,synthetic generator v2,derived,0.65,16397071,-2,38.4,44.2905,121.20313
Waterdeep Settlement 0352,Waterdeep,Waterdeep,2042,4761838,416826,"{'humans': 1422, 'elves': 220, 'dwarves': 174, 'halflings': 74, 'half-orcs': 121, 'misc.': 31}",179,war,['Theocracy'],"{'poor': 0.6491, 'middle': 0.2529, 'wealthy': 0.0885, 'aristocrat': 0.0095}",12,"[['fish', 'grain', 'weapons']]","[['coal', 'jewelry', 'mercenaries', 'parchment', 'silk']]",Ruler WAT-134,small militia,arcanum,Halfling,Tempus,190388,767901516,138.28,46.9,43.1,6,0,synthetic generator v2,synthetic,0.91,6561879,-2,30.6,31.57895,-5.52244
Tethyr Settlement 0353,Tethyr,Darromar,5359,15694051,1153768,"{'humans': 4777, 'elves': 298, 'dwarves': 488, 'halflings': 186, 'half-orcs': 286, 'misc.': 0}",41,war,['Satrapy'],"{'poor': 0.6532, 'middle': 0.2315, 'wealthy': 0.0848, 'aristocrat': 0.0305}",12,"[['books', 'cloth', 'grain', 'timber', 'weapons']]","[['glass', 'jewelry', 'magic items', 'parchment']]",Ruler TET-753,mercenary heavy,None,Dwarvish,"Mystra, Selune, Tyr",306344,1288038783,289.82,61.4,61.7,7,0,synthetic generator v2,derived,0.45,20392057,1,34.1,11.63793,2.21737
Waterdeep Settlement 0354,Waterdeep,Waterdeep,1321,2423843,51969,"{'humans': 1048, 'elves': 133, 'dwarves': 55, 'halflings': 101, 'half-orcs': 49, 'misc.': 0}",119,famine,['Magocracy'],"{'poor': 0.6199, 'middle': 0.3534, 'wealthy': 0.0222, 'aristocrat': 0.0045}",0,"[['cloth', 'horses', 'salt', 'wine']]","[['ore', 'parchment', 'silk']]",Ruler WAT-347,naval patrol,arcanum,Dwarvish,"Chauntea, Tempus",190388,767901516,168.13,51.0,26.2,7,0,synthetic generator v2,derived,0.49,1908413,1,24.5,62.33339,-79.05804
Cormyr Settlement 0355,Cormyr,Suzail,714,3918036,294314,"{'humans': 523, 'elves': 34, 'dwarves': 69, 'halflings': 29, 'half-orcs': 41, 'misc.': 18}",106,arcane mishap,['Democracy'],"{'poor': 0.4532, 'middle': 0.3734, 'wealthy': 0.0687, 'aristocrat': 0.1047}",0,[['wine']],[['magic items']],Ruler COR-644,small militia,None,"Elvish, Halfling, Orc","Lathander, Selune",162084,631592082,242.07,64.2,68.4,0,0,synthetic generator v2,synthetic,0.37,4443359,0,0.0,-26.6242,-65.53531
Waterdeep Settlement 0356,Waterdeep,Waterdeep,1193,6696839,652675,"{'humans': 911, 'elves': 47, 'dwarves': 68, 'halflings': 73, 'half-orcs': 58, 'misc.': 36}",88,monster attack,['Dictatorship'],"{'poor': 0.5275, 'middle': 0.3126, 'wealthy': 0.0395, 'aristocrat': 0.1204}",15,"[['armor', 'salt', 'weapons']]","[['coal', 'glass', 'ore', 'parchment', 'spices']]",Ruler WAT-297,naval patrol,None,"Dwarvish, Elvish","Chauntea, Selune, Tyr",190388,767901516,50.31,45.7,45.0,7,0,synthetic generator v2,derived,0.72,8788494,-2,36.5,15.80813,-60.43197
Tethyr Settlement 0357,Tethyr,Darromar,1426,3228026,40275,"{'humans': 956, 'elves': 72, 'dwarves': 99, 'halflings': 104, 'half-orcs': 63, 'misc.': 132}",146,arcane mishap,['Patriarchy'],"{'poor': 0.5682, 'middle': 0.355, 'wealthy': 0.0721, 'aristocrat': 0.0047}",0,"[['books', 'fish', 'gems', 'grain', 'salt']]","[['coal', 'jewelry', 'magic items', 'parchment', 'spices']]",Ruler TET-915,professional guard,None,"Common, Elvish, Halfling",Lathander,306344,1288038783,493.82,66.1,54.3,6,0,synthetic generator v2,derived,0.58,3061404,0,21.0,-28.16045,26.20426
Amn Settlement 0358,Amn,Athkatla,1336,3067938,19505,"{'humans': 1106, 'elves': 59, 'dwarves': 121, 'halflings': 133, 'half-orcs': 16, 'misc.': 0}",77,disease,['Merchant Council'],"{'poor': 0.5972, 'middle': 0.3105, 'wealthy': 0.0876, 'aristocrat': 0.0047}",13,"[['fish', 'horses', 'salt', 'weapons']]","[['glass', 'magic items', 'ore']]",Ruler AMN-52,naval patrol,arcanum,Common,"Selune, Tempus, Tyr",191831,772478497,179.4,71.0,62.1,0,0,synthetic generator v2,derived,0.51,2911378,1,10.4,28.98319,-41.8213
Calimshan Settlement 0359,Calimshan,Memnon,217,1120441,22196,"{'humans': 161, 'elves': 23, 'dwarves': 9, 'halflings': 9, 'half-orcs': 6, 'misc.': 9}",163,arcane mishap,['Confederacy'],"{'poor': 0.5064, 'middle': 0.3516, 'wealthy': 0.0377, 'aristocrat': 0.1042}",14,"[['books', 'grain']]","[['coal', 'magic items', 'ore', 'parchment']]",Ruler CAL-25,small militia,guilds,"Draconic, Halfling","Chauntea, Lathander",169269,841078201,110.31,82.0,18.8,10,0,synthetic generator v2,synthetic,0.43,967270,-2,46.2,-28.81481,-47.23892
Neverwinter Settlement 0360,Neverwinter,Neverwinter,1898,6553188,501348,"{'humans': 1682, 'elves': 81, 'dwarves': 167, 'halflings': 41, 'half-orcs': 33, 'misc.': 0}",49,monster attack,['Theocracy'],"{'poor': 0.557, 'middle': 0.3233, 'wealthy': 0.077, 'aristocrat': 0.0426}",9,"[['fish', 'gems', 'grain', 'salt']]","[['coal', 'jewelry', 'magic items', 'silk', 'spices']]",Ruler NEV-964,naval patrol,arcanum,"Common, Dwarvish","Tempus, Tyr",172720,723835434,399.97,42.5,48.8,2,0,synthetic generator v2,derived,0.46,8911525,-1,14.2,34.38559,115.38935
Tethyr Settlement 0361,Tethyr,Darromar,4060,8808709,427566,"{'humans': 2907, 'elves': 463, 'dwarves': 127, 'halflings': 248, 'half-orcs': 126, 'misc.': 189}",142,war,['Patriarchy'],"{'poor': 0.6688, 'middle': 0.2352, 'wealthy': 0.091, 'aristocrat': 0.005}",0,"[['books', 'cloth', 'fish', 'horses']]",[['parchment']],Ruler TET-582,naval patrol,None,Elvish,Torm,306344,1288038783,169.06,69.2,61.2,1,0,synthetic generator v2,synthetic,0.69,11667450,3,3.5,25.77408,23.591
Baldurs Gate Settlement 0362,Baldurs Gate,Baldur's Gate,830,1840603,12798,"{'humans': 732, 'elves': 58, 'dwarves': 45, 'halflings': 48, 'half-orcs': 27, 'misc.': 0}",123,crime,['Monarchy'],"{'poor': 0.6333, 'middle': 0.2745, 'wealthy': 0.0876, 'aristocrat': 0.0047}",0,"[['grain', 'horses', 'weapons']]","[['magic items', 'mercenaries', 'parchment']]",Ruler BAL-16,small militia,None,"Draconic, Dwarvish",Mystra,261869,1312711673,292.31,51.1,64.3,1,4,synthetic generator v2,derived,0.59,1681216,0,7.1,-16.38837,-77.88638
Baldurs Gate Settlement 0363,Baldurs Gate,Baldur's Gate,115,522488,20389,"{'humans': 91, 'elves': 4, 'dwarves': 4, 'halflings': 5, 'half-orcs': 5, 'misc.': 6}",104,arcane mishap,['Magocracy'],"{'poor': 0.5415, 'middle': 0.3407, 'wealthy': 0.0302, 'aristocrat': 0.0876}",19,"[['armor', 'gems', 'wine']]","[['jewelry', 'magic items', 'mercenaries']]",Ruler BAL-23,small militia,guilds,"Common, Orc",Selune,261869,1312711673,227.69,56.8,33.6,2,0,synthetic generator v2,synthetic,0.64,571522,0,22.2,55.93094,37.67322
Neverwinter Settlement 0364,Neverwinter,Neverwinter,80,143996,4351,"{'humans': 61, 'elves': 3, 'dwarves': 3, 'halflings': 5, 'half-orcs': 4, 'misc.': 4}",114,war,['Confederacy'],"{'poor': 0.6413, 'middle': 0.3316, 'wealthy': 0.0222, 'aristocrat': 0.0049}",0,"[['grain', 'weapons']]","[['jewelry', 'parchment', 'silk', 'spices']]",Ruler NEV-527,small militia,guilds,"Common, Halfling, Orc",Lathander,172720,723835434,304.85,48.0,30.2,7,0,synthetic generator v2,synthetic,0.52,154225,-2,24.5,-32.18842,-104.26822
Waterdeep Settlement 0365,Waterdeep,Waterdeep,173,911359,32819,"{'humans': 140, 'elves': 7, 'dwarves': 11, 'halflings': 3, 'half-orcs': 8, 'misc.': 4}",35,old age,['Magocracy'],"{'poor': 0.5554, 'middle': 0.2965, 'wealthy': 0.0366, 'aristocrat': 0.1115}",2,"[['armor', 'books', 'horses', 'salt']]","[['silk', 'spices']]",Ruler WAT-50,mercenary heavy,local academy,"Common, Draconic, Halfling","Chauntea, Lathander, Tyr",190388,767901516,432.35,51.3,51.8,4,0,synthetic generator v2,synthetic,0.65,791448,2,15.6,-28.67609,60.9029
Cormyr Settlement 0366,Cormyr,Suzail,2240,11212975,474728,"{'humans': 1649, 'elves': 242, 'dwarves': 201, 'halflings': 207, 'half-orcs': 54, 'misc.': 0}",178,monster attack,['Magocracy'],"{'poor': 0.5472, 'middle': 0.2642, 'wealthy': 0.0995, 'aristocrat': 0.0891}",0,"[['gems', 'timber', 'wine']]","[['coal', 'magic items', 'mercenaries']]",Ruler COR-912,mercenary heavy,arcanum,"Elvish, Halfling, Orc",Selune,162084,631592082,280.11,63.9,44.1,0,0,synthetic generator v2,synthetic,0.57,8791533,0,0.0,27.52422,-81.22585
Calimshan Settlement 0367,Calimshan,Memnon,109,255797,2628,"{'humans': 84, 'elves': 8, 'dwarves': 5, 'halflings': 2, 'half-orcs': 4, 'misc.': 6}",165,famine,['Magocracy'],"{'poor': 0.573, 'middle': 0.3355, 'wealthy': 0.0867, 'aristocrat': 0.0048}",1,"[['fish', 'gems', 'salt']]","[['glass', 'jewelry', 'magic items', 'parchment', 'spices']]",Ruler CAL-808,professional guard,None,"Common, Orc","Mystra, Selune, Tempus",169269,841078201,364.32,74.7,44.8,3,0,synthetic generator v2,derived,0.74,222285,-2,11.3,24.6979,99.34685
Sembia Settlement 0368,Sembia,Selgaunt,1563,6991073,469240,"{'humans': 1080, 'elves': 52, 'dwarves': 144, 'halflings': 93, 'half-orcs': 87, 'misc.': 107}",150,disease,['Monarchy'],"{'poor': 0.5891, 'middle': 0.2674, 'wealthy': 0.0612, 'aristocrat': 0.0823}",13,"[['armor', 'books', 'horses', 'timber']]","[['coal', 'silk']]",Ruler SEM-916,small militia,local academy,Orc,"Mystra, Tyr",210662,818271539,260.75,47.3,46.5,0,0,synthetic generator v2,derived,0.61,8783252,2,10.4,40.27396,-5.67354
Tethyr Settlement 0369,Tethyr,Darromar,10203,94440814,3823224,"{'humans': 7863, 'elves': 709, 'dwarves': 797, 'halflings': 409, 'half-orcs': 234, 'misc.': 191}",135,war,['Monarchy'],"{'poor': 0.4703, 'middle': 0.2281, 'wealthy': 0.07, 'aristocrat': 0.2316}",0,"[['armor', 'cloth', 'timber', 'wine']]",[['jewelry']],Ruler TET-401,professional guard,local academy,"Common, Draconic, Halfling","Chauntea, Tempus",306344,1288038783,534.75,73.2,57.7,1,0,synthetic generator v2,derived,0.43,124449505,3,3.5,20.4282,47.59214
Neverwinter Settlement 0370,Neverwinter,Neverwinter,1404,12098565,171358,"{'humans': 1207, 'elves': 29, 'dwarves': 138, 'halflings': 116, 'half-orcs': 29, 'misc.': 0}",30,crime,['Satrapy'],"{'poor': 0.5166, 'middle': 0.2032, 'wealthy': 0.0658, 'aristocrat': 0.2145}",19,"[['gems', 'timber', 'wine']]","[['coal', 'magic items', 'mercenaries', 'parchment', 'spices']]",Ruler NEV-71,mercenary heavy,local academy,Orc,Selune,172720,723835434,226.0,49.9,39.4,2,0,synthetic generator v2,derived,0.6,9376312,-2,22.2,-19.94629,81.60452
Waterdeep Settlement 0371,Waterdeep,Waterdeep,473,2865734,101174,"{'humans': 361, 'elves': 37, 'dwarves': 27, 'halflings': 10, 'half-orcs': 13, 'misc.': 25}",54,old age,['Theocracy'],"{'poor': 0.532, 'middle': 0.3055, 'wealthy': 0.0236, 'aristocrat': 0.1389}",10,"[['armor', 'cloth', 'fish', 'timber']]","[['silk', 'spices']]",Ruler WAT-645,professional guard,guilds,"Common, Orc",Chauntea,190388,767901516,234.05,48.9,54.5,0,0,synthetic generator v2,derived,0.59,2369517,2,8.0,-2.85702,65.89446
Calimshan Settlement 0372,Calimshan,Memnon,1987,6355264,274359,"{'humans': 1446, 'elves': 95, 'dwarves': 71, 'halflings': 169, 'half-orcs': 77, 'misc.': 129}",168,old age,['Democracy'],"{'poor': 0.6651, 'middle': 0.2522, 'wealthy': 0.0312, 'aristocrat': 0.0515}",5,"[['fish', 'grain']]","[['jewelry', 'magic items', 'mercenaries', 'silk']]",Ruler CAL-877,mercenary heavy,None,"Draconic, Elvish","Selune, Tyr",169269,841078201,201.24,75.1,23.7,0,0,synthetic generator v2,synthetic,0.95,7283876,-2,4.0,66.68861,-114.44502
Baldurs Gate Settlement 0373,Baldurs Gate,Baldur's Gate,1242,7598264,581699,"{'humans': 842, 'elves': 25, 'dwarves': 44, 'halflings': 113, 'half-orcs': 42, 'misc.': 176}",87,crime,['Magocracy'],"{'poor': 0.4734, 'middle': 0.3309, 'wealthy': 0.0684, 'aristocrat': 0.1273}",0,"[['fish', 'grain', 'salt', 'timber', 'weapons']]","[['jewelry', 'mercenaries']]",Ruler BAL-168,small militia,arcanum,"Draconic, Dwarvish",Torm,261869,1312711673,206.26,50.4,39.6,3,0,synthetic generator v2,synthetic,0.41,7611521,3,10.5,59.78573,46.64772
Baldurs Gate Settlement 0374,Baldurs Gate,Baldur's Gate,4939,15148742,691970,"{'humans': 4377, 'elves': 521, 'dwarves': 326, 'halflings': 195, 'half-orcs': 99, 'misc.': 0}",81,old age,['Democracy'],"{'poor': 0.5069, 'middle': 0.3843, 'wealthy': 0.0844, 'aristocrat': 0.0245}",5,"[['gems', 'grain', 'timber', 'wine']]",[['ore']],Ruler BAL-610,professional guard,guilds,"Common, Draconic, Orc","Lathander, Selune",261869,1312711673,221.27,62.5,55.9,8,0,synthetic generator v2,derived,0.92,12326429,3,32.0,3.482,-11.56343
Neverwinter Settlement 0375,Neverwinter,Neverwinter,1814,12843940,260387,"{'humans': 1511, 'elves': 169, 'dwarves': 71, 'halflings': 105, 'half-orcs': 78, 'misc.': 0}",175,monster attack,['Patriarchy'],"{'poor': 0.4587, 'middle': 0.3287, 'wealthy': 0.0505, 'aristocrat': 0.1621}",3,"[['cloth', 'fish', 'gems', 'weapons', 'wine']]",[['spices']],Ruler NEV-427,mercenary heavy,guilds,"Draconic, Elvish, Halfling","Mystra, Tempus",172720,723835434,359.22,51.6,41.4,6,0,synthetic generator v2,synthetic,0.68,14194871,4,23.4,-21.67343,-21.58054
Sembia Settlement 0376,Sembia,Selgaunt,936,2469647,49742,"{'humans': 609, 'elves': 46, 'dwarves': 79, 'halflings': 57, 'half-orcs': 46, 'misc.': 99}",137,monster attack,['Patriarchy'],"{'poor': 0.5751, 'middle': 0.3212, 'wealthy': 0.0896, 'aristocrat': 0.0141}",20,"[['armor', 'gems', 'timber', 'wine']]","[['glass', 'jewelry', 'magic items', 'ore']]",Ruler SEM-414,small militia,arcanum,Draconic,Mystra,210662,818271539,257.45,55.1,31.7,3,0,synthetic generator v2,synthetic,0.49,2102485,0,26.5,14.19753,52.92771
Waterdeep Settlement 0377,Waterdeep,Waterdeep,533,3774367,167393,"{'humans': 453, 'elves': 49, 'dwarves': 40, 'halflings': 48, 'half-orcs': 6, 'misc.': 0}",96,monster attack,['Dictatorship'],"{'poor': 0.5613, 'middle': 0.2113, 'wealthy': 0.0598, 'aristocrat': 0.1677}",5,"[['books', 'cloth', 'gems', 'horses', 'wine']]","[['coal', 'magic items', 'mercenaries', 'ore', 'spices']]",Ruler WAT-79,naval patrol,local academy,"Draconic, Elvish","Lathander, Mystra, Tyr",190388,767901516,526.76,53.0,40.9,10,0,synthetic generator v2,derived,0.78,3029865,0,39.0,9.48534,-84.41554
Cormyr Settlement 0378,Cormyr,Suzail,1754,14063044,474194,"{'humans': 1536, 'elves': 36, 'dwarves': 77, 'halflings': 129, 'half-orcs': 103, 'misc.': 0}",153,disease,['Satrapy'],"{'poor': 0.4541, 'middle': 0.3242, 'wealthy': 0.0229, 'aristocrat': 0.1988}",4,[['cloth']],"[['coal', 'mercenaries', 'parchment', 'spices']]",Ruler COR-347,professional guard,arcanum,"Draconic, Dwarvish, Halfling",Torm,162084,631592082,370.06,61.6,43.9,10,0,synthetic generator v2,derived,0.51,12570918,-3,38.2,38.01059,-89.90413
Cormyr Settlement 0379,Cormyr,Suzail,433,2129751,54999,"{'humans': 295, 'elves': 36, 'dwarves': 15, 'halflings': 36, 'half-orcs': 13, 'misc.': 38}",48,crime,['Magocracy'],"{'poor': 0.6263, 'middle': 0.211, 'wealthy': 0.0632, 'aristocrat': 0.0995}",0,"[['books', 'fish', 'grain', 'weapons', 'wine']]","[['magic items', 'ore', 'silk']]",Ruler COR-48,mercenary heavy,None,"Elvish, Halfling","Mystra, Tyr",162084,631592082,286.1,56.1,76.4,1,0,synthetic generator v2,derived,0.95,2045832,2,3.5,70.21615,-101.01788
Baldurs Gate Settlement 0380,Baldurs Gate,Baldur's Gate,1702,15609211,250199,"{'humans': 1385, 'elves': 114, 'dwarves': 143, 'halflings': 154, 'half-orcs': 60, 'misc.': 0}",39,crime,['Patriarchy'],"{'poor': 0.4719, 'middle': 0.244, 'wealthy': 0.0515, 'aristocrat': 0.2327}",2,"[['armor', 'salt', 'weapons']]","[['magic items', 'mercenaries']]",Ruler BAL-397,small militia,None,"Common, Draconic, Elvish","Lathander, Mystra, Selune",261869,1312711673,201.13,52.9,34.1,1,0,synthetic generator v2,derived,0.52,12260482,1,5.1,-22.74407,102.1803
Neverwinter Settlement 0381,Neverwinter,Neverwinter,569,1610887,22079,"{'humans': 500, 'elves': 63, 'dwarves': 54, 'halflings': 15, 'half-orcs': 15, 'misc.': 0}",106,arcane mishap,['Dictatorship'],"{'poor': 0.5445, 'middle': 0.3828, 'wealthy': 0.0452, 'aristocrat': 0.0275}",0,"[['timber', 'wine']]","[['coal', 'jewelry', 'magic items', 'ore', 'silk']]",Ruler NEV-496,professional guard,arcanum,"Common, Dwarvish, Elvish","Chauntea, Torm, Tyr",172720,723835434,125.99,46.0,57.5,3,0,synthetic generator v2,derived,0.68,2104618,-3,10.5,-3.20627,-41.85568
Waterdeep Settlement 0382,Waterdeep,Waterdeep,80,552852,22573,"{'humans': 57, 'elves': 1, 'dwarves': 7, 'halflings': 6, 'half-orcs': 1, 'misc.': 8}",175,old age,['Merchant Council'],"{'poor': 0.5203, 'middle': 0.2624, 'wealthy': 0.0579, 'aristocrat': 0.1594}",20,"[['horses', 'wine']]","[['jewelry', 'parchment', 'silk', 'spices']]",Ruler WAT-119,naval patrol,guilds,Draconic,"Selune, Torm, Tyr",190388,767901516,193.48,52.4,50.0,7,0,synthetic generator v2,derived,0.85,660416,-2,40.5,47.07536,44.52885
Amn Settlement 0383,Amn,Athkatla,3139,14777690,725206,"{'humans': 2625, 'elves': 138, 'dwarves': 110, 'halflings': 76, 'half-orcs': 173, 'misc.': 17}",95,war,['Dictatorship'],"{'poor': 0.5014, 'middle': 0.3644, 'wealthy': 0.0478, 'aristocrat': 0.0865}",2,[['armor']],"[['glass', 'jewelry', 'magic items']]",Ruler AMN-494,mercenary heavy,None,"Draconic, Dwarvish","Lathander, Tempus, Tyr",191831,772478497,244.51,66.3,61.3,5,0,synthetic generator v2,synthetic,0.89,17639111,-2,19.1,-15.45254,-24.82713
Cormyr Settlement 0384,Cormyr,Suzail,283,1875620,97459,"{'humans': 187, 'elves': 27, 'dwarves': 17, 'halflings': 27, 'half-orcs': 5, 'misc.': 20}",88,disease,['Dictatorship'],"{'poor': 0.5573, 'middle': 0.2006, 'wealthy': 0.0977, 'aristocrat': 0.1444}",16,"[['cloth', 'gems', 'horses']]","[['coal', 'mercenaries', 'parchment']]",Ruler COR-394,small militia,guilds,"Draconic, Dwarvish, Halfling",Torm,162084,631592082,127.97,56.8,70.5,8,0,synthetic generator v2,synthetic,0.52,2439555,0,40.8,50.73048,-119.17897
Neverwinter Settlement 0385,Neverwinter,Neverwinter,1497,13292066,217609,"{'humans': 1147, 'elves': 40, 'dwarves': 56, 'halflings': 66, 'half-orcs': 77, 'misc.': 111}",157,arcane mishap,['Monarchy'],"{'poor': 0.4649, 'middle': 0.2262, 'wealthy': 0.0956, 'aristocrat': 0.2133}",2,[['cloth']],"[['parchment', 'silk']]",Ruler NEV-964,mercenary heavy,None,"Dwarvish, Halfling","Chauntea, Tyr",172720,723835434,411.5,54.5,41.8,3,0,synthetic generator v2,synthetic,0.61,11477364,-1,12.1,50.95384,101.16911
Tethyr Settlement 0386,Tethyr,Darromar,1020,2048096,43849,"{'humans': 877, 'elves': 107, 'dwarves': 82, 'halflings': 86, 'half-orcs': 35, 'misc.': 0}",164,monster attack,['Magocracy'],"{'poor': 0.6115, 'middle': 0.3384, 'wealthy': 0.0452, 'aristocrat': 0.0049}",0,"[['fish', 'salt', 'timber', 'wine']]","[['parchment', 'spices']]",Ruler TET-456,professional guard,guilds,Halfling,"Lathander, Selune",306344,1288038783,97.58,64.4,69.7,0,0,synthetic generator v2,synthetic,0.67,2354989,2,0.0,-29.6147,111.75165
Waterdeep Settlement 0387,Waterdeep,Waterdeep,604,5329620,46451,"{'humans': 419, 'elves': 51, 'dwarves': 42, 'halflings': 41, 'half-orcs': 32, 'misc.': 19}",59,crime,['Satrapy'],"{'poor': 0.4904, 'middle': 0.2029, 'wealthy': 0.0928, 'aristocrat': 0.2139}",0,[['cloth']],"[['coal', 'mercenaries', 'ore', 'parchment']]",Ruler WAT-742,professional guard,None,Common,"Chauntea, Tyr",190388,767901516,373.67,48.5,46.1,0,0,synthetic generator v2,synthetic,0.7,4408167,-3,0.0,-9.87572,3.25417
Calimshan Settlement 0388,Calimshan,Memnon,4316,19390072,69406,"{'humans': 3727, 'elves': 114, 'dwarves': 430, 'halflings': 138, 'half-orcs': 91, 'misc.': 0}",31,arcane mishap,['Patriarchy'],"{'poor': 0.456, 'middle': 0.39, 'wealthy': 0.0859, 'aristocrat': 0.0681}",0,"[['cloth', 'gems', 'grain']]","[['coal', 'glass', 'mercenaries', 'ore', 'parchment']]",Ruler CAL-433,mercenary heavy,arcanum,"Common, Elvish, Halfling",Selune,169269,841078201,130.26,85.1,29.1,6,0,synthetic generator v2,synthetic,0.66,16189422,-2,21.0,11.85596,-1.72531
Amn Settlement 0389,Amn,Athkatla,1066,2455118,167990,"{'humans': 891, 'elves': 119, 'dwarves': 52, 'halflings': 98, 'half-orcs': 54, 'misc.': 0}",65,monster attack,['Theocracy'],"{'poor': 0.5452, 'middle': 0.38, 'wealthy': 0.0699, 'aristocrat': 0.0048}",17,"[['books', 'grain', 'horses', 'timber', 'wine']]","[['coal', 'glass', 'magic items', 'mercenaries', 'ore']]",Ruler AMN-569,small militia,local academy,"Elvish, Orc",Tempus,191831,772478497,197.65,59.0,57.9,3,0,synthetic generator v2,derived,0.47,2857939,0,24.1,15.1003,20.38882
Tethyr Settlement 0390,Tethyr,Darromar,597,1197823,109742,"{'humans': 482, 'elves': 20, 'dwarves': 37, 'halflings': 46, 'half-orcs': 24, 'misc.': 0}",48,old age,['Magocracy'],"{'poor': 0.6335, 'middle': 0.3085, 'wealthy': 0.0532, 'aristocrat': 0.0048}",1,[['timber']],"[['magic items', 'mercenaries']]",Ruler TET-586,professional guard,None,Dwarvish,"Chauntea, Selune",306344,1288038783,241.56,60.8,52.5,1,0,synthetic generator v2,derived,0.66,1374819,-1,4.3,48.05515,33.53074
Cormyr Settlement 0391,Cormyr,Suzail,597,1687565,132810,"{'humans': 439, 'elves': 15, 'dwarves': 33, 'halflings': 20, 'half-orcs': 11, 'misc.': 79}",50,famine,['Confederacy'],"{'poor': 0.6911, 'middle': 0.2211, 'wealthy': 0.0509, 'aristocrat': 0.0369}",0,"[['armor', 'books', 'fish', 'gems']]","[['coal', 'jewelry', 'magic items', 'mercenaries', 'ore']]",Ruler COR-801,professional guard,arcanum,"Common, Dwarvish",Torm,162084,631592082,27.09,62.4,62.4,9,0,synthetic generator v2,synthetic,0.49,1967375,-1,31.5,32.628,116.08939
Cormyr Settlement 0392,Cormyr,Suzail,965,3104652,293319,"{'humans': 735, 'elves': 59, 'dwarves': 29, 'halflings': 38, 'half-orcs': 25, 'misc.': 79}",83,old age,['Monarchy'],"{'poor': 0.6347, 'middle': 0.2805, 'wealthy': 0.036, 'aristocrat': 0.0489}",0,"[['fish', 'gems', 'grain', 'salt', 'weapons']]","[['glass', 'jewelry', 'parchment', 'silk']]",Ruler COR-364,naval patrol,local academy,"Draconic, Dwarvish, Halfling","Lathander, Selune",162084,631592082,478.52,66.6,49.2,9,0,synthetic generator v2,derived,0.64,3745202,1,31.5,-20.00143,-4.54119
Calimshan Settlement 0393,Calimshan,Memnon,9256,20582470,344891,"{'humans': 7189, 'elves': 579, 'dwarves': 404, 'halflings': 788, 'half-orcs': 533, 'misc.': 0}",134,war,['Theocracy'],"{'poor': 0.5975, 'middle': 0.3231, 'wealthy': 0.0745, 'aristocrat': 0.005}",0,"[['armor', 'books', 'gems', 'grain', 'weapons']]","[['coal', 'jewelry', 'ore', 'silk', 'spices']]",Ruler CAL-368,naval patrol,local academy,"Common, Dwarvish",Tempus,169269,841078201,187.27,78.4,14.0,5,0,synthetic generator v2,synthetic,0.47,20006459,0,17.5,-18.73726,-98.31206
Sembia Settlement 0394,Sembia,Selgaunt,585,1415905,6322,"{'humans': 521, 'elves': 28, 'dwarves': 25, 'halflings': 22, 'half-orcs': 27, 'misc.': 0}",90,monster attack,['Merchant Council'],"{'poor': 0.5867, 'middle': 0.3324, 'wealthy': 0.0691, 'aristocrat': 0.0119}",0,"[['cloth', 'fish']]","[['coal', 'jewelry', 'silk']]",Ruler SEM-166,mercenary heavy,None,"Common, Elvish","Selune, Torm",210662,818271539,445.85,60.8,48.0,6,0,synthetic generator v2,synthetic,0.94,1945204,-1,21.0,-38.86393,-93.523
Cormyr Settlement 0395,Cormyr,Suzail,5826,13827288,199835,"{'humans': 4630, 'elves': 556, 'dwarves': 467, 'halflings': 241, 'half-orcs': 346, 'misc.': 0}",77,arcane mishap,['Magocracy'],"{'poor': 0.5499, 'middle': 0.3627, 'wealthy': 0.0824, 'aristocrat': 0.0049}",4,[['wine']],"[['ore', 'parchment', 'silk', 'spices']]",Ruler COR-156,small militia,arcanum,"Draconic, Dwarvish","Lathander, Torm",162084,631592082,328.7,61.3,57.0,10,0,synthetic generator v2,synthetic,0.37,13465760,-3,38.2,33.81504,9.47848
Waterdeep Settlement 0396,Waterdeep,Waterdeep,2238,4908163,262696,"{'humans': 1952, 'elves': 170, 'dwarves': 73, 'halflings': 145, 'half-orcs': 70, 'misc.': 0}",137,monster attack,['Patriarchy'],"{'poor': 0.5867, 'middle': 0.3532, 'wealthy': 0.0523, 'aristocrat': 0.0078}",13,"[['books', 'grain', 'salt', 'timber']]","[['coal', 'glass', 'magic items', 'mercenaries', 'ore']]",Ruler WAT-127,professional guard,arcanum,Orc,"Tempus, Torm",190388,767901516,107.8,56.5,37.7,5,0,synthetic generator v2,synthetic,0.71,5005598,-1,27.9,66.76681,36.74483
Baldurs Gate Settlement 0397,Baldurs Gate,Baldur's Gate,3019,20109542,1065968,"{'humans': 2170, 'elves': 129, 'dwarves': 233, 'halflings': 140, 'half-orcs': 88, 'misc.': 259}",135,disease,['Confederacy'],"{'poor': 0.5564, 'middle': 0.2265, 'wealthy': 0.0647, 'aristocrat': 0.1523}",0,[['gems']],"[['coal', 'mercenaries']]",Ruler BAL-398,small militia,guilds,Elvish,"Chauntea, Tempus",261869,1312711673,505.23,55.3,40.2,6,0,synthetic generator v2,synthetic,0.81,15660016,-1,21.0,48.00192,-116.76921
Neverwinter Settlement 0398,Neverwinter,Neverwinter,4536,10414637,332311,"{'humans': 3252, 'elves': 346, 'dwarves': 361, 'halflings': 195, 'half-orcs': 110, 'misc.': 272}",54,arcane mishap,['Magocracy'],"{'poor': 0.6069, 'middle': 0.2982, 'wealthy': 0.09, 'aristocrat': 0.0049}",0,[['horses']],"[['coal', 'jewelry', 'magic items', 'mercenaries', 'silk']]",Ruler NEV-741,small militia,None,"Common, Elvish, Halfling","Lathander, Tyr",172720,723835434,117.91,51.0,25.4,4,0,synthetic generator v2,synthetic,0.52,8380292,-4,14.0,45.80903,-6.79379
Neverwinter Settlement 0399,Neverwinter,Neverwinter,932,6681815,230995,"{'humans': 777, 'elves': 18, 'dwarves': 77, 'halflings': 93, 'half-orcs': 44, 'misc.': 0}",42,war,['Theocracy'],"{'poor': 0.4647, 'middle': 0.3357, 'wealthy': 0.0298, 'aristocrat': 0.1698}",0,"[['gems', 'horses', 'weapons', 'wine']]","[['magic items', 'parchment', 'silk']]",Ruler NEV-492,professional guard,arcanum,"Dwarvish, Halfling, Orc","Lathander, Torm",172720,723835434,411.21,53.2,24.6,5,0,synthetic generator v2,derived,0.75,5028306,1,17.5,43.82457,47.59
Baldur's Gate,Baldurs Gate,Baldur's Gate,1232,11385178,1028865,"{'humans': 864, 'elves': 122, 'dwarves': 110, 'halflings': 49, 'half-orcs': 49, 'misc.': 38}",132,arcane mishap,['Satrapy'],"{'poor': 0.4586, 'middle': 0.2429, 'wealthy': 0.0678, 'aristocrat': 0.2307}",8,"[['grain', 'horses', 'timber', 'weapons', 'wine']]","[['coal', 'jewelry']]",Ruler BAL-528,mercenary heavy,local academy,"Draconic, Dwarvish, Orc","Chauntea, Torm, Tyr",261869,1312711673,341.85,56.0,61.0,0,0,synthetic generator v2,synthetic,0.69,15716306,3,6.4,14.51098,-80.13558
Tethyr Settlement 0401,Tethyr,Darromar,481,1141295,57172,"{'humans': 388, 'elves': 21, 'dwarves': 15, 'halflings': 34, 'half-orcs': 5, 'misc.': 18}",113,disease,['Merchant Council'],"{'poor': 0.6451, 'middle': 0.285, 'wealthy': 0.0517, 'aristocrat': 0.0182}",19,"[['cloth', 'fish', 'horses', 'salt', 'wine']]","[['magic items', 'silk']]",Ruler TET-720,mercenary heavy,guilds,"Draconic, Halfling, Orc","Chauntea, Lathander, Selune",306344,1288038783,296.38,71.2,73.0,5,0,synthetic generator v2,synthetic,0.83,1536598,3,32.7,74.13639,125.6103
Amn Settlement 0402,Amn,Athkatla,1642,8739609,295889,"{'humans': 1247, 'elves': 52, 'dwarves': 128, 'halflings': 149, 'half-orcs': 39, 'misc.': 27}",128,crime,['Satrapy'],"{'poor': 0.5631, 'middle': 0.2802, 'wealthy': 0.0443, 'aristocrat': 0.1123}",0,"[['gems', 'grain', 'weapons']]","[['mercenaries', 'ore', 'parchment', 'spices']]",Ruler AMN-413,small militia,guilds,"Dwarvish, Elvish",Mystra,191831,772478497,355.75,68.7,68.4,10,0,synthetic generator v2,synthetic,0.85,9733830,-1,35.0,72.93345,-68.34864
Sembia Settlement 0403,Sembia,Selgaunt,888,1757443,169584,"{'humans': 754, 'elves': 36, 'dwarves': 39, 'halflings': 27, 'half-orcs': 13, 'misc.': 19}",87,arcane mishap,['Satrapy'],"{'poor': 0.631, 'middle': 0.3159, 'wealthy': 0.0484, 'aristocrat': 0.0047}",5,[['weapons']],[['coal']],Ruler SEM-528,naval patrol,guilds,"Draconic, Orc","Tempus, Tyr",210662,818271539,224.19,52.2,63.0,4,0,synthetic generator v2,derived,0.61,2214021,0,18.0,69.17121,11.92439
Cormyr Settlement 0404,Cormyr,Suzail,597,3437996,2986,"{'humans': 452, 'elves': 56, 'dwarves': 22, 'halflings': 42, 'half-orcs': 19, 'misc.': 6}",32,old age,['Merchant Council'],"{'poor': 0.6246, 'middle': 0.2001, 'wealthy': 0.0437, 'aristocrat': 0.1315}",3,[['grain']],"[['coal', 'jewelry', 'magic items', 'mercenaries']]",Ruler COR-790,naval patrol,local academy,"Draconic, Dwarvish, Elvish",Mystra,162084,631592082,381.55,60.7,55.9,8,0,synthetic generator v2,derived,0.69,3004797,-3,30.4,24.00471,79.0
Calimshan Settlement 0405,Calimshan,Memnon,285,1262176,76040,"{'humans': 214, 'elves': 6, 'dwarves': 20, 'halflings': 6, 'half-orcs': 17, 'misc.': 22}",59,disease,['Patriarchy'],"{'poor': 0.5374, 'middle': 0.3057, 'wealthy': 0.0846, 'aristocrat': 0.0722}",0,"[['armor', 'cloth', 'grain', 'salt', 'weapons']]",[['coal']],Ruler CAL-724,professional guard,local academy,Halfling,Chauntea,169269,841078201,465.81,81.1,21.7,1,0,synthetic generator v2,derived,0.48,1111555,4,3.5,-14.37184,83.74821
Tethyr Settlement 0406,Tethyr,Darromar,664,2407628,144471,"{'humans': 480, 'elves': 60, 'dwarves': 24, 'halflings': 33, 'half-orcs': 7, 'misc.': 60}",140,old age,['Dictatorship'],"{'poor': 0.602, 'middle': 0.2712, 'wealthy': 0.0745, 'aristocrat': 0.0522}",0,"[['armor', 'books', 'fish', 'gems', 'grain']]","[['glass', 'magic items', 'ore', 'spices']]",Ruler TET-43,mercenary heavy,arcanum,"Dwarvish, Elvish, Orc","Chauntea, Tempus",306344,1288038783,488.52,68.6,73.5,6,0,synthetic generator v2,derived,0.7,3143413,1,21.0,38.47451,23.56244
Calimshan Settlement 0407,Calimshan,Memnon,731,4094089,11160,"{'humans': 483, 'elves': 28, 'dwarves': 54, 'halflings': 15, 'half-orcs': 39, 'misc.': 112}",122,famine,['Magocracy'],"{'poor': 0.5933, 'middle': 0.2069, 'wealthy': 0.0843, 'aristocrat': 0.1155}",0,[['armor']],"[['glass', 'jewelry', 'mercenaries', 'spices']]",Ruler CAL-830,mercenary heavy,guilds,"Draconic, Halfling","Mystra, Torm",169269,841078201,111.07,85.8,43.4,6,0,synthetic generator v2,derived,0.91,3735805,-3,21.0,26.45334,-38.74912
Tethyr Settlement 0408,Tethyr,Darromar,1214,7721634,377500,"{'humans': 1010, 'elves': 88, 'dwarves': 105, 'halflings': 82, 'half-orcs': 68, 'misc.': 0}",82,old age,['Theocracy'],"{'poor': 0.5599, 'middle': 0.2139, 'wealthy': 0.0888, 'aristocrat': 0.1375}",15,"[['books', 'cloth', 'horses']]","[['coal', 'glass', 'jewelry', 'mercenaries', 'parchment']]",Ruler TET-90,small militia,arcanum,"Dwarvish, Halfling, Orc",Tempus,306344,1288038783,445.77,65.9,65.2,5,0,synthetic generator v2,synthetic,0.93,8306987,-2,29.5,73.98675,76.89207
Cormyr Settlement 0409,Cormyr,Suzail,1553,12800040,408185,"{'humans': 1315, 'elves': 183, 'dwarves': 65, 'halflings': 48, 'half-orcs': 60, 'misc.': 0}",177,disease,['Confederacy'],"{'poor': 0.4988, 'middle': 0.2287, 'wealthy': 0.0734, 'aristocrat': 0.1991}",0,"[['armor', 'books', 'salt', 'timber']]","[['glass', 'jewelry', 'magic items', 'mercenaries', 'silk']]",Ruler COR-797,small militia,None,"Common, Draconic, Elvish","Selune, Tempus",162084,631592082,395.36,60.2,60.9,3,0,synthetic generator v2,synthetic,0.86,12457798,-1,10.5,6.46873,-109.61535
Calimshan Settlement 0410,Calimshan,Memnon,292,651022,52682,"{'humans': 227, 'elves': 21, 'dwarves': 13, 'halflings': 7, 'half-orcs': 6, 'misc.': 18}",144,crime,['Patriarchy'],"{'poor': 0.606, 'middle': 0.3216, 'wealthy': 0.0645, 'aristocrat': 0.0079}",9,"[['armor', 'cloth', 'fish', 'gems', 'salt']]","[['coal', 'glass', 'silk']]",Ruler CAL-581,small militia,None,Common,"Chauntea, Tempus",169269,841078201,42.19,85.8,29.9,6,0,synthetic generator v2,synthetic,0.46,849305,2,28.2,0.46569,63.74321
Cormyr Settlement 0411,Cormyr,Suzail,3714,21117963,444767,"{'humans': 2734, 'elves': 396, 'dwarves': 364, 'halflings': 171, 'half-orcs': 133, 'misc.': 0}",154,famine,['Satrapy'],"{'poor': 0.5947, 'middle': 0.2356, 'wealthy': 0.0426, 'aristocrat': 0.1271}",8,"[['fish', 'horses']]","[['glass', 'jewelry', 'magic items', 'mercenaries', 'ore']]",Ruler COR-218,small militia,local academy,"Draconic, Orc","Chauntea, Selune, Torm",162084,631592082,411.63,55.1,67.3,5,0,synthetic generator v2,synthetic,0.49,16359503,-3,23.9,71.00883,-81.30386
Sembia Settlement 0412,Sembia,Selgaunt,1739,14459453,756970,"{'humans': 1279, 'elves': 188, 'dwarves': 78, 'halflings': 92, 'half-orcs': 50, 'misc.': 52}",40,old age,['Theocracy'],"{'poor': 0.5466, 'middle': 0.2102, 'wealthy': 0.0291, 'aristocrat': 0.2142}",7,"[['cloth', 'horses', 'salt', 'weapons']]","[['glass', 'magic items', 'ore', 'silk']]",Ruler SEM-528,naval patrol,None,Orc,Selune,210662,818271539,15.08,57.7,47.5,3,0,synthetic generator v2,synthetic,0.35,11152260,0,16.1,-3.19437,-90.91767
Cormyr Settlement 0413,Cormyr,Suzail,2503,12736701,586778,"{'humans': 1717, 'elves': 100, 'dwarves': 239, 'halflings': 68, 'half-orcs': 126, 'misc.': 253}",125,arcane mishap,['Magocracy'],"{'poor': 0.5871, 'middle': 0.2592, 'wealthy': 0.0483, 'aristocrat': 0.1054}",0,[['grain']],"[['magic items', 'ore', 'parchment', 'silk']]",Ruler COR-797,mercenary heavy,None,"Common, Orc","Chauntea, Selune",162084,631592082,321.75,64.6,51.0,8,0,synthetic generator v2,derived,0.61,16478258,-3,28.0,61.25954,53.27689
Baldurs Gate Settlement 0414,Baldurs Gate,Baldur's Gate,428,815405,40607,"{'humans': 326, 'elves': 50, 'dwarves': 13, 'halflings': 28, 'half-orcs': 12, 'misc.': 0}",62,monster attack,['Monarchy'],"{'poor': 0.6167, 'middle': 0.3464, 'wealthy': 0.0324, 'aristocrat': 0.0045}",2,"[['books', 'cloth']]","[['mercenaries', 'parchment', 'spices']]",Ruler BAL-917,small militia,guilds,Draconic,"Mystra, Tyr",261869,1312711673,497.33,55.9,49.1,4,0,synthetic generator v2,derived,0.63,669211,-1,15.6,48.13186,-30.60466
Waterdeep Settlement 0415,Waterdeep,Waterdeep,2731,8996654,10896,"{'humans': 2207, 'elves': 102, 'dwarves': 181, 'halflings': 63, 'half-orcs': 127, 'misc.': 51}",131,crime,['Magocracy'],"{'poor': 0.5918, 'middle': 0.2801, 'wealthy': 0.0912, 'aristocrat': 0.0369}",0,"[['gems', 'grain', 'timber', 'weapons', 'wine']]","[['coal', 'ore', 'parchment', 'silk', 'spices']]",Ruler WAT-777,small militia,arcanum,"Common, Orc","Tempus, Tyr",190388,767901516,51.04,51.2,39.8,4,0,synthetic generator v2,derived,0.41,9922322,0,14.0,47.35637,121.90092
Tethyr Settlement 0416,Tethyr,Darromar,14506,34968250,2941069,"{'humans': 9839, 'elves': 677, 'dwarves': 1147, 'halflings': 385, 'half-orcs': 780, 'misc.': 1678}",169,old age,['Confederacy'],"{'poor': 0.5627, 'middle': 0.339, 'wealthy': 0.0934, 'aristocrat': 0.0048}",11,"[['armor', 'fish', 'gems', 'salt', 'wine']]","[['mercenaries', 'ore', 'spices']]",Ruler TET-459,mercenary heavy,arcanum,"Dwarvish, Halfling",Tempus,306344,1288038783,85.88,62.6,45.8,9,0,synthetic generator v2,synthetic,0.87,42285156,2,40.3,41.10454,-108.46251
Sembia Settlement 0417,Sembia,Selgaunt,1405,5205532,229829,"{'humans': 976, 'elves': 38, 'dwarves': 134, 'halflings': 48, 'half-orcs': 26, 'misc.': 183}",115,crime,['Satrapy'],"{'poor': 0.5317, 'middle': 0.3356, 'wealthy': 0.0851, 'aristocrat': 0.0475}",0,[['gems']],[['silk']],Ruler SEM-86,naval patrol,local academy,"Common, Elvish, Orc",Chauntea,210662,818271539,349.84,60.4,42.4,6,0,synthetic generator v2,synthetic,0.55,5116483,0,21.0,25.93649,-69.52359
Neverwinter Settlement 0418,Neverwinter,Neverwinter,562,2351876,171773,"{'humans': 425, 'elves': 63, 'dwarves': 38, 'halflings': 49, 'half-orcs': 12, 'misc.': 0}",163,crime,['Magocracy'],"{'poor': 0.5788, 'middle': 0.3029, 'wealthy': 0.0425, 'aristocrat': 0.0758}",3,"[['fish', 'horses', 'salt', 'weapons', 'wine']]",[['spices']],Ruler NEV-990,small militia,arcanum,Halfling,"Chauntea, Tempus",172720,723835434,489.18,44.4,37.7,10,0,synthetic generator v2,synthetic,0.49,2602692,4,37.4,-18.80244,26.83114
Neverwinter Settlement 0419,Neverwinter,Neverwinter,2048,8669437,170916,"{'humans': 1473, 'elves': 185, 'dwarves': 87, 'halflings': 141, 'half-orcs': 119, 'misc.': 43}",128,war,['Merchant Council'],"{'poor': 0.6086, 'middle': 0.2818, 'wealthy': 0.0266, 'aristocrat': 0.0829}",16,"[['fish', 'gems', 'grain', 'salt', 'timber']]","[['jewelry', 'parchment']]",Ruler NEV-628,naval patrol,None,Orc,Chauntea,172720,723835434,334.2,43.1,34.9,10,0,synthetic generator v2,derived,0.5,9327194,3,47.8,-2.45979,89.84903
Sembia Settlement 0420,Sembia,Selgaunt,1359,5161591,126138,"{'humans': 926, 'elves': 126, 'dwarves': 67, 'halflings': 112, 'half-orcs': 40, 'misc.': 88}",61,war,['Patriarchy'],"{'poor': 0.6338, 'middle': 0.2132, 'wealthy': 0.0975, 'aristocrat': 0.0555}",12,"[['grain', 'wine']]","[['mercenaries', 'ore']]",Ruler SEM-937,professional guard,arcanum,Halfling,"Selune, Torm",210662,818271539,479.32,59.6,57.8,5,0,synthetic generator v2,derived,0.57,5348701,0,27.1,-36.5843,85.55822
Amn Settlement 0421,Amn,Athkatla,3697,11777336,782833,"{'humans': 3076, 'elves': 124, 'dwarves': 279, 'halflings': 281, 'half-orcs': 187, 'misc.': 0}",114,monster attack,['Merchant Council'],"{'poor': 0.5479, 'middle': 0.331, 'wealthy': 0.091, 'aristocrat': 0.0301}",7,"[['armor', 'horses', 'salt']]","[['magic items', 'mercenaries', 'parchment', 'silk', 'spices']]",Ruler AMN-254,small militia,guilds,"Common, Draconic, Elvish","Chauntea, Lathander, Selune",191831,772478497,97.64,65.9,76.3,5,0,synthetic generator v2,synthetic,0.74,16333083,-2,23.1,73.40148,-82.42488
Cormyr Settlement 0422,Cormyr,Suzail,1061,5173356,48416,"{'humans': 716, 'elves': 45, 'dwarves': 105, 'halflings': 40, 'half-orcs': 38, 'misc.': 117}",25,monster attack,['Democracy'],"{'poor': 0.5136, 'middle': 0.3585, 'wealthy': 0.0315, 'aristocrat': 0.0964}",0,[['gems']],"[['magic items', 'ore', 'parchment', 'spices']]",Ruler COR-487,naval patrol,local academy,"Elvish, Halfling, Orc","Mystra, Selune",162084,631592082,323.0,57.1,66.0,4,0,synthetic generator v2,synthetic,0.56,4868693,-3,14.0,-22.306,-31.33591
Calimshan Settlement 0423,Calimshan,Memnon,222,1395871,41538,"{'humans': 184, 'elves': 20, 'dwarves': 14, 'halflings': 10, 'half-orcs': 13, 'misc.': 0}",171,crime,['Patriarchy'],"{'poor': 0.5525, 'middle': 0.2517, 'wealthy': 0.0542, 'aristocrat': 0.1417}",17,"[['books', 'gems', 'weapons', 'wine']]",[['silk']],Ruler CAL-660,mercenary heavy,arcanum,Orc,"Chauntea, Lathander, Selune",169269,841078201,156.82,80.2,44.0,7,0,synthetic generator v2,synthetic,0.59,1254467,3,38.1,18.5312,-30.22205
Waterdeep Settlement 0424,Waterdeep,Waterdeep,801,6033478,375152,"{'humans': 705, 'elves': 72, 'dwarves': 69, 'halflings': 30, 'half-orcs': 12, 'misc.': 0}",117,famine,['Magocracy'],"{'poor': 0.5175, 'middle': 0.2176, 'wealthy': 0.092, 'aristocrat': 0.1729}",11,"[['books', 'horses']]","[['coal', 'silk']]",Ruler WAT-786,mercenary heavy,None,"Draconic, Dwarvish, Orc","Lathander, Mystra",190388,767901516,37.5,51.3,49.2,3,0,synthetic generator v2,synthetic,0.92,7349074,0,19.3,34.00146,-114.41487
Tethyr Settlement 0425,Tethyr,Darromar,90,327110,316,"{'humans': 65, 'elves': 8, 'dwarves': 6, 'halflings': 1, 'half-orcs': 1, 'misc.': 9}",111,famine,['Satrapy'],"{'poor': 0.496, 'middle': 0.3694, 'wealthy': 0.0939, 'aristocrat': 0.0407}",0,"[['fish', 'grain', 'salt', 'wine']]","[['glass', 'magic items', 'silk', 'spices']]",Ruler TET-930,naval patrol,None,"Draconic, Dwarvish",Lathander,306344,1288038783,516.91,74.6,45.6,10,0,synthetic generator v2,derived,0.43,309328,0,35.0,46.53697,45.00049
Cormyr Settlement 0426,Cormyr,Suzail,894,6417799,17952,"{'humans': 696, 'elves': 56, 'dwarves': 74, 'halflings': 55, 'half-orcs': 51, 'misc.': 0}",114,crime,['Monarchy'],"{'poor': 0.5064, 'middle': 0.265, 'wealthy': 0.062, 'aristocrat': 0.1665}",16,"[['horses', 'wine']]","[['glass', 'magic items', 'mercenaries']]",Ruler COR-258,naval patrol,arcanum,Common,"Chauntea, Selune, Tyr",162084,631592082,438.57,63.6,44.6,5,0,synthetic generator v2,derived,0.72,7295794,-1,30.3,-34.8579,82.30043
Neverwinter Settlement 0427,Neverwinter,Neverwinter,215,812090,27650,"{'humans': 185, 'elves': 14, 'dwarves': 19, 'halflings': 8, 'half-orcs': 3, 'misc.': 0}",54,crime,['Satrapy'],"{'poor': 0.5942, 'middle': 0.309, 'wealthy': 0.031, 'aristocrat': 0.0657}",11,"[['armor', 'grain']]","[['coal', 'jewelry', 'magic items', 'ore', 'spices']]",Ruler NEV-664,professional guard,guilds,"Common, Elvish","Chauntea, Mystra",172720,723835434,548.35,47.8,43.2,4,0,synthetic generator v2,derived,0.54,644653,-3,22.8,73.26119,107.51419
Amn Settlement 0428,Amn,Athkatla,1535,11072098,475220,"{'humans': 1359, 'elves': 183, 'dwarves': 120, 'halflings': 72, 'half-orcs': 63, 'misc.': 0}",153,monster attack,['Confederacy'],"{'poor': 0.559, 'middle': 0.2318, 'wealthy': 0.0315, 'aristocrat': 0.1778}",0,[['armor']],"[['jewelry', 'ore', 'parchment', 'spices']]",Ruler AMN-11,small militia,guilds,"Common, Elvish, Halfling","Tempus, Torm",191831,772478497,497.01,66.6,84.0,5,0,synthetic generator v2,synthetic,0.72,10928725,-3,17.5,-10.59744,34.91159
Cormyr Settlement 0429,Cormyr,Suzail,1989,13758432,232646,"{'humans': 1739, 'elves': 83, 'dwarves': 180, 'halflings': 153, 'half-orcs': 93, 'misc.': 0}",103,famine,['Patriarchy'],"{'poor': 0.5755, 'middle': 0.2138, 'wealthy': 0.0442, 'aristocrat': 0.1665}",0,"[['salt', 'wine']]","[['parchment', 'silk']]",Ruler COR-110,mercenary heavy,arcanum,Dwarvish,Tempus,162084,631592082,109.56,60.9,49.5,10,0,synthetic generator v2,derived,0.68,12881131,0,35.0,-34.18051,-112.92993
Neverwinter Settlement 0430,Neverwinter,Neverwinter,3464,7139461,469257,"{'humans': 2833, 'elves': 181, 'dwarves': 168, 'halflings': 281, 'half-orcs': 88, 'misc.': 0}",89,famine,['Satrapy'],"{'poor': 0.577, 'middle': 0.3769, 'wealthy': 0.0411, 'aristocrat': 0.005}",0,[['gems']],"[['jewelry', 'magic items', 'parchment', 'silk']]",Ruler NEV-669,professional guard,guilds,"Elvish, Halfling","Lathander, Tempus, Tyr",172720,723835434,362.97,48.8,59.9,7,0,synthetic generator v2,derived,0.46,6889238,-3,24.5,-5.13276,-97.86214
Waterdeep Settlement 0431,Waterdeep,Waterdeep,1318,3026267,25491,"{'humans': 896, 'elves': 121, 'dwarves': 78, 'halflings': 61, 'half-orcs': 41, 'misc.': 121}",34,war,['Dictatorship'],"{'poor': 0.581, 'middle': 0.3304, 'wealthy': 0.0843, 'aristocrat': 0.0042}",0,"[['books', 'grain', 'horses', 'wine']]","[['glass', 'jewelry', 'magic items', 'silk', 'spices']]",Ruler WAT-775,naval patrol,local academy,Dwarvish,"Mystra, Torm",190388,767901516,254.02,46.5,32.2,3,0,synthetic generator v2,synthetic,0.9,2327829,-1,10.5,46.94589,-2.81241
Sembia Settlement 0432,Sembia,Selgaunt,2190,14123954,807447,"{'humans': 1581, 'elves': 183, 'dwarves': 67, 'halflings': 159, 'half-orcs': 66, 'misc.': 134}",39,disease,['Monarchy'],"{'poor': 0.5484, 'middle': 0.2215, 'wealthy': 0.0909, 'aristocrat': 0.1392}",12,"[['fish', 'weapons']]","[['glass', 'jewelry', 'magic items', 'spices']]",Ruler SEM-736,naval patrol,local academy,"Draconic, Halfling","Mystra, Tempus, Tyr",210662,818271539,219.72,56.2,56.8,4,0,synthetic generator v2,synthetic,0.89,13077602,-2,23.6,46.51163,-34.43177
Amn Settlement 0433,Amn,Athkatla,154,1119146,39218,"{'humans': 120, 'elves': 6, 'dwarves': 14, 'halflings': 10, 'half-orcs': 4, 'misc.': 0}",173,old age,['Theocracy'],"{'poor': 0.4847, 'middle': 0.2609, 'wealthy': 0.0931, 'aristocrat': 0.1614}",8,"[['gems', 'grain', 'horses', 'timber']]","[['coal', 'ore']]",Ruler AMN-939,professional guard,None,Halfling,Tyr,191831,772478497,512.36,73.2,65.5,9,0,synthetic generator v2,synthetic,0.56,1147657,2,37.9,18.58669,20.50462
Sembia Settlement 0434,Sembia,Selgaunt,508,4402723,64377,"{'humans': 362, 'elves': 16, 'dwarves': 19, 'halflings': 16, 'half-orcs': 7, 'misc.': 88}",163,famine,['Democracy'],"{'poor': 0.4506, 'middle': 0.2748, 'wealthy': 0.0626, 'aristocrat': 0.212}",4,"[['gems', 'horses', 'timber']]",[['silk']],Ruler SEM-791,professional guard,local academy,"Common, Dwarvish, Orc","Mystra, Tempus, Torm",210662,818271539,54.67,57.3,49.6,0,0,synthetic generator v2,synthetic,0.84,5922591,2,3.2,-26.45861,-3.13468
Cormyr Settlement 0435,Cormyr,Suzail,525,3021044,34887,"{'humans': 347, 'elves': 21, 'dwarves': 50, 'halflings': 44, 'half-orcs': 18, 'misc.': 45}",159,arcane mishap,['Confederacy'],"{'poor': 0.5939, 'middle': 0.2282, 'wealthy': 0.05, 'aristocrat': 0.1278}",1,[['salt']],"[['magic items', 'ore']]",Ruler COR-441,small militia,None,"Draconic, Elvish, Halfling","Lathander, Mystra, Tyr",162084,631592082,545.01,64.7,64.8,5,0,synthetic generator v2,synthetic,0.9,2347005,-1,18.3,62.72316,6.552
Tethyr Settlement 0436,Tethyr,Darromar,425,2530616,21489,"{'humans': 337, 'elves': 41, 'dwarves': 36, 'halflings': 40, 'half-orcs': 20, 'misc.': 0}",94,monster attack,['Dictatorship'],"{'poor': 0.4617, 'middle': 0.3765, 'wealthy': 0.0336, 'aristocrat': 0.1282}",6,"[['cloth', 'gems', 'grain', 'weapons']]","[['coal', 'jewelry', 'parchment', 'spices']]",Ruler TET-774,naval patrol,None,Elvish,"Chauntea, Torm",306344,1288038783,331.69,60.4,80.4,7,0,synthetic generator v2,derived,0.49,2671994,0,29.3,-37.04329,100.47459
Amn Settlement 0437,Amn,Athkatla,5064,23698932,733216,"{'humans': 4511, 'elves': 161, 'dwarves': 344, 'halflings': 280, 'half-orcs': 212, 'misc.': 0}",66,war,['Dictatorship'],"{'poor': 0.4987, 'middle': 0.3399, 'wealthy': 0.0834, 'aristocrat': 0.078}",0,[['cloth']],"[['glass', 'mercenaries', 'ore', 'silk', 'spices']]",Ruler AMN-292,small militia,arcanum,"Common, Orc",Lathander,191831,772478497,392.4,68.8,66.3,4,0,synthetic generator v2,synthetic,0.42,20453749,-4,14.0,42.78318,-105.07869
Neverwinter Settlement 0438,Neverwinter,Neverwinter,137,1140269,2296,"{'humans': 93, 'elves': 3, 'dwarves': 5, 'halflings': 4, 'half-orcs': 2, 'misc.': 30}",159,arcane mishap,['Dictatorship'],"{'poor': 0.456, 'middle': 0.2812, 'wealthy': 0.0617, 'aristocrat': 0.2011}",20,"[['books', 'fish', 'horses', 'weapons']]",[['coal']],Ruler NEV-552,small militia,None,Orc,Chauntea,172720,723835434,29.95,48.8,50.1,1,0,synthetic generator v2,synthetic,0.57,1473938,3,19.5,60.55305,-60.93228
Tethyr Settlement 0439,Tethyr,Darromar,7130,49051758,3917003,"{'humans': 4933, 'elves': 443, 'dwarves': 564, 'halflings': 304, 'half-orcs': 216, 'misc.': 670}",38,crime,['Dictatorship'],"{'poor': 0.4743, 'middle': 0.2979, 'wealthy': 0.0767, 'aristocrat': 0.1511}",14,"[['cloth', 'fish', 'gems', 'timber']]",[['spices']],Ruler TET-713,mercenary heavy,arcanum,Common,"Chauntea, Lathander",306344,1288038783,422.83,72.7,45.1,2,0,synthetic generator v2,derived,0.46,52401718,3,18.2,61.93532,-82.43896
Waterdeep Settlement 0440,Waterdeep,Waterdeep,254,585649,31187,"{'humans': 206, 'elves': 13, 'dwarves': 18, 'halflings': 22, 'half-orcs': 3, 'misc.': 0}",153,old age,['Democracy'],"{'poor': 0.5986, 'middle': 0.3071, 'wealthy': 0.0896, 'aristocrat': 0.0047}",0,"[['gems', 'timber']]","[['magic items', 'mercenaries', 'parchment', 'silk', 'spices']]",Ruler WAT-613,naval patrol,arcanum,"Common, Dwarvish, Halfling","Chauntea, Mystra, Tempus",190388,767901516,171.79,44.0,38.0,4,0,synthetic generator v2,synthetic,0.69,540664,-3,14.0,-3.9502,-88.69182
Tethyr Settlement 0441,Tethyr,Darromar,80,456492,12725,"{'humans': 70, 'elves': 4, 'dwarves': 4, 'halflings': 2, 'half-orcs': 3, 'misc.': 0}",59,famine,['Confederacy'],"{'poor': 0.471, 'middle': 0.3481, 'wealthy': 0.0673, 'aristocrat': 0.1136}",0,"[['armor', 'cloth', 'wine']]",[['parchment']],Ruler TET-519,mercenary heavy,None,Common,Mystra,306344,1288038783,138.21,60.2,79.4,0,0,synthetic generator v2,derived,0.9,355160,2,0.0,59.56032,87.29739
Cormyr Settlement 0442,Cormyr,Suzail,2396,5865189,77346,"{'humans': 1794, 'elves': 130, 'dwarves': 121, 'halflings': 143, 'half-orcs': 118, 'misc.': 90}",127,old age,['Magocracy'],"{'poor': 0.6668, 'middle': 0.2755, 'wealthy': 0.031, 'aristocrat': 0.0266}",0,"[['armor', 'grain', 'timber']]","[['glass', 'jewelry', 'mercenaries', 'silk']]",Ruler COR-921,mercenary heavy,arcanum,"Draconic, Dwarvish, Orc",Selune,162084,631592082,144.29,65.6,73.8,9,0,synthetic generator v2,synthetic,0.63,7945003,-1,31.5,15.10944,5.29344
Amn Settlement 0443,Amn,Athkatla,619,1483805,3034,"{'humans': 540, 'elves': 20, 'dwarves': 59, 'halflings': 58, 'half-orcs': 20, 'misc.': 0}",95,disease,['Patriarchy'],"{'poor': 0.5407, 'middle': 0.372, 'wealthy': 0.0824, 'aristocrat': 0.005}",10,"[['gems', 'grain', 'salt', 'timber', 'weapons']]",[['parchment']],Ruler AMN-843,naval patrol,local academy,Draconic,Chauntea,191831,772478497,195.97,66.1,64.5,1,0,synthetic generator v2,derived,0.87,1382405,4,11.5,39.73516,-110.61664
Amn Settlement 0444,Amn,Athkatla,1228,4309411,223212,"{'humans': 967, 'elves': 94, 'dwarves': 93, 'halflings': 120, 'half-orcs': 28, 'misc.': 0}",41,disease,['Magocracy'],"{'poor': 0.6895, 'middle': 0.21, 'wealthy': 0.0383, 'aristocrat': 0.0622}",0,"[['armor', 'gems', 'weapons']]","[['glass', 'magic items', 'ore', 'spices']]",Ruler AMN-397,naval patrol,arcanum,Dwarvish,"Tempus, Tyr",191831,772478497,548.4,62.8,90.0,6,0,synthetic generator v2,derived,0.41,4106085,-1,21.0,0.45239,-80.91876
Cormyr Settlement 0445,Cormyr,Suzail,1462,5838819,227321,"{'humans': 997, 'elves': 168, 'dwarves': 71, 'halflings': 49, 'half-orcs': 41, 'misc.': 136}",79,famine,['Magocracy'],"{'poor': 0.6454, 'middle': 0.2273, 'wealthy': 0.0559, 'aristocrat': 0.0715}",3,"[['armor', 'cloth', 'grain', 'horses', 'wine']]","[['jewelry', 'mercenaries', 'silk']]",Ruler COR-78,naval patrol,guilds,"Common, Elvish, Halfling","Mystra, Torm",162084,631592082,96.11,61.4,45.1,6,0,synthetic generator v2,synthetic,0.35,5379628,2,23.4,50.6169,123.51373
Sembia Settlement 0446,Sembia,Selgaunt,1825,5512117,571609,"{'humans': 1276, 'elves': 77, 'dwarves': 80, 'halflings': 158, 'half-orcs': 68, 'misc.': 166}",147,monster attack,['Democracy'],"{'poor': 0.66, 'middle': 0.2608, 'wealthy': 0.0349, 'aristocrat': 0.0444}",16,[['fish']],"[['coal', 'mercenaries', 'ore']]",Ruler SEM-320,naval patrol,guilds,"Common, Dwarvish, Halfling",Chauntea,210662,818271539,98.38,49.0,40.9,5,0,synthetic generator v2,derived,0.41,7705712,-2,30.3,68.91541,-42.93936
Calimshan Settlement 0447,Calimshan,Memnon,2551,11882051,700892,"{'humans': 1773, 'elves': 119, 'dwarves': 252, 'halflings': 171, 'half-orcs': 38, 'misc.': 198}",125,famine,['Monarchy'],"{'poor': 0.5112, 'middle': 0.3579, 'wealthy': 0.0447, 'aristocrat': 0.0862}",0,"[['books', 'fish']]","[['glass', 'ore', 'spices']]",Ruler CAL-58,small militia,arcanum,Halfling,Tyr,169269,841078201,514.81,80.6,42.7,7,0,synthetic generator v2,derived,0.63,10457541,-1,24.5,9.29421,-52.78111
Cormyr Settlement 0448,Cormyr,Suzail,1347,10887060,631283,"{'humans': 1186, 'elves': 159, 'dwarves': 87, 'halflings': 27, 'half-orcs': 59, 'misc.': 0}",133,arcane mishap,['Magocracy'],"{'poor': 0.4525, 'middle': 0.2884, 'wealthy': 0.0675, 'aristocrat': 0.1916}",18,[['cloth']],[['jewelry']],Ruler COR-868,mercenary heavy,local academy,Common,"Lathander, Selune, Tyr",162084,631592082,403.67,56.5,61.7,1,0,synthetic generator v2,derived,0.45,10509196,0,17.9,44.16426,-107.72964
Baldurs Gate Settlement 0449,Baldurs Gate,Baldur's Gate,80,145027,1650,"{'humans': 62, 'elves': 3, 'dwarves': 3, 'halflings': 4, 'half-orcs': 2, 'misc.': 6}",111,war,['Patriarchy'],"{'poor': 0.6561, 'middle': 0.3095, 'wealthy': 0.0295, 'aristocrat': 0.0049}",10,"[['cloth', 'timber', 'weapons']]","[['coal', 'parchment', 'spices']]",Ruler BAL-10,mercenary heavy,arcanum,Common,"Mystra, Torm",261869,1312711673,458.5,59.1,53.8,7,0,synthetic generator v2,derived,0.58,138904,0,32.5,15.8886,19.62744
Calimshan Settlement 0450,Calimshan,Memnon,3541,15820805,793027,"{'humans': 2433, 'elves': 240, 'dwarves': 241, 'halflings': 231, 'half-orcs': 169, 'misc.': 227}",96,monster attack,['Merchant Council'],"{'poor': 0.5804, 'middle': 0.2815, 'wealthy': 0.0554, 'aristocrat': 0.0827}",4,[['armor']],[['jewelry']],Ruler CAL-47,mercenary heavy,arcanum,"Dwarvish, Elvish, Halfling",Chauntea,169269,841078201,154.31,82.8,36.7,10,0,synthetic generator v2,synthetic,0.48,19458597,0,38.2,-38.60941,31.57391
Baldurs Gate Settlement 0451,Baldurs Gate,Baldur's Gate,1866,11633698,24134,"{'humans': 1331, 'elves': 62, 'dwarves': 91, 'halflings': 102, 'half-orcs': 56, 'misc.': 224}",75,monster attack,['Dictatorship'],"{'poor': 0.5123, 'middle': 0.3168, 'wealthy': 0.0286, 'aristocrat': 0.1423}",16,"[['cloth', 'fish', 'horses', 'timber', 'weapons']]","[['coal', 'glass', 'ore', 'parchment', 'spices']]",Ruler BAL-535,naval patrol,arcanum,"Draconic, Elvish",Selune,261869,1312711673,39.46,52.6,50.6,0,0,synthetic generator v2,derived,0.68,9754824,0,12.8,39.43537,107.09156
Neverwinter Settlement 0452,Neverwinter,Neverwinter,1683,2948984,75561,"{'humans': 1223, 'elves': 127, 'dwarves': 158, 'halflings': 131, 'half-orcs': 64, 'misc.': 0}",93,crime,['Monarchy'],"{'poor': 0.6612, 'middle': 0.3129, 'wealthy': 0.021, 'aristocrat': 0.005}",3,"[['cloth', 'fish', 'horses', 'salt', 'timber']]","[['glass', 'ore', 'silk', 'spices']]",Ruler NEV-145,professional guard,None,Orc,"Mystra, Torm",172720,723835434,250.25,44.6,49.8,8,0,synthetic generator v2,synthetic,0.89,3063006,1,30.4,-33.53468,80.246
Amn Settlement 0453,Amn,Athkatla,1096,2631423,54379,"{'humans': 943, 'elves': 29, 'dwarves': 68, 'halflings': 61, 'half-orcs': 25, 'misc.': 0}",124,disease,['Dictatorship'],"{'poor': 0.5721, 'middle': 0.3289, 'wealthy': 0.0941, 'aristocrat': 0.005}",0,"[['grain', 'salt']]","[['glass', 'parchment']]",Ruler AMN-577,small militia,guilds,"Draconic, Dwarvish, Orc","Lathander, Selune, Torm",191831,772478497,171.9,61.5,84.2,6,0,synthetic generator v2,derived,0.48,3130525,0,21.0,-21.42188,72.97493
Calimshan Settlement 0454,Calimshan,Memnon,3560,13547154,752091,"{'humans': 2388, 'elves': 382, 'dwarves': 123, 'halflings': 247, 'half-orcs': 109, 'misc.': 311}",53,old age,['Patriarchy'],"{'poor': 0.5778, 'middle': 0.2962, 'wealthy': 0.0683, 'aristocrat': 0.0577}",0,"[['armor', 'fish', 'gems', 'grain', 'wine']]","[['magic items', 'parchment']]",Ruler CAL-530,small militia,local academy,"Halfling, Orc","Selune, Tempus, Tyr",169269,841078201,429.96,85.7,35.8,5,0,synthetic generator v2,synthetic,0.47,16067601,3,17.5,15.77372,53.53538
Neverwinter Settlement 0455,Neverwinter,Neverwinter,1273,2466428,81613,"{'humans': 981, 'elves': 49, 'dwarves': 86, 'halflings': 114, 'half-orcs': 27, 'misc.': 16}",103,disease,['Satrapy'],"{'poor': 0.6102, 'middle': 0.3561, 'wealthy': 0.0276, 'aristocrat': 0.0061}",9,"[['cloth', 'weapons']]","[['coal', 'mercenaries', 'ore', 'silk', 'spices']]",Ruler NEV-420,mercenary heavy,None,"Common, Elvish","Mystra, Torm",172720,723835434,448.4,41.6,41.1,5,0,synthetic generator v2,derived,0.78,2385140,-3,24.7,-33.01284,-56.90595
Baldurs Gate Settlement 0456,Baldurs Gate,Baldur's Gate,11605,83439822,5763784,"{'humans': 10417, 'elves': 1239, 'dwarves': 974, 'halflings': 389, 'half-orcs': 411, 'misc.': 0}",78,crime,['Merchant Council'],"{'poor': 0.4539, 'middle': 0.3076, 'wealthy': 0.079, 'aristocrat': 0.1595}",10,"[['salt', 'weapons', 'wine']]","[['coal', 'glass', 'magic items', 'parchment']]",Ruler BAL-818,naval patrol,arcanum,"Common, Draconic, Dwarvish","Chauntea, Tyr",261869,1312711673,412.99,54.3,49.3,3,0,synthetic generator v2,derived,0.85,95843224,-1,18.5,27.20983,72.45073
Amn Settlement 0457,Amn,Athkatla,5068,30806902,502258,"{'humans': 4547, 'elves': 381, 'dwarves': 456, 'halflings': 434, 'half-orcs': 231, 'misc.': 0}",63,war,['Patriarchy'],"{'poor': 0.5793, 'middle': 0.2268, 'wealthy': 0.058, 'aristocrat': 0.1359}",0,"[['cloth', 'wine']]","[['jewelry', 'magic items', 'mercenaries', 'parchment']]",Ruler AMN-156,naval patrol,local academy,"Common, Dwarvish, Elvish",Tempus,191831,772478497,146.61,61.4,65.1,5,0,synthetic generator v2,derived,0.46,40533946,-2,17.5,24.67346,68.49841
Amn Settlement 0458,Amn,Athkatla,553,4922878,207901,"{'humans': 430, 'elves': 64, 'dwarves': 19, 'halflings': 48, 'half-orcs': 29, 'misc.': 0}",38,monster attack,['Theocracy'],"{'poor': 0.4541, 'middle': 0.2849, 'wealthy': 0.0352, 'aristocrat': 0.2258}",15,"[['fish', 'gems', 'wine']]","[['magic items', 'mercenaries', 'ore', 'parchment', 'silk']]",Ruler AMN-27,small militia,None,"Dwarvish, Halfling, Orc","Lathander, Mystra, Torm",191831,772478497,229.93,59.1,87.8,9,0,synthetic generator v2,derived,0.72,5829574,-2,43.5,-14.25762,110.17387
Waterdeep Settlement 0459,Waterdeep,Waterdeep,1094,2395620,3685,"{'humans': 715, 'elves': 87, 'dwarves': 66, 'halflings': 86, 'half-orcs': 62, 'misc.': 78}",132,war,['Merchant Council'],"{'poor': 0.6173, 'middle': 0.3001, 'wealthy': 0.078, 'aristocrat': 0.0046}",6,"[['cloth', 'fish', 'gems', 'timber']]","[['glass', 'spices']]",Ruler WAT-938,naval patrol,arcanum,"Common, Orc","Tempus, Torm",190388,767901516,533.17,50.2,54.5,1,0,synthetic generator v2,synthetic,0.4,3082860,2,8.3,-25.63263,124.71859
Baldurs Gate Settlement 0460,Baldurs Gate,Baldur's Gate,721,1270665,14446,"{'humans': 601, 'elves': 51, 'dwarves': 71, 'halflings': 59, 'half-orcs': 10, 'misc.': 0}",69,disease,['Monarchy'],"{'poor': 0.6732, 'middle': 0.2945, 'wealthy': 0.0274, 'aristocrat': 0.0049}",12,"[['books', 'gems', 'horses', 'salt', 'weapons']]",[['silk']],Ruler BAL-72,small militia,None,Dwarvish,"Lathander, Mystra, Torm",261869,1312711673,171.72,50.8,54.9,2,0,synthetic generator v2,synthetic,0.84,1150332,4,16.6,-30.28695,66.34724
Calimshan Settlement 0461,Calimshan,Memnon,2819,19583822,1512476,"{'humans': 2339, 'elves': 248, 'dwarves': 186, 'halflings': 192, 'half-orcs': 66, 'misc.': 0}",99,arcane mishap,['Satrapy'],"{'poor': 0.5182, 'middle': 0.2739, 'wealthy': 0.0447, 'aristocrat': 0.1632}",0,"[['cloth', 'fish', 'horses']]",[['parchment']],Ruler CAL-615,mercenary heavy,guilds,"Common, Draconic, Halfling","Mystra, Tyr",169269,841078201,336.88,78.4,20.5,4,0,synthetic generator v2,synthetic,0.54,22392463,2,14.0,13.13755,-75.24822
Baldurs Gate Settlement 0462,Baldurs Gate,Baldur's Gate,2133,9583577,190502,"{'humans': 1707, 'elves': 129, 'dwarves': 191, 'halflings': 145, 'half-orcs': 116, 'misc.': 0}",154,crime,['Merchant Council'],"{'poor': 0.5165, 'middle': 0.3662, 'wealthy': 0.034, 'aristocrat': 0.0833}",18,[['salt']],"[['jewelry', 'magic items', 'mercenaries', 'ore']]",Ruler BAL-833,small militia,arcanum,"Common, Elvish","Lathander, Selune",261869,1312711673,425.98,59.9,36.3,6,0,synthetic generator v2,synthetic,0.7,7445258,-3,35.4,7.44417,59.9171
Waterdeep Settlement 0463,Waterdeep,Waterdeep,180,1748395,4399,"{'humans': 117, 'elves': 18, 'dwarves': 11, 'halflings': 16, 'half-orcs': 9, 'misc.': 9}",104,crime,['Monarchy'],"{'poor': 0.4751, 'middle': 0.2007, 'wealthy': 0.0788, 'aristocrat': 0.2454}",2,"[['books', 'fish', 'grain', 'timber', 'wine']]","[['jewelry', 'spices']]",Ruler WAT-45,professional guard,None,"Draconic, Elvish","Mystra, Torm",190388,767901516,73.69,49.1,61.1,9,0,synthetic generator v2,synthetic,0.35,2101216,3,33.1,6.5552,57.39924
Waterdeep Settlement 0464,Waterdeep,Waterdeep,757,1511333,135846,"{'humans': 634, 'elves': 61, 'dwarves': 35, 'halflings': 27, 'half-orcs': 32, 'misc.': 0}",89,famine,['Merchant Council'],"{'poor': 0.6479, 'middle': 0.291, 'wealthy': 0.0562, 'aristocrat': 0.0049}",0,"[['armor', 'grain', 'horses']]",[['mercenaries']],Ruler WAT-405,professional guard,guilds,"Draconic, Dwarvish, Elvish",Mystra,190388,767901516,194.31,50.4,44.6,5,1,synthetic generator v2,synthetic,0.75,1719934,2,18.4,4.73941,33.94716
Amn Settlement 0465,Amn,Athkatla,479,893162,7517,"{'humans': 382, 'elves': 47, 'dwarves': 47, 'halflings': 10, 'half-orcs': 9, 'misc.': 0}",71,disease,['Confederacy'],"{'poor': 0.6468, 'middle': 0.3135, 'wealthy': 0.035, 'aristocrat': 0.0048}",20,"[['armor', 'grain']]","[['jewelry', 'magic items', 'ore', 'parchment']]",Ruler AMN-462,small militia,local academy,Orc,"Chauntea, Tempus",191831,772478497,270.46,65.8,75.5,0,0,synthetic generator v2,synthetic,0.35,830399,-2,16.0,-30.74976,126.70177
Tethyr Settlement 0466,Tethyr,Darromar,80,200425,14052,"{'humans': 68, 'elves': 8, 'dwarves': 5, 'halflings': 2, 'half-orcs': 3, 'misc.': 0}",137,famine,['Patriarchy'],"{'poor': 0.5235, 'middle': 0.3773, 'wealthy': 0.0943, 'aristocrat': 0.0049}",18,[['wine']],"[['magic items', 'silk']]",Ruler TET-859,small militia,None,"Draconic, Orc","Tempus, Torm",306344,1288038783,43.65,71.3,73.0,0,0,synthetic generator v2,synthetic,0.63,246642,-1,14.4,-27.45378,126.73293
Waterdeep Settlement 0467,Waterdeep,Waterdeep,1405,3059052,157089,"{'humans': 1127, 'elves': 139, 'dwarves': 105, 'halflings': 70, 'half-orcs': 22, 'misc.': 0}",82,old age,['Dictatorship'],"{'poor': 0.6054, 'middle': 0.3186, 'wealthy': 0.0713, 'aristocrat': 0.0047}",18,"[['fish', 'gems', 'horses', 'salt', 'weapons']]","[['coal', 'glass']]",Ruler WAT-258,mercenary heavy,guilds,"Draconic, Dwarvish, Orc",Tyr,190388,767901516,247.04,53.7,29.4,9,0,synthetic generator v2,synthetic,0.51,4111602,3,45.9,47.83757,-20.7591
Calimshan Settlement 0468,Calimshan,Memnon,2819,9362896,377422,"{'humans': 2037, 'elves': 173, 'dwarves': 107, 'halflings': 158, 'half-orcs': 155, 'misc.': 189}",176,crime,['Patriarchy'],"{'poor': 0.5539, 'middle': 0.3251, 'wealthy': 0.0846, 'aristocrat': 0.0364}",12,"[['armor', 'books', 'cloth', 'fish']]","[['coal', 'glass', 'magic items', 'mercenaries', 'ore']]",Ruler CAL-677,small militia,arcanum,Dwarvish,Chauntea,169269,841078201,26.71,82.9,19.7,10,0,synthetic generator v2,synthetic,0.83,12719666,-1,44.6,24.20354,-67.81354
Neverwinter Settlement 0469,Neverwinter,Neverwinter,8194,17205830,387026,"{'humans': 5949, 'elves': 606, 'dwarves': 697, 'halflings': 388, 'half-orcs': 338, 'misc.': 216}",113,famine,['Theocracy'],"{'poor': 0.681, 'middle': 0.2298, 'wealthy': 0.0841, 'aristocrat': 0.005}",19,"[['armor', 'cloth', 'fish', 'weapons']]","[['glass', 'jewelry', 'mercenaries', 'ore', 'spices']]",Ruler NEV-271,small militia,local academy,"Common, Elvish","Mystra, Selune, Tempus",172720,723835434,236.84,47.2,60.9,1,0,synthetic generator v2,synthetic,0.8,16864286,-1,18.7,7.96313,-92.42149
Calimshan Settlement 0470,Calimshan,Memnon,1669,5309047,322634,"{'humans': 1088, 'elves': 118, 'dwarves': 54, 'halflings': 87, 'half-orcs': 23, 'misc.': 299}",157,crime,['Democracy'],"{'poor': 0.5147, 'middle': 0.3782, 'wealthy': 0.0766, 'aristocrat': 0.0305}",6,"[['armor', 'books', 'cloth', 'salt', 'wine']]","[['jewelry', 'magic items', 'mercenaries', 'silk']]",Ruler CAL-347,mercenary heavy,arcanum,"Common, Orc",Lathander,169269,841078201,373.46,73.0,40.6,8,0,synthetic generator v2,derived,0.64,4302238,1,32.8,39.93826,-68.99445
Waterdeep Settlement 0471,Waterdeep,Waterdeep,1434,6490859,46509,"{'humans': 1229, 'elves': 105, 'dwarves': 97, 'halflings': 89, 'half-orcs': 27, 'misc.': 0}",113,monster attack,['Democracy'],"{'poor': 0.5404, 'middle': 0.2901, 'wealthy': 0.0961, 'aristocrat': 0.0733}",18,"[['armor', 'timber']]","[['coal', 'magic items', 'ore', 'silk', 'spices']]",Ruler WAT-441,naval patrol,None,"Common, Draconic, Dwarvish","Torm, Tyr",190388,767901516,531.49,58.6,54.5,10,0,synthetic generator v2,synthetic,0.61,7863812,-3,49.4,-33.81191,60.97667
Amn Settlement 0472,Amn,Athkatla,411,1482778,19077,"{'humans': 341, 'elves': 40, 'dwarves': 27, 'halflings': 20, 'half-orcs': 18, 'misc.': 0}",94,monster attack,['Merchant Council'],"{'poor': 0.5485, 'middle': 0.3199, 'wealthy': 0.0864, 'aristocrat': 0.0452}",8,"[['books', 'fish', 'grain', 'timber', 'wine']]",[['spices']],Ruler AMN-693,professional guard,guilds,"Common, Draconic, Orc","Chauntea, Torm",191831,772478497,313.61,60.1,65.9,0,0,synthetic generator v2,derived,0.51,1835861,4,6.4,70.07682,26.0297
Cormyr Settlement 0473,Cormyr,Suzail,448,1164605,106862,"{'humans': 334, 'elves': 46, 'dwarves': 40, 'halflings': 39, 'half-orcs': 26, 'misc.': 0}",46,war,['Monarchy'],"{'poor': 0.5265, 'middle': 0.3787, 'wealthy': 0.0845, 'aristocrat': 0.0103}",2,"[['books', 'fish', 'gems', 'horses', 'weapons']]","[['jewelry', 'mercenaries', 'ore', 'silk', 'spices']]",Ruler COR-138,naval patrol,local academy,"Halfling, Orc","Lathander, Selune, Tempus",162084,631592082,304.02,55.7,77.9,9,0,synthetic generator v2,derived,0.39,1487430,0,33.1,36.32444,49.16488
Tethyr Settlement 0474,Tethyr,Darromar,1707,3498329,63328,"{'humans': 1458, 'elves': 182, 'dwarves': 102, 'halflings': 164, 'half-orcs': 79, 'misc.': 0}",65,crime,['Merchant Council'],"{'poor': 0.5991, 'middle': 0.3472, 'wealthy': 0.049, 'aristocrat': 0.0046}",20,"[['armor', 'books', 'gems', 'horses']]","[['glass', 'magic items', 'ore', 'parchment']]",Ruler TET-841,professional guard,local academy,"Dwarvish, Orc","Chauntea, Lathander, Selune",306344,1288038783,306.92,61.5,56.0,2,0,synthetic generator v2,derived,0.84,4102399,0,23.0,-19.18077,36.81488
Waterdeep Settlement 0475,Waterdeep,Waterdeep,1146,3198830,311943,"{'humans': 946, 'elves': 65, 'dwarves': 69, 'halflings': 88, 'half-orcs': 55, 'misc.': 0}",130,famine,['Patriarchy'],"{'poor': 0.6368, 'middle': 0.2966, 'wealthy': 0.0308, 'aristocrat': 0.0359}",0,"[['cloth', 'gems', 'timber']]","[['magic items', 'silk']]",Ruler WAT-844,professional guard,arcanum,Orc,"Lathander, Selune",190388,767901516,336.88,54.2,27.3,1,0,synthetic generator v2,synthetic,0.47,4369508,1,3.5,62.99608,-70.30815
Cormyr Settlement 0476,Cormyr,Suzail,1642,4799614,103939,"{'humans': 1224, 'elves': 39, 'dwarves': 80, 'halflings': 111, 'half-orcs': 96, 'misc.': 92}",112,arcane mishap,['Satrapy'],"{'poor': 0.6667, 'middle': 0.2623, 'wealthy': 0.0279, 'aristocrat': 0.0431}",0,"[['armor', 'fish', 'gems', 'timber']]",[['coal']],Ruler COR-311,mercenary heavy,arcanum,"Draconic, Dwarvish, Elvish","Lathander, Tyr",162084,631592082,486.77,62.2,46.0,0,0,synthetic generator v2,synthetic,0.9,3993701,3,0.0,29.69031,125.30474
Tethyr Settlement 0477,Tethyr,Darromar,640,3067214,209795,"{'humans': 500, 'elves': 53, 'dwarves': 34, 'halflings': 30, 'half-orcs': 17, 'misc.': 6}",135,monster attack,['Patriarchy'],"{'poor': 0.5823, 'middle': 0.2377, 'wealthy': 0.0944, 'aristocrat': 0.0856}",15,"[['gems', 'grain', 'horses', 'timber']]",[['spices']],Ruler TET-982,professional guard,None,"Dwarvish, Halfling, Orc",Tyr,306344,1288038783,456.68,65.7,54.5,4,0,synthetic generator v2,synthetic,0.56,2729269,3,26.0,15.38942,-83.82839
Tethyr Settlement 0478,Tethyr,Darromar,1467,10620589,396624,"{'humans': 1058, 'elves': 98, 'dwarves': 136, 'halflings': 34, 'half-orcs': 82, 'misc.': 59}",117,arcane mishap,['Patriarchy'],"{'poor': 0.4747, 'middle': 0.2726, 'wealthy': 0.0929, 'aristocrat': 0.1598}",9,[['horses']],[['mercenaries']],Ruler TET-72,naval patrol,arcanum,Orc,"Lathander, Tempus, Tyr",306344,1288038783,352.16,67.4,49.3,8,0,synthetic generator v2,derived,0.89,14295068,0,35.2,-5.91903,-97.02144
Calimshan Settlement 0479,Calimshan,Memnon,1917,10276007,198032,"{'humans': 1377, 'elves': 119, 'dwarves': 133, 'halflings': 167, 'half-orcs': 47, 'misc.': 74}",149,old age,['Democracy'],"{'poor': 0.4675, 'middle': 0.3629, 'wealthy': 0.0678, 'aristocrat': 0.1017}",0,[['weapons']],"[['coal', 'mercenaries']]",Ruler CAL-73,professional guard,local academy,"Draconic, Elvish, Orc","Selune, Tempus, Torm",169269,841078201,500.08,77.1,13.8,6,0,synthetic generator v2,derived,0.53,8079825,-1,21.0,54.4916,-89.74181
Selgaunt,Sembia,Selgaunt,2823,13030787,735903,"{'humans': 2371, 'elves': 137, 'dwarves': 126, 'halflings': 172, 'half-orcs': 118, 'misc.': 0}",51,arcane mishap,['Magocracy'],"{'poor': 0.5469, 'middle': 0.3217, 'wealthy': 0.0438, 'aristocrat': 0.0876}",19,"[['armor', 'cloth', 'horses', 'timber', 'weapons']]","[['glass', 'magic items', 'ore']]",Ruler SEM-868,professional guard,None,Elvish,"Mystra, Tyr",210662,818271539,529.75,60.6,64.6,0,0,synthetic generator v2,synthetic,0.88,15315457,2,15.2,10.16492,-28.63677
Tethyr Settlement 0481,Tethyr,Darromar,12798,107764797,1355615,"{'humans': 8389, 'elves': 944, 'dwarves': 1094, 'halflings': 489, 'half-orcs': 181, 'misc.': 1701}",109,war,['Magocracy'],"{'poor': 0.4991, 'middle': 0.256, 'wealthy': 0.0309, 'aristocrat': 0.2139}",0,[['salt']],"[['glass', 'ore']]",Ruler TET-265,small militia,arcanum,Dwarvish,Tyr,306344,1288038783,335.98,70.3,48.3,7,0,synthetic generator v2,synthetic,0.8,107797579,-1,24.5,25.0593,127.76574
Baldurs Gate Settlement 0482,Baldurs Gate,Baldur's Gate,749,4896325,207251,"{'humans': 601, 'elves': 51, 'dwarves': 65, 'halflings': 68, 'half-orcs': 32, 'misc.': 0}",155,crime,['Merchant Council'],"{'poor': 0.585, 'middle': 0.2005, 'wealthy': 0.064, 'aristocrat': 0.1504}",0,"[['fish', 'grain', 'timber', 'weapons']]","[['coal', 'ore']]",Ruler BAL-661,naval patrol,guilds,"Common, Draconic, Dwarvish","Selune, Tyr",261869,1312711673,309.24,49.0,67.7,2,0,synthetic generator v2,derived,0.63,4935984,2,7.0,65.25104,14.07038
Amn Settlement 0483,Amn,Athkatla,1626,3451500,190594,"{'humans': 1350, 'elves': 189, 'dwarves': 60, 'halflings': 110, 'half-orcs': 33, 'misc.': 0}",164,monster attack,['Dictatorship'],"{'poor': 0.585, 'middle': 0.3537, 'wealthy': 0.0568, 'aristocrat': 0.0044}",15,[['fish']],"[['jewelry', 'parchment']]",Ruler AMN-504,mercenary heavy,guilds,"Common, Elvish, Orc",Selune,191831,772478497,300.78,61.4,71.4,10,0,synthetic generator v2,derived,0.93,2870900,-1,47.0,11.37317,-102.20576
Neverwinter Settlement 0484,Neverwinter,Neverwinter,12244,66190353,3414337,"{'humans': 9409, 'elves': 837, 'dwarves': 968, 'halflings': 951, 'half-orcs': 463, 'misc.': 0}",120,war,['Democracy'],"{'poor': 0.6076, 'middle': 0.2067, 'wealthy': 0.0734, 'aristocrat': 0.1123}",11,"[['fish', 'gems', 'salt', 'timber']]","[['coal', 'glass', 'mercenaries', 'silk']]",Ruler NEV-772,mercenary heavy,guilds,Orc,"Lathander, Mystra, Torm",172720,723835434,9.57,49.8,35.2,1,0,synthetic generator v2,derived,0.47,84731455,0,12.3,-25.14401,23.2693
Calimshan Settlement 0485,Calimshan,Memnon,4685,14642431,421878,"{'humans': 4017, 'elves': 102, 'dwarves': 224, 'halflings': 214, 'half-orcs': 73, 'misc.': 55}",38,disease,['Monarchy'],"{'poor': 0.5802, 'middle': 0.3211, 'wealthy': 0.0623, 'aristocrat': 0.0364}",1,"[['armor', 'cloth', 'gems', 'horses']]","[['jewelry', 'silk']]",Ruler CAL-379,professional guard,None,"Common, Orc","Lathander, Tempus",169269,841078201,142.73,77.3,28.6,2,0,synthetic generator v2,derived,0.95,18463139,2,7.8,-20.01583,-15.32306
Amn Settlement 0486,Amn,Athkatla,537,1428621,89178,"{'humans': 475, 'elves': 49, 'dwarves': 17, 'halflings': 50, 'half-orcs': 25, 'misc.': 0}",76,war,['Patriarchy'],"{'poor': 0.651, 'middle': 0.2614, 'wealthy': 0.0615, 'aristocrat': 0.0262}",14,"[['armor', 'fish', 'grain', 'salt', 'weapons']]","[['jewelry', 'magic items', 'parchment', 'spices']]",Ruler AMN-390,small militia,arcanum,"Draconic, Elvish, Orc",Selune,191831,772478497,435.66,72.7,58.2,4,0,synthetic generator v2,derived,0.41,1876794,1,25.2,33.12021,-106.30957
Cormyr Settlement 0487,Cormyr,Suzail,407,3406128,18824,"{'humans': 316, 'elves': 38, 'dwarves': 39, 'halflings': 11, 'half-orcs': 14, 'misc.': 0}",132,war,['Patriarchy'],"{'poor': 0.4728, 'middle': 0.2576, 'wealthy': 0.0668, 'aristocrat': 0.2028}",0,"[['fish', 'timber', 'wine']]",[['magic items']],Ruler COR-232,mercenary heavy,arcanum,Orc,"Chauntea, Torm",162084,631592082,26.79,63.0,42.6,8,0,synthetic generator v2,synthetic,0.8,2679462,2,28.0,39.38389,-52.18011
Tethyr Settlement 0488,Tethyr,Darromar,511,4254239,252966,"{'humans': 394, 'elves': 22, 'dwarves': 40, 'halflings': 11, 'half-orcs': 10, 'misc.': 34}",117,old age,['Magocracy'],"{'poor': 0.5452, 'middle': 0.2179, 'wealthy': 0.0207, 'aristocrat': 0.2162}",20,"[['armor', 'timber']]","[['glass', 'jewelry', 'magic items', 'parchment']]",Ruler TET-828,small militia,local academy,"Draconic, Elvish",Lathander,306344,1288038783,419.05,65.1,62.0,1,1,synthetic generator v2,derived,0.81,3415070,-2,20.4,37.40011,10.90437
Baldurs Gate Settlement 0489,Baldurs Gate,Baldur's Gate,19629,102972997,4037233,"{'humans': 13261, 'elves': 688, 'dwarves': 1643, 'halflings': 563, 'half-orcs': 556, 'misc.': 2918}",105,crime,['Monarchy'],"{'poor': 0.5436, 'middle': 0.2751, 'wealthy': 0.0805, 'aristocrat': 0.1008}",18,"[['armor', 'books']]","[['coal', 'glass', 'jewelry', 'mercenaries', 'parchment']]",Ruler BAL-86,mercenary heavy,None,"Dwarvish, Halfling","Mystra, Tempus",261869,1312711673,405.28,50.2,65.5,4,0,synthetic generator v2,synthetic,0.76,80184291,-3,28.4,-34.41345,-60.99871
Sembia Settlement 0490,Sembia,Selgaunt,296,1337729,72478,"{'humans': 236, 'elves': 6, 'dwarves': 27, 'halflings': 13, 'half-orcs': 4, 'misc.': 10}",174,crime,['Satrapy'],"{'poor': 0.5054, 'middle': 0.3655, 'wealthy': 0.0488, 'aristocrat': 0.0803}",17,"[['cloth', 'fish', 'salt']]","[['glass', 'jewelry', 'mercenaries', 'ore', 'spices']]",Ruler SEM-230,professional guard,None,"Draconic, Dwarvish, Orc","Lathander, Tempus, Torm",210662,818271539,262.92,53.4,54.1,0,0,synthetic generator v2,derived,0.93,1375189,-2,13.6,-10.36136,-74.82508
Calimshan Settlement 0491,Calimshan,Memnon,2860,18499160,1617998,"{'humans': 2407, 'elves': 265, 'dwarves': 273, 'halflings': 175, 'half-orcs': 75, 'misc.': 0}",134,disease,['Dictatorship'],"{'poor': 0.5274, 'middle': 0.2503, 'wealthy': 0.0822, 'aristocrat': 0.1401}",0,[['gems']],"[['coal', 'glass', 'spices']]",Ruler CAL-98,small militia,guilds,"Common, Elvish, Halfling",Lathander,169269,841078201,228.93,78.6,32.7,10,0,synthetic generator v2,derived,0.47,23219425,-2,35.0,-0.64407,-49.1168
Calimshan Settlement 0492,Calimshan,Memnon,1724,3653043,313137,"{'humans': 1121, 'elves': 140, 'dwarves': 116, 'halflings': 151, 'half-orcs': 55, 'misc.': 141}",179,disease,['Merchant Council'],"{'poor': 0.6367, 'middle': 0.2868, 'wealthy': 0.0715, 'aristocrat': 0.005}",9,"[['fish', 'gems', 'grain']]","[['jewelry', 'magic items', 'mercenaries', 'spices']]",Ruler CAL-479,professional guard,guilds,Orc,"Lathander, Mystra, Tempus",169269,841078201,209.73,73.1,19.9,8,0,synthetic generator v2,synthetic,0.95,4685722,-1,35.2,-36.38437,-42.25665
Cormyr Settlement 0493,Cormyr,Suzail,1121,3498033,275595,"{'humans': 765, 'elves': 95, 'dwarves': 79, 'halflings': 64, 'half-orcs': 22, 'misc.': 96}",96,arcane mishap,['Merchant Council'],"{'poor': 0.6764, 'middle': 0.2013, 'wealthy': 0.0834, 'aristocrat': 0.0389}",0,[['grain']],[['ore']],Ruler COR-148,naval patrol,arcanum,"Common, Draconic, Halfling","Chauntea, Tyr",162084,631592082,183.0,65.0,53.3,3,0,synthetic generator v2,synthetic,0.38,3989461,0,10.5,-27.21311,-2.03255
Sembia Settlement 0494,Sembia,Selgaunt,723,1700618,40183,"{'humans': 630, 'elves': 38, 'dwarves': 52, 'halflings': 26, 'half-orcs': 32, 'misc.': 0}",50,famine,['Monarchy'],"{'poor': 0.5659, 'middle': 0.345, 'wealthy': 0.0841, 'aristocrat': 0.005}",19,[['gems']],"[['glass', 'magic items', 'ore']]",Ruler SEM-890,mercenary heavy,local academy,"Dwarvish, Elvish, Orc","Chauntea, Selune",210662,818271539,302.84,52.1,37.1,4,0,synthetic generator v2,derived,0.37,1334599,-2,29.2,29.18983,-53.07346
Waterdeep Settlement 0495,Waterdeep,Waterdeep,569,1171966,105691,"{'humans': 419, 'elves': 21, 'dwarves': 32, 'halflings': 13, 'half-orcs': 25, 'misc.': 59}",72,disease,['Dictatorship'],"{'poor': 0.6537, 'middle': 0.2722, 'wealthy': 0.0694, 'aristocrat': 0.0047}",4,"[['gems', 'horses']]","[['coal', 'ore']]",Ruler WAT-507,small militia,arcanum,Common,Lathander,190388,767901516,418.18,45.9,54.3,10,0,synthetic generator v2,synthetic,0.54,1624485,0,38.2,17.46456,113.26495
Waterdeep Settlement 0496,Waterdeep,Waterdeep,7504,16134939,308067,"{'humans': 6182, 'elves': 314, 'dwarves': 680, 'halflings': 389, 'half-orcs': 132, 'misc.': 0}",176,old age,['Patriarchy'],"{'poor': 0.6299, 'middle': 0.2902, 'wealthy': 0.0751, 'aristocrat': 0.0048}",0,"[['salt', 'timber', 'wine']]","[['mercenaries', 'spices']]",Ruler WAT-295,mercenary heavy,None,Orc,Chauntea,190388,767901516,161.84,51.1,30.5,6,0,synthetic generator v2,synthetic,0.61,12647163,1,21.0,65.84991,-48.8344
Calimshan Settlement 0497,Calimshan,Memnon,4251,41326800,3885901,"{'humans': 3556, 'elves': 369, 'dwarves': 261, 'halflings': 200, 'half-orcs': 189, 'misc.': 0}",72,monster attack,['Satrapy'],"{'poor': 0.4575, 'middle': 0.2224, 'wealthy': 0.0749, 'aristocrat': 0.2452}",16,"[['books', 'grain', 'horses', 'salt', 'timber']]","[['glass', 'magic items', 'mercenaries', 'parchment', 'silk']]",Ruler CAL-28,naval patrol,None,Elvish,"Lathander, Mystra, Tyr",169269,841078201,540.46,79.7,22.8,0,0,synthetic generator v2,synthetic,0.94,54411066,0,12.8,60.7457,-27.70752
Cormyr Settlement 0498,Cormyr,Suzail,2162,4925354,96275,"{'humans': 1822, 'elves': 103, 'dwarves': 94, 'halflings': 67, 'half-orcs': 99, 'misc.': 0}",66,war,['Patriarchy'],"{'poor': 0.6108, 'middle': 0.2958, 'wealthy': 0.0885, 'aristocrat': 0.0049}",1,"[['grain', 'timber', 'weapons']]",[['jewelry']],Ruler COR-53,small militia,local academy,"Common, Dwarvish, Elvish","Chauntea, Tempus, Torm",162084,631592082,203.24,61.9,62.1,6,0,synthetic generator v2,derived,0.9,4251716,2,21.8,-9.43533,-88.10011
Tethyr Settlement 0499,Tethyr,Darromar,494,1030742,80011,"{'humans': 334, 'elves': 29, 'dwarves': 28, 'halflings': 41, 'half-orcs': 28, 'misc.': 34}",163,war,['Monarchy'],"{'poor': 0.5991, 'middle': 0.3406, 'wealthy': 0.0559, 'aristocrat': 0.0044}",19,"[['armor', 'cloth', 'salt']]","[['jewelry', 'parchment', 'silk']]",Ruler TET-123,small militia,arcanum,Common,"Lathander, Mystra",306344,1288038783,402.17,62.0,74.5,0,0,synthetic generator v2,synthetic,0.44,1361097,0,15.2,42.02865,-63.00079
Amn Settlement 0500,Amn,Athkatla,455,2229556,27756,"{'humans': 322, 'elves': 22, 'dwarves': 38, 'halflings': 34, 'half-orcs': 27, 'misc.': 12}",145,old age,['Confederacy'],"{'poor': 0.5812, 'middle': 0.2727, 'wealthy': 0.0472, 'aristocrat': 0.0989}",0,"[['armor', 'books', 'fish', 'wine']]","[['glass', 'magic items', 'mercenaries', 'silk', 'spices']]",Ruler AMN-643,professional guard,local academy,Common,Mystra,191831,772478497,317.68,64.6,89.3,7,0,synthetic generator v2,derived,0.6,2059428,-1,24.5,27.2991,-80.31214
Sembia Settlement 0501,Sembia,Selgaunt,887,2139891,51503,"{'humans': 750, 'elves': 55, 'dwarves': 45, 'halflings': 76, 'half-orcs': 39, 'misc.': 0}",46,famine,['Dictatorship'],"{'poor': 0.5926, 'middle': 0.3208, 'wealthy': 0.0758, 'aristocrat': 0.0107}",0,"[['books', 'fish', 'grain', 'weapons']]","[['coal', 'ore', 'parchment']]",Ruler SEM-249,small militia,arcanum,"Common, Dwarvish, Elvish","Lathander, Selune, Torm",210662,818271539,146.44,47.3,65.1,7,0,synthetic generator v2,synthetic,0.86,1995788,1,24.5,65.42653,103.17422
Neverwinter Settlement 0502,Neverwinter,Neverwinter,729,1915891,172940,"{'humans': 549, 'elves': 55, 'dwarves': 65, 'halflings': 50, 'half-orcs': 43, 'misc.': 0}",65,crime,['Dictatorship'],"{'poor': 0.5563, 'middle': 0.3724, 'wealthy': 0.0509, 'aristocrat': 0.0204}",0,[['weapons']],[['jewelry']],Ruler NEV-974,professional guard,guilds,Draconic,"Lathander, Selune, Torm",172720,723835434,80.77,45.6,30.1,9,0,synthetic generator v2,synthetic,0.88,2348647,0,31.5,-0.82004,59.55744
Neverwinter Settlement 0503,Neverwinter,Neverwinter,8259,56691948,1788306,"{'humans': 6414, 'elves': 183, 'dwarves': 601, 'halflings': 233, 'half-orcs': 129, 'misc.': 699}",146,crime,['Democracy'],"{'poor': 0.4955, 'middle': 0.2694, 'wealthy': 0.0846, 'aristocrat': 0.1505}",5,"[['grain', 'horses', 'weapons']]","[['coal', 'glass', 'ore', 'spices']]",Ruler NEV-22,mercenary heavy,guilds,"Common, Orc",Chauntea,172720,723835434,488.52,45.7,39.1,1,2,synthetic generator v2,synthetic,0.5,72771101,-1,9.3,31.59893,-43.23558
Tethyr Settlement 0504,Tethyr,Darromar,3251,6723123,322029,"{'humans': 2496, 'elves': 108, 'dwarves': 137, 'halflings': 183, 'half-orcs': 86, 'misc.': 241}",118,crime,['Magocracy'],"{'poor': 0.6077, 'middle': 0.3318, 'wealthy': 0.056, 'aristocrat': 0.0044}",9,"[['books', 'fish', 'gems', 'salt', 'weapons']]",[['parchment']],Ruler TET-100,small militia,guilds,Common,"Selune, Torm",306344,1288038783,335.93,74.6,69.2,7,0,synthetic generator v2,derived,0.52,6664922,4,31.7,50.24573,108.6832
Sembia Settlement 0505,Sembia,Selgaunt,5000,37360670,2405074,"{'humans': 4052, 'elves': 538, 'dwarves': 480, 'halflings': 344, 'half-orcs': 220, 'misc.': 0}",146,monster attack,['Confederacy'],"{'poor': 0.5586, 'middle': 0.2153, 'wealthy': 0.0418, 'aristocrat': 0.1843}",8,"[['gems', 'salt']]","[['ore', 'silk', 'spices']]",Ruler SEM-398,mercenary heavy,local academy,"Common, Elvish, Orc","Tempus, Tyr",210662,818271539,386.27,59.2,47.1,10,0,synthetic generator v2,synthetic,0.44,33769885,-1,41.4,69.43245,66.18077
Waterdeep Settlement 0506,Waterdeep,Waterdeep,2223,4551114,28781,"{'humans': 1941, 'elves': 104, 'dwarves': 81, 'halflings': 99, 'half-orcs': 30, 'misc.': 0}",49,arcane mishap,['Magocracy'],"{'poor': 0.6179, 'middle': 0.3234, 'wealthy': 0.0538, 'aristocrat': 0.0049}",0,"[['books', 'gems', 'grain', 'timber']]","[['coal', 'glass', 'jewelry', 'mercenaries']]",Ruler WAT-179,mercenary heavy,local academy,"Draconic, Elvish, Halfling",Lathander,190388,767901516,363.06,53.9,36.6,9,0,synthetic generator v2,derived,0.83,3448702,0,31.5,19.5805,92.73749
Amn Settlement 0507,Amn,Athkatla,809,1650111,149719,"{'humans': 662, 'elves': 81, 'dwarves': 76, 'halflings': 41, 'half-orcs': 44, 'misc.': 0}",144,old age,['Dictatorship'],"{'poor': 0.6414, 'middle': 0.2923, 'wealthy': 0.0614, 'aristocrat': 0.0048}",0,"[['books', 'gems', 'grain', 'salt', 'weapons']]","[['mercenaries', 'ore']]",Ruler AMN-807,professional guard,guilds,Elvish,"Chauntea, Tempus",191831,772478497,274.47,66.8,61.4,5,0,synthetic generator v2,derived,0.6,2163831,3,17.5,-15.25689,-64.2263
Baldurs Gate Settlement 0508,Baldurs Gate,Baldur's Gate,6052,38461876,3540673,"{'humans': 4627, 'elves': 618, 'dwarves': 226, 'halflings': 557, 'half-orcs': 301, 'misc.': 0}",152,disease,['Patriarchy'],"{'poor': 0.517, 'middle': 0.2747, 'wealthy': 0.0704, 'aristocrat': 0.138}",5,"[['armor', 'cloth', 'gems', 'timber', 'weapons']]","[['coal', 'glass', 'magic items', 'ore']]",Ruler BAL-518,naval patrol,None,Orc,Mystra,261869,1312711673,181.08,60.6,67.4,1,0,synthetic generator v2,synthetic,0.88,53212626,1,7.5,-20.93881,59.13674
Waterdeep Settlement 0509,Waterdeep,Waterdeep,1867,11227720,814691,"{'humans': 1468, 'elves': 170, 'dwarves': 152, 'halflings': 180, 'half-orcs': 71, 'misc.': 0}",143,famine,['Magocracy'],"{'poor': 0.6266, 'middle': 0.2008, 'wealthy': 0.0295, 'aristocrat': 0.1431}",13,"[['armor', 'cloth', 'fish', 'horses', 'timber']]","[['coal', 'jewelry']]",Ruler WAT-281,naval patrol,None,"Draconic, Dwarvish","Selune, Tempus, Tyr",190388,767901516,429.7,54.8,59.6,6,0,synthetic generator v2,synthetic,0.45,11270336,3,31.4,-9.43531,12.5751
Cormyr Settlement 0510,Cormyr,Suzail,2578,6386269,485639,"{'humans': 1833, 'elves': 157, 'dwarves': 100, 'halflings': 54, 'half-orcs': 96, 'misc.': 338}",167,famine,['Satrapy'],"{'poor': 0.5669, 'middle': 0.3277, 'wealthy': 0.0993, 'aristocrat': 0.0061}",6,[['armor']],"[['magic items', 'mercenaries']]",Ruler COR-283,small militia,guilds,Halfling,"Mystra, Torm",162084,631592082,528.41,55.6,73.1,2,0,synthetic generator v2,synthetic,0.44,8934233,-1,11.8,27.72091,20.47462
Amn Settlement 0511,Amn,Athkatla,866,4953730,405950,"{'humans': 672, 'elves': 91, 'dwarves': 39, 'halflings': 33, 'half-orcs': 21, 'misc.': 10}",89,crime,['Confederacy'],"{'poor': 0.4563, 'middle': 0.3866, 'wealthy': 0.0379, 'aristocrat': 0.1191}",8,"[['gems', 'salt']]","[['coal', 'glass', 'magic items', 'mercenaries', 'silk']]",Ruler AMN-822,small militia,local academy,"Draconic, Orc","Chauntea, Tempus, Torm",191831,772478497,259.69,71.3,73.1,1,0,synthetic generator v2,derived,0.51,5643612,-3,9.9,60.00471,-97.9522
Amn Settlement 0512,Amn,Athkatla,2384,9931658,111686,"{'humans': 1635, 'elves': 136, 'dwarves': 161, 'halflings': 109, 'half-orcs': 76, 'misc.': 267}",133,war,['Magocracy'],"{'poor': 0.6686, 'middle': 0.2093, 'wealthy': 0.0398, 'aristocrat': 0.0823}",0,"[['armor', 'books', 'cloth', 'fish']]","[['coal', 'jewelry', 'mercenaries']]",Ruler AMN-517,small militia,None,Elvish,Torm,191831,772478497,208.89,67.5,64.8,4,3,synthetic generator v2,derived,0.8,8170822,1,16.7,28.82712,-9.45411
Neverwinter Settlement 0513,Neverwinter,Neverwinter,340,1979332,146597,"{'humans': 264, 'elves': 9, 'dwarves': 22, 'halflings': 32, 'half-orcs': 8, 'misc.': 5}",115,old age,['Satrapy'],"{'poor': 0.5753, 'middle': 0.2498, 'wealthy': 0.0451, 'aristocrat': 0.1297}",0,"[['fish', 'horses', 'salt', 'weapons']]","[['mercenaries', 'ore', 'silk', 'spices']]",Ruler NEV-894,naval patrol,guilds,"Common, Draconic, Orc","Chauntea, Tempus, Tyr",172720,723835434,163.93,41.8,56.6,10,0,synthetic generator v2,synthetic,0.94,1882871,0,35.0,51.64611,91.49809
Sembia Settlement 0514,Sembia,Selgaunt,16191,81614937,4785231,"{'humans': 13933, 'elves': 1312, 'dwarves': 1100, 'halflings': 1590, 'half-orcs': 330, 'misc.': 0}",26,war,['Magocracy'],"{'poor': 0.5446, 'middle': 0.3137, 'wealthy': 0.0391, 'aristocrat': 0.1026}",0,"[['armor', 'weapons']]","[['glass', 'jewelry', 'parchment', 'silk', 'spices']]",Ruler SEM-102,naval patrol,guilds,Draconic,"Mystra, Selune, Torm",210662,818271539,89.32,53.5,41.7,9,0,synthetic generator v2,synthetic,0.52,85540094,-3,31.5,-17.4498,53.06448
Tethyr Settlement 0515,Tethyr,Darromar,8549,18464566,1292214,"{'humans': 6681, 'elves': 391, 'dwarves': 693, 'halflings': 290, 'half-orcs': 387, 'misc.': 107}",64,disease,['Dictatorship'],"{'poor': 0.6774, 'middle': 0.2597, 'wealthy': 0.049, 'aristocrat': 0.014}",0,"[['armor', 'books', 'cloth', 'grain']]",[['jewelry']],Ruler TET-137,professional guard,local academy,"Draconic, Dwarvish, Elvish",Tyr,306344,1288038783,57.67,67.0,75.1,0,0,synthetic generator v2,derived,0.8,21750798,3,0.0,43.01713,-96.60157
Baldurs Gate Settlement 0516,Baldurs Gate,Baldur's Gate,2489,12500662,356873,"{'humans': 1751, 'elves': 57, 'dwarves': 83, 'halflings': 103, 'half-orcs': 89, 'misc.': 406}",130,war,['Confederacy'],"{'poor': 0.4536, 'middle': 0.3939, 'wealthy': 0.0619, 'aristocrat': 0.0906}",20,"[['cloth', 'grain', 'horses', 'salt']]","[['coal', 'magic items', 'ore', 'silk', 'spices']]",Ruler BAL-895,mercenary heavy,guilds,"Draconic, Dwarvish","Chauntea, Lathander",261869,1312711673,283.12,60.6,62.6,3,0,synthetic generator v2,derived,0.74,13138885,-1,26.5,31.6974,-82.50929
Neverwinter Settlement 0517,Neverwinter,Neverwinter,798,3627505,286032,"{'humans': 666, 'elves': 34, 'dwarves': 51, 'halflings': 32, 'half-orcs': 29, 'misc.': 0}",160,old age,['Patriarchy'],"{'poor': 0.4603, 'middle': 0.389, 'wealthy': 0.0791, 'aristocrat': 0.0716}",0,"[['gems', 'grain', 'horses', 'weapons']]","[['jewelry', 'parchment', 'silk']]",Ruler NEV-480,professional guard,local academy,"Common, Draconic","Selune, Torm",172720,723835434,150.21,41.3,31.7,0,0,synthetic generator v2,synthetic,0.64,4506295,1,0.0,33.67049,15.08457
Amn Settlement 0518,Amn,Athkatla,1860,7998664,299118,"{'humans': 1652, 'elves': 53, 'dwarves': 143, 'halflings': 86, 'half-orcs': 31, 'misc.': 0}",32,crime,['Dictatorship'],"{'poor': 0.6634, 'middle': 0.2125, 'wealthy': 0.037, 'aristocrat': 0.087}",0,"[['cloth', 'grain', 'horses', 'salt', 'wine']]","[['jewelry', 'magic items', 'silk']]",Ruler AMN-544,small militia,None,"Dwarvish, Halfling",Selune,191831,772478497,151.42,68.3,92.4,2,0,synthetic generator v2,derived,0.47,11053373,2,7.0,-16.41637,-8.89093
Calimshan Settlement 0519,Calimshan,Memnon,602,3104257,68398,"{'humans': 529, 'elves': 51, 'dwarves': 53, 'halflings': 44, 'half-orcs': 14, 'misc.': 0}",147,arcane mishap,['Confederacy'],"{'poor': 0.6174, 'middle': 0.2071, 'wealthy': 0.07, 'aristocrat': 0.1054}",13,"[['cloth', 'grain', 'wine']]","[['glass', 'magic items']]",Ruler CAL-342,naval patrol,local academy,"Draconic, Halfling",Torm,169269,841078201,247.52,78.3,28.1,3,0,synthetic generator v2,synthetic,0.36,4232036,1,20.9,49.75603,-111.25965
Neverwinter Settlement 0520,Neverwinter,Neverwinter,250,1459416,6204,"{'humans': 211, 'elves': 5, 'dwarves': 13, 'halflings': 10, 'half-orcs': 3, 'misc.': 8}",72,war,['Confederacy'],"{'poor': 0.4705, 'middle': 0.3727, 'wealthy': 0.0314, 'aristocrat': 0.1254}",17,"[['gems', 'grain', 'timber', 'weapons', 'wine']]","[['coal', 'glass', 'jewelry', 'parchment', 'spices']]",Ruler NEV-929,naval patrol,None,"Draconic, Elvish, Orc","Chauntea, Lathander, Tempus",172720,723835434,188.0,45.0,45.7,7,0,synthetic generator v2,synthetic,0.37,1923676,0,38.1,40.68497,-30.2657
Neverwinter Settlement 0521,Neverwinter,Neverwinter,853,2013592,95318,"{'humans': 677, 'elves': 25, 'dwarves': 79, 'halflings': 58, 'half-orcs': 9, 'misc.': 5}",146,crime,['Confederacy'],"{'poor': 0.5563, 'middle': 0.3551, 'wealthy': 0.084, 'aristocrat': 0.0046}",0,"[['books', 'fish', 'grain', 'horses', 'wine']]","[['ore', 'silk', 'spices']]",Ruler NEV-425,professional guard,local academy,"Halfling, Orc",Chauntea,172720,723835434,337.48,47.7,44.6,8,0,synthetic generator v2,synthetic,0.84,2414939,2,28.0,39.64155,-60.14722
Sembia Settlement 0522,Sembia,Selgaunt,575,1278222,93561,"{'humans': 413, 'elves': 30, 'dwarves': 40, 'halflings': 19, 'half-orcs': 23, 'misc.': 50}",132,famine,['Monarchy'],"{'poor': 0.646, 'middle': 0.2563, 'wealthy': 0.093, 'aristocrat': 0.0047}",2,"[['books', 'horses', 'salt', 'weapons', 'wine']]",[['parchment']],Ruler SEM-533,professional guard,arcanum,"Common, Elvish, Orc","Lathander, Selune, Tempus",210662,818271539,378.58,51.4,36.8,6,0,synthetic generator v2,synthetic,0.83,1651462,4,22.6,-23.78973,-58.33324
Cormyr Settlement 0523,Cormyr,Suzail,364,1916797,149677,"{'humans': 299, 'elves': 12, 'dwarves': 32, 'halflings': 7, 'half-orcs': 4, 'misc.': 10}",156,crime,['Democracy'],"{'poor': 0.5797, 'middle': 0.2521, 'wealthy': 0.0598, 'aristocrat': 0.1084}",0,"[['cloth', 'grain', 'timber', 'wine']]",[['mercenaries']],Ruler COR-984,mercenary heavy,None,"Common, Draconic","Selune, Tempus, Tyr",162084,631592082,489.38,54.6,55.4,9,0,synthetic generator v2,derived,0.4,1905598,3,31.5,-11.64304,-97.29685
Sembia Settlement 0524,Sembia,Selgaunt,934,2855564,101979,"{'humans': 693, 'elves': 109, 'dwarves': 79, 'halflings': 23, 'half-orcs': 39, 'misc.': 0}",87,monster attack,['Satrapy'],"{'poor': 0.516, 'middle': 0.3946, 'wealthy': 0.0595, 'aristocrat': 0.03}",4,"[['armor', 'books', 'gems', 'salt', 'weapons']]","[['coal', 'mercenaries', 'ore']]",Ruler SEM-339,naval patrol,local academy,"Common, Elvish",Tyr,210662,818271539,52.65,51.9,48.5,5,0,synthetic generator v2,derived,0.46,2183365,2,20.7,-19.87343,-65.85932
Calimshan Settlement 0525,Calimshan,Memnon,1147,8912243,244469,"{'humans': 976, 'elves': 101, 'dwarves': 114, 'halflings': 36, 'half-orcs': 46, 'misc.': 0}",129,disease,['Dictatorship'],"{'poor': 0.4605, 'middle': 0.3046, 'wealthy': 0.0494, 'aristocrat': 0.1855}",3,"[['armor', 'books', 'cloth', 'grain']]","[['glass', 'jewelry', 'mercenaries', 'ore']]",Ruler CAL-685,mercenary heavy,None,"Draconic, Halfling",Chauntea,169269,841078201,520.05,82.3,24.1,8,0,synthetic generator v2,synthetic,0.35,11881193,0,30.4,-1.1113,121.79607
Cormyr Settlement 0526,Cormyr,Suzail,1283,3140995,53600,"{'humans': 966, 'elves': 32, 'dwarves': 44, 'halflings': 97, 'half-orcs': 62, 'misc.': 82}",106,famine,['Dictatorship'],"{'poor': 0.5181, 'middle': 0.3942, 'wealthy': 0.0827, 'aristocrat': 0.005}",13,"[['armor', 'books', 'fish', 'gems', 'salt']]","[['coal', 'glass', 'jewelry', 'parchment', 'spices']]",Ruler COR-916,mercenary heavy,local academy,"Draconic, Dwarvish, Elvish","Mystra, Tyr",162084,631592082,200.19,61.4,54.8,0,0,synthetic generator v2,derived,0.76,3571772,0,10.4,7.63814,-20.36449
Tethyr Settlement 0527,Tethyr,Darromar,295,2095344,133586,"{'humans': 256, 'elves': 20, 'dwarves': 10, 'halflings': 22, 'half-orcs': 16, 'misc.': 0}",172,crime,['Monarchy'],"{'poor': 0.4518, 'middle': 0.3566, 'wealthy': 0.0237, 'aristocrat': 0.1679}",0,[['wine']],"[['coal', 'spices']]",Ruler TET-407,small militia,guilds,"Elvish, Orc","Mystra, Selune",306344,1288038783,208.09,64.3,47.7,0,0,synthetic generator v2,derived,0.41,1719683,-1,0.0,-12.05705,26.87717
Calimshan Settlement 0528,Calimshan,Memnon,11637,118326569,6794453,"{'humans': 9536, 'elves': 473, 'dwarves': 530, 'halflings': 1105, 'half-orcs': 152, 'misc.': 0}",150,crime,['Confederacy'],"{'poor': 0.4502, 'middle': 0.2215, 'wealthy': 0.0671, 'aristocrat': 0.2612}",0,[['salt']],"[['parchment', 'silk', 'spices']]",Ruler CAL-800,mercenary heavy,local academy,"Draconic, Dwarvish, Orc","Selune, Torm, Tyr",169269,841078201,371.97,84.9,47.9,5,0,synthetic generator v2,derived,0.62,149034636,-2,17.5,43.35072,-112.83112
Neverwinter Settlement 0529,Neverwinter,Neverwinter,603,4616008,226202,"{'humans': 395, 'elves': 38, 'dwarves': 48, 'halflings': 30, 'half-orcs': 14, 'misc.': 78}",98,crime,['Patriarchy'],"{'poor': 0.4776, 'middle': 0.2652, 'wealthy': 0.0808, 'aristocrat': 0.1764}",0,"[['armor', 'fish', 'gems', 'wine']]","[['glass', 'silk', 'spices']]",Ruler NEV-676,small militia,guilds,Dwarvish,"Lathander, Torm",172720,723835434,199.0,53.5,26.1,7,0,synthetic generator v2,synthetic,0.64,3525647,1,24.5,72.10153,94.83166
Calimshan Settlement 0530,Calimshan,Memnon,1598,6802269,633523,"{'humans': 1102, 'elves': 147, 'dwarves': 92, 'halflings': 99, 'half-orcs': 68, 'misc.': 90}",37,monster attack,['Monarchy'],"{'poor': 0.6487, 'middle': 0.2128, 'wealthy': 0.0585, 'aristocrat': 0.08}",0,"[['books', 'cloth', 'fish', 'weapons', 'wine']]",[['coal']],Ruler CAL-938,naval patrol,local academy,"Common, Draconic, Elvish","Chauntea, Mystra",169269,841078201,115.35,81.4,37.8,0,0,synthetic generator v2,derived,0.76,8581278,4,0.0,46.83128,-19.11116
Calimshan Settlement 0531,Calimshan,Memnon,755,4191991,232779,"{'humans': 654, 'elves': 58, 'dwarves': 63, 'halflings': 43, 'half-orcs': 25, 'misc.': 0}",127,war,['Merchant Council'],"{'poor': 0.5015, 'middle': 0.2976, 'wealthy': 0.0962, 'aristocrat': 0.1047}",0,"[['fish', 'timber', 'wine']]","[['coal', 'mercenaries', 'silk']]",Ruler CAL-11,small militia,guilds,"Dwarvish, Elvish, Orc",Torm,169269,841078201,206.85,76.2,22.8,8,0,synthetic generator v2,derived,0.5,3475584,0,28.0,-25.37132,37.41167
Cormyr Settlement 0532,Cormyr,Suzail,199,642732,28550,"{'humans': 133, 'elves': 22, 'dwarves': 8, 'halflings': 6, 'half-orcs': 4, 'misc.': 26}",89,arcane mishap,['Theocracy'],"{'poor': 0.5302, 'middle': 0.3528, 'wealthy': 0.0856, 'aristocrat': 0.0314}",0,"[['grain', 'salt']]",[['glass']],Ruler COR-685,professional guard,arcanum,"Elvish, Halfling",Mystra,162084,631592082,55.6,63.8,76.5,9,0,synthetic generator v2,derived,0.82,898146,1,31.5,-28.72542,43.93951
Calimshan Settlement 0533,Calimshan,Memnon,630,1889959,55895,"{'humans': 441, 'elves': 26, 'dwarves': 31, 'halflings': 33, 'half-orcs': 6, 'misc.': 93}",35,crime,['Dictatorship'],"{'poor': 0.6061, 'middle': 0.3036, 'wealthy': 0.0546, 'aristocrat': 0.0357}",0,"[['armor', 'gems', 'weapons']]","[['jewelry', 'ore', 'parchment']]",Ruler CAL-663,naval patrol,None,Elvish,"Selune, Torm",169269,841078201,438.27,71.6,16.6,10,0,synthetic generator v2,derived,0.72,1603114,0,35.0,59.98296,7.03244
Calimshan Settlement 0534,Calimshan,Memnon,3089,6508858,307065,"{'humans': 2200, 'elves': 360, 'dwarves': 210, 'halflings': 107, 'half-orcs': 65, 'misc.': 147}",131,arcane mishap,['Merchant Council'],"{'poor': 0.6544, 'middle': 0.2932, 'wealthy': 0.0401, 'aristocrat': 0.0124}",1,"[['gems', 'timber']]","[['coal', 'jewelry', 'magic items', 'mercenaries']]",Ruler CAL-732,professional guard,local academy,"Common, Draconic, Orc","Mystra, Tempus",169269,841078201,309.81,80.4,35.5,10,0,synthetic generator v2,derived,0.64,6435496,-2,35.8,35.33455,-30.50512
Amn Settlement 0535,Amn,Athkatla,1262,5231236,168637,"{'humans': 1117, 'elves': 100, 'dwarves': 86, 'halflings': 111, 'half-orcs': 40, 'misc.': 0}",127,famine,['Patriarchy'],"{'poor': 0.6049, 'middle': 0.2713, 'wealthy': 0.0487, 'aristocrat': 0.0751}",0,"[['books', 'cloth', 'timber']]","[['glass', 'spices']]",Ruler AMN-488,small militia,arcanum,"Common, Dwarvish, Orc","Chauntea, Tempus, Tyr",191831,772478497,378.53,59.6,77.3,8,0,synthetic generator v2,derived,0.54,6268800,1,28.0,-31.43902,-98.78304
Neverwinter Settlement 0536,Neverwinter,Neverwinter,1379,8454568,191549,"{'humans': 905, 'elves': 135, 'dwarves': 126, 'halflings': 105, 'half-orcs': 19, 'misc.': 89}",122,famine,['Magocracy'],"{'poor': 0.5613, 'middle': 0.25, 'wealthy': 0.0509, 'aristocrat': 0.1378}",0,"[['armor', 'salt', 'timber', 'weapons']]","[['glass', 'jewelry', 'magic items', 'parchment', 'silk']]",Ruler NEV-41,mercenary heavy,arcanum,"Common, Dwarvish, Halfling",Tempus,172720,723835434,299.69,49.7,37.0,1,0,synthetic generator v2,synthetic,0.91,9069807,-1,3.5,-17.64925,106.45728
Sembia Settlement 0537,Sembia,Selgaunt,872,4593735,254366,"{'humans': 747, 'elves': 41, 'dwarves': 72, 'halflings': 32, 'half-orcs': 10, 'misc.': 0}",65,crime,['Patriarchy'],"{'poor': 0.5477, 'middle': 0.3092, 'wealthy': 0.031, 'aristocrat': 0.1121}",2,[['timber']],"[['coal', 'jewelry', 'mercenaries', 'ore']]",Ruler SEM-725,naval patrol,None,"Elvish, Halfling","Mystra, Selune",210662,818271539,321.29,50.1,41.5,3,0,synthetic generator v2,synthetic,0.7,5775902,-3,12.1,-0.96171,-92.91014
Amn Settlement 0538,Amn,Athkatla,182,1157217,28826,"{'humans': 151, 'elves': 6, 'dwarves': 12, 'halflings': 14, 'half-orcs': 6, 'misc.': 0}",139,arcane mishap,['Democracy'],"{'poor': 0.5701, 'middle': 0.2003, 'wealthy': 0.0921, 'aristocrat': 0.1375}",0,"[['fish', 'grain']]",[['magic items']],Ruler AMN-292,small militia,arcanum,"Draconic, Dwarvish",Torm,191831,772478497,44.06,72.8,83.3,0,0,synthetic generator v2,synthetic,0.7,1061841,1,0.0,-9.517,-94.72973
Neverwinter Settlement 0539,Neverwinter,Neverwinter,1009,3509682,25929,"{'humans': 885, 'elves': 81, 'dwarves': 80, 'halflings': 71, 'half-orcs': 12, 'misc.': 0}",65,crime,['Magocracy'],"{'poor': 0.5373, 'middle': 0.3559, 'wealthy': 0.0616, 'aristocrat': 0.0452}",1,"[['books', 'horses']]","[['coal', 'glass', 'ore']]",Ruler NEV-130,naval patrol,guilds,Common,"Chauntea, Lathander",172720,723835434,40.14,41.9,34.0,10,0,synthetic generator v2,derived,0.57,4799312,-1,35.8,30.22723,47.43011
Tethyr Settlement 0540,Tethyr,Darromar,18006,40430141,4355801,"{'humans': 15164, 'elves': 1888, 'dwarves': 1701, 'halflings': 693, 'half-orcs': 469, 'misc.': 0}",115,disease,['Confederacy'],"{'poor': 0.6346, 'middle': 0.2685, 'wealthy': 0.0921, 'aristocrat': 0.0048}",0,"[['salt', 'weapons', 'wine']]","[['coal', 'jewelry']]",Ruler TET-8,naval patrol,guilds,"Elvish, Halfling, Orc","Lathander, Tempus, Torm",306344,1288038783,225.88,62.2,61.0,9,0,synthetic generator v2,derived,0.82,55163597,1,31.5,46.96326,6.98563
Tethyr Settlement 0541,Tethyr,Darromar,287,718944,20176,"{'humans': 235, 'elves': 12, 'dwarves': 12, 'halflings': 15, 'half-orcs': 11, 'misc.': 2}",60,crime,['Patriarchy'],"{'poor': 0.5936, 'middle': 0.3043, 'wealthy': 0.0915, 'aristocrat': 0.0106}",0,"[['cloth', 'fish']]",[['parchment']],Ruler TET-924,professional guard,guilds,"Draconic, Elvish, Orc","Mystra, Tyr",306344,1288038783,98.2,70.9,76.2,5,0,synthetic generator v2,synthetic,0.56,735583,1,17.5,-35.88186,-56.51642
Tethyr Settlement 0542,Tethyr,Darromar,399,1354609,93006,"{'humans': 260, 'elves': 20, 'dwarves': 35, 'halflings': 37, 'half-orcs': 20, 'misc.': 27}",114,war,['Monarchy'],"{'poor': 0.5979, 'middle': 0.3122, 'wealthy': 0.0382, 'aristocrat': 0.0517}",20,"[['fish', 'gems', 'timber']]","[['glass', 'jewelry', 'mercenaries', 'silk', 'spices']]",Ruler TET-532,small militia,guilds,"Draconic, Elvish","Lathander, Tempus",306344,1288038783,291.67,69.8,54.2,7,0,synthetic generator v2,derived,0.68,1658551,-2,40.5,55.923,-8.52141
Sembia Settlement 0543,Sembia,Selgaunt,376,2241636,86925,"{'humans': 276, 'elves': 29, 'dwarves': 15, 'halflings': 27, 'half-orcs': 12, 'misc.': 17}",174,disease,['Dictatorship'],"{'poor': 0.5842, 'middle': 0.2231, 'wealthy': 0.0611, 'aristocrat': 0.1317}",20,"[['books', 'cloth', 'weapons']]",[['spices']],Ruler SEM-284,professional guard,guilds,"Draconic, Elvish","Lathander, Mystra",210662,818271539,331.08,49.2,35.9,3,0,synthetic generator v2,synthetic,0.4,1898798,2,26.5,-17.86239,-69.96017
Cormyr Settlement 0544,Cormyr,Suzail,1015,6191415,438582,"{'humans': 874, 'elves': 71, 'dwarves': 47, 'halflings': 38, 'half-orcs': 59, 'misc.': 0}",88,old age,['Merchant Council'],"{'poor': 0.5235, 'middle': 0.3017, 'wealthy': 0.0383, 'aristocrat': 0.1366}",12,[['salt']],[['mercenaries']],Ruler COR-328,small militia,local academy,"Common, Halfling",Mystra,162084,631592082,30.68,61.6,68.0,10,0,synthetic generator v2,synthetic,0.54,6254400,0,44.6,74.96264,60.05953
Amn Settlement 0545,Amn,Athkatla,5117,9424252,850891,"{'humans': 3747, 'elves': 337, 'dwarves': 192, 'halflings': 264, 'half-orcs': 288, 'misc.': 289}",157,arcane mishap,['Theocracy'],"{'poor': 0.6275, 'middle': 0.3433, 'wealthy': 0.0245, 'aristocrat': 0.0048}",0,"[['gems', 'horses', 'timber', 'weapons']]","[['coal', 'mercenaries']]",Ruler AMN-233,professional guard,arcanum,"Common, Draconic, Orc","Lathander, Mystra, Tempus",191831,772478497,191.79,68.7,81.1,2,0,synthetic generator v2,synthetic,0.44,12571764,2,7.0,26.79299,109.27433
Tethyr Settlement 0546,Tethyr,Darromar,706,1625353,75295,"{'humans': 548, 'elves': 48, 'dwarves': 44, 'halflings': 17, 'half-orcs': 20, 'misc.': 29}",136,famine,['Monarchy'],"{'poor': 0.5745, 'middle': 0.3408, 'wealthy': 0.08, 'aristocrat': 0.0048}",0,"[['cloth', 'wine']]","[['coal', 'magic items', 'ore', 'parchment']]",Ruler TET-651,naval patrol,local academy,"Common, Orc",Tyr,306344,1288038783,241.42,69.0,59.5,6,0,synthetic generator v2,derived,0.5,2205019,-2,21.0,14.35157,-41.09439
Waterdeep Settlement 0547,Waterdeep,Waterdeep,311,596010,9001,"{'humans': 263, 'elves': 30, 'dwarves': 17, 'halflings': 18, 'half-orcs': 6, 'misc.': 0}",92,arcane mishap,['Dictatorship'],"{'poor': 0.602, 'middle': 0.366, 'wealthy': 0.0271, 'aristocrat': 0.0049}",0,[['armor']],"[['coal', 'glass', 'parchment', 'spices']]",Ruler WAT-482,professional guard,local academy,"Dwarvish, Elvish",Lathander,190388,767901516,460.62,56.6,29.4,7,0,synthetic generator v2,synthetic,0.89,789616,-3,24.5,-9.3505,78.27281
Sembia Settlement 0548,Sembia,Selgaunt,2385,16258273,13382,"{'humans': 2107, 'elves': 220, 'dwarves': 96, 'halflings': 211, 'half-orcs': 73, 'misc.': 0}",79,famine,['Monarchy'],"{'poor': 0.532, 'middle': 0.2428, 'wealthy': 0.0706, 'aristocrat': 0.1545}",11,[['cloth']],"[['coal', 'glass', 'jewelry', 'magic items']]",Ruler SEM-87,mercenary heavy,guilds,"Common, Dwarvish, Orc",Mystra,210662,818271539,23.43,54.9,46.9,10,0,synthetic generator v2,synthetic,0.48,21198703,-3,43.8,-5.42302,-62.52754
Tethyr Settlement 0549,Tethyr,Darromar,2755,8255167,564813,"{'humans': 1882, 'elves': 140, 'dwarves': 201, 'halflings': 58, 'half-orcs': 94, 'misc.': 380}",34,arcane mishap,['Theocracy'],"{'poor': 0.6861, 'middle': 0.2334, 'wealthy': 0.035, 'aristocrat': 0.0455}",2,"[['weapons', 'wine']]","[['coal', 'glass', 'jewelry', 'silk']]",Ruler TET-115,mercenary heavy,local academy,Dwarvish,"Lathander, Tempus, Tyr",306344,1288038783,547.88,63.9,59.3,4,0,synthetic generator v2,synthetic,0.61,8227021,-2,15.6,48.31706,-117.17527
Amn Settlement 0550,Amn,Athkatla,644,1430951,49757,"{'humans': 424, 'elves': 71, 'dwarves': 20, 'halflings': 34, 'half-orcs': 12, 'misc.': 83}",43,famine,['Patriarchy'],"{'poor': 0.6077, 'middle': 0.3079, 'wealthy': 0.0798, 'aristocrat': 0.0046}",18,"[['fish', 'horses', 'wine']]","[['coal', 'silk']]",Ruler AMN-591,mercenary heavy,None,"Dwarvish, Halfling, Orc",Mystra,191831,772478497,504.93,67.9,69.2,2,0,synthetic generator v2,synthetic,0.38,1530242,1,21.4,36.89821,51.39123
Tethyr Settlement 0551,Tethyr,Darromar,1279,2439026,153616,"{'humans': 942, 'elves': 84, 'dwarves': 72, 'halflings': 76, 'half-orcs': 73, 'misc.': 32}",65,famine,['Magocracy'],"{'poor': 0.5975, 'middle': 0.3727, 'wealthy': 0.025, 'aristocrat': 0.0047}",7,"[['armor', 'cloth', 'gems', 'timber']]","[['mercenaries', 'silk']]",Ruler TET-593,naval patrol,local academy,"Draconic, Dwarvish, Elvish",Torm,306344,1288038783,72.84,62.1,75.0,4,0,synthetic generator v2,derived,0.83,2615547,2,19.6,66.89516,-40.55026
Sembia Settlement 0552,Sembia,Selgaunt,1537,10017080,836139,"{'humans': 1382, 'elves': 60, 'dwarves': 79, 'halflings': 44, 'half-orcs': 68, 'misc.': 0}",168,famine,['Satrapy'],"{'poor': 0.5875, 'middle': 0.2072, 'wealthy': 0.053, 'aristocrat': 0.1522}",12,"[['armor', 'fish', 'gems', 'horses', 'salt']]","[['coal', 'mercenaries', 'parchment', 'silk']]",Ruler SEM-340,professional guard,local academy,"Common, Dwarvish","Chauntea, Tyr",210662,818271539,215.45,52.5,43.4,1,0,synthetic generator v2,synthetic,0.93,13252686,1,13.1,-39.16103,-7.67263
Cormyr Settlement 0553,Cormyr,Suzail,1624,6808382,264422,"{'humans': 1405, 'elves': 41, 'dwarves': 155, 'halflings': 132, 'half-orcs': 31, 'misc.': 0}",31,disease,['Theocracy'],"{'poor': 0.4971, 'middle': 0.3824, 'wealthy': 0.0525, 'aristocrat': 0.068}",7,"[['armor', 'cloth', 'horses']]","[['jewelry', 'mercenaries', 'silk']]",Ruler COR-29,naval patrol,None,"Draconic, Halfling","Chauntea, Mystra, Torm",162084,631592082,543.25,62.2,76.2,10,0,synthetic generator v2,synthetic,0.49,9369568,0,40.6,67.74124,-76.94607
Amn Settlement 0554,Amn,Athkatla,5375,20682871,787471,"{'humans': 4120, 'elves': 192, 'dwarves': 258, 'halflings': 197, 'half-orcs': 319, 'misc.': 289}",121,crime,['Monarchy'],"{'poor': 0.6695, 'middle': 0.2308, 'wealthy': 0.025, 'aristocrat': 0.0748}",11,"[['armor', 'fish', 'grain', 'horses', 'salt']]","[['jewelry', 'ore', 'silk']]",Ruler AMN-775,small militia,local academy,"Common, Elvish","Lathander, Mystra, Tempus",191831,772478497,530.18,67.7,61.3,0,0,synthetic generator v2,derived,0.43,20695783,2,8.8,11.00511,-67.68537
Waterdeep Settlement 0555,Waterdeep,Waterdeep,1794,3542260,319755,"{'humans': 1313, 'elves': 41, 'dwarves': 142, 'halflings': 64, 'half-orcs': 68, 'misc.': 166}",68,disease,['Confederacy'],"{'poor': 0.6094, 'middle': 0.3461, 'wealthy': 0.0396, 'aristocrat': 0.0048}",7,"[['books', 'grain', 'salt', 'timber']]","[['glass', 'mercenaries']]",Ruler WAT-414,small militia,local academy,Common,Torm,190388,767901516,523.32,47.6,51.4,2,0,synthetic generator v2,derived,0.4,4956351,2,12.6,55.82598,-68.62109
Baldurs Gate Settlement 0556,Baldurs Gate,Baldur's Gate,436,1371516,34389,"{'humans': 364, 'elves': 36, 'dwarves': 26, 'halflings': 8, 'half-orcs': 12, 'misc.': 0}",147,famine,['Dictatorship'],"{'poor': 0.5375, 'middle': 0.3626, 'wealthy': 0.0669, 'aristocrat': 0.033}",0,"[['fish', 'gems', 'timber', 'weapons']]","[['coal', 'glass', 'jewelry', 'parchment', 'silk']]",Ruler BAL-977,mercenary heavy,arcanum,"Draconic, Dwarvish","Lathander, Mystra, Torm",261869,1312711673,243.45,50.7,43.3,6,0,synthetic generator v2,synthetic,0.77,1072604,-1,21.0,52.87381,105.97608
Tethyr Settlement 0557,Tethyr,Darromar,679,1491124,71227,"{'humans': 498, 'elves': 34, 'dwarves': 49, 'halflings': 14, 'half-orcs': 38, 'misc.': 46}",123,monster attack,['Magocracy'],"{'poor': 0.6279, 'middle': 0.2846, 'wealthy': 0.0828, 'aristocrat': 0.0046}",10,"[['gems', 'weapons', 'wine']]","[['coal', 'jewelry', 'silk']]",Ruler TET-681,small militia,guilds,"Draconic, Halfling, Orc","Chauntea, Mystra, Tempus",306344,1288038783,469.01,69.3,65.7,1,0,synthetic generator v2,synthetic,0.51,1554484,0,11.5,57.19249,-114.57451
Sembia Settlement 0558,Sembia,Selgaunt,880,1835914,71972,"{'humans': 681, 'elves': 79, 'dwarves': 60, 'halflings': 57, 'half-orcs': 51, 'misc.': 0}",91,disease,['Magocracy'],"{'poor': 0.5952, 'middle': 0.3463, 'wealthy': 0.054, 'aristocrat': 0.0045}",6,[['cloth']],[['parchment']],Ruler SEM-406,small militia,guilds,"Dwarvish, Orc","Chauntea, Lathander, Tyr",210662,818271539,392.73,58.7,32.4,8,0,synthetic generator v2,derived,0.76,2559509,0,32.8,-15.43932,-63.68074
Waterdeep Settlement 0559,Waterdeep,Waterdeep,1959,4544261,333703,"{'humans': 1377, 'elves': 147, 'dwarves': 138, 'halflings': 171, 'half-orcs': 71, 'misc.': 55}",57,arcane mishap,['Magocracy'],"{'poor': 0.6385, 'middle': 0.2631, 'wealthy': 0.0905, 'aristocrat': 0.0079}",1,"[['books', 'cloth', 'fish', 'timber', 'wine']]","[['jewelry', 'parchment', 'silk', 'spices']]",Ruler WAT-860,mercenary heavy,guilds,Orc,Tempus,190388,767901516,21.92,49.2,28.2,1,0,synthetic generator v2,synthetic,0.94,4946865,1,4.3,2.26493,-52.23478
Selgaunt,Sembia,Selgaunt,1034,3544295,164379,"{'humans': 687, 'elves': 120, 'dwarves': 52, 'halflings': 37, 'half-orcs': 14, 'misc.': 124}",144,disease,['Merchant Council'],"{'poor': 0.5738, 'middle': 0.299, 'wealthy': 0.0861, 'aristocrat': 0.0411}",0,[['wine']],"[['coal', 'glass', 'magic items', 'ore', 'silk']]",Ruler SEM-151,professional guard,None,"Dwarvish, Orc","Lathander, Mystra",210662,818271539,476.04,51.4,39.8,7,0,synthetic generator v2,derived,0.52,2891001,-4,24.5,8.65197,-58.48428
Cormyr Settlement 0561,Cormyr,Suzail,656,3204880,234797,"{'humans': 454, 'elves': 18, 'dwarves': 42, 'halflings': 28, 'half-orcs': 31, 'misc.': 83}",54,monster attack,['Magocracy'],"{'poor': 0.5823, 'middle': 0.2816, 'wealthy': 0.0351, 'aristocrat': 0.101}",8,"[['armor', 'timber']]","[['coal', 'glass', 'jewelry', 'magic items', 'silk']]",Ruler COR-789,small militia,None,"Draconic, Halfling, Orc","Chauntea, Selune, Tyr",162084,631592082,39.34,63.2,41.6,1,0,synthetic generator v2,derived,0.83,3340483,-3,9.9,-33.64406,-8.1372
Cormyr Settlement 0562,Cormyr,Suzail,2787,6279006,84539,"{'humans': 2113, 'elves': 200, 'dwarves': 250, 'halflings': 143, 'half-orcs': 40, 'misc.': 41}",62,crime,['Monarchy'],"{'poor': 0.6114, 'middle': 0.2979, 'wealthy': 0.0861, 'aristocrat': 0.0046}",0,"[['armor', 'weapons']]","[['glass', 'parchment', 'silk', 'spices']]",Ruler COR-194,small militia,arcanum,"Common, Elvish","Selune, Tempus, Tyr",162084,631592082,303.59,62.6,59.0,9,0,synthetic generator v2,synthetic,0.5,5360315,-2,31.5,-5.4696,-54.47096
Baldurs Gate Settlement 0563,Baldurs Gate,Baldur's Gate,689,1368581,21667,"{'humans': 619, 'elves': 52, 'dwarves': 38, 'halflings': 51, 'half-orcs': 9, 'misc.': 0}",156,disease,['Democracy'],"{'poor': 0.6497, 'middle': 0.2902, 'wealthy': 0.0552, 'aristocrat': 0.0049}",18,"[['gems', 'salt', 'timber', 'weapons']]","[['coal', 'glass', 'ore']]",Ruler BAL-208,mercenary heavy,local academy,Orc,Mystra,261869,1312711673,332.58,53.5,45.1,9,0,synthetic generator v2,derived,0.53,1065216,1,45.9,-38.55252,116.01117
Cormyr Settlement 0564,Cormyr,Suzail,647,1230107,69481,"{'humans': 519, 'elves': 58, 'dwarves': 23, 'halflings': 58, 'half-orcs': 19, 'misc.': 0}",149,war,['Confederacy'],"{'poor': 0.6062, 'middle': 0.362, 'wealthy': 0.0271, 'aristocrat': 0.0047}",7,"[['armor', 'salt', 'timber']]",[['silk']],Ruler COR-998,professional guard,arcanum,"Dwarvish, Halfling","Lathander, Selune",162084,631592082,209.59,55.1,60.3,7,0,synthetic generator v2,derived,0.78,1119221,2,30.1,25.38433,125.8808
Baldurs Gate Settlement 0565,Baldurs Gate,Baldur's Gate,495,3841475,11074,"{'humans': 369, 'elves': 44, 'dwarves': 18, 'halflings': 27, 'half-orcs': 22, 'misc.': 15}",111,war,['Satrapy'],"{'poor': 0.5214, 'middle': 0.2495, 'wealthy': 0.037, 'aristocrat': 0.1922}",5,"[['armor', 'books', 'grain', 'salt']]",[['glass']],Ruler BAL-599,small militia,None,"Dwarvish, Halfling, Orc",Tyr,261869,1312711673,232.7,57.7,40.0,0,0,synthetic generator v2,derived,0.57,3254026,3,4.0,67.60475,5.42273
Amn Settlement 0566,Amn,Athkatla,651,3908339,357312,"{'humans': 582, 'elves': 25, 'dwarves': 35, 'halflings': 13, 'half-orcs': 20, 'misc.': 0}",96,famine,['Magocracy'],"{'poor': 0.4673, 'middle': 0.3522, 'wealthy': 0.0546, 'aristocrat': 0.1259}",1,"[['armor', 'cloth', 'grain']]","[['magic items', 'ore']]",Ruler AMN-757,naval patrol,guilds,Common,"Chauntea, Selune, Torm",191831,772478497,261.73,67.4,84.2,3,0,synthetic generator v2,derived,0.91,4523697,1,11.3,-32.78179,-30.27329
Tethyr Settlement 0567,Tethyr,Darromar,2526,5398067,397974,"{'humans': 1703, 'elves': 177, 'dwarves': 194, 'halflings': 181, 'half-orcs': 119, 'misc.': 152}",66,monster attack,['Theocracy'],"{'poor': 0.6905, 'middle': 0.2111, 'wealthy': 0.0934, 'aristocrat': 0.005}",5,"[['books', 'horses', 'wine']]","[['glass', 'jewelry', 'mercenaries', 'silk', 'spices']]",Ruler TET-810,mercenary heavy,arcanum,Draconic,"Tempus, Torm",306344,1288038783,157.18,64.6,75.5,3,0,synthetic generator v2,derived,0.92,5289442,-2,14.5,70.40545,-14.44312
Amn Settlement 0568,Amn,Athkatla,4043,22899097,63538,"{'humans': 3613, 'elves': 456, 'dwarves': 135, 'halflings': 283, 'half-orcs': 96, 'misc.': 0}",174,old age,['Democracy'],"{'poor': 0.5957, 'middle': 0.2252, 'wealthy': 0.0553, 'aristocrat': 0.1238}",10,"[['fish', 'horses', 'weapons']]","[['glass', 'jewelry', 'mercenaries', 'ore', 'silk']]",Ruler AMN-445,naval patrol,guilds,Elvish,Selune,191831,772478497,481.14,73.0,87.5,3,0,synthetic generator v2,synthetic,0.92,26182956,-2,18.5,73.99132,-56.07545
Cormyr Settlement 0569,Cormyr,Suzail,2968,19862238,1018893,"{'humans': 2056, 'elves': 351, 'dwarves': 174, 'halflings': 237, 'half-orcs': 43, 'misc.': 107}",27,monster attack,['Confederacy'],"{'poor': 0.6079, 'middle': 0.2041, 'wealthy': 0.0222, 'aristocrat': 0.1659}",18,"[['armor', 'horses']]","[['glass', 'mercenaries', 'ore', 'parchment']]",Ruler COR-606,professional guard,arcanum,"Common, Elvish","Mystra, Tempus",162084,631592082,83.18,59.3,40.3,2,0,synthetic generator v2,synthetic,0.87,15119087,-2,21.4,51.34522,22.52038
Neverwinter Settlement 0570,Neverwinter,Neverwinter,249,1511163,107946,"{'humans': 210, 'elves': 11, 'dwarves': 24, 'halflings': 5, 'half-orcs': 8, 'misc.': 0}",169,arcane mishap,['Merchant Council'],"{'poor': 0.5464, 'middle': 0.2878, 'wealthy': 0.026, 'aristocrat': 0.1398}",14,"[['armor', 'books', 'fish', 'weapons']]",[['ore']],Ruler NEV-955,professional guard,None,Dwarvish,Torm,172720,723835434,479.35,42.4,60.5,5,0,synthetic generator v2,synthetic,0.61,2021949,3,28.7,-11.33075,-20.39863
Sembia Settlement 0571,Sembia,Selgaunt,1964,17460487,441163,"{'humans': 1635, 'elves': 190, 'dwarves': 60, 'halflings': 76, 'half-orcs': 70, 'misc.': 0}",154,old age,['Theocracy'],"{'poor': 0.5015, 'middle': 0.2418, 'wealthy': 0.0259, 'aristocrat': 0.2308}",0,"[['horses', 'weapons', 'wine']]",[['magic items']],Ruler SEM-78,mercenary heavy,arcanum,"Elvish, Orc","Chauntea, Mystra, Tyr",210662,818271539,421.67,58.2,61.9,9,0,synthetic generator v2,synthetic,0.86,16098635,2,31.5,16.07487,32.39028
Neverwinter Settlement 0572,Neverwinter,Neverwinter,968,5811725,7893,"{'humans': 632, 'elves': 102, 'dwarves': 53, 'halflings': 39, 'half-orcs': 35, 'misc.': 107}",57,crime,['Patriarchy'],"{'poor': 0.4891, 'middle': 0.3034, 'wealthy': 0.0865, 'aristocrat': 0.1209}",0,[['fish']],"[['magic items', 'ore', 'parchment', 'silk', 'spices']]",Ruler NEV-167,small militia,arcanum,"Halfling, Orc","Chauntea, Lathander, Torm",172720,723835434,466.19,50.1,26.1,0,0,synthetic generator v2,synthetic,0.69,4903327,-4,0.0,34.97309,17.82227
Neverwinter Settlement 0573,Neverwinter,Neverwinter,699,5697266,29441,"{'humans': 469, 'elves': 79, 'dwarves': 33, 'halflings': 43, 'half-orcs': 32, 'misc.': 43}",100,arcane mishap,['Democracy'],"{'poor': 0.46, 'middle': 0.2818, 'wealthy': 0.0628, 'aristocrat': 0.1954}",19,"[['books', 'horses']]","[['magic items', 'mercenaries']]",Ruler NEV-176,naval patrol,None,Orc,"Lathander, Mystra, Torm",172720,723835434,173.72,50.2,35.9,9,0,synthetic generator v2,synthetic,0.75,7657698,0,46.7,-13.73153,126.95855
Cormyr Settlement 0574,Cormyr,Suzail,242,1342863,48308,"{'humans': 190, 'elves': 14, 'dwarves': 9, 'halflings': 9, 'half-orcs': 7, 'misc.': 13}",138,monster attack,['Dictatorship'],"{'poor': 0.5035, 'middle': 0.3111, 'wealthy': 0.0766, 'aristocrat': 0.1088}",10,"[['books', 'horses', 'weapons']]","[['jewelry', 'mercenaries', 'ore', 'silk']]",Ruler COR-723,mercenary heavy,arcanum,Orc,"Chauntea, Lathander, Tyr",162084,631592082,336.0,63.1,52.3,5,0,synthetic generator v2,derived,0.81,1036393,-1,25.5,63.70881,-94.04844
Baldurs Gate Settlement 0575,Baldurs Gate,Baldur's Gate,1236,8476514,100912,"{'humans': 896, 'elves': 52, 'dwarves': 50, 'halflings': 68, 'half-orcs': 36, 'misc.': 134}",87,crime,['Magocracy'],"{'poor': 0.5703, 'middle': 0.2105, 'wealthy': 0.0579, 'aristocrat': 0.1613}",14,[['wine']],[['jewelry']],Ruler BAL-372,mercenary heavy,None,"Draconic, Halfling, Orc","Lathander, Mystra",261869,1312711673,94.77,55.8,37.2,2,0,synthetic generator v2,synthetic,0.68,8648716,0,18.2,10.9165,-107.58609
Sembia Settlement 0576,Sembia,Selgaunt,2064,8258030,294967,"{'humans': 1385, 'elves': 43, 'dwarves': 62, 'halflings': 57, 'half-orcs': 54, 'misc.': 463}",170,disease,['Democracy'],"{'poor': 0.6154, 'middle': 0.2616, 'wealthy': 0.0528, 'aristocrat': 0.0702}",14,"[['grain', 'weapons']]","[['coal', 'jewelry', 'magic items', 'mercenaries']]",Ruler SEM-68,mercenary heavy,None,"Common, Draconic, Orc","Chauntea, Tyr",210662,818271539,151.04,62.0,43.6,6,0,synthetic generator v2,derived,0.52,6449596,-2,32.2,12.54694,22.88349
Waterdeep Settlement 0577,Waterdeep,Waterdeep,3671,31818291,3278199,"{'humans': 3167, 'elves': 278, 'dwarves': 224, 'halflings': 135, 'half-orcs': 131, 'misc.': 0}",87,crime,['Democracy'],"{'poor': 0.5071, 'middle': 0.2091, 'wealthy': 0.0691, 'aristocrat': 0.2148}",0,"[['armor', 'grain']]","[['coal', 'glass', 'mercenaries', 'silk']]",Ruler WAT-502,professional guard,None,"Dwarvish, Orc","Chauntea, Selune, Torm",190388,767901516,495.36,44.2,47.9,7,0,synthetic generator v2,synthetic,0.5,42587758,-2,24.5,62.96033,76.42258
Neverwinter Settlement 0578,Neverwinter,Neverwinter,3896,21072926,811743,"{'humans': 3493, 'elves': 282, 'dwarves': 249, 'halflings': 123, 'half-orcs': 85, 'misc.': 0}",31,crime,['Merchant Council'],"{'poor': 0.4549, 'middle': 0.3765, 'wealthy': 0.0658, 'aristocrat': 0.1028}",12,"[['armor', 'books', 'fish']]","[['mercenaries', 'spices']]",Ruler NEV-454,mercenary heavy,guilds,"Common, Dwarvish","Lathander, Mystra",172720,723835434,135.46,52.1,60.6,5,0,synthetic generator v2,derived,0.4,25134352,1,27.1,33.62727,97.81623
Baldurs Gate Settlement 0579,Baldurs Gate,Baldur's Gate,5110,45305053,4101499,"{'humans': 4317, 'elves': 600, 'dwarves': 180, 'halflings': 193, 'half-orcs': 262, 'misc.': 0}",69,famine,['Dictatorship'],"{'poor': 0.5113, 'middle': 0.2284, 'wealthy': 0.0307, 'aristocrat': 0.2297}",4,"[['fish', 'gems', 'horses', 'timber', 'weapons']]",[['magic items']],Ruler BAL-832,professional guard,None,"Dwarvish, Halfling, Orc",Selune,261869,1312711673,215.42,56.7,42.6,3,0,synthetic generator v2,synthetic,0.4,62238369,4,13.7,-34.41885,111.66324
Calimshan Settlement 0580,Calimshan,Memnon,1322,2586891,149694,"{'humans': 1037, 'elves': 112, 'dwarves': 127, 'halflings': 56, 'half-orcs': 30, 'misc.': 0}",73,famine,['Theocracy'],"{'poor': 0.6086, 'middle': 0.3498, 'wealthy': 0.0369, 'aristocrat': 0.0047}",3,"[['books', 'salt']]","[['coal', 'glass', 'mercenaries']]",Ruler CAL-629,mercenary heavy,arcanum,Common,Selune,169269,841078201,506.64,80.5,25.4,0,0,synthetic generator v2,synthetic,0.88,2915271,-1,2.4,10.30148,84.21647
Neverwinter Settlement 0581,Neverwinter,Neverwinter,6984,27372115,1004425,"{'humans': 6180, 'elves': 727, 'dwarves': 620, 'halflings': 365, 'half-orcs': 125, 'misc.': 0}",135,famine,['Magocracy'],"{'poor': 0.5225, 'middle': 0.3389, 'wealthy': 0.0845, 'aristocrat': 0.0541}",0,"[['books', 'fish', 'gems', 'weapons']]","[['glass', 'mercenaries', 'parchment', 'spices']]",Ruler NEV-72,professional guard,None,"Common, Halfling",Chauntea,172720,723835434,228.47,50.7,41.9,8,0,synthetic generator v2,derived,0.8,26882929,0,28.0,35.19469,-104.36081
Amn Settlement 0582,Amn,Athkatla,555,1898087,152366,"{'humans': 418, 'elves': 58, 'dwarves': 49, 'halflings': 52, 'half-orcs': 9, 'misc.': 0}",122,monster attack,['Patriarchy'],"{'poor': 0.6206, 'middle': 0.2897, 'wealthy': 0.0348, 'aristocrat': 0.0549}",0,"[['books', 'timber', 'wine']]",[['jewelry']],Ruler AMN-743,naval patrol,local academy,"Halfling, Orc","Chauntea, Lathander, Tempus",191831,772478497,64.61,62.1,71.3,10,0,synthetic generator v2,synthetic,0.76,2610263,2,35.0,42.61642,-40.52616
Tethyr Settlement 0583,Tethyr,Darromar,6269,37718212,3682377,"{'humans': 4796, 'elves': 627, 'dwarves': 575, 'halflings': 591, 'half-orcs': 335, 'misc.': 0}",174,disease,['Monarchy'],"{'poor': 0.4671, 'middle': 0.3454, 'wealthy': 0.0629, 'aristocrat': 0.1246}",1,[['horses']],"[['coal', 'glass', 'mercenaries']]",Ruler TET-329,small militia,arcanum,"Draconic, Orc","Mystra, Selune",306344,1288038783,437.71,65.7,65.8,10,0,synthetic generator v2,derived,0.6,48115598,-2,35.8,17.11609,129.56495
Amn Settlement 0584,Amn,Athkatla,669,6398623,643900,"{'humans': 500, 'elves': 25, 'dwarves': 38, 'halflings': 16, 'half-orcs': 20, 'misc.': 70}",111,monster attack,['Dictatorship'],"{'poor': 0.4555, 'middle': 0.2525, 'wealthy': 0.0464, 'aristocrat': 0.2457}",2,"[['books', 'cloth', 'grain', 'weapons']]","[['glass', 'magic items']]",Ruler AMN-63,professional guard,None,Orc,"Lathander, Mystra, Selune",191831,772478497,411.55,60.6,87.8,6,0,synthetic generator v2,derived,0.95,8769580,2,22.6,46.79164,58.37876
Sembia Settlement 0585,Sembia,Selgaunt,8865,17815254,571576,"{'humans': 7744, 'elves': 520, 'dwarves': 469, 'halflings': 452, 'half-orcs': 238, 'misc.': 0}",131,monster attack,['Monarchy'],"{'poor': 0.6429, 'middle': 0.2955, 'wealthy': 0.0566, 'aristocrat': 0.0049}",0,"[['armor', 'gems', 'wine']]","[['glass', 'jewelry', 'magic items', 'ore', 'parchment']]",Ruler SEM-706,professional guard,local academy,"Draconic, Halfling","Selune, Torm, Tyr",210662,818271539,153.29,57.2,46.6,9,0,synthetic generator v2,derived,0.57,15516150,-2,31.5,58.25069,-92.26872
Calimshan Settlement 0586,Calimshan,Memnon,6117,61640742,160039,"{'humans': 4032, 'elves': 261, 'dwarves': 467, 'halflings': 361, 'half-orcs': 281, 'misc.': 715}",154,disease,['Monarchy'],"{'poor': 0.4561, 'middle': 0.2318, 'wealthy': 0.0501, 'aristocrat': 0.2621}",20,"[['books', 'horses']]","[['mercenaries', 'ore', 'silk']]",Ruler CAL-570,mercenary heavy,guilds,"Draconic, Elvish, Orc","Chauntea, Lathander, Selune",169269,841078201,319.71,76.6,26.5,9,0,synthetic generator v2,synthetic,0.92,73592900,-1,47.5,39.43849,52.58412
Waterdeep Settlement 0587,Waterdeep,Waterdeep,757,2593094,26156,"{'humans': 617, 'elves': 36, 'dwarves': 74, 'halflings': 16, 'half-orcs': 26, 'misc.': 0}",104,old age,['Monarchy'],"{'poor': 0.5463, 'middle': 0.3641, 'wealthy': 0.0413, 'aristocrat': 0.0483}",18,"[['fish', 'gems', 'horses']]","[['mercenaries', 'parchment', 'silk']]",Ruler WAT-582,professional guard,guilds,Draconic,Lathander,190388,767901516,33.93,52.0,31.2,6,0,synthetic generator v2,derived,0.41,3063794,0,35.4,46.33612,47.84258
Calimshan Settlement 0588,Calimshan,Memnon,1048,1973535,5465,"{'humans': 742, 'elves': 101, 'dwarves': 67, 'halflings': 24, 'half-orcs': 23, 'misc.': 91}",113,arcane mishap,['Monarchy'],"{'poor': 0.6629, 'middle': 0.2895, 'wealthy': 0.0427, 'aristocrat': 0.005}",9,[['gems']],[['coal']],Ruler CAL-520,small militia,arcanum,"Common, Elvish","Selune, Torm",169269,841078201,436.69,78.3,41.6,7,0,synthetic generator v2,synthetic,0.8,1756933,0,31.7,63.53141,11.55786
Neverwinter Settlement 0589,Neverwinter,Neverwinter,1106,7580087,345830,"{'humans': 990, 'elves': 72, 'dwarves': 76, 'halflings': 38, 'half-orcs': 17, 'misc.': 0}",76,disease,['Democracy'],"{'poor': 0.5325, 'middle': 0.257, 'wealthy': 0.0506, 'aristocrat': 0.1599}",0,"[['books', 'fish', 'timber', 'weapons']]",[['jewelry']],Ruler NEV-953,naval patrol,arcanum,"Draconic, Dwarvish",Mystra,172720,723835434,377.85,49.3,51.5,0,0,synthetic generator v2,derived,0.73,6741248,3,0.0,66.57167,109.49691
Amn Settlement 0590,Amn,Athkatla,553,3714210,28816,"{'humans': 403, 'elves': 37, 'dwarves': 40, 'halflings': 33, 'half-orcs': 20, 'misc.': 20}",144,old age,['Theocracy'],"{'poor': 0.5816, 'middle': 0.2012, 'wealthy': 0.0603, 'aristocrat': 0.1569}",19,[['horses']],"[['glass', 'jewelry']]",Ruler AMN-354,naval patrol,None,"Common, Halfling, Orc",Tempus,191831,772478497,193.23,60.6,73.2,6,0,synthetic generator v2,derived,0.81,4983268,-1,36.2,-23.04198,-14.31214
Neverwinter Settlement 0591,Neverwinter,Neverwinter,187,750409,59786,"{'humans': 133, 'elves': 4, 'dwarves': 10, 'halflings': 17, 'half-orcs': 8, 'misc.': 15}",139,old age,['Satrapy'],"{'poor': 0.6545, 'middle': 0.2064, 'wealthy': 0.069, 'aristocrat': 0.0701}",19,"[['books', 'salt']]","[['ore', 'silk', 'spices']]",Ruler NEV-551,mercenary heavy,None,Halfling,Torm,172720,723835434,458.49,42.2,44.9,7,0,synthetic generator v2,derived,0.45,963012,-1,39.7,-23.95698,-89.74981
Sembia Settlement 0592,Sembia,Selgaunt,2973,6442505,83284,"{'humans': 2217, 'elves': 249, 'dwarves': 279, 'halflings': 183, 'half-orcs': 77, 'misc.': 0}",125,monster attack,['Dictatorship'],"{'poor': 0.5758, 'middle': 0.3798, 'wealthy': 0.0346, 'aristocrat': 0.0098}",4,"[['cloth', 'fish', 'horses', 'weapons', 'wine']]","[['coal', 'ore', 'silk', 'spices']]",Ruler SEM-287,professional guard,guilds,Dwarvish,"Lathander, Torm",210662,818271539,402.34,60.6,61.1,9,0,synthetic generator v2,derived,0.6,6364438,1,34.7,-34.28338,-88.5746
Cormyr Settlement 0593,Cormyr,Suzail,2844,5656492,44380,"{'humans': 2018, 'elves': 89, 'dwarves': 177, 'halflings': 107, 'half-orcs': 152, 'misc.': 301}",72,monster attack,['Magocracy'],"{'poor': 0.6413, 'middle': 0.3, 'wealthy': 0.0541, 'aristocrat': 0.0046}",0,"[['books', 'grain', 'weapons']]",[['silk']],Ruler COR-817,professional guard,None,"Halfling, Orc",Selune,162084,631592082,414.5,58.7,74.4,1,0,synthetic generator v2,synthetic,0.69,4487109,2,3.5,17.65948,-4.76854
Amn Settlement 0594,Amn,Athkatla,925,2670478,154563,"{'humans': 726, 'elves': 68, 'dwarves': 79, 'halflings': 42, 'half-orcs': 53, 'misc.': 0}",47,old age,['Patriarchy'],"{'poor': 0.6116, 'middle': 0.3038, 'wealthy': 0.0518, 'aristocrat': 0.0329}",0,"[['books', 'gems', 'salt', 'weapons', 'wine']]",[['coal']],Ruler AMN-820,naval patrol,None,"Common, Elvish",Torm,191831,772478497,371.42,60.6,89.0,10,0,synthetic generator v2,synthetic,0.81,2047797,4,35.0,9.79857,-7.13285
Neverwinter Settlement 0595,Neverwinter,Neverwinter,1132,2589440,28737,"{'humans': 910, 'elves': 94, 'dwarves': 78, 'halflings': 104, 'half-orcs': 67, 'misc.': 0}",71,disease,['Magocracy'],"{'poor': 0.5673, 'middle': 0.352, 'wealthy': 0.0761, 'aristocrat': 0.0046}",17,"[['armor', 'grain', 'weapons']]","[['glass', 'jewelry', 'ore', 'spices']]",Ruler NEV-637,naval patrol,guilds,Orc,Chauntea,172720,723835434,254.86,46.2,51.7,6,0,synthetic generator v2,synthetic,0.48,2465898,-1,34.6,49.05894,87.11121
Tethyr Settlement 0596,Tethyr,Darromar,1611,3200271,125481,"{'humans': 1330, 'elves': 110, 'dwarves': 64, 'halflings': 125, 'half-orcs': 56, 'misc.': 0}",78,arcane mishap,['Dictatorship'],"{'poor': 0.5931, 'middle': 0.3656, 'wealthy': 0.0367, 'aristocrat': 0.0046}",0,"[['books', 'cloth']]",[['magic items']],Ruler TET-931,mercenary heavy,arcanum,"Common, Elvish, Halfling","Lathander, Selune",306344,1288038783,237.1,70.1,54.4,7,0,synthetic generator v2,synthetic,0.41,3415847,1,24.5,60.69808,-65.46371
Tethyr Settlement 0597,Tethyr,Darromar,616,1504989,85913,"{'humans': 533, 'elves': 58, 'dwarves': 60, 'halflings': 24, 'half-orcs': 29, 'misc.': 0}",92,old age,['Confederacy'],"{'poor': 0.5484, 'middle': 0.3531, 'wealthy': 0.0936, 'aristocrat': 0.0048}",4,"[['cloth', 'weapons', 'wine']]",[['parchment']],Ruler TET-131,naval patrol,arcanum,"Elvish, Halfling","Tempus, Torm",306344,1288038783,514.0,71.0,48.0,8,0,synthetic generator v2,derived,0.44,1959580,2,31.2,32.79884,50.36075
Tethyr Settlement 0598,Tethyr,Darromar,5471,18634212,1008476,"{'humans': 4580, 'elves': 571, 'dwarves': 508, 'halflings': 441, 'half-orcs': 294, 'misc.': 0}",43,famine,['Merchant Council'],"{'poor': 0.5168, 'middle': 0.3758, 'wealthy': 0.0673, 'aristocrat': 0.0401}",18,"[['cloth', 'horses', 'timber', 'weapons', 'wine']]","[['coal', 'silk']]",Ruler TET-794,mercenary heavy,local academy,"Elvish, Halfling, Orc","Chauntea, Selune, Tyr",306344,1288038783,467.99,66.9,49.0,0,0,synthetic generator v2,synthetic,0.83,14051407,3,14.4,70.43788,-10.69387
Amn Settlement 0599,Amn,Athkatla,1230,2664248,133480,"{'humans': 951, 'elves': 118, 'dwarves': 62, 'halflings': 107, 'half-orcs': 30, 'misc.': 0}",115,monster attack,['Satrapy'],"{'poor': 0.6008, 'middle': 0.3251, 'wealthy': 0.0698, 'aristocrat': 0.0043}",19,"[['armor', 'books', 'cloth']]","[['coal', 'glass', 'parchment', 'silk']]",Ruler AMN-444,mercenary heavy,None,Orc,"Mystra, Torm",191831,772478497,281.94,65.6,66.7,3,0,synthetic generator v2,synthetic,0.89,3070791,-1,25.7,35.05426,-93.46988
Waterdeep Settlement 0600,Waterdeep,Waterdeep,496,1482228,35979,"{'humans': 411, 'elves': 15, 'dwarves': 15, 'halflings': 48, 'half-orcs': 23, 'misc.': 0}",92,old age,['Democracy'],"{'poor': 0.5794, 'middle': 0.337, 'wealthy': 0.0491, 'aristocrat': 0.0345}",20,"[['cloth', 'fish']]","[['coal', 'jewelry', 'mercenaries', 'parchment', 'spices']]",Ruler WAT-929,professional guard,arcanum,"Draconic, Elvish, Halfling",Mystra,190388,767901516,348.79,49.8,46.9,9,0,synthetic generator v2,derived,0.54,1228328,-3,47.5,-31.92452,33.87555
Calimshan Settlement 0601,Calimshan,Memnon,3461,6532090,60328,"{'humans': 2692, 'elves': 169, 'dwarves': 159, 'halflings': 186, 'half-orcs': 110, 'misc.': 145}",151,arcane mishap,['Magocracy'],"{'poor': 0.6677, 'middle': 0.2818, 'wealthy': 0.0456, 'aristocrat': 0.0049}",10,"[['armor', 'books', 'cloth', 'grain']]","[['coal', 'glass', 'silk']]",Ruler CAL-12,mercenary heavy,local academy,Draconic,"Chauntea, Lathander",169269,841078201,276.49,85.0,19.6,4,0,synthetic generator v2,derived,0.53,6667594,1,22.0,11.50659,107.83766
Neverwinter Settlement 0602,Neverwinter,Neverwinter,707,1708943,163908,"{'humans': 625, 'elves': 74, 'dwarves': 40, 'halflings': 48, 'half-orcs': 23, 'misc.': 0}",57,old age,['Theocracy'],"{'poor': 0.5365, 'middle': 0.3743, 'wealthy': 0.0842, 'aristocrat': 0.005}",0,"[['armor', 'salt']]","[['coal', 'jewelry', 'magic items', 'ore']]",Ruler NEV-610,mercenary heavy,local academy,"Draconic, Dwarvish",Tempus,172720,723835434,76.02,48.7,48.6,4,0,synthetic generator v2,synthetic,0.45,2144405,-2,14.0,51.19401,110.49543
Baldurs Gate Settlement 0603,Baldurs Gate,Baldur's Gate,268,825610,36238,"{'humans': 185, 'elves': 28, 'dwarves': 22, 'halflings': 8, 'half-orcs': 13, 'misc.': 12}",106,crime,['Magocracy'],"{'poor': 0.6197, 'middle': 0.2894, 'wealthy': 0.0507, 'aristocrat': 0.0402}",4,"[['cloth', 'fish', 'grain']]","[['mercenaries', 'silk']]",Ruler BAL-828,small militia,guilds,Halfling,"Torm, Tyr",261869,1312711673,308.45,63.1,61.8,4,0,synthetic generator v2,synthetic,0.76,1147395,1,17.2,-8.00574,51.40531
Calimshan Settlement 0604,Calimshan,Memnon,1507,11047579,456276,"{'humans': 1156, 'elves': 109, 'dwarves': 139, 'halflings': 112, 'half-orcs': 84, 'misc.': 0}",159,arcane mishap,['Confederacy'],"{'poor': 0.4835, 'middle': 0.272, 'wealthy': 0.0779, 'aristocrat': 0.1666}",0,[['horses']],[['glass']],Ruler CAL-267,mercenary heavy,None,Orc,"Lathander, Mystra, Selune",169269,841078201,401.33,75.1,45.1,5,0,synthetic generator v2,synthetic,0.75,12088524,0,17.5,65.07951,-117.44501
Baldurs Gate Settlement 0605,Baldurs Gate,Baldur's Gate,1443,6366636,345556,"{'humans': 947, 'elves': 61, 'dwarves': 91, 'halflings': 119, 'half-orcs': 76, 'misc.': 149}",82,arcane mishap,['Magocracy'],"{'poor': 0.5704, 'middle': 0.2742, 'wealthy': 0.0805, 'aristocrat': 0.0749}",0,[['fish']],[['spices']],Ruler BAL-269,professional guard,arcanum,"Dwarvish, Halfling","Mystra, Selune, Torm",261869,1312711673,226.18,53.6,49.6,2,0,synthetic generator v2,synthetic,0.7,5007016,0,7.0,-8.5982,65.6649
Amn Settlement 0606,Amn,Athkatla,1005,3010789,207217,"{'humans': 784, 'elves': 34, 'dwarves': 73, 'halflings': 81, 'half-orcs': 54, 'misc.': 0}",60,famine,['Dictatorship'],"{'poor': 0.5557, 'middle': 0.3661, 'wealthy': 0.0443, 'aristocrat': 0.034}",0,"[['armor', 'books', 'gems', 'grain', 'weapons']]","[['coal', 'magic items', 'parchment']]",Ruler AMN-653,naval patrol,local academy,"Draconic, Halfling, Orc",Chauntea,191831,772478497,65.62,69.4,74.8,0,0,synthetic generator v2,synthetic,0.93,3926401,2,0.0,-32.33748,53.25615
Cormyr Settlement 0607,Cormyr,Suzail,1025,5026706,40387,"{'humans': 719, 'elves': 35, 'dwarves': 85, 'halflings': 64, 'half-orcs': 36, 'misc.': 86}",125,monster attack,['Confederacy'],"{'poor': 0.609, 'middle': 0.2388, 'wealthy': 0.0523, 'aristocrat': 0.1}",0,"[['books', 'fish', 'grain']]","[['jewelry', 'mercenaries', 'ore', 'spices']]",Ruler COR-327,professional guard,None,"Common, Halfling, Orc","Lathander, Selune, Torm",162084,631592082,543.96,60.9,41.8,0,0,synthetic generator v2,derived,0.61,3804686,-1,0.0,64.11172,76.32475
Neverwinter Settlement 0608,Neverwinter,Neverwinter,613,2874608,183871,"{'humans': 501, 'elves': 17, 'dwarves': 34, 'halflings': 37, 'half-orcs': 8, 'misc.': 16}",70,arcane mishap,['Monarchy'],"{'poor': 0.5529, 'middle': 0.2928, 'wealthy': 0.0689, 'aristocrat': 0.0853}",10,[['cloth']],"[['coal', 'glass', 'jewelry', 'parchment']]",Ruler NEV-949,professional guard,None,Halfling,Tyr,172720,723835434,66.07,50.5,56.2,3,0,synthetic generator v2,synthetic,0.35,2670172,-3,18.5,64.63382,-53.40102
Calimshan Settlement 0609,Calimshan,Memnon,3136,22849647,1096256,"{'humans': 2532, 'elves': 339, 'dwarves': 183, 'halflings': 204, 'half-orcs': 116, 'misc.': 0}",104,arcane mishap,['Patriarchy'],"{'poor': 0.4734, 'middle': 0.267, 'wealthy': 0.0999, 'aristocrat': 0.1598}",0,"[['books', 'fish', 'grain', 'timber']]","[['coal', 'magic items', 'parchment']]",Ruler CAL-932,small militia,local academy,"Draconic, Elvish, Halfling",Selune,169269,841078201,418.66,79.4,12.5,0,0,synthetic generator v2,synthetic,0.4,23419452,1,0.0,-16.29353,12.21686
Sembia Settlement 0610,Sembia,Selgaunt,902,1980779,136313,"{'humans': 804, 'elves': 83, 'dwarves': 30, 'halflings': 90, 'half-orcs': 11, 'misc.': 0}",165,disease,['Patriarchy'],"{'poor': 0.6225, 'middle': 0.2923, 'wealthy': 0.0804, 'aristocrat': 0.0047}",0,"[['salt', 'timber']]","[['coal', 'glass', 'magic items', 'mercenaries', 'parchment']]",Ruler SEM-52,professional guard,None,Draconic,"Chauntea, Mystra",210662,818271539,417.6,48.1,33.4,4,0,synthetic generator v2,synthetic,0.59,2594247,-3,14.0,18.01838,-94.065
Waterdeep Settlement 0611,Waterdeep,Waterdeep,572,3475477,162140,"{'humans': 378, 'elves': 54, 'dwarves': 34, 'halflings': 38, 'half-orcs': 28, 'misc.': 40}",130,war,['Dictatorship'],"{'poor': 0.5734, 'middle': 0.2421, 'wealthy': 0.0468, 'aristocrat': 0.1377}",1,"[['books', 'fish', 'gems', 'grain', 'weapons']]","[['jewelry', 'mercenaries']]",Ruler WAT-692,professional guard,None,Dwarvish,"Lathander, Tyr",190388,767901516,180.69,53.3,55.8,7,0,synthetic generator v2,synthetic,0.74,3960568,3,25.3,-35.7829,-34.12517
Calimshan Settlement 0612,Calimshan,Memnon,472,1288895,109721,"{'humans': 343, 'elves': 33, 'dwarves': 21, 'halflings': 25, 'half-orcs': 17, 'misc.': 33}",86,old age,['Magocracy'],"{'poor': 0.5514, 'middle': 0.3612, 'wealthy': 0.0672, 'aristocrat': 0.0201}",0,"[['armor', 'books']]","[['jewelry', 'magic items', 'mercenaries', 'ore', 'parchment']]",Ruler CAL-739,small militia,guilds,"Common, Draconic, Elvish","Chauntea, Lathander, Tempus",169269,841078201,48.91,85.6,24.6,4,0,synthetic generator v2,synthetic,0.9,1508291,-3,14.0,63.8579,10.61444
Amn Settlement 0613,Amn,Athkatla,762,2377622,78202,"{'humans': 671, 'elves': 73, 'dwarves': 53, 'halflings': 22, 'half-orcs': 34, 'misc.': 0}",117,arcane mishap,['Patriarchy'],"{'poor': 0.6394, 'middle': 0.2491, 'wealthy': 0.0732, 'aristocrat': 0.0383}",0,[['books']],[['ore']],Ruler AMN-785,naval patrol,arcanum,Orc,"Lathander, Selune",191831,772478497,509.35,67.2,74.8,5,0,synthetic generator v2,derived,0.91,2270696,0,17.5,-6.43177,104.85798
Waterdeep Settlement 0614,Waterdeep,Waterdeep,4545,27960019,1620249,"{'humans': 3814, 'elves': 470, 'dwarves': 178, 'halflings': 397, 'half-orcs': 163, 'misc.': 0}",69,monster attack,['Confederacy'],"{'poor': 0.5046, 'middle': 0.2897, 'wealthy': 0.0767, 'aristocrat': 0.129}",0,"[['grain', 'weapons']]",[['spices']],Ruler WAT-907,professional guard,None,"Common, Draconic, Halfling","Chauntea, Mystra, Tyr",190388,767901516,386.89,51.5,62.8,9,0,synthetic generator v2,derived,0.81,22876127,1,31.5,3.98298,2.48758
Tethyr Settlement 0615,Tethyr,Darromar,1135,7950102,759982,"{'humans': 766, 'elves': 91, 'dwarves': 94, 'halflings': 57, 'half-orcs': 25, 'misc.': 102}",65,arcane mishap,['Monarchy'],"{'poor': 0.4743, 'middle': 0.3206, 'wealthy': 0.0428, 'aristocrat': 0.1623}",0,"[['grain', 'salt', 'weapons']]","[['glass', 'mercenaries', 'ore', 'parchment', 'spices']]",Ruler TET-914,small militia,local academy,Draconic,Tempus,306344,1288038783,179.76,70.2,61.2,1,0,synthetic generator v2,derived,0.71,9561516,-2,3.5,66.41876,95.24633
Amn Settlement 0616,Amn,Athkatla,649,4040736,89634,"{'humans': 451, 'elves': 49, 'dwarves': 36, 'halflings': 59, 'half-orcs': 28, 'misc.': 26}",56,crime,['Merchant Council'],"{'poor': 0.5191, 'middle': 0.2822, 'wealthy': 0.0634, 'aristocrat': 0.1353}",16,"[['books', 'horses']]","[['coal', 'glass', 'magic items', 'parchment', 'silk']]",Ruler AMN-801,small militia,None,Draconic,Selune,191831,772478497,421.17,60.8,63.8,7,0,synthetic generator v2,derived,0.45,5509598,-3,37.3,-8.32457,-61.08754
Baldurs Gate Settlement 0617,Baldurs Gate,Baldur's Gate,1649,3585007,82496,"{'humans': 1211, 'elves': 95, 'dwarves': 121, 'halflings': 41, 'half-orcs': 24, 'misc.': 157}",72,monster attack,['Democracy'],"{'poor': 0.5893, 'middle': 0.3409, 'wealthy': 0.0651, 'aristocrat': 0.0047}",0,[['armor']],[['magic items']],Ruler BAL-524,small militia,local academy,"Draconic, Elvish, Orc",Tempus,261869,1312711673,308.05,53.2,58.5,6,0,synthetic generator v2,derived,0.45,4347578,0,21.0,7.83287,2.33071
Cormyr Settlement 0618,Cormyr,Suzail,423,1798207,59492,"{'humans': 297, 'elves': 20, 'dwarves': 16, 'halflings': 15, 'half-orcs': 16, 'misc.': 59}",59,disease,['Monarchy'],"{'poor': 0.4872, 'middle': 0.3588, 'wealthy': 0.0932, 'aristocrat': 0.0608}",6,"[['gems', 'weapons']]",[['parchment']],Ruler COR-488,small militia,None,"Draconic, Elvish, Halfling","Mystra, Selune, Torm",162084,631592082,522.39,58.6,71.0,4,0,synthetic generator v2,derived,0.88,1502488,1,18.8,1.98651,115.57685
Waterdeep Settlement 0619,Waterdeep,Waterdeep,924,8406778,332294,"{'humans': 791, 'elves': 26, 'dwarves': 84, 'halflings': 78, 'half-orcs': 9, 'misc.': 0}",36,old age,['Satrapy'],"{'poor': 0.4536, 'middle': 0.2425, 'wealthy': 0.0811, 'aristocrat': 0.2228}",0,"[['horses', 'salt', 'timber', 'weapons']]",[['glass']],Ruler WAT-766,professional guard,local academy,"Draconic, Dwarvish, Halfling","Mystra, Tempus, Tyr",190388,767901516,73.93,58.2,35.0,4,0,synthetic generator v2,derived,0.43,11134280,3,14.0,66.16274,-12.46495
Sembia Settlement 0620,Sembia,Selgaunt,1044,2016721,33359,"{'humans': 794, 'elves': 34, 'dwarves': 48, 'halflings': 71, 'half-orcs': 36, 'misc.': 61}",46,disease,['Democracy'],"{'poor': 0.6005, 'middle': 0.3648, 'wealthy': 0.03, 'aristocrat': 0.0047}",9,"[['books', 'grain', 'timber', 'weapons', 'wine']]","[['coal', 'jewelry', 'magic items', 'ore', 'silk']]",Ruler SEM-239,professional guard,local academy,Halfling,"Selune, Torm",210662,818271539,144.57,57.3,40.1,0,16,synthetic generator v2,synthetic,0.48,1840920,0,21.6,30.07378,20.26835
Amn Settlement 0621,Amn,Athkatla,1063,10023967,196111,"{'humans': 736, 'elves': 72, 'dwarves': 51, 'halflings': 52, 'half-orcs': 39, 'misc.': 113}",106,crime,['Monarchy'],"{'poor': 0.4504, 'middle': 0.2255, 'wealthy': 0.0929, 'aristocrat': 0.2312}",4,"[['armor', 'books', 'grain', 'salt']]","[['magic items', 'ore', 'spices']]",Ruler AMN-737,professional guard,None,"Draconic, Elvish, Orc","Mystra, Selune",191831,772478497,497.53,72.2,91.5,10,0,synthetic generator v2,synthetic,0.41,8911651,1,38.2,12.53508,5.97521
Baldurs Gate Settlement 0622,Baldurs Gate,Baldur's Gate,1531,2974963,97812,"{'humans': 1228, 'elves': 120, 'dwarves': 103, 'halflings': 143, 'half-orcs': 47, 'misc.': 0}",97,arcane mishap,['Dictatorship'],"{'poor': 0.6172, 'middle': 0.3396, 'wealthy': 0.0387, 'aristocrat': 0.0045}",4,"[['grain', 'salt', 'timber']]","[['glass', 'silk', 'spices']]",Ruler BAL-208,professional guard,guilds,Elvish,"Chauntea, Lathander",261869,1312711673,295.78,55.1,56.2,6,0,synthetic generator v2,synthetic,0.88,2415980,0,24.2,52.21685,-94.06936
Baldurs Gate Settlement 0623,Baldurs Gate,Baldur's Gate,3513,9436297,314135,"{'humans': 2882, 'elves': 111, 'dwarves': 244, 'halflings': 290, 'half-orcs': 108, 'misc.': 0}",46,old age,['Theocracy'],"{'poor': 0.665, 'middle': 0.2254, 'wealthy': 0.0866, 'aristocrat': 0.0229}",17,"[['gems', 'salt', 'weapons']]",[['mercenaries']],Ruler BAL-119,small militia,guilds,"Common, Draconic, Elvish",Torm,261869,1312711673,187.6,54.5,67.7,8,0,synthetic generator v2,synthetic,0.7,11967389,2,41.6,30.75484,129.1267
Neverwinter Settlement 0624,Neverwinter,Neverwinter,1859,3827548,58153,"{'humans': 1225, 'elves': 159, 'dwarves': 98, 'halflings': 67, 'half-orcs': 36, 'misc.': 274}",48,crime,['Confederacy'],"{'poor': 0.6311, 'middle': 0.3029, 'wealthy': 0.0613, 'aristocrat': 0.0047}",16,"[['armor', 'gems', 'timber', 'weapons']]","[['magic items', 'parchment']]",Ruler NEV-769,mercenary heavy,local academy,"Common, Dwarvish",Lathander,172720,723835434,286.24,49.8,27.0,6,0,synthetic generator v2,synthetic,0.78,4143684,2,33.8,-15.3085,13.85752
Tethyr Settlement 0625,Tethyr,Darromar,711,6090220,188710,"{'humans': 499, 'elves': 64, 'dwarves': 70, 'halflings': 39, 'half-orcs': 32, 'misc.': 7}",176,crime,['Theocracy'],"{'poor': 0.4936, 'middle': 0.2495, 'wealthy': 0.0407, 'aristocrat': 0.2163}",14,"[['books', 'grain', 'salt']]","[['magic items', 'ore', 'parchment']]",Ruler TET-31,small militia,guilds,Dwarvish,"Selune, Tempus, Tyr",306344,1288038783,117.12,68.3,75.1,3,0,synthetic generator v2,synthetic,0.65,5309237,0,21.7,-20.72536,-68.86573
Calimshan Settlement 0626,Calimshan,Memnon,4443,11093366,241532,"{'humans': 3878, 'elves': 345, 'dwarves': 395, 'halflings': 420, 'half-orcs': 103, 'misc.': 0}",134,monster attack,['Merchant Council'],"{'poor': 0.5305, 'middle': 0.3692, 'wealthy': 0.0954, 'aristocrat': 0.0049}",16,[['gems']],[['spices']],Ruler CAL-423,small militia,guilds,"Dwarvish, Elvish, Halfling","Mystra, Torm",169269,841078201,353.28,81.5,30.1,1,0,synthetic generator v2,synthetic,0.75,13158337,0,16.3,43.88279,-61.84849
Tethyr Settlement 0627,Tethyr,Darromar,3090,5720567,148190,"{'humans': 2244, 'elves': 164, 'dwarves': 157, 'halflings': 164, 'half-orcs': 40, 'misc.': 321}",57,crime,['Merchant Council'],"{'poor': 0.6638, 'middle': 0.2925, 'wealthy': 0.0389, 'aristocrat': 0.0048}",0,[['timber']],"[['jewelry', 'silk', 'spices']]",Ruler TET-317,small militia,arcanum,Elvish,"Chauntea, Selune, Tyr",306344,1288038783,290.23,61.9,45.8,8,0,synthetic generator v2,synthetic,0.93,4891997,-2,28.0,7.29593,20.0051
Baldurs Gate Settlement 0628,Baldurs Gate,Baldur's Gate,1074,3658119,139311,"{'humans': 843, 'elves': 83, 'dwarves': 65, 'halflings': 83, 'half-orcs': 49, 'misc.': 0}",24,arcane mishap,['Theocracy'],"{'poor': 0.5389, 'middle': 0.3673, 'wealthy': 0.0481, 'aristocrat': 0.0457}",18,[['weapons']],"[['magic items', 'mercenaries', 'ore', 'parchment', 'silk']]",Ruler BAL-765,small militia,local academy,"Common, Draconic, Dwarvish",Mystra,261869,1312711673,178.95,57.3,61.9,7,0,synthetic generator v2,derived,0.6,5072782,-4,38.9,-38.09668,-68.14638
Calimshan Settlement 0629,Calimshan,Memnon,2114,13721231,1209770,"{'humans': 1481, 'elves': 240, 'dwarves': 183, 'halflings': 105, 'half-orcs': 40, 'misc.': 65}",116,famine,['Confederacy'],"{'poor': 0.48, 'middle': 0.3362, 'wealthy': 0.0372, 'aristocrat': 0.1467}",1,[['timber']],"[['jewelry', 'mercenaries', 'silk']]",Ruler CAL-655,naval patrol,guilds,"Common, Draconic, Elvish","Lathander, Mystra, Tyr",169269,841078201,339.27,75.9,39.6,7,0,synthetic generator v2,synthetic,0.47,17812083,-2,25.3,42.37918,-2.00437
Baldurs Gate Settlement 0630,Baldurs Gate,Baldur's Gate,1562,9306460,370365,"{'humans': 1214, 'elves': 100, 'dwarves': 47, 'halflings': 132, 'half-orcs': 49, 'misc.': 20}",111,war,['Theocracy'],"{'poor': 0.5736, 'middle': 0.2314, 'wealthy': 0.065, 'aristocrat': 0.13}",0,"[['books', 'grain', 'salt']]","[['ore', 'silk']]",Ruler BAL-146,naval patrol,local academy,Halfling,"Lathander, Mystra, Torm",261869,1312711673,520.67,58.4,64.3,5,0,synthetic generator v2,synthetic,0.89,7047201,1,17.5,59.73059,81.90314
Cormyr Settlement 0631,Cormyr,Suzail,2260,12255374,967184,"{'humans': 1831, 'elves': 165, 'dwarves': 209, 'halflings': 126, 'half-orcs': 32, 'misc.': 0}",177,war,['Satrapy'],"{'poor': 0.5612, 'middle': 0.2943, 'wealthy': 0.025, 'aristocrat': 0.1195}",0,"[['books', 'horses', 'weapons']]","[['jewelry', 'magic items', 'ore']]",Ruler COR-325,mercenary heavy,guilds,"Draconic, Orc",Chauntea,162084,631592082,519.89,65.2,64.6,1,0,synthetic generator v2,derived,0.49,14292686,0,3.5,18.31838,-28.25011
Amn Settlement 0632,Amn,Athkatla,6239,14118629,401567,"{'humans': 5487, 'elves': 686, 'dwarves': 472, 'halflings': 570, 'half-orcs': 80, 'misc.': 0}",126,famine,['Dictatorship'],"{'poor': 0.58, 'middle': 0.3403, 'wealthy': 0.0747, 'aristocrat': 0.005}",0,[['fish']],"[['jewelry', 'parchment']]",Ruler AMN-511,small militia,None,"Draconic, Orc","Chauntea, Selune",191831,772478497,443.72,67.9,59.6,3,0,synthetic generator v2,derived,0.36,11584885,-1,10.5,30.79711,93.66485
Sembia Settlement 0633,Sembia,Selgaunt,471,1770879,164140,"{'humans': 413, 'elves': 38, 'dwarves': 38, 'halflings': 34, 'half-orcs': 15, 'misc.': 0}",25,crime,['Dictatorship'],"{'poor': 0.6489, 'middle': 0.2192, 'wealthy': 0.0711, 'aristocrat': 0.0608}",12,"[['armor', 'books', 'cloth', 'salt', 'wine']]","[['glass', 'ore', 'parchment', 'silk', 'spices']]",Ruler SEM-620,professional guard,arcanum,Elvish,"Selune, Tempus, Tyr",210662,818271539,318.44,60.9,45.3,2,0,synthetic generator v2,derived,0.84,2144969,0,16.6,21.88761,-91.16813
Baldurs Gate Settlement 0634,Baldurs Gate,Baldur's Gate,1724,5758232,231588,"{'humans': 1416, 'elves': 184, 'dwarves': 148, 'halflings': 114, 'half-orcs': 43, 'misc.': 0}",30,arcane mishap,['Patriarchy'],"{'poor': 0.5363, 'middle': 0.3914, 'wealthy': 0.024, 'aristocrat': 0.0483}",0,"[['fish', 'weapons']]","[['jewelry', 'mercenaries', 'spices']]",Ruler BAL-237,professional guard,guilds,Elvish,"Selune, Tempus, Tyr",261869,1312711673,280.44,57.9,36.7,5,0,synthetic generator v2,synthetic,0.71,5425710,-1,17.5,69.61927,16.04635
Sembia Settlement 0635,Sembia,Selgaunt,4842,9248791,262488,"{'humans': 3519, 'elves': 322, 'dwarves': 195, 'halflings': 209, 'half-orcs': 150, 'misc.': 447}",46,monster attack,['Patriarchy'],"{'poor': 0.6073, 'middle': 0.3587, 'wealthy': 0.0294, 'aristocrat': 0.0046}",16,"[['horses', 'salt']]","[['coal', 'magic items', 'spices']]",Ruler SEM-152,naval patrol,local academy,"Draconic, Elvish, Halfling","Lathander, Mystra, Torm",210662,818271539,221.25,60.0,66.3,8,0,synthetic generator v2,synthetic,0.38,9425131,-1,40.8,43.79005,-27.88901
Baldurs Gate Settlement 0636,Baldurs Gate,Baldur's Gate,1717,8064314,657222,"{'humans': 1379, 'elves': 156, 'dwarves': 155, 'halflings': 99, 'half-orcs': 18, 'misc.': 0}",156,arcane mishap,['Merchant Council'],"{'poor': 0.6143, 'middle': 0.2519, 'wealthy': 0.0372, 'aristocrat': 0.0966}",13,[['grain']],[['ore']],Ruler BAL-74,small militia,None,Common,"Lathander, Torm",261869,1312711673,435.14,53.8,63.8,7,0,synthetic generator v2,derived,0.94,9655646,0,34.9,7.77422,1.6131
Tethyr Settlement 0637,Tethyr,Darromar,1143,11082201,741795,"{'humans': 803, 'elves': 27, 'dwarves': 43, 'halflings': 97, 'half-orcs': 34, 'misc.': 139}",51,famine,['Theocracy'],"{'poor': 0.4505, 'middle': 0.2177, 'wealthy': 0.0914, 'aristocrat': 0.2404}",1,"[['cloth', 'horses', 'timber']]","[['jewelry', 'magic items', 'mercenaries', 'silk']]",Ruler TET-119,professional guard,guilds,"Draconic, Dwarvish, Orc",Lathander,306344,1288038783,79.19,62.6,43.1,8,0,synthetic generator v2,derived,0.85,10064879,-1,28.8,10.0776,9.42075
Waterdeep Settlement 0638,Waterdeep,Waterdeep,2025,6529578,275143,"{'humans': 1759, 'elves': 151, 'dwarves': 84, 'halflings': 60, 'half-orcs': 98, 'misc.': 0}",176,arcane mishap,['Satrapy'],"{'poor': 0.6434, 'middle': 0.2223, 'wealthy': 0.0972, 'aristocrat': 0.0371}",17,"[['horses', 'wine']]","[['magic items', 'ore', 'parchment', 'spices']]",Ruler WAT-458,naval patrol,None,Halfling,"Chauntea, Selune",190388,767901516,147.81,52.2,46.0,10,0,synthetic generator v2,derived,0.39,6059765,-2,48.6,-18.74133,97.86595
Waterdeep Settlement 0639,Waterdeep,Waterdeep,507,4640883,49188,"{'humans': 420, 'elves': 24, 'dwarves': 33, 'halflings': 25, 'half-orcs': 22, 'misc.': 0}",116,crime,['Democracy'],"{'poor': 0.51, 'middle': 0.2163, 'wealthy': 0.0356, 'aristocrat': 0.2382}",1,"[['fish', 'gems', 'horses', 'salt', 'timber']]",[['ore']],Ruler WAT-978,mercenary heavy,None,"Common, Draconic, Orc",Tyr,190388,767901516,517.88,50.6,30.8,1,0,synthetic generator v2,synthetic,0.36,5889109,4,4.3,4.29434,6.34706
Neverwinter,Neverwinter,Neverwinter,9854,37309032,668996,"{'humans': 7776, 'elves': 665, 'dwarves': 481, 'halflings': 540, 'half-orcs': 207, 'misc.': 185}",29,disease,['Theocracy'],"{'poor': 0.5702, 'middle': 0.3394, 'wealthy': 0.0249, 'aristocrat': 0.0655}",20,"[['books', 'fish']]","[['coal', 'glass', 'magic items', 'parchment']]",Ruler NEV-589,professional guard,local academy,"Draconic, Elvish, Orc",Mystra,172720,723835434,382.83,51.7,61.8,1,0,synthetic generator v2,derived,0.66,42156416,-2,19.5,-3.06769,-68.27156
Sembia Settlement 0641,Sembia,Selgaunt,803,8184824,189672,"{'humans': 674, 'elves': 26, 'dwarves': 69, 'halflings': 21, 'half-orcs': 25, 'misc.': 0}",67,old age,['Monarchy'],"{'poor': 0.4877, 'middle': 0.2012, 'wealthy': 0.0409, 'aristocrat': 0.2702}",0,"[['fish', 'salt', 'weapons']]","[['glass', 'jewelry', 'magic items', 'mercenaries']]",Ruler SEM-274,naval patrol,arcanum,Orc,"Chauntea, Selune",210662,818271539,422.99,58.0,29.4,7,0,synthetic generator v2,derived,0.47,7204055,-1,24.5,16.76939,84.11554
Cormyr Settlement 0642,Cormyr,Suzail,19279,44536832,1242159,"{'humans': 14558, 'elves': 794, 'dwarves': 1658, 'halflings': 1554, 'half-orcs': 425, 'misc.': 290}",112,monster attack,['Monarchy'],"{'poor': 0.5465, 'middle': 0.3927, 'wealthy': 0.0521, 'aristocrat': 0.0088}",0,"[['armor', 'gems']]","[['coal', 'jewelry', 'mercenaries', 'ore', 'parchment']]",Ruler COR-826,naval patrol,guilds,"Draconic, Elvish","Selune, Tempus",162084,631592082,233.94,54.6,56.1,10,0,synthetic generator v2,synthetic,0.73,61937968,-3,35.0,-2.74407,76.32542
Cormyr Settlement 0643,Cormyr,Suzail,1006,5398684,31347,"{'humans': 875, 'elves': 106, 'dwarves': 43, 'halflings': 20, 'half-orcs': 42, 'misc.': 0}",137,disease,['Merchant Council'],"{'poor': 0.5262, 'middle': 0.3196, 'wealthy': 0.0427, 'aristocrat': 0.1114}",0,"[['horses', 'salt']]",[['silk']],Ruler COR-640,professional guard,arcanum,Halfling,"Lathander, Tempus",162084,631592082,43.47,55.8,57.2,8,0,synthetic generator v2,synthetic,0.57,5378010,1,28.0,-31.90717,122.15272
Amn Settlement 0644,Amn,Athkatla,710,3560099,209268,"{'humans': 528, 'elves': 38, 'dwarves': 47, 'halflings': 28, 'half-orcs': 21, 'misc.': 48}",64,disease,['Monarchy'],"{'poor': 0.5316, 'middle': 0.3348, 'wealthy': 0.0312, 'aristocrat': 0.1024}",13,"[['armor', 'books', 'timber']]","[['magic items', 'mercenaries']]",Ruler AMN-484,naval patrol,local academy,Draconic,"Lathander, Tempus, Torm",191831,772478497,519.4,60.4,92.6,0,0,synthetic generator v2,derived,0.52,3083973,1,10.4,44.6711,54.72885
Amn Settlement 0645,Amn,Athkatla,3153,6317333,22097,"{'humans': 2643, 'elves': 291, 'dwarves': 120, 'halflings': 286, 'half-orcs': 60, 'misc.': 0}",89,monster attack,['Satrapy'],"{'poor': 0.6489, 'middle': 0.2885, 'wealthy': 0.0577, 'aristocrat': 0.0049}",0,"[['gems', 'timber']]",[['magic items']],Ruler AMN-120,mercenary heavy,local academy,Elvish,Lathander,191831,772478497,37.93,64.8,71.3,7,0,synthetic generator v2,synthetic,0.67,5783608,1,24.5,-35.72991,-1.81455
Amn Settlement 0646,Amn,Athkatla,3509,22860731,1484532,"{'humans': 2341, 'elves': 163, 'dwarves': 285, 'halflings': 147, 'half-orcs': 122, 'misc.': 451}",113,war,['Confederacy'],"{'poor': 0.4624, 'middle': 0.3139, 'wealthy': 0.088, 'aristocrat': 0.1357}",12,"[['books', 'cloth', 'fish', 'timber', 'weapons']]","[['glass', 'ore']]",Ruler AMN-379,professional guard,local academy,"Common, Dwarvish, Orc","Lathander, Tempus, Torm",191831,772478497,19.51,71.9,70.3,0,0,synthetic generator v2,derived,0.94,21505270,3,9.6,36.63532,-57.97609
Cormyr Settlement 0647,Cormyr,Suzail,5500,12595857,1063223,"{'humans': 4698, 'elves': 154, 'dwarves': 171, 'halflings': 332, 'half-orcs': 192, 'misc.': 0}",103,old age,['Patriarchy'],"{'poor': 0.6159, 'middle': 0.2862, 'wealthy': 0.0932, 'aristocrat': 0.0047}",20,[['weapons']],"[['magic items', 'mercenaries', 'silk', 'spices']]",Ruler COR-322,naval patrol,None,"Common, Dwarvish","Chauntea, Lathander, Selune",162084,631592082,212.48,58.2,72.5,3,0,synthetic generator v2,synthetic,0.82,16817625,-3,26.5,-6.30236,-59.12527
Cormyr Settlement 0648,Cormyr,Suzail,995,2341098,57543,"{'humans': 821, 'elves': 31, 'dwarves': 83, 'halflings': 65, 'half-orcs': 44, 'misc.': 0}",90,monster attack,['Dictatorship'],"{'poor': 0.552, 'middle': 0.3624, 'wealthy': 0.0808, 'aristocrat': 0.0047}",0,"[['cloth', 'horses', 'timber', 'wine']]","[['coal', 'glass']]",Ruler COR-527,small militia,arcanum,"Common, Draconic, Orc","Mystra, Selune, Tyr",162084,631592082,339.1,66.8,55.8,2,0,synthetic generator v2,synthetic,0.78,2670640,2,7.0,47.92675,-89.5638
Tethyr Settlement 0649,Tethyr,Darromar,2499,4737811,55713,"{'humans': 2233, 'elves': 137, 'dwarves': 221, 'halflings': 110, 'half-orcs': 44, 'misc.': 0}",46,crime,['Satrapy'],"{'poor': 0.6376, 'middle': 0.32, 'wealthy': 0.0378, 'aristocrat': 0.0046}",0,[['timber']],"[['magic items', 'mercenaries', 'ore']]",Ruler TET-339,small militia,None,"Common, Dwarvish, Elvish","Chauntea, Mystra, Selune",306344,1288038783,525.87,63.7,69.5,6,0,synthetic generator v2,derived,0.59,5122580,-2,21.0,31.16738,51.10205
Tethyr Settlement 0650,Tethyr,Darromar,381,2377914,213952,"{'humans': 338, 'elves': 38, 'dwarves': 13, 'halflings': 7, 'half-orcs': 5, 'misc.': 0}",99,famine,['Patriarchy'],"{'poor': 0.5018, 'middle': 0.3024, 'wealthy': 0.0607, 'aristocrat': 0.1351}",0,"[['armor', 'fish', 'timber', 'wine']]","[['coal', 'glass', 'spices']]",Ruler TET-73,mercenary heavy,None,"Draconic, Elvish, Orc","Lathander, Mystra, Tempus",306344,1288038783,236.15,72.4,72.7,5,0,synthetic generator v2,derived,0.43,2735778,1,17.5,10.86327,123.56832
Baldurs Gate Settlement 0651,Baldurs Gate,Baldur's Gate,414,3087570,174530,"{'humans': 352, 'elves': 37, 'dwarves': 39, 'halflings': 11, 'half-orcs': 22, 'misc.': 0}",76,famine,['Monarchy'],"{'poor': 0.4638, 'middle': 0.2755, 'wealthy': 0.0948, 'aristocrat': 0.1659}",12,"[['books', 'gems', 'salt']]","[['coal', 'jewelry', 'parchment', 'spices']]",Ruler BAL-693,professional guard,local academy,"Common, Elvish, Halfling","Chauntea, Selune",261869,1312711673,459.43,54.8,62.0,1,0,synthetic generator v2,derived,0.91,3078124,-1,13.1,22.62086,-84.92099
Cormyr Settlement 0652,Cormyr,Suzail,510,3724619,218572,"{'humans': 439, 'elves': 13, 'dwarves': 35, 'halflings': 10, 'half-orcs': 14, 'misc.': 0}",58,war,['Merchant Council'],"{'poor': 0.5237, 'middle': 0.2236, 'wealthy': 0.0857, 'aristocrat': 0.167}",0,"[['gems', 'timber', 'weapons', 'wine']]","[['coal', 'glass']]",Ruler COR-14,professional guard,None,"Draconic, Dwarvish, Halfling","Tempus, Torm",162084,631592082,277.31,55.3,77.0,2,0,synthetic generator v2,synthetic,0.7,3039469,2,7.0,-17.43374,17.28151
Calimshan Settlement 0653,Calimshan,Memnon,6269,31440119,2761389,"{'humans': 5148, 'elves': 387, 'dwarves': 608, 'halflings': 312, 'half-orcs': 351, 'misc.': 0}",97,crime,['Dictatorship'],"{'poor': 0.4604, 'middle': 0.3633, 'wealthy': 0.0916, 'aristocrat': 0.0847}",0,"[['cloth', 'grain']]","[['mercenaries', 'ore', 'parchment']]",Ruler CAL-931,small militia,guilds,"Common, Dwarvish, Orc",Selune,169269,841078201,85.1,85.9,18.3,5,0,synthetic generator v2,derived,0.47,35829495,-1,17.5,0.84984,-56.26087
Cormyr Settlement 0654,Cormyr,Suzail,6155,47750726,208510,"{'humans': 4902, 'elves': 410, 'dwarves': 580, 'halflings': 176, 'half-orcs': 311, 'misc.': 0}",123,crime,['Dictatorship'],"{'poor': 0.4624, 'middle': 0.2902, 'wealthy': 0.0655, 'aristocrat': 0.1819}",15,[['armor']],"[['coal', 'jewelry', 'ore', 'silk', 'spices']]",Ruler COR-571,mercenary heavy,None,"Draconic, Elvish, Orc",Torm,162084,631592082,57.82,54.8,77.4,3,0,synthetic generator v2,derived,0.9,38117765,-4,22.5,36.15221,-0.50298
Calimshan Settlement 0655,Calimshan,Memnon,598,1118197,41051,"{'humans': 507, 'elves': 56, 'dwarves': 50, 'halflings': 14, 'half-orcs': 15, 'misc.': 0}",134,disease,['Merchant Council'],"{'poor': 0.6775, 'middle': 0.2715, 'wealthy': 0.0462, 'aristocrat': 0.0049}",15,"[['armor', 'books', 'grain', 'horses', 'salt']]","[['glass', 'mercenaries', 'silk', 'spices']]",Ruler CAL-39,small militia,arcanum,"Dwarvish, Elvish, Orc","Mystra, Tempus, Tyr",169269,841078201,467.46,84.9,44.6,5,0,synthetic generator v2,synthetic,0.62,925014,1,29.5,43.8397,43.26019
Baldurs Gate Settlement 0656,Baldurs Gate,Baldur's Gate,498,3108830,214495,"{'humans': 404, 'elves': 54, 'dwarves': 18, 'halflings': 42, 'half-orcs': 12, 'misc.': 0}",76,disease,['Monarchy'],"{'poor': 0.5488, 'middle': 0.2665, 'wealthy': 0.0423, 'aristocrat': 0.1424}",8,[['salt']],"[['magic items', 'mercenaries', 'parchment', 'silk']]",Ruler BAL-680,professional guard,None,Draconic,"Chauntea, Torm",261869,1312711673,480.06,63.7,34.9,7,0,synthetic generator v2,derived,0.88,2854577,-3,30.9,38.02235,-26.40727
Sembia Settlement 0657,Sembia,Selgaunt,3924,40839318,2108329,"{'humans': 3007, 'elves': 271, 'dwarves': 200, 'halflings': 289, 'half-orcs': 106, 'misc.': 51}",47,crime,['Confederacy'],"{'poor': 0.4515, 'middle': 0.2148, 'wealthy': 0.0637, 'aristocrat': 0.27}",20,"[['cloth', 'gems', 'grain', 'wine']]","[['coal', 'magic items', 'mercenaries', 'parchment', 'silk']]",Ruler SEM-456,small militia,guilds,"Draconic, Dwarvish, Orc","Mystra, Tempus, Tyr",210662,818271539,161.73,53.5,45.4,2,0,synthetic generator v2,synthetic,0.85,34276817,-1,23.0,-19.65031,-15.45935
Sembia Settlement 0658,Sembia,Selgaunt,6538,22193479,821918,"{'humans': 5433, 'elves': 313, 'dwarves': 615, 'halflings': 429, 'half-orcs': 119, 'misc.': 0}",157,crime,['Theocracy'],"{'poor': 0.5654, 'middle': 0.3356, 'wealthy': 0.0527, 'aristocrat': 0.0463}",4,"[['books', 'weapons', 'wine']]",[['parchment']],Ruler SEM-385,naval patrol,None,Halfling,Chauntea,210662,818271539,130.96,53.2,57.5,7,0,synthetic generator v2,synthetic,0.85,19114773,2,27.7,-10.8742,98.39733
Waterdeep Settlement 0659,Waterdeep,Waterdeep,1003,6083876,289715,"{'humans': 724, 'elves': 98, 'dwarves': 40, 'halflings': 70, 'half-orcs': 43, 'misc.': 28}",124,arcane mishap,['Magocracy'],"{'poor': 0.4809, 'middle': 0.353, 'wealthy': 0.0327, 'aristocrat': 0.1335}",10,"[['grain', 'salt', 'timber']]","[['mercenaries', 'ore']]",Ruler WAT-436,professional guard,None,"Elvish, Halfling, Orc",Selune,190388,767901516,137.09,54.5,44.8,1,0,synthetic generator v2,synthetic,0.62,6226470,1,11.5,-26.80363,-57.1636
Baldurs Gate Settlement 0660,Baldurs Gate,Baldur's Gate,1853,9735309,1026566,"{'humans': 1583, 'elves': 199, 'dwarves': 90, 'halflings': 165, 'half-orcs': 54, 'misc.': 0}",27,arcane mishap,['Theocracy'],"{'poor': 0.5885, 'middle': 0.2475, 'wealthy': 0.0542, 'aristocrat': 0.1098}",1,[['fish']],"[['coal', 'jewelry', 'magic items', 'mercenaries', 'ore']]",Ruler BAL-504,mercenary heavy,guilds,"Draconic, Dwarvish, Halfling","Tempus, Torm",261869,1312711673,363.09,59.4,41.3,10,0,synthetic generator v2,synthetic,0.75,12863406,-4,35.8,43.49802,-74.47475
Amn Settlement 0661,Amn,Athkatla,307,642579,11006,"{'humans': 270, 'elves': 6, 'dwarves': 15, 'halflings': 13, 'half-orcs': 10, 'misc.': 0}",146,famine,['Dictatorship'],"{'poor': 0.6121, 'middle': 0.3241, 'wealthy': 0.0587, 'aristocrat': 0.005}",16,"[['cloth', 'fish', 'gems', 'timber', 'wine']]","[['coal', 'glass', 'jewelry', 'magic items', 'silk']]",Ruler AMN-352,small militia,guilds,"Common, Dwarvish, Elvish","Selune, Torm",191831,772478497,100.9,67.6,60.2,9,0,synthetic generator v2,derived,0.63,692786,0,44.3,71.79074,-57.45146
Baldurs Gate Settlement 0662,Baldurs Gate,Baldur's Gate,179,1298454,127013,"{'humans': 148, 'elves': 12, 'dwarves': 14, 'halflings': 14, 'half-orcs': 8, 'misc.': 0}",112,famine,['Monarchy'],"{'poor': 0.4749, 'middle': 0.2695, 'wealthy': 0.0958, 'aristocrat': 0.1597}",8,[['cloth']],"[['coal', 'glass']]",Ruler BAL-890,naval patrol,None,Orc,Lathander,261869,1312711673,187.97,55.6,41.5,4,0,synthetic generator v2,synthetic,0.54,1667314,-1,20.4,-34.85979,-36.32703
Amn Settlement 0663,Amn,Athkatla,1706,3443973,181587,"{'humans': 1177, 'elves': 97, 'dwarves': 61, 'halflings': 87, 'half-orcs': 68, 'misc.': 216}",157,old age,['Magocracy'],"{'poor': 0.6147, 'middle': 0.3308, 'wealthy': 0.05, 'aristocrat': 0.0045}",0,"[['horses', 'salt', 'timber', 'weapons']]","[['coal', 'ore', 'silk']]",Ruler AMN-336,professional guard,arcanum,"Halfling, Orc",Mystra,191831,772478497,290.26,67.3,82.2,6,0,synthetic generator v2,synthetic,0.76,2830773,1,21.0,-5.47645,-24.16182
Tethyr Settlement 0664,Tethyr,Darromar,1971,12113078,874236,"{'humans': 1548, 'elves': 135, 'dwarves': 177, 'halflings': 149, 'half-orcs': 43, 'misc.': 0}",137,crime,['Dictatorship'],"{'poor': 0.5937, 'middle': 0.22, 'wealthy': 0.0444, 'aristocrat': 0.142}",0,"[['armor', 'books', 'cloth', 'grain', 'horses']]",[['mercenaries']],Ruler TET-476,naval patrol,arcanum,Elvish,"Tempus, Tyr",306344,1288038783,315.01,71.8,69.0,6,0,synthetic generator v2,derived,0.52,15761811,4,21.0,-4.54224,0.92718
Waterdeep Settlement 0665,Waterdeep,Waterdeep,935,3750339,282927,"{'humans': 675, 'elves': 37, 'dwarves': 50, 'halflings': 47, 'half-orcs': 45, 'misc.': 81}",62,arcane mishap,['Theocracy'],"{'poor': 0.4914, 'middle': 0.3983, 'wealthy': 0.0478, 'aristocrat': 0.0625}",13,"[['armor', 'fish', 'gems', 'horses', 'wine']]","[['magic items', 'parchment', 'silk', 'spices']]",Ruler WAT-556,naval patrol,local academy,Draconic,Selune,190388,767901516,446.97,51.9,47.1,0,2,synthetic generator v2,synthetic,0.63,4589243,1,12.2,-27.37901,116.8657
Calimshan Settlement 0666,Calimshan,Memnon,2310,4983185,360887,"{'humans': 1815, 'elves': 115, 'dwarves': 87, 'halflings': 66, 'half-orcs': 91, 'misc.': 136}",175,arcane mishap,['Confederacy'],"{'poor': 0.6181, 'middle': 0.3035, 'wealthy': 0.074, 'aristocrat': 0.0044}",0,[['horses']],"[['coal', 'spices']]",Ruler CAL-584,professional guard,local academy,"Dwarvish, Orc",Selune,169269,841078201,57.01,85.1,37.5,8,1,synthetic generator v2,derived,0.44,5217482,-1,28.9,28.17032,-96.68736
Amn Settlement 0667,Amn,Athkatla,731,2055409,128742,"{'humans': 567, 'elves': 19, 'dwarves': 29, 'halflings': 54, 'half-orcs': 11, 'misc.': 51}",38,famine,['Theocracy'],"{'poor': 0.6336, 'middle': 0.2581, 'wealthy': 0.0827, 'aristocrat': 0.0256}",0,"[['armor', 'gems', 'weapons']]","[['jewelry', 'magic items', 'parchment', 'spices']]",Ruler AMN-989,mercenary heavy,local academy,"Dwarvish, Orc",Torm,191831,772478497,412.64,65.7,60.8,4,0,synthetic generator v2,synthetic,0.81,1762373,-1,14.0,-5.24223,-93.29381
Amn Settlement 0668,Amn,Athkatla,378,833338,858,"{'humans': 303, 'elves': 37, 'dwarves': 31, 'halflings': 32, 'half-orcs': 15, 'misc.': 0}",63,famine,['Monarchy'],"{'poor': 0.6213, 'middle': 0.2923, 'wealthy': 0.0818, 'aristocrat': 0.0046}",9,"[['armor', 'cloth', 'grain', 'salt', 'timber']]",[['silk']],Ruler AMN-148,mercenary heavy,arcanum,Common,"Lathander, Mystra, Selune",191831,772478497,326.31,62.5,90.3,5,0,synthetic generator v2,synthetic,0.87,987607,4,24.7,18.37559,28.49306
Calimshan Settlement 0669,Calimshan,Memnon,3262,6874578,29924,"{'humans': 2912, 'elves': 387, 'dwarves': 323, 'halflings': 111, 'half-orcs': 114, 'misc.': 0}",88,war,['Democracy'],"{'poor': 0.613, 'middle': 0.3188, 'wealthy': 0.0637, 'aristocrat': 0.0045}",0,"[['armor', 'fish', 'timber', 'wine']]","[['glass', 'ore']]",Ruler CAL-220,small militia,guilds,"Draconic, Dwarvish, Orc","Mystra, Tempus",169269,841078201,423.61,73.8,25.5,9,0,synthetic generator v2,synthetic,0.85,7514670,2,31.5,-8.60488,-41.93279
Cormyr Settlement 0670,Cormyr,Suzail,392,3533804,89181,"{'humans': 262, 'elves': 21, 'dwarves': 26, 'halflings': 37, 'half-orcs': 8, 'misc.': 38}",48,monster attack,['Magocracy'],"{'poor': 0.5067, 'middle': 0.2319, 'wealthy': 0.0261, 'aristocrat': 0.2353}",13,"[['grain', 'horses', 'salt', 'weapons']]","[['glass', 'magic items']]",Ruler COR-29,professional guard,None,"Common, Dwarvish, Elvish","Chauntea, Mystra, Tyr",162084,631592082,423.77,54.3,74.4,2,0,synthetic generator v2,synthetic,0.52,4175147,2,17.4,40.57278,127.9276
Amn Settlement 0671,Amn,Athkatla,2826,14201760,573858,"{'humans': 2032, 'elves': 319, 'dwarves': 276, 'halflings': 254, 'half-orcs': 40, 'misc.': 0}",164,monster attack,['Theocracy'],"{'poor': 0.5762, 'middle': 0.2901, 'wealthy': 0.0266, 'aristocrat': 0.107}",14,"[['cloth', 'horses']]","[['coal', 'jewelry']]",Ruler AMN-368,naval patrol,guilds,"Draconic, Elvish","Lathander, Mystra, Torm",191831,772478497,19.38,70.0,83.9,4,0,synthetic generator v2,synthetic,0.82,12712468,0,25.2,14.85019,-115.07543
Neverwinter Settlement 0672,Neverwinter,Neverwinter,800,3545814,139826,"{'humans': 701, 'elves': 43, 'dwarves': 75, 'halflings': 75, 'half-orcs': 32, 'misc.': 0}",87,old age,['Merchant Council'],"{'poor': 0.5562, 'middle': 0.2871, 'wealthy': 0.0826, 'aristocrat': 0.0741}",5,"[['books', 'cloth', 'grain', 'weapons', 'wine']]","[['ore', 'spices']]",Ruler NEV-457,professional guard,guilds,Halfling,"Chauntea, Tempus, Tyr",172720,723835434,47.98,43.6,36.9,7,0,synthetic generator v2,synthetic,0.57,3428381,3,28.5,46.46693,-61.22869
Calimshan Settlement 0673,Calimshan,Memnon,1972,9025681,522702,"{'humans': 1608, 'elves': 46, 'dwarves': 96, 'halflings': 79, 'half-orcs': 44, 'misc.': 99}",134,disease,['Democracy'],"{'poor': 0.4995, 'middle': 0.347, 'wealthy': 0.0777, 'aristocrat': 0.0758}",0,[['fish']],"[['coal', 'magic items', 'ore']]",Ruler CAL-501,professional guard,arcanum,Elvish,Tyr,169269,841078201,433.95,73.7,33.6,6,0,synthetic generator v2,synthetic,0.79,12493497,-2,21.0,-26.44914,-26.24607
Tethyr Settlement 0674,Tethyr,Darromar,940,4712684,109189,"{'humans': 651, 'elves': 19, 'dwarves': 38, 'halflings': 28, 'half-orcs': 34, 'misc.': 170}",171,monster attack,['Monarchy'],"{'poor': 0.6092, 'middle': 0.2034, 'wealthy': 0.0918, 'aristocrat': 0.0955}",8,"[['fish', 'grain']]","[['glass', 'magic items', 'parchment']]",Ruler TET-575,mercenary heavy,arcanum,"Common, Elvish, Halfling","Chauntea, Selune, Tempus",306344,1288038783,221.58,67.8,66.0,3,0,synthetic generator v2,derived,0.5,3822709,-1,16.9,-24.01355,118.2771
Cormyr Settlement 0675,Cormyr,Suzail,1883,16695289,176348,"{'humans': 1653, 'elves': 210, 'dwarves': 185, 'halflings': 97, 'half-orcs': 87, 'misc.': 0}",125,disease,['Magocracy'],"{'poor': 0.4683, 'middle': 0.2369, 'wealthy': 0.0779, 'aristocrat': 0.2168}",6,"[['armor', 'books', 'cloth', 'salt', 'wine']]","[['coal', 'jewelry', 'parchment', 'spices']]",Ruler COR-577,mercenary heavy,guilds,"Common, Draconic, Elvish","Selune, Tempus",162084,631592082,488.82,56.5,74.1,5,0,synthetic generator v2,derived,0.45,21377928,1,22.3,1.776,17.42523
Waterdeep Settlement 0676,Waterdeep,Waterdeep,3442,7243119,299726,"{'humans': 2928, 'elves': 152, 'dwarves': 134, 'halflings': 150, 'half-orcs': 147, 'misc.': 0}",100,arcane mishap,['Merchant Council'],"{'poor': 0.5982, 'middle': 0.3388, 'wealthy': 0.0585, 'aristocrat': 0.0044}",0,"[['cloth', 'fish', 'gems', 'horses', 'wine']]","[['coal', 'jewelry']]",Ruler WAT-497,professional guard,local academy,"Common, Orc","Mystra, Tempus, Torm",190388,767901516,361.43,47.1,28.2,2,0,synthetic generator v2,derived,0.82,7374855,3,7.0,52.9344,-103.17991
Amn Settlement 0677,Amn,Athkatla,908,2445051,100300,"{'humans': 615, 'elves': 84, 'dwarves': 90, 'halflings': 67, 'half-orcs': 44, 'misc.': 8}",53,arcane mishap,['Merchant Council'],"{'poor': 0.5461, 'middle': 0.3536, 'wealthy': 0.0857, 'aristocrat': 0.0146}",0,"[['cloth', 'timber']]","[['jewelry', 'parchment']]",Ruler AMN-601,small militia,arcanum,"Draconic, Orc","Lathander, Tempus, Tyr",191831,772478497,216.08,66.1,81.1,2,0,synthetic generator v2,derived,0.9,2004734,0,7.0,-10.32156,82.72289
Cormyr Settlement 0678,Cormyr,Suzail,659,6531270,185679,"{'humans': 453, 'elves': 41, 'dwarves': 38, 'halflings': 50, 'half-orcs': 22, 'misc.': 55}",42,monster attack,['Monarchy'],"{'poor': 0.4701, 'middle': 0.2228, 'wealthy': 0.0495, 'aristocrat': 0.2577}",14,"[['armor', 'fish', 'horses', 'timber']]","[['coal', 'jewelry', 'magic items', 'silk', 'spices']]",Ruler COR-450,professional guard,arcanum,"Draconic, Dwarvish, Orc",Selune,162084,631592082,543.17,57.5,54.3,6,0,synthetic generator v2,synthetic,0.7,5224077,-1,32.2,69.78259,-108.47674
Calimshan Settlement 0679,Calimshan,Memnon,128,633527,8316,"{'humans': 83, 'elves': 6, 'dwarves': 4, 'halflings': 12, 'half-orcs': 7, 'misc.': 16}",85,crime,['Patriarchy'],"{'poor': 0.4751, 'middle': 0.3553, 'wealthy': 0.0847, 'aristocrat': 0.085}",6,"[['books', 'gems', 'salt', 'timber']]","[['coal', 'jewelry', 'mercenaries', 'parchment']]",Ruler CAL-328,mercenary heavy,arcanum,Orc,"Chauntea, Mystra",169269,841078201,317.77,76.8,47.2,5,0,synthetic generator v2,synthetic,0.76,509225,0,22.3,10.55415,14.84921
Neverwinter Settlement 0680,Neverwinter,Neverwinter,1558,8915380,162925,"{'humans': 1059, 'elves': 101, 'dwarves': 72, 'halflings': 82, 'half-orcs': 87, 'misc.': 157}",125,famine,['Patriarchy'],"{'poor': 0.5443, 'middle': 0.275, 'wealthy': 0.0596, 'aristocrat': 0.1211}",0,[['cloth']],"[['coal', 'ore', 'silk']]",Ruler NEV-199,naval patrol,local academy,Halfling,"Lathander, Selune, Torm",172720,723835434,409.3,51.7,39.8,5,0,synthetic generator v2,derived,0.79,11211332,-2,17.5,-3.16521,5.79507
Amn Settlement 0681,Amn,Athkatla,4978,12891947,178261,"{'humans': 4364, 'elves': 225, 'dwarves': 226, 'halflings': 444, 'half-orcs': 228, 'misc.': 0}",54,disease,['Dictatorship'],"{'poor': 0.563, 'middle': 0.3751, 'wealthy': 0.0399, 'aristocrat': 0.0219}",11,"[['armor', 'grain', 'wine']]","[['coal', 'jewelry', 'mercenaries', 'ore']]",Ruler AMN-115,mercenary heavy,None,"Draconic, Dwarvish","Chauntea, Torm",191831,772478497,519.83,66.6,86.8,7,0,synthetic generator v2,synthetic,0.58,17729968,-1,33.3,7.28635,-26.81493
Cormyr Settlement 0682,Cormyr,Suzail,835,1930292,12361,"{'humans': 555, 'elves': 19, 'dwarves': 52, 'halflings': 73, 'half-orcs': 32, 'misc.': 104}",76,old age,['Satrapy'],"{'poor': 0.611, 'middle': 0.2905, 'wealthy': 0.0935, 'aristocrat': 0.005}",11,[['horses']],[['coal']],Ruler COR-119,naval patrol,guilds,"Common, Draconic","Chauntea, Selune, Torm",162084,631592082,250.03,63.7,49.5,5,1,synthetic generator v2,synthetic,0.55,2146369,0,27.2,64.13308,81.04463
Cormyr Settlement 0683,Cormyr,Suzail,1164,2201624,73727,"{'humans': 907, 'elves': 57, 'dwarves': 68, 'halflings': 42, 'half-orcs': 16, 'misc.': 74}",35,disease,['Merchant Council'],"{'poor': 0.5949, 'middle': 0.3794, 'wealthy': 0.021, 'aristocrat': 0.0048}",16,"[['armor', 'horses', 'weapons']]","[['coal', 'mercenaries', 'silk', 'spices']]",Ruler COR-106,professional guard,None,Orc,"Chauntea, Tempus",162084,631592082,60.63,55.0,62.0,9,0,synthetic generator v2,derived,0.74,2173818,-1,44.3,-0.27406,64.35276
Baldurs Gate Settlement 0684,Baldurs Gate,Baldur's Gate,293,1271650,37727,"{'humans': 224, 'elves': 12, 'dwarves': 19, 'halflings': 28, 'half-orcs': 7, 'misc.': 3}",48,crime,['Merchant Council'],"{'poor': 0.4607, 'middle': 0.3966, 'wealthy': 0.0775, 'aristocrat': 0.0651}",1,"[['books', 'grain', 'weapons']]","[['glass', 'mercenaries', 'parchment', 'silk', 'spices']]",Ruler BAL-95,small militia,local academy,Dwarvish,"Selune, Tyr",261869,1312711673,292.52,63.8,54.2,3,0,synthetic generator v2,derived,0.48,1433947,-2,11.3,51.15816,57.47549
Sembia Settlement 0685,Sembia,Selgaunt,840,3585564,108828,"{'humans': 681, 'elves': 50, 'dwarves': 51, 'halflings': 60, 'half-orcs': 24, 'misc.': 0}",50,old age,['Dictatorship'],"{'poor': 0.5308, 'middle': 0.349, 'wealthy': 0.0458, 'aristocrat': 0.0744}",11,"[['books', 'gems', 'grain', 'timber', 'weapons']]","[['jewelry', 'ore', 'silk']]",Ruler SEM-233,mercenary heavy,guilds,"Dwarvish, Elvish, Halfling",Lathander,210662,818271539,386.48,58.9,63.9,10,0,synthetic generator v2,synthetic,0.52,3811340,2,43.8,33.0461,123.01907
Baldurs Gate Settlement 0686,Baldurs Gate,Baldur's Gate,743,3224074,168687,"{'humans': 539, 'elves': 45, 'dwarves': 40, 'halflings': 62, 'half-orcs': 33, 'misc.': 24}",123,monster attack,['Merchant Council'],"{'poor': 0.4681, 'middle': 0.3884, 'wealthy': 0.078, 'aristocrat': 0.0655}",0,"[['gems', 'grain', 'horses', 'timber', 'wine']]","[['coal', 'silk']]",Ruler BAL-744,professional guard,guilds,"Common, Draconic, Halfling","Selune, Tyr",261869,1312711673,342.96,55.9,41.0,2,0,synthetic generator v2,synthetic,0.92,3887723,3,7.0,28.70854,8.84418
Sembia Settlement 0687,Sembia,Selgaunt,8699,19783631,1505010,"{'humans': 7776, 'elves': 900, 'dwarves': 537, 'halflings': 810, 'half-orcs': 119, 'misc.': 0}",118,old age,['Theocracy'],"{'poor': 0.54, 'middle': 0.3926, 'wealthy': 0.0624, 'aristocrat': 0.005}",0,"[['books', 'cloth']]","[['glass', 'ore', 'parchment', 'spices']]",Ruler SEM-497,professional guard,arcanum,Draconic,"Selune, Torm",210662,818271539,269.94,60.7,50.3,1,0,synthetic generator v2,synthetic,0.84,26204309,-2,3.5,-1.60833,112.91313
Waterdeep Settlement 0688,Waterdeep,Waterdeep,1130,9707629,467141,"{'humans': 756, 'elves': 31, 'dwarves': 81, 'halflings': 54, 'half-orcs': 26, 'misc.': 182}",159,monster attack,['Monarchy'],"{'poor': 0.472, 'middle': 0.247, 'wealthy': 0.0719, 'aristocrat': 0.2091}",0,"[['armor', 'cloth', 'grain', 'horses']]","[['magic items', 'ore', 'parchment']]",Ruler WAT-550,professional guard,None,"Halfling, Orc","Chauntea, Lathander, Selune",190388,767901516,32.6,45.7,45.4,5,0,synthetic generator v2,derived,0.42,12334083,1,17.5,-25.5146,105.35241
Neverwinter Settlement 0689,Neverwinter,Neverwinter,1753,11933749,584370,"{'humans': 1370, 'elves': 68, 'dwarves': 124, 'halflings': 124, 'half-orcs': 31, 'misc.': 36}",86,old age,['Dictatorship'],"{'poor': 0.5462, 'middle': 0.2497, 'wealthy': 0.0432, 'aristocrat': 0.1609}",11,[['fish']],"[['glass', 'jewelry', 'ore', 'parchment', 'silk']]",Ruler NEV-348,naval patrol,None,"Halfling, Orc",Tempus,172720,723835434,288.88,45.4,43.2,6,0,synthetic generator v2,synthetic,0.69,12787666,-4,29.8,2.89151,-58.01183
Cormyr Settlement 0690,Cormyr,Suzail,80,658530,39106,"{'humans': 54, 'elves': 3, 'dwarves': 4, 'halflings': 4, 'half-orcs': 4, 'misc.': 11}",175,monster attack,['Satrapy'],"{'poor': 0.4911, 'middle': 0.2594, 'wealthy': 0.0454, 'aristocrat': 0.204}",0,"[['horses', 'timber', 'weapons', 'wine']]","[['jewelry', 'mercenaries']]",Ruler COR-601,small militia,guilds,Halfling,Selune,162084,631592082,440.5,65.8,51.1,5,0,synthetic generator v2,synthetic,0.82,633428,2,17.5,57.20465,118.34832
Sembia Settlement 0691,Sembia,Selgaunt,5512,13348823,289036,"{'humans': 4134, 'elves': 660, 'dwarves': 476, 'halflings': 487, 'half-orcs': 75, 'misc.': 0}",160,famine,['Satrapy'],"{'poor': 0.5482, 'middle': 0.3562, 'wealthy': 0.091, 'aristocrat': 0.0046}",0,"[['fish', 'gems', 'weapons']]","[['jewelry', 'mercenaries', 'ore', 'silk']]",Ruler SEM-806,professional guard,guilds,Elvish,Lathander,210662,818271539,340.63,61.4,38.3,2,0,synthetic generator v2,derived,0.66,10888918,-1,7.0,49.4806,28.93527
Calimshan Settlement 0692,Calimshan,Memnon,139,1022563,19002,"{'humans': 111, 'elves': 11, 'dwarves': 12, 'halflings': 4, 'half-orcs': 7, 'misc.': 0}",161,crime,['Satrapy'],"{'poor': 0.4511, 'middle': 0.3516, 'wealthy': 0.0204, 'aristocrat': 0.177}",0,"[['cloth', 'fish', 'timber']]","[['glass', 'magic items', 'ore', 'parchment', 'silk']]",Ruler CAL-392,mercenary heavy,local academy,"Common, Elvish, Orc",Torm,169269,841078201,115.97,79.9,28.0,2,0,synthetic generator v2,derived,0.92,800838,-2,7.0,1.98386,-83.5705
Waterdeep Settlement 0693,Waterdeep,Waterdeep,216,722529,17544,"{'humans': 187, 'elves': 7, 'dwarves': 20, 'halflings': 9, 'half-orcs': 11, 'misc.': 0}",142,disease,['Patriarchy'],"{'poor': 0.5927, 'middle': 0.3107, 'wealthy': 0.0491, 'aristocrat': 0.0474}",5,[['timber']],"[['glass', 'mercenaries', 'parchment']]",Ruler WAT-793,naval patrol,None,"Halfling, Orc","Mystra, Selune, Torm",190388,767901516,38.41,53.1,48.9,9,0,synthetic generator v2,synthetic,0.5,680086,-2,35.5,8.74209,11.44925
Waterdeep Settlement 0694,Waterdeep,Waterdeep,756,4564378,175977,"{'humans': 638, 'elves': 47, 'dwarves': 68, 'halflings': 70, 'half-orcs': 39, 'misc.': 0}",127,old age,['Dictatorship'],"{'poor': 0.4809, 'middle': 0.3063, 'wealthy': 0.0928, 'aristocrat': 0.1201}",18,[['fish']],"[['glass', 'mercenaries', 'parchment', 'silk']]",Ruler WAT-662,small militia,guilds,"Common, Draconic, Halfling",Selune,190388,767901516,281.88,44.5,32.9,4,0,synthetic generator v2,derived,0.78,5793975,-3,28.4,61.91451,-32.95838
Waterdeep Settlement 0695,Waterdeep,Waterdeep,1134,2263797,100214,"{'humans': 817, 'elves': 122, 'dwarves': 61, 'halflings': 104, 'half-orcs': 13, 'misc.': 17}",32,monster attack,['Satrapy'],"{'poor': 0.597, 'middle': 0.3586, 'wealthy': 0.0397, 'aristocrat': 0.0046}",5,"[['armor', 'fish', 'horses', 'timber', 'weapons']]",[['glass']],Ruler WAT-791,small militia,None,"Common, Orc","Lathander, Tyr",190388,767901516,140.78,54.5,63.3,6,0,synthetic generator v2,derived,0.8,1919416,4,25.0,-35.95907,24.6588
Calimshan Settlement 0696,Calimshan,Memnon,627,3303544,46822,"{'humans': 443, 'elves': 26, 'dwarves': 44, 'halflings': 32, 'half-orcs': 16, 'misc.': 66}",173,disease,['Theocracy'],"{'poor': 0.5636, 'middle': 0.2413, 'wealthy': 0.0951, 'aristocrat': 0.1}",4,"[['cloth', 'weapons']]",[['magic items']],Ruler CAL-565,small militia,local academy,"Common, Draconic","Lathander, Selune",169269,841078201,349.44,72.6,24.2,0,0,synthetic generator v2,synthetic,0.79,3272736,1,3.2,-7.75063,-22.26508
Amn Settlement 0697,Amn,Athkatla,581,1725445,105229,"{'humans': 446, 'elves': 33, 'dwarves': 49, 'halflings': 49, 'half-orcs': 19, 'misc.': 0}",111,disease,['Dictatorship'],"{'poor': 0.6017, 'middle': 0.28, 'wealthy': 0.0916, 'aristocrat': 0.0267}",14,[['armor']],"[['coal', 'glass', 'magic items', 'silk']]",Ruler AMN-217,naval patrol,None,"Draconic, Dwarvish, Orc","Chauntea, Mystra, Selune",191831,772478497,184.49,68.0,73.8,2,0,synthetic generator v2,derived,0.86,1524478,-3,18.2,74.22556,-1.06414
Cormyr Settlement 0698,Cormyr,Suzail,1244,4792103,274745,"{'humans': 1005, 'elves': 63, 'dwarves': 96, 'halflings': 47, 'half-orcs': 35, 'misc.': 0}",137,disease,['Patriarchy'],"{'poor': 0.4936, 'middle': 0.3999, 'wealthy': 0.0495, 'aristocrat': 0.057}",0,"[['fish', 'gems']]",[['glass']],Ruler COR-974,naval patrol,None,"Draconic, Orc","Lathander, Tempus",162084,631592082,422.13,64.0,51.0,0,0,synthetic generator v2,derived,0.61,6292831,1,0.0,-33.86818,-113.76195
Neverwinter Settlement 0699,Neverwinter,Neverwinter,342,1528905,49987,"{'humans': 247, 'elves': 37, 'dwarves': 23, 'halflings': 17, 'half-orcs': 8, 'misc.': 10}",141,monster attack,['Patriarchy'],"{'poor': 0.5435, 'middle': 0.3453, 'wealthy': 0.0249, 'aristocrat': 0.0864}",0,[['timber']],"[['glass', 'parchment', 'spices']]",Ruler NEV-990,mercenary heavy,guilds,Elvish,Mystra,172720,723835434,232.05,46.9,37.8,6,0,synthetic generator v2,derived,0.47,1818508,-2,21.0,0.37809,67.32929
Waterdeep Settlement 0700,Waterdeep,Waterdeep,3907,19590715,774123,"{'humans': 3103, 'elves': 191, 'dwarves': 277, 'halflings': 379, 'half-orcs': 130, 'misc.': 0}",67,old age,['Monarchy'],"{'poor': 0.6115, 'middle': 0.2234, 'wealthy': 0.0637, 'aristocrat': 0.1015}",0,"[['armor', 'fish', 'gems', 'horses']]","[['coal', 'glass', 'mercenaries', 'ore', 'silk']]",Ruler WAT-1,professional guard,guilds,Elvish,"Mystra, Selune, Tempus",190388,767901516,246.74,57.9,55.8,4,0,synthetic generator v2,derived,0.36,16209428,-1,14.0,-26.44809,102.23603
