row_id,settlement,region_kingdom,export_item
1,Athkatla,Amn,['ale'
1,Athkatla,Amn,'amour'
1,Athkatla,Amn,'beer'
1,Athkatla,Amn,'caravan items (wagons'
1,Athkatla,Amn,'wheels)'
1,Athkatla,Amn,'gems'
1,Athkatla,Amn,'gold'
1,Athkatla,Amn,'grain'
1,Athkatla,Amn,'horses'
1,Athkatla,Amn,'iron'
1,Athkatla,Amn,'jewellery'
1,Athkatla,Amn,'weapons']
2,Amnwater,Amn,['ale'
2,Amnwater,Amn,'amour'
2,Amnwater,Amn,'beer'
2,Amnwater,Amn,'caravan items (wagons'
2,Amnwater,Amn,'wheels)'
2,Amnwater,Amn,'gems'
2,Amnwater,Amn,'gold'
2,Amnwater,Amn,'grain'
2,Amnwater,Amn,'horses'
2,Amnwater,Amn,'iron'
2,Amnwater,Amn,'jewellery'
2,Amnwater,Amn,'weapons']
3,Citadel Amnur,Amn,['ale'
3,Citadel Amnur,Amn,'amour'
3,Citadel Amnur,Amn,'beer'
3,Citadel Amnur,Amn,'caravan items (wagons'
3,Citadel Amnur,Amn,'wheels)'
3,Citadel Amnur,Amn,'gems'
3,Citadel Amnur,Amn,'gold'
3,Citadel Amnur,Amn,'grain'
3,Citadel Amnur,Amn,'horses'
3,Citadel Amnur,Amn,'iron'
3,Citadel Amnur,Amn,'jewellery'
3,Citadel Amnur,Amn,'weapons']
4,Citadel Rashturl,Amn,['ale'
4,Citadel Rashturl,Amn,'amour'
4,Citadel Rashturl,Amn,'beer'
4,Citadel Rashturl,Amn,'caravan items (wagons'
4,Citadel Rashturl,Amn,'wheels)'
4,Citadel Rashturl,Amn,'gems'
4,Citadel Rashturl,Amn,'gold'
4,Citadel Rashturl,Amn,'grain'
4,Citadel Rashturl,Amn,'horses'
4,Citadel Rashturl,Amn,'iron'
4,Citadel Rashturl,Amn,'jewellery'
4,Citadel Rashturl,Amn,'weapons']
5,Coryllvol,Amn,['ale'
5,Coryllvol,Amn,'amour'
5,Coryllvol,Amn,'beer'
5,Coryllvol,Amn,'caravan items (wagons'
5,Coryllvol,Amn,'wheels)'
5,Coryllvol,Amn,'gems'
5,Coryllvol,Amn,'gold'
5,Coryllvol,Amn,'grain'
5,Coryllvol,Amn,'horses'
5,Coryllvol,Amn,'iron'
5,Coryllvol,Amn,'jewellery'
5,Coryllvol,Amn,'weapons']
6,Crimmor,Amn,['ale'
6,Crimmor,Amn,'amour'
6,Crimmor,Amn,'beer'
6,Crimmor,Amn,'caravan items (wagons'
6,Crimmor,Amn,'wheels)'
6,Crimmor,Amn,'gems'
6,Crimmor,Amn,'gold'
6,Crimmor,Amn,'grain'
6,Crimmor,Amn,'horses'
6,Crimmor,Amn,'iron'
6,Crimmor,Amn,'jewellery'
6,Crimmor,Amn,'weapons']
7,Dark Redoubt,Amn,['ale'
7,Dark Redoubt,Amn,'amour'
7,Dark Redoubt,Amn,'beer'
7,Dark Redoubt,Amn,'caravan items (wagons'
7,Dark Redoubt,Amn,'wheels)'
7,Dark Redoubt,Amn,'gems'
7,Dark Redoubt,Amn,'gold'
7,Dark Redoubt,Amn,'grain'
7,Dark Redoubt,Amn,'horses'
7,Dark Redoubt,Amn,'iron'
7,Dark Redoubt,Amn,'jewellery'
7,Dark Redoubt,Amn,'weapons']
8,Edive,Amn,['ale'
8,Edive,Amn,'amour'
8,Edive,Amn,'beer'
8,Edive,Amn,'caravan items (wagons'
8,Edive,Amn,'wheels)'
8,Edive,Amn,'gems'
8,Edive,Amn,'gold'
8,Edive,Amn,'grain'
8,Edive,Amn,'horses'
8,Edive,Amn,'iron'
8,Edive,Amn,'jewellery'
8,Edive,Amn,'weapons']
9,Esford,Amn,['ale'
9,Esford,Amn,'amour'
9,Esford,Amn,'beer'
9,Esford,Amn,'caravan items (wagons'
9,Esford,Amn,'wheels)'
9,Esford,Amn,'gems'
9,Esford,Amn,'gold'
9,Esford,Amn,'grain'
9,Esford,Amn,'horses'
9,Esford,Amn,'iron'
9,Esford,Amn,'jewellery'
9,Esford,Amn,'weapons']
10,Eshpurta,Amn,['ale'
10,Eshpurta,Amn,'amour'
10,Eshpurta,Amn,'beer'
10,Eshpurta,Amn,'caravan items (wagons'
10,Eshpurta,Amn,'wheels)'
10,Eshpurta,Amn,'gems'
10,Eshpurta,Amn,'gold'
10,Eshpurta,Amn,'grain'
10,Eshpurta,Amn,'horses'
10,Eshpurta,Amn,'iron'
10,Eshpurta,Amn,'jewellery'
10,Eshpurta,Amn,'weapons']
11,Esmeltaran,Amn,['ale'
11,Esmeltaran,Amn,'amour'
11,Esmeltaran,Amn,'beer'
11,Esmeltaran,Amn,'caravan items (wagons'
11,Esmeltaran,Amn,'wheels)'
11,Esmeltaran,Amn,'gems'
11,Esmeltaran,Amn,'gold'
11,Esmeltaran,Amn,'grain'
11,Esmeltaran,Amn,'horses'
11,Esmeltaran,Amn,'iron'
11,Esmeltaran,Amn,'jewellery'
11,Esmeltaran,Amn,'weapons']
12,Gambiton,Amn,['ale'
12,Gambiton,Amn,'amour'
12,Gambiton,Amn,'beer'
12,Gambiton,Amn,'caravan items (wagons'
12,Gambiton,Amn,'wheels)'
12,Gambiton,Amn,'gems'
12,Gambiton,Amn,'gold'
12,Gambiton,Amn,'grain'
12,Gambiton,Amn,'horses'
12,Gambiton,Amn,'iron'
12,Gambiton,Amn,'jewellery'
12,Gambiton,Amn,'weapons']
13,Goldspires,Amn,['ale'
13,Goldspires,Amn,'amour'
13,Goldspires,Amn,'beer'
13,Goldspires,Amn,'caravan items (wagons'
13,Goldspires,Amn,'wheels)'
13,Goldspires,Amn,'gems'
13,Goldspires,Amn,'gold'
13,Goldspires,Amn,'grain'
13,Goldspires,Amn,'horses'
13,Goldspires,Amn,'iron'
13,Goldspires,Amn,'jewellery'
13,Goldspires,Amn,'weapons']
14,Hillfort Ishla,Amn,['ale'
14,Hillfort Ishla,Amn,'amour'
14,Hillfort Ishla,Amn,'beer'
14,Hillfort Ishla,Amn,'caravan items (wagons'
14,Hillfort Ishla,Amn,'wheels)'
14,Hillfort Ishla,Amn,'gems'
14,Hillfort Ishla,Amn,'gold'
14,Hillfort Ishla,Amn,'grain'
14,Hillfort Ishla,Amn,'horses'
14,Hillfort Ishla,Amn,'iron'
14,Hillfort Ishla,Amn,'jewellery'
14,Hillfort Ishla,Amn,'weapons']
15,Hillfort Keshla,Amn,['ale'
15,Hillfort Keshla,Amn,'amour'
15,Hillfort Keshla,Amn,'beer'
15,Hillfort Keshla,Amn,'caravan items (wagons'
15,Hillfort Keshla,Amn,'wheels)'
15,Hillfort Keshla,Amn,'gems'
15,Hillfort Keshla,Amn,'gold'
15,Hillfort Keshla,Amn,'grain'
15,Hillfort Keshla,Amn,'horses'
15,Hillfort Keshla,Amn,'iron'
15,Hillfort Keshla,Amn,'jewellery'
15,Hillfort Keshla,Amn,'weapons']
16,Hillfort Torbold,Amn,['ale'
16,Hillfort Torbold,Amn,'amour'
16,Hillfort Torbold,Amn,'beer'
16,Hillfort Torbold,Amn,'caravan items (wagons'
16,Hillfort Torbold,Amn,'wheels)'
16,Hillfort Torbold,Amn,'gems'
16,Hillfort Torbold,Amn,'gold'
16,Hillfort Torbold,Amn,'grain'
16,Hillfort Torbold,Amn,'horses'
16,Hillfort Torbold,Amn,'iron'
16,Hillfort Torbold,Amn,'jewellery'
16,Hillfort Torbold,Amn,'weapons']
17,Ideepton,Amn,['ale'
17,Ideepton,Amn,'amour'
17,Ideepton,Amn,'beer'
17,Ideepton,Amn,'caravan items (wagons'
17,Ideepton,Amn,'wheels)'
17,Ideepton,Amn,'gems'
17,Ideepton,Amn,'gold'
17,Ideepton,Amn,'grain'
17,Ideepton,Amn,'horses'
17,Ideepton,Amn,'iron'
17,Ideepton,Amn,'jewellery'
17,Ideepton,Amn,'weapons']
18,Imnescar,Amn,['ale'
18,Imnescar,Amn,'amour'
18,Imnescar,Amn,'beer'
18,Imnescar,Amn,'caravan items (wagons'
18,Imnescar,Amn,'wheels)'
18,Imnescar,Amn,'gems'
18,Imnescar,Amn,'gold'
18,Imnescar,Amn,'grain'
18,Imnescar,Amn,'horses'
18,Imnescar,Amn,'iron'
18,Imnescar,Amn,'jewellery'
18,Imnescar,Amn,'weapons']
19,Keczulla,Amn,['ale'
19,Keczulla,Amn,'amour'
19,Keczulla,Amn,'beer'
19,Keczulla,Amn,'caravan items (wagons'
19,Keczulla,Amn,'wheels)'
19,Keczulla,Amn,'gems'
19,Keczulla,Amn,'gold'
19,Keczulla,Amn,'grain'
19,Keczulla,Amn,'horses'
19,Keczulla,Amn,'iron'
19,Keczulla,Amn,'jewellery'
19,Keczulla,Amn,'weapons']
20,Minsor Vale,Amn,['ale'
20,Minsor Vale,Amn,'amour'
20,Minsor Vale,Amn,'beer'
20,Minsor Vale,Amn,'caravan items (wagons'
20,Minsor Vale,Amn,'wheels)'
20,Minsor Vale,Amn,'gems'
20,Minsor Vale,Amn,'gold'
20,Minsor Vale,Amn,'grain'
20,Minsor Vale,Amn,'horses'
20,Minsor Vale,Amn,'iron'
20,Minsor Vale,Amn,'jewellery'
20,Minsor Vale,Amn,'weapons']
21,Murann,Amn,['ale'
21,Murann,Amn,'amour'
21,Murann,Amn,'beer'
21,Murann,Amn,'caravan items (wagons'
21,Murann,Amn,'wheels)'
21,Murann,Amn,'gems'
21,Murann,Amn,'gold'
21,Murann,Amn,'grain'
21,Murann,Amn,'horses'
21,Murann,Amn,'iron'
21,Murann,Amn,'jewellery'
21,Murann,Amn,'weapons']
22,Nashkel,Amn,['ale'
22,Nashkel,Amn,'amour'
22,Nashkel,Amn,'beer'
22,Nashkel,Amn,'caravan items (wagons'
22,Nashkel,Amn,'wheels)'
22,Nashkel,Amn,'gems'
22,Nashkel,Amn,'gold'
22,Nashkel,Amn,'grain'
22,Nashkel,Amn,'horses'
22,Nashkel,Amn,'iron'
22,Nashkel,Amn,'jewellery'
22,Nashkel,Amn,'weapons']
23,Purskul,Amn,['ale'
23,Purskul,Amn,'amour'
23,Purskul,Amn,'beer'
23,Purskul,Amn,'caravan items (wagons'
23,Purskul,Amn,'wheels)'
23,Purskul,Amn,'gems'
23,Purskul,Amn,'gold'
23,Purskul,Amn,'grain'
23,Purskul,Amn,'horses'
23,Purskul,Amn,'iron'
23,Purskul,Amn,'jewellery'
23,Purskul,Amn,'weapons']
24,Quarrelshigh,Amn,['ale'
24,Quarrelshigh,Amn,'amour'
24,Quarrelshigh,Amn,'beer'
24,Quarrelshigh,Amn,'caravan items (wagons'
24,Quarrelshigh,Amn,'wheels)'
24,Quarrelshigh,Amn,'gems'
24,Quarrelshigh,Amn,'gold'
24,Quarrelshigh,Amn,'grain'
24,Quarrelshigh,Amn,'horses'
24,Quarrelshigh,Amn,'iron'
24,Quarrelshigh,Amn,'jewellery'
24,Quarrelshigh,Amn,'weapons']
25,Riatavin,Amn,['ale'
25,Riatavin,Amn,'amour'
25,Riatavin,Amn,'beer'
25,Riatavin,Amn,'caravan items (wagons'
25,Riatavin,Amn,'wheels)'
25,Riatavin,Amn,'gems'
25,Riatavin,Amn,'gold'
25,Riatavin,Amn,'grain'
25,Riatavin,Amn,'horses'
25,Riatavin,Amn,'iron'
25,Riatavin,Amn,'jewellery'
25,Riatavin,Amn,'weapons']
26,Scimitar,Amn,['ale'
26,Scimitar,Amn,'amour'
26,Scimitar,Amn,'beer'
26,Scimitar,Amn,'caravan items (wagons'
26,Scimitar,Amn,'wheels)'
26,Scimitar,Amn,'gems'
26,Scimitar,Amn,'gold'
26,Scimitar,Amn,'grain'
26,Scimitar,Amn,'horses'
26,Scimitar,Amn,'iron'
26,Scimitar,Amn,'jewellery'
26,Scimitar,Amn,'weapons']
27,Shatar,Amn,['ale'
27,Shatar,Amn,'amour'
27,Shatar,Amn,'beer'
27,Shatar,Amn,'caravan items (wagons'
27,Shatar,Amn,'wheels)'
27,Shatar,Amn,'gems'
27,Shatar,Amn,'gold'
27,Shatar,Amn,'grain'
27,Shatar,Amn,'horses'
27,Shatar,Amn,'iron'
27,Shatar,Amn,'jewellery'
27,Shatar,Amn,'weapons']
28,Shepherdston,Amn,['ale'
28,Shepherdston,Amn,'amour'
28,Shepherdston,Amn,'beer'
28,Shepherdston,Amn,'caravan items (wagons'
28,Shepherdston,Amn,'wheels)'
28,Shepherdston,Amn,'gems'
28,Shepherdston,Amn,'gold'
28,Shepherdston,Amn,'grain'
28,Shepherdston,Amn,'horses'
28,Shepherdston,Amn,'iron'
28,Shepherdston,Amn,'jewellery'
28,Shepherdston,Amn,'weapons']
29,Trademeet,Amn,['ale'
29,Trademeet,Amn,'amour'
29,Trademeet,Amn,'beer'
29,Trademeet,Amn,'caravan items (wagons'
29,Trademeet,Amn,'wheels)'
29,Trademeet,Amn,'gems'
29,Trademeet,Amn,'gold'
29,Trademeet,Amn,'grain'
29,Trademeet,Amn,'horses'
29,Trademeet,Amn,'iron'
29,Trademeet,Amn,'jewellery'
29,Trademeet,Amn,'weapons']
30,Trailstone,Amn,['ale'
30,Trailstone,Amn,'amour'
30,Trailstone,Amn,'beer'
30,Trailstone,Amn,'caravan items (wagons'
30,Trailstone,Amn,'wheels)'
30,Trailstone,Amn,'gems'
30,Trailstone,Amn,'gold'
30,Trailstone,Amn,'grain'
30,Trailstone,Amn,'horses'
30,Trailstone,Amn,'iron'
30,Trailstone,Amn,'jewellery'
30,Trailstone,Amn,'weapons']
31,Zinner,Amn,['ale'
31,Zinner,Amn,'amour'
31,Zinner,Amn,'beer'
31,Zinner,Amn,'caravan items (wagons'
31,Zinner,Amn,'wheels)'
31,Zinner,Amn,'gems'
31,Zinner,Amn,'gold'
31,Zinner,Amn,'grain'
31,Zinner,Amn,'horses'
31,Zinner,Amn,'iron'
31,Zinner,Amn,'jewellery'
31,Zinner,Amn,'weapons']
32,Calimport,Calimshan,['armour'
32,Calimport,Calimshan,'books'
32,Calimport,Calimshan,'gems'
32,Calimport,Calimshan,'jewellery'
32,Calimport,Calimshan,'leather goods'
32,Calimport,Calimshan,'mercenaries'
32,Calimport,Calimshan,'minor magic items'
32,Calimport,Calimshan,'pearls'
32,Calimport,Calimshan,'pottery'
32,Calimport,Calimshan,'rare herbs'
32,Calimport,Calimshan,'rope'
32,Calimport,Calimshan,'ships'
32,Calimport,Calimshan,'silk'
32,Calimport,Calimshan,'spices'
32,Calimport,Calimshan,'weapons'
32,Calimport,Calimshan,'wine']
33,Almraiven,Calimshan,['armour'
33,Almraiven,Calimshan,'books'
33,Almraiven,Calimshan,'gems'
33,Almraiven,Calimshan,'jewellery'
33,Almraiven,Calimshan,'leather goods'
33,Almraiven,Calimshan,'mercenaries'
33,Almraiven,Calimshan,'minor magic items'
33,Almraiven,Calimshan,'pearls'
33,Almraiven,Calimshan,'pottery'
33,Almraiven,Calimshan,'rare herbs'
33,Almraiven,Calimshan,'rope'
33,Almraiven,Calimshan,'ships'
33,Almraiven,Calimshan,'silk'
33,Almraiven,Calimshan,'spices'
33,Almraiven,Calimshan,'weapons'
33,Almraiven,Calimshan,'wine']
34,Keltar,Calimshan,['armour'
34,Keltar,Calimshan,'books'
34,Keltar,Calimshan,'gems'
34,Keltar,Calimshan,'jewellery'
34,Keltar,Calimshan,'leather goods'
34,Keltar,Calimshan,'mercenaries'
34,Keltar,Calimshan,'minor magic items'
34,Keltar,Calimshan,'pearls'
34,Keltar,Calimshan,'pottery'
34,Keltar,Calimshan,'rare herbs'
34,Keltar,Calimshan,'rope'
34,Keltar,Calimshan,'ships'
34,Keltar,Calimshan,'silk'
34,Keltar,Calimshan,'spices'
34,Keltar,Calimshan,'weapons'
34,Keltar,Calimshan,'wine']
35,Manshaka,Calimshan,['armour'
35,Manshaka,Calimshan,'books'
35,Manshaka,Calimshan,'gems'
35,Manshaka,Calimshan,'jewellery'
35,Manshaka,Calimshan,'leather goods'
35,Manshaka,Calimshan,'mercenaries'
35,Manshaka,Calimshan,'minor magic items'
35,Manshaka,Calimshan,'pearls'
35,Manshaka,Calimshan,'pottery'
35,Manshaka,Calimshan,'rare herbs'
35,Manshaka,Calimshan,'rope'
35,Manshaka,Calimshan,'ships'
35,Manshaka,Calimshan,'silk'
35,Manshaka,Calimshan,'spices'
35,Manshaka,Calimshan,'weapons'
35,Manshaka,Calimshan,'wine']
36,Memnon,Calimshan,['armour'
36,Memnon,Calimshan,'books'
36,Memnon,Calimshan,'gems'
36,Memnon,Calimshan,'jewellery'
36,Memnon,Calimshan,'leather goods'
36,Memnon,Calimshan,'mercenaries'
36,Memnon,Calimshan,'minor magic items'
36,Memnon,Calimshan,'pearls'
36,Memnon,Calimshan,'pottery'
36,Memnon,Calimshan,'rare herbs'
36,Memnon,Calimshan,'rope'
36,Memnon,Calimshan,'ships'
36,Memnon,Calimshan,'silk'
36,Memnon,Calimshan,'spices'
36,Memnon,Calimshan,'weapons'
36,Memnon,Calimshan,'wine']
37,Schamedar,Calimshan,['armour'
37,Schamedar,Calimshan,'books'
37,Schamedar,Calimshan,'gems'
37,Schamedar,Calimshan,'jewellery'
37,Schamedar,Calimshan,'leather goods'
37,Schamedar,Calimshan,'mercenaries'
37,Schamedar,Calimshan,'minor magic items'
37,Schamedar,Calimshan,'pearls'
37,Schamedar,Calimshan,'pottery'
37,Schamedar,Calimshan,'rare herbs'
37,Schamedar,Calimshan,'rope'
37,Schamedar,Calimshan,'ships'
37,Schamedar,Calimshan,'silk'
37,Schamedar,Calimshan,'spices'
37,Schamedar,Calimshan,'weapons'
37,Schamedar,Calimshan,'wine']
38,Suldolphor,Calimshan,['armour'
38,Suldolphor,Calimshan,'books'
38,Suldolphor,Calimshan,'gems'
38,Suldolphor,Calimshan,'jewellery'
38,Suldolphor,Calimshan,'leather goods'
38,Suldolphor,Calimshan,'mercenaries'
38,Suldolphor,Calimshan,'minor magic items'
38,Suldolphor,Calimshan,'pearls'
38,Suldolphor,Calimshan,'pottery'
38,Suldolphor,Calimshan,'rare herbs'
38,Suldolphor,Calimshan,'rope'
38,Suldolphor,Calimshan,'ships'
38,Suldolphor,Calimshan,'silk'
38,Suldolphor,Calimshan,'spices'
38,Suldolphor,Calimshan,'weapons'
38,Suldolphor,Calimshan,'wine']
39,Teshburl,Calimshan,['armour'
39,Teshburl,Calimshan,'books'
39,Teshburl,Calimshan,'gems'
39,Teshburl,Calimshan,'jewellery'
39,Teshburl,Calimshan,'leather goods'
39,Teshburl,Calimshan,'mercenaries'
39,Teshburl,Calimshan,'minor magic items'
39,Teshburl,Calimshan,'pearls'
39,Teshburl,Calimshan,'pottery'
39,Teshburl,Calimshan,'rare herbs'
39,Teshburl,Calimshan,'rope'
39,Teshburl,Calimshan,'ships'
39,Teshburl,Calimshan,'silk'
39,Teshburl,Calimshan,'spices'
39,Teshburl,Calimshan,'weapons'
39,Teshburl,Calimshan,'wine']
40,Volothamp,Calimshan,['armour'
40,Volothamp,Calimshan,'books'
40,Volothamp,Calimshan,'gems'
40,Volothamp,Calimshan,'jewellery'
40,Volothamp,Calimshan,'leather goods'
40,Volothamp,Calimshan,'mercenaries'
40,Volothamp,Calimshan,'minor magic items'
40,Volothamp,Calimshan,'pearls'
40,Volothamp,Calimshan,'pottery'
40,Volothamp,Calimshan,'rare herbs'
40,Volothamp,Calimshan,'rope'
40,Volothamp,Calimshan,'ships'
40,Volothamp,Calimshan,'silk'
40,Volothamp,Calimshan,'spices'
40,Volothamp,Calimshan,'weapons'
40,Volothamp,Calimshan,'wine']
41,Cimbar,Chessenta,['art'
41,Cimbar,Chessenta,'cattle'
41,Cimbar,Chessenta,'gold'
41,Cimbar,Chessenta,'grapes'
41,Cimbar,Chessenta,'olive oil'
41,Cimbar,Chessenta,'quality iron'
41,Cimbar,Chessenta,'silver'
41,Cimbar,Chessenta,'slaves'
41,Cimbar,Chessenta,'statues'
41,Cimbar,Chessenta,'weapons'
41,Cimbar,Chessenta,'wine']
42,Airspur,Chessenta,['art'
42,Airspur,Chessenta,'cattle'
42,Airspur,Chessenta,'gold'
42,Airspur,Chessenta,'grapes'
42,Airspur,Chessenta,'olive oil'
42,Airspur,Chessenta,'quality iron'
42,Airspur,Chessenta,'silver'
42,Airspur,Chessenta,'slaves'
42,Airspur,Chessenta,'statues'
42,Airspur,Chessenta,'weapons'
42,Airspur,Chessenta,'wine']
43,Akanax,Chessenta,['art'
43,Akanax,Chessenta,'cattle'
43,Akanax,Chessenta,'gold'
43,Akanax,Chessenta,'grapes'
43,Akanax,Chessenta,'olive oil'
43,Akanax,Chessenta,'quality iron'
43,Akanax,Chessenta,'silver'
43,Akanax,Chessenta,'slaves'
43,Akanax,Chessenta,'statues'
43,Akanax,Chessenta,'weapons'
43,Akanax,Chessenta,'wine']
44,Erebos,Chessenta,['art'
44,Erebos,Chessenta,'cattle'
44,Erebos,Chessenta,'gold'
44,Erebos,Chessenta,'grapes'
44,Erebos,Chessenta,'olive oil'
44,Erebos,Chessenta,'quality iron'
44,Erebos,Chessenta,'silver'
44,Erebos,Chessenta,'slaves'
44,Erebos,Chessenta,'statues'
44,Erebos,Chessenta,'weapons'
44,Erebos,Chessenta,'wine']
45,Gaj,Chessenta,['art'
45,Gaj,Chessenta,'cattle'
45,Gaj,Chessenta,'gold'
45,Gaj,Chessenta,'grapes'
45,Gaj,Chessenta,'olive oil'
45,Gaj,Chessenta,'quality iron'
45,Gaj,Chessenta,'silver'
45,Gaj,Chessenta,'slaves'
45,Gaj,Chessenta,'statues'
45,Gaj,Chessenta,'weapons'
45,Gaj,Chessenta,'wine']
46,Heptios,Chessenta,['art'
46,Heptios,Chessenta,'cattle'
46,Heptios,Chessenta,'gold'
46,Heptios,Chessenta,'grapes'
46,Heptios,Chessenta,'olive oil'
46,Heptios,Chessenta,'quality iron'
46,Heptios,Chessenta,'silver'
46,Heptios,Chessenta,'slaves'
46,Heptios,Chessenta,'statues'
46,Heptios,Chessenta,'weapons'
46,Heptios,Chessenta,'wine']
47,Luthcheq,Chessenta,['art'
47,Luthcheq,Chessenta,'cattle'
47,Luthcheq,Chessenta,'gold'
47,Luthcheq,Chessenta,'grapes'
47,Luthcheq,Chessenta,'olive oil'
47,Luthcheq,Chessenta,'quality iron'
47,Luthcheq,Chessenta,'silver'
47,Luthcheq,Chessenta,'slaves'
47,Luthcheq,Chessenta,'statues'
47,Luthcheq,Chessenta,'weapons'
47,Luthcheq,Chessenta,'wine']
48,Maerduuth,Chessenta,['art'
48,Maerduuth,Chessenta,'cattle'
48,Maerduuth,Chessenta,'gold'
48,Maerduuth,Chessenta,'grapes'
48,Maerduuth,Chessenta,'olive oil'
48,Maerduuth,Chessenta,'quality iron'
48,Maerduuth,Chessenta,'silver'
48,Maerduuth,Chessenta,'slaves'
48,Maerduuth,Chessenta,'statues'
48,Maerduuth,Chessenta,'weapons'
48,Maerduuth,Chessenta,'wine']
49,Mordulkin,Chessenta,['art'
49,Mordulkin,Chessenta,'cattle'
49,Mordulkin,Chessenta,'gold'
49,Mordulkin,Chessenta,'grapes'
49,Mordulkin,Chessenta,'olive oil'
49,Mordulkin,Chessenta,'quality iron'
49,Mordulkin,Chessenta,'silver'
49,Mordulkin,Chessenta,'slaves'
49,Mordulkin,Chessenta,'statues'
49,Mordulkin,Chessenta,'weapons'
49,Mordulkin,Chessenta,'wine']
50,Oslin,Chessenta,['art'
50,Oslin,Chessenta,'cattle'
50,Oslin,Chessenta,'gold'
50,Oslin,Chessenta,'grapes'
50,Oslin,Chessenta,'olive oil'
50,Oslin,Chessenta,'quality iron'
50,Oslin,Chessenta,'silver'
50,Oslin,Chessenta,'slaves'
50,Oslin,Chessenta,'statues'
50,Oslin,Chessenta,'weapons'
50,Oslin,Chessenta,'wine']
51,Pandrik,Chessenta,['art'
51,Pandrik,Chessenta,'cattle'
51,Pandrik,Chessenta,'gold'
51,Pandrik,Chessenta,'grapes'
51,Pandrik,Chessenta,'olive oil'
51,Pandrik,Chessenta,'quality iron'
51,Pandrik,Chessenta,'silver'
51,Pandrik,Chessenta,'slaves'
51,Pandrik,Chessenta,'statues'
51,Pandrik,Chessenta,'weapons'
51,Pandrik,Chessenta,'wine']
52,Rodanar,Chessenta,['art'
52,Rodanar,Chessenta,'cattle'
52,Rodanar,Chessenta,'gold'
52,Rodanar,Chessenta,'grapes'
52,Rodanar,Chessenta,'olive oil'
52,Rodanar,Chessenta,'quality iron'
52,Rodanar,Chessenta,'silver'
52,Rodanar,Chessenta,'slaves'
52,Rodanar,Chessenta,'statues'
52,Rodanar,Chessenta,'weapons'
52,Rodanar,Chessenta,'wine']
53,Saden,Chessenta,['art'
53,Saden,Chessenta,'cattle'
53,Saden,Chessenta,'gold'
53,Saden,Chessenta,'grapes'
53,Saden,Chessenta,'olive oil'
53,Saden,Chessenta,'quality iron'
53,Saden,Chessenta,'silver'
53,Saden,Chessenta,'slaves'
53,Saden,Chessenta,'statues'
53,Saden,Chessenta,'weapons'
53,Saden,Chessenta,'wine']
54,Samnur,Chessenta,['art'
54,Samnur,Chessenta,'cattle'
54,Samnur,Chessenta,'gold'
54,Samnur,Chessenta,'grapes'
54,Samnur,Chessenta,'olive oil'
54,Samnur,Chessenta,'quality iron'
54,Samnur,Chessenta,'silver'
54,Samnur,Chessenta,'slaves'
54,Samnur,Chessenta,'statues'
54,Samnur,Chessenta,'weapons'
54,Samnur,Chessenta,'wine']
55,Soolabax,Chessenta,['art'
55,Soolabax,Chessenta,'cattle'
55,Soolabax,Chessenta,'gold'
55,Soolabax,Chessenta,'grapes'
55,Soolabax,Chessenta,'olive oil'
55,Soolabax,Chessenta,'quality iron'
55,Soolabax,Chessenta,'silver'
55,Soolabax,Chessenta,'slaves'
55,Soolabax,Chessenta,'statues'
55,Soolabax,Chessenta,'weapons'
55,Soolabax,Chessenta,'wine']
56,Soorenar,Chessenta,['art'
56,Soorenar,Chessenta,'cattle'
56,Soorenar,Chessenta,'gold'
56,Soorenar,Chessenta,'grapes'
56,Soorenar,Chessenta,'olive oil'
56,Soorenar,Chessenta,'quality iron'
56,Soorenar,Chessenta,'silver'
56,Soorenar,Chessenta,'slaves'
56,Soorenar,Chessenta,'statues'
56,Soorenar,Chessenta,'weapons'
56,Soorenar,Chessenta,'wine']
57,Toreus,Chessenta,['art'
57,Toreus,Chessenta,'cattle'
57,Toreus,Chessenta,'gold'
57,Toreus,Chessenta,'grapes'
57,Toreus,Chessenta,'olive oil'
57,Toreus,Chessenta,'quality iron'
57,Toreus,Chessenta,'silver'
57,Toreus,Chessenta,'slaves'
57,Toreus,Chessenta,'statues'
57,Toreus,Chessenta,'weapons'
57,Toreus,Chessenta,'wine']
58,Tulach,Chessenta,['art'
58,Tulach,Chessenta,'cattle'
58,Tulach,Chessenta,'gold'
58,Tulach,Chessenta,'grapes'
58,Tulach,Chessenta,'olive oil'
58,Tulach,Chessenta,'quality iron'
58,Tulach,Chessenta,'silver'
58,Tulach,Chessenta,'slaves'
58,Tulach,Chessenta,'statues'
58,Tulach,Chessenta,'weapons'
58,Tulach,Chessenta,'wine']
59,Villon,Chessenta,['art'
59,Villon,Chessenta,'cattle'
59,Villon,Chessenta,'gold'
59,Villon,Chessenta,'grapes'
59,Villon,Chessenta,'olive oil'
59,Villon,Chessenta,'quality iron'
59,Villon,Chessenta,'silver'
59,Villon,Chessenta,'slaves'
59,Villon,Chessenta,'statues'
59,Villon,Chessenta,'weapons'
59,Villon,Chessenta,'wine']
60,Suzail,Cormyr,['armor'
60,Suzail,Cormyr,'carved ivory'
60,Suzail,Cormyr,'cloth'
60,Suzail,Cormyr,'coal'
60,Suzail,Cormyr,'food'
60,Suzail,Cormyr,'swords'
60,Suzail,Cormyr,'timber']
61,Arabel,Cormyr,['armor'
61,Arabel,Cormyr,'carved ivory'
61,Arabel,Cormyr,'cloth'
61,Arabel,Cormyr,'coal'
61,Arabel,Cormyr,'food'
61,Arabel,Cormyr,'swords'
61,Arabel,Cormyr,'timber']
62,Aunkspear,Cormyr,['armor'
62,Aunkspear,Cormyr,'carved ivory'
62,Aunkspear,Cormyr,'cloth'
62,Aunkspear,Cormyr,'coal'
62,Aunkspear,Cormyr,'food'
62,Aunkspear,Cormyr,'swords'
62,Aunkspear,Cormyr,'timber']
63,Battlerise,Cormyr,['armor'
63,Battlerise,Cormyr,'carved ivory'
63,Battlerise,Cormyr,'cloth'
63,Battlerise,Cormyr,'coal'
63,Battlerise,Cormyr,'food'
63,Battlerise,Cormyr,'swords'
63,Battlerise,Cormyr,'timber']
64,Besert,Cormyr,['armor'
64,Besert,Cormyr,'carved ivory'
64,Besert,Cormyr,'cloth'
64,Besert,Cormyr,'coal'
64,Besert,Cormyr,'food'
64,Besert,Cormyr,'swords'
64,Besert,Cormyr,'timber']
65,Blustich,Cormyr,['armor'
65,Blustich,Cormyr,'carved ivory'
65,Blustich,Cormyr,'cloth'
65,Blustich,Cormyr,'coal'
65,Blustich,Cormyr,'food'
65,Blustich,Cormyr,'swords'
65,Blustich,Cormyr,'timber']
66,Bogbrook,Cormyr,['armor'
66,Bogbrook,Cormyr,'carved ivory'
66,Bogbrook,Cormyr,'cloth'
66,Bogbrook,Cormyr,'coal'
66,Bogbrook,Cormyr,'food'
66,Bogbrook,Cormyr,'swords'
66,Bogbrook,Cormyr,'timber']
67,Bospir,Cormyr,['armor'
67,Bospir,Cormyr,'carved ivory'
67,Bospir,Cormyr,'cloth'
67,Bospir,Cormyr,'coal'
67,Bospir,Cormyr,'food'
67,Bospir,Cormyr,'swords'
67,Bospir,Cormyr,'timber']
68,Castle Crag,Cormyr,['armor'
68,Castle Crag,Cormyr,'carved ivory'
68,Castle Crag,Cormyr,'cloth'
68,Castle Crag,Cormyr,'coal'
68,Castle Crag,Cormyr,'food'
68,Castle Crag,Cormyr,'swords'
68,Castle Crag,Cormyr,'timber']
69,Dawngleam,Cormyr,['armor'
69,Dawngleam,Cormyr,'carved ivory'
69,Dawngleam,Cormyr,'cloth'
69,Dawngleam,Cormyr,'coal'
69,Dawngleam,Cormyr,'food'
69,Dawngleam,Cormyr,'swords'
69,Dawngleam,Cormyr,'timber']
70,Dhedluk,Cormyr,['armor'
70,Dhedluk,Cormyr,'carved ivory'
70,Dhedluk,Cormyr,'cloth'
70,Dhedluk,Cormyr,'coal'
70,Dhedluk,Cormyr,'food'
70,Dhedluk,Cormyr,'swords'
70,Dhedluk,Cormyr,'timber']
71,Dreamer’s Rock,Cormyr,['armor'
71,Dreamer’s Rock,Cormyr,'carved ivory'
71,Dreamer’s Rock,Cormyr,'cloth'
71,Dreamer’s Rock,Cormyr,'coal'
71,Dreamer’s Rock,Cormyr,'food'
71,Dreamer’s Rock,Cormyr,'swords'
71,Dreamer’s Rock,Cormyr,'timber']
72,Espar,Cormyr,['armor'
72,Espar,Cormyr,'carved ivory'
72,Espar,Cormyr,'cloth'
72,Espar,Cormyr,'coal'
72,Espar,Cormyr,'food'
72,Espar,Cormyr,'swords'
72,Espar,Cormyr,'timber']
73,Eveningstar,Cormyr,['armor'
73,Eveningstar,Cormyr,'carved ivory'
73,Eveningstar,Cormyr,'cloth'
73,Eveningstar,Cormyr,'coal'
73,Eveningstar,Cormyr,'food'
73,Eveningstar,Cormyr,'swords'
73,Eveningstar,Cormyr,'timber']
74,Ghars,Cormyr,['armor'
74,Ghars,Cormyr,'carved ivory'
74,Ghars,Cormyr,'cloth'
74,Ghars,Cormyr,'coal'
74,Ghars,Cormyr,'food'
74,Ghars,Cormyr,'swords'
74,Ghars,Cormyr,'timber']
75,Gladehap,Cormyr,['armor'
75,Gladehap,Cormyr,'carved ivory'
75,Gladehap,Cormyr,'cloth'
75,Gladehap,Cormyr,'coal'
75,Gladehap,Cormyr,'food'
75,Gladehap,Cormyr,'swords'
75,Gladehap,Cormyr,'timber']
76,Gorthin,Cormyr,['armor'
76,Gorthin,Cormyr,'carved ivory'
76,Gorthin,Cormyr,'cloth'
76,Gorthin,Cormyr,'coal'
76,Gorthin,Cormyr,'food'
76,Gorthin,Cormyr,'swords'
76,Gorthin,Cormyr,'timber']
77,Gray Oaks,Cormyr,['armor'
77,Gray Oaks,Cormyr,'carved ivory'
77,Gray Oaks,Cormyr,'cloth'
77,Gray Oaks,Cormyr,'coal'
77,Gray Oaks,Cormyr,'food'
77,Gray Oaks,Cormyr,'swords'
77,Gray Oaks,Cormyr,'timber']
78,Halfhap,Cormyr,['armor'
78,Halfhap,Cormyr,'carved ivory'
78,Halfhap,Cormyr,'cloth'
78,Halfhap,Cormyr,'coal'
78,Halfhap,Cormyr,'food'
78,Halfhap,Cormyr,'swords'
78,Halfhap,Cormyr,'timber']
79,High Horn,Cormyr,['armor'
79,High Horn,Cormyr,'carved ivory'
79,High Horn,Cormyr,'cloth'
79,High Horn,Cormyr,'coal'
79,High Horn,Cormyr,'food'
79,High Horn,Cormyr,'swords'
79,High Horn,Cormyr,'timber']
80,Hillmarch,Cormyr,['armor'
80,Hillmarch,Cormyr,'carved ivory'
80,Hillmarch,Cormyr,'cloth'
80,Hillmarch,Cormyr,'coal'
80,Hillmarch,Cormyr,'food'
80,Hillmarch,Cormyr,'swords'
80,Hillmarch,Cormyr,'timber']
81,Hilp,Cormyr,['armor'
81,Hilp,Cormyr,'carved ivory'
81,Hilp,Cormyr,'cloth'
81,Hilp,Cormyr,'coal'
81,Hilp,Cormyr,'food'
81,Hilp,Cormyr,'swords'
81,Hilp,Cormyr,'timber']
82,Hultail,Cormyr,['armor'
82,Hultail,Cormyr,'carved ivory'
82,Hultail,Cormyr,'cloth'
82,Hultail,Cormyr,'coal'
82,Hultail,Cormyr,'food'
82,Hultail,Cormyr,'swords'
82,Hultail,Cormyr,'timber']
83,Immersea,Cormyr,['armor'
83,Immersea,Cormyr,'carved ivory'
83,Immersea,Cormyr,'cloth'
83,Immersea,Cormyr,'coal'
83,Immersea,Cormyr,'food'
83,Immersea,Cormyr,'swords'
83,Immersea,Cormyr,'timber']
84,Juniril,Cormyr,['armor'
84,Juniril,Cormyr,'carved ivory'
84,Juniril,Cormyr,'cloth'
84,Juniril,Cormyr,'coal'
84,Juniril,Cormyr,'food'
84,Juniril,Cormyr,'swords'
84,Juniril,Cormyr,'timber']
85,Kallamarn,Cormyr,['armor'
85,Kallamarn,Cormyr,'carved ivory'
85,Kallamarn,Cormyr,'cloth'
85,Kallamarn,Cormyr,'coal'
85,Kallamarn,Cormyr,'food'
85,Kallamarn,Cormyr,'swords'
85,Kallamarn,Cormyr,'timber']
86,Kirinwood,Cormyr,['armor'
86,Kirinwood,Cormyr,'carved ivory'
86,Kirinwood,Cormyr,'cloth'
86,Kirinwood,Cormyr,'coal'
86,Kirinwood,Cormyr,'food'
86,Kirinwood,Cormyr,'swords'
86,Kirinwood,Cormyr,'timber']
87,Knightswood,Cormyr,['armor'
87,Knightswood,Cormyr,'carved ivory'
87,Knightswood,Cormyr,'cloth'
87,Knightswood,Cormyr,'coal'
87,Knightswood,Cormyr,'food'
87,Knightswood,Cormyr,'swords'
87,Knightswood,Cormyr,'timber']
88,Marsark’s Grove,Cormyr,['armor'
88,Marsark’s Grove,Cormyr,'carved ivory'
88,Marsark’s Grove,Cormyr,'cloth'
88,Marsark’s Grove,Cormyr,'coal'
88,Marsark’s Grove,Cormyr,'food'
88,Marsark’s Grove,Cormyr,'swords'
88,Marsark’s Grove,Cormyr,'timber']
89,Marsember,Cormyr,['armor'
89,Marsember,Cormyr,'carved ivory'
89,Marsember,Cormyr,'cloth'
89,Marsember,Cormyr,'coal'
89,Marsember,Cormyr,'food'
89,Marsember,Cormyr,'swords'
89,Marsember,Cormyr,'timber']
90,Minroe,Cormyr,['armor'
90,Minroe,Cormyr,'carved ivory'
90,Minroe,Cormyr,'cloth'
90,Minroe,Cormyr,'coal'
90,Minroe,Cormyr,'food'
90,Minroe,Cormyr,'swords'
90,Minroe,Cormyr,'timber']
91,Monksblade,Cormyr,['armor'
91,Monksblade,Cormyr,'carved ivory'
91,Monksblade,Cormyr,'cloth'
91,Monksblade,Cormyr,'coal'
91,Monksblade,Cormyr,'food'
91,Monksblade,Cormyr,'swords'
91,Monksblade,Cormyr,'timber']
92,Moonever,Cormyr,['armor'
92,Moonever,Cormyr,'carved ivory'
92,Moonever,Cormyr,'cloth'
92,Moonever,Cormyr,'coal'
92,Moonever,Cormyr,'food'
92,Moonever,Cormyr,'swords'
92,Moonever,Cormyr,'timber']
93,Mouth O’ Gargoyles,Cormyr,['armor'
93,Mouth O’ Gargoyles,Cormyr,'carved ivory'
93,Mouth O’ Gargoyles,Cormyr,'cloth'
93,Mouth O’ Gargoyles,Cormyr,'coal'
93,Mouth O’ Gargoyles,Cormyr,'food'
93,Mouth O’ Gargoyles,Cormyr,'swords'
93,Mouth O’ Gargoyles,Cormyr,'timber']
94,Nesmyth,Cormyr,['armor'
94,Nesmyth,Cormyr,'carved ivory'
94,Nesmyth,Cormyr,'cloth'
94,Nesmyth,Cormyr,'coal'
94,Nesmyth,Cormyr,'food'
94,Nesmyth,Cormyr,'swords'
94,Nesmyth,Cormyr,'timber']
95,Ongul’s Water,Cormyr,['armor'
95,Ongul’s Water,Cormyr,'carved ivory'
95,Ongul’s Water,Cormyr,'cloth'
95,Ongul’s Water,Cormyr,'coal'
95,Ongul’s Water,Cormyr,'food'
95,Ongul’s Water,Cormyr,'swords'
95,Ongul’s Water,Cormyr,'timber']
96,Redspring,Cormyr,['armor'
96,Redspring,Cormyr,'carved ivory'
96,Redspring,Cormyr,'cloth'
96,Redspring,Cormyr,'coal'
96,Redspring,Cormyr,'food'
96,Redspring,Cormyr,'swords'
96,Redspring,Cormyr,'timber']
97,Smuggler’s Stone,Cormyr,['armor'
97,Smuggler’s Stone,Cormyr,'carved ivory'
97,Smuggler’s Stone,Cormyr,'cloth'
97,Smuggler’s Stone,Cormyr,'coal'
97,Smuggler’s Stone,Cormyr,'food'
97,Smuggler’s Stone,Cormyr,'swords'
97,Smuggler’s Stone,Cormyr,'timber']
98,Stag Steads,Cormyr,['armor'
98,Stag Steads,Cormyr,'carved ivory'
98,Stag Steads,Cormyr,'cloth'
98,Stag Steads,Cormyr,'coal'
98,Stag Steads,Cormyr,'food'
98,Stag Steads,Cormyr,'swords'
98,Stag Steads,Cormyr,'timber']
99,Sunset Hill,Cormyr,['armor'
99,Sunset Hill,Cormyr,'carved ivory'
99,Sunset Hill,Cormyr,'cloth'
99,Sunset Hill,Cormyr,'coal'
99,Sunset Hill,Cormyr,'food'
99,Sunset Hill,Cormyr,'swords'
99,Sunset Hill,Cormyr,'timber']
100,Thunderstone,Cormyr,['armor'
100,Thunderstone,Cormyr,'carved ivory'
100,Thunderstone,Cormyr,'cloth'
100,Thunderstone,Cormyr,'coal'
100,Thunderstone,Cormyr,'food'
100,Thunderstone,Cormyr,'swords'
100,Thunderstone,Cormyr,'timber']
101,Tilverton,Cormyr,['armor'
101,Tilverton,Cormyr,'carved ivory'
101,Tilverton,Cormyr,'cloth'
101,Tilverton,Cormyr,'coal'
101,Tilverton,Cormyr,'food'
101,Tilverton,Cormyr,'swords'
101,Tilverton,Cormyr,'timber']
102,Tyrluk,Cormyr,['armor'
102,Tyrluk,Cormyr,'carved ivory'
102,Tyrluk,Cormyr,'cloth'
102,Tyrluk,Cormyr,'coal'
102,Tyrluk,Cormyr,'food'
102,Tyrluk,Cormyr,'swords'
102,Tyrluk,Cormyr,'timber']
103,Waymoot,Cormyr,['armor'
103,Waymoot,Cormyr,'carved ivory'
103,Waymoot,Cormyr,'cloth'
103,Waymoot,Cormyr,'coal'
103,Waymoot,Cormyr,'food'
103,Waymoot,Cormyr,'swords'
103,Waymoot,Cormyr,'timber']
104,Wheloon,Cormyr,['armor'
104,Wheloon,Cormyr,'carved ivory'
104,Wheloon,Cormyr,'cloth'
104,Wheloon,Cormyr,'coal'
104,Wheloon,Cormyr,'food'
104,Wheloon,Cormyr,'swords'
104,Wheloon,Cormyr,'timber']
105,Wormtower,Cormyr,['armor'
105,Wormtower,Cormyr,'carved ivory'
105,Wormtower,Cormyr,'cloth'
105,Wormtower,Cormyr,'coal'
105,Wormtower,Cormyr,'food'
105,Wormtower,Cormyr,'swords'
105,Wormtower,Cormyr,'timber']
106,Yeoman Bridge,Cormyr,['armor'
106,Yeoman Bridge,Cormyr,'carved ivory'
106,Yeoman Bridge,Cormyr,'cloth'
106,Yeoman Bridge,Cormyr,'coal'
106,Yeoman Bridge,Cormyr,'food'
106,Yeoman Bridge,Cormyr,'swords'
106,Yeoman Bridge,Cormyr,'timber']
142,Halarahh,Halruaa,['electrum'
142,Halarahh,Halruaa,'gold'
142,Halarahh,Halruaa,'haerlu wine']
143,Achelar,Halruaa,['electrum'
143,Achelar,Halruaa,'gold'
143,Achelar,Halruaa,'haerlu wine']
144,Alathil,Halruaa,['electrum'
144,Alathil,Halruaa,'gold'
144,Alathil,Halruaa,'haerlu wine']
145,Alu,Halruaa,['electrum'
145,Alu,Halruaa,'gold'
145,Alu,Halruaa,'haerlu wine']
146,Aluarim,Halruaa,['electrum'
146,Aluarim,Halruaa,'gold'
146,Aluarim,Halruaa,'haerlu wine']
147,Assundath,Halruaa,['electrum'
147,Assundath,Halruaa,'gold'
147,Assundath,Halruaa,'haerlu wine']
148,Bathmé,Halruaa,['electrum'
148,Bathmé,Halruaa,'gold'
148,Bathmé,Halruaa,'haerlu wine']
149,Borah,Halruaa,['electrum'
149,Borah,Halruaa,'gold'
149,Borah,Halruaa,'haerlu wine']
150,Edouura,Halruaa,['electrum'
150,Edouura,Halruaa,'gold'
150,Edouura,Halruaa,'haerlu wine']
151,Elchul,Halruaa,['electrum'
151,Elchul,Halruaa,'gold'
151,Elchul,Halruaa,'haerlu wine']
152,Eru,Halruaa,['electrum'
152,Eru,Halruaa,'gold'
152,Eru,Halruaa,'haerlu wine']
153,Galdel,Halruaa,['electrum'
153,Galdel,Halruaa,'gold'
153,Galdel,Halruaa,'haerlu wine']
154,Githim,Halruaa,['electrum'
154,Githim,Halruaa,'gold'
154,Githim,Halruaa,'haerlu wine']
155,Halabar,Halruaa,['electrum'
155,Halabar,Halruaa,'gold'
155,Halabar,Halruaa,'haerlu wine']
156,Halagard,Halruaa,['electrum'
156,Halagard,Halruaa,'gold'
156,Halagard,Halruaa,'haerlu wine']
157,Halazé,Halruaa,['electrum'
157,Halazé,Halruaa,'gold'
157,Halazé,Halruaa,'haerlu wine']
158,Hamphal,Halruaa,['electrum'
158,Hamphal,Halruaa,'gold'
158,Hamphal,Halruaa,'haerlu wine']
159,Khaerbaal,Halruaa,['electrum'
159,Khaerbaal,Halruaa,'gold'
159,Khaerbaal,Halruaa,'haerlu wine']
160,Kithyym,Halruaa,['electrum'
160,Kithyym,Halruaa,'gold'
160,Kithyym,Halruaa,'haerlu wine']
161,Lath,Halruaa,['electrum'
161,Lath,Halruaa,'gold'
161,Lath,Halruaa,'haerlu wine']
162,Letharr,Halruaa,['electrum'
162,Letharr,Halruaa,'gold'
162,Letharr,Halruaa,'haerlu wine']
163,Lhaddas,Halruaa,['electrum'
163,Lhaddas,Halruaa,'gold'
163,Lhaddas,Halruaa,'haerlu wine']
164,Lhair,Halruaa,['electrum'
164,Lhair,Halruaa,'gold'
164,Lhair,Halruaa,'haerlu wine']
165,Maerass,Halruaa,['electrum'
165,Maerass,Halruaa,'gold'
165,Maerass,Halruaa,'haerlu wine']
166,Maeruhal,Halruaa,['electrum'
166,Maeruhal,Halruaa,'gold'
166,Maeruhal,Halruaa,'haerlu wine']
167,Maerzalar,Halruaa,['electrum'
167,Maerzalar,Halruaa,'gold'
167,Maerzalar,Halruaa,'haerlu wine']
168,Maezoun,Halruaa,['electrum'
168,Maezoun,Halruaa,'gold'
168,Maezoun,Halruaa,'haerlu wine']
169,Mairb,Halruaa,['electrum'
169,Mairb,Halruaa,'gold'
169,Mairb,Halruaa,'haerlu wine']
170,Martass,Halruaa,['electrum'
170,Martass,Halruaa,'gold'
170,Martass,Halruaa,'haerlu wine']
171,Mithel,Halruaa,['electrum'
171,Mithel,Halruaa,'gold'
171,Mithel,Halruaa,'haerlu wine']
172,Mithtar,Halruaa,['electrum'
172,Mithtar,Halruaa,'gold'
172,Mithtar,Halruaa,'haerlu wine']
173,Nishtul,Halruaa,['electrum'
173,Nishtul,Halruaa,'gold'
173,Nishtul,Halruaa,'haerlu wine']
174,Nuulatha,Halruaa,['electrum'
174,Nuulatha,Halruaa,'gold'
174,Nuulatha,Halruaa,'haerlu wine']
175,Orbedal,Halruaa,['electrum'
175,Orbedal,Halruaa,'gold'
175,Orbedal,Halruaa,'haerlu wine']
176,Rulasuu,Halruaa,['electrum'
176,Rulasuu,Halruaa,'gold'
176,Rulasuu,Halruaa,'haerlu wine']
177,Rwamphaler,Halruaa,['electrum'
177,Rwamphaler,Halruaa,'gold'
177,Rwamphaler,Halruaa,'haerlu wine']
178,Salhantar,Halruaa,['electrum'
178,Salhantar,Halruaa,'gold'
178,Salhantar,Halruaa,'haerlu wine']
179,Ssorsil,Halruaa,['electrum'
179,Ssorsil,Halruaa,'gold'
179,Ssorsil,Halruaa,'haerlu wine']
180,Sulaziir,Halruaa,['electrum'
180,Sulaziir,Halruaa,'gold'
180,Sulaziir,Halruaa,'haerlu wine']
181,Talathgard,Halruaa,['electrum'
181,Talathgard,Halruaa,'gold'
181,Talathgard,Halruaa,'haerlu wine']
182,Thilzoun,Halruaa,['electrum'
182,Thilzoun,Halruaa,'gold'
182,Thilzoun,Halruaa,'haerlu wine']
183,Thom,Halruaa,['electrum'
183,Thom,Halruaa,'gold'
183,Thom,Halruaa,'haerlu wine']
184,Yaulazna,Halruaa,['electrum'
184,Yaulazna,Halruaa,'gold'
184,Yaulazna,Halruaa,'haerlu wine']
185,Zalazuu,Halruaa,['electrum'
185,Zalazuu,Halruaa,'gold'
185,Zalazuu,Halruaa,'haerlu wine']
186,Zhal,Halruaa,['electrum'
186,Zhal,Halruaa,'gold'
186,Zhal,Halruaa,'haerlu wine']
187,Zoundar,Halruaa,['electrum'
187,Zoundar,Halruaa,'gold'
187,Zoundar,Halruaa,'haerlu wine']
188,Zzuntal,Halruaa,['electrum'
188,Zzuntal,Halruaa,'gold'
188,Zzuntal,Halruaa,'haerlu wine']
189,Lyrabar,Impiltur,['gems'
189,Lyrabar,Impiltur,'bloodstone'
189,Lyrabar,Impiltur,'gold'
189,Lyrabar,Impiltur,'iron'
189,Lyrabar,Impiltur,'silver'
189,Lyrabar,Impiltur,'trade goods from damara and earthfast']
190,Arn’s Cove,Impiltur,['gems'
190,Arn’s Cove,Impiltur,'bloodstone'
190,Arn’s Cove,Impiltur,'gold'
190,Arn’s Cove,Impiltur,'iron'
190,Arn’s Cove,Impiltur,'silver'
190,Arn’s Cove,Impiltur,'trade goods from damara and earthfast']
191,Bay Town,Impiltur,['gems'
191,Bay Town,Impiltur,'bloodstone'
191,Bay Town,Impiltur,'gold'
191,Bay Town,Impiltur,'iron'
191,Bay Town,Impiltur,'silver'
191,Bay Town,Impiltur,'trade goods from damara and earthfast']
192,Borgar’s Mill,Impiltur,['gems'
192,Borgar’s Mill,Impiltur,'bloodstone'
192,Borgar’s Mill,Impiltur,'gold'
192,Borgar’s Mill,Impiltur,'iron'
192,Borgar’s Mill,Impiltur,'silver'
192,Borgar’s Mill,Impiltur,'trade goods from damara and earthfast']
193,Cairnpur,Impiltur,['gems'
193,Cairnpur,Impiltur,'bloodstone'
193,Cairnpur,Impiltur,'gold'
193,Cairnpur,Impiltur,'iron'
193,Cairnpur,Impiltur,'silver'
193,Cairnpur,Impiltur,'trade goods from damara and earthfast']
194,Dilpur,Impiltur,['gems'
194,Dilpur,Impiltur,'bloodstone'
194,Dilpur,Impiltur,'gold'
194,Dilpur,Impiltur,'iron'
194,Dilpur,Impiltur,'silver'
194,Dilpur,Impiltur,'trade goods from damara and earthfast']
195,Filur,Impiltur,['gems'
195,Filur,Impiltur,'bloodstone'
195,Filur,Impiltur,'gold'
195,Filur,Impiltur,'iron'
195,Filur,Impiltur,'silver'
195,Filur,Impiltur,'trade goods from damara and earthfast']
196,Guidodale,Impiltur,['gems'
196,Guidodale,Impiltur,'bloodstone'
196,Guidodale,Impiltur,'gold'
196,Guidodale,Impiltur,'iron'
196,Guidodale,Impiltur,'silver'
196,Guidodale,Impiltur,'trade goods from damara and earthfast']
197,Hlammach,Impiltur,['gems'
197,Hlammach,Impiltur,'bloodstone'
197,Hlammach,Impiltur,'gold'
197,Hlammach,Impiltur,'iron'
197,Hlammach,Impiltur,'silver'
197,Hlammach,Impiltur,'trade goods from damara and earthfast']
198,Ilmwatch,Impiltur,['gems'
198,Ilmwatch,Impiltur,'bloodstone'
198,Ilmwatch,Impiltur,'gold'
198,Ilmwatch,Impiltur,'iron'
198,Ilmwatch,Impiltur,'silver'
198,Ilmwatch,Impiltur,'trade goods from damara and earthfast']
199,Kielbast,Impiltur,['gems'
199,Kielbast,Impiltur,'bloodstone'
199,Kielbast,Impiltur,'gold'
199,Kielbast,Impiltur,'iron'
199,Kielbast,Impiltur,'silver'
199,Kielbast,Impiltur,'trade goods from damara and earthfast']
200,Laviguer,Impiltur,['gems'
200,Laviguer,Impiltur,'bloodstone'
200,Laviguer,Impiltur,'gold'
200,Laviguer,Impiltur,'iron'
200,Laviguer,Impiltur,'silver'
200,Laviguer,Impiltur,'trade goods from damara and earthfast']
201,Lenchford,Impiltur,['gems'
201,Lenchford,Impiltur,'bloodstone'
201,Lenchford,Impiltur,'gold'
201,Lenchford,Impiltur,'iron'
201,Lenchford,Impiltur,'silver'
201,Lenchford,Impiltur,'trade goods from damara and earthfast']
202,Maracrath,Impiltur,['gems'
202,Maracrath,Impiltur,'bloodstone'
202,Maracrath,Impiltur,'gold'
202,Maracrath,Impiltur,'iron'
202,Maracrath,Impiltur,'silver'
202,Maracrath,Impiltur,'trade goods from damara and earthfast']
203,Mulltown,Impiltur,['gems'
203,Mulltown,Impiltur,'bloodstone'
203,Mulltown,Impiltur,'gold'
203,Mulltown,Impiltur,'iron'
203,Mulltown,Impiltur,'silver'
203,Mulltown,Impiltur,'trade goods from damara and earthfast']
204,New Moranay,Impiltur,['gems'
204,New Moranay,Impiltur,'bloodstone'
204,New Moranay,Impiltur,'gold'
204,New Moranay,Impiltur,'iron'
204,New Moranay,Impiltur,'silver'
204,New Moranay,Impiltur,'trade goods from damara and earthfast']
205,New Sarshel,Impiltur,['gems'
205,New Sarshel,Impiltur,'bloodstone'
205,New Sarshel,Impiltur,'gold'
205,New Sarshel,Impiltur,'iron'
205,New Sarshel,Impiltur,'silver'
205,New Sarshel,Impiltur,'trade goods from damara and earthfast']
206,Outentown,Impiltur,['gems'
206,Outentown,Impiltur,'bloodstone'
206,Outentown,Impiltur,'gold'
206,Outentown,Impiltur,'iron'
206,Outentown,Impiltur,'silver'
206,Outentown,Impiltur,'trade goods from damara and earthfast']
207,Pick ‘n’ Axe,Impiltur,['gems'
207,Pick ‘n’ Axe,Impiltur,'bloodstone'
207,Pick ‘n’ Axe,Impiltur,'gold'
207,Pick ‘n’ Axe,Impiltur,'iron'
207,Pick ‘n’ Axe,Impiltur,'silver'
207,Pick ‘n’ Axe,Impiltur,'trade goods from damara and earthfast']
208,Red Bluffs,Impiltur,['gems'
208,Red Bluffs,Impiltur,'bloodstone'
208,Red Bluffs,Impiltur,'gold'
208,Red Bluffs,Impiltur,'iron'
208,Red Bluffs,Impiltur,'silver'
208,Red Bluffs,Impiltur,'trade goods from damara and earthfast']
209,Relgar’s Ford,Impiltur,['gems'
209,Relgar’s Ford,Impiltur,'bloodstone'
209,Relgar’s Ford,Impiltur,'gold'
209,Relgar’s Ford,Impiltur,'iron'
209,Relgar’s Ford,Impiltur,'silver'
209,Relgar’s Ford,Impiltur,'trade goods from damara and earthfast']
210,Sarshel,Impiltur,['gems'
210,Sarshel,Impiltur,'bloodstone'
210,Sarshel,Impiltur,'gold'
210,Sarshel,Impiltur,'iron'
210,Sarshel,Impiltur,'silver'
210,Sarshel,Impiltur,'trade goods from damara and earthfast']
211,Songhal,Impiltur,['gems'
211,Songhal,Impiltur,'bloodstone'
211,Songhal,Impiltur,'gold'
211,Songhal,Impiltur,'iron'
211,Songhal,Impiltur,'silver'
211,Songhal,Impiltur,'trade goods from damara and earthfast']
212,Thelnam,Impiltur,['gems'
212,Thelnam,Impiltur,'bloodstone'
212,Thelnam,Impiltur,'gold'
212,Thelnam,Impiltur,'iron'
212,Thelnam,Impiltur,'silver'
212,Thelnam,Impiltur,'trade goods from damara and earthfast']
213,Three Horns,Impiltur,['gems'
213,Three Horns,Impiltur,'bloodstone'
213,Three Horns,Impiltur,'gold'
213,Three Horns,Impiltur,'iron'
213,Three Horns,Impiltur,'silver'
213,Three Horns,Impiltur,'trade goods from damara and earthfast']
214,Timbertown,Impiltur,['gems'
214,Timbertown,Impiltur,'bloodstone'
214,Timbertown,Impiltur,'gold'
214,Timbertown,Impiltur,'iron'
214,Timbertown,Impiltur,'silver'
214,Timbertown,Impiltur,'trade goods from damara and earthfast']
215,Vordric Dun,Impiltur,['gems'
215,Vordric Dun,Impiltur,'bloodstone'
215,Vordric Dun,Impiltur,'gold'
215,Vordric Dun,Impiltur,'iron'
215,Vordric Dun,Impiltur,'silver'
215,Vordric Dun,Impiltur,'trade goods from damara and earthfast']
216,Caer Callidyrr,Moonshae,['armour'
216,Caer Callidyrr,Moonshae,'rose-gold'
216,Caer Callidyrr,Moonshae,'timber'
216,Caer Callidyrr,Moonshae,'weapons']
217,Aithelar,Moonshae,['armour'
217,Aithelar,Moonshae,'rose-gold'
217,Aithelar,Moonshae,'timber'
217,Aithelar,Moonshae,'weapons']
218,Blackstone,Moonshae,['armour'
218,Blackstone,Moonshae,'rose-gold'
218,Blackstone,Moonshae,'timber'
218,Blackstone,Moonshae,'weapons']
219,Blythe,Moonshae,['armour'
219,Blythe,Moonshae,'rose-gold'
219,Blythe,Moonshae,'timber'
219,Blythe,Moonshae,'weapons']
220,Borth,Moonshae,['armour'
220,Borth,Moonshae,'rose-gold'
220,Borth,Moonshae,'timber'
220,Borth,Moonshae,'weapons']
221,Bounty,Moonshae,['armour'
221,Bounty,Moonshae,'rose-gold'
221,Bounty,Moonshae,'timber'
221,Bounty,Moonshae,'weapons']
222,Brannoch,Moonshae,['armour'
222,Brannoch,Moonshae,'rose-gold'
222,Brannoch,Moonshae,'timber'
222,Brannoch,Moonshae,'weapons']
223,Bray,Moonshae,['armour'
223,Bray,Moonshae,'rose-gold'
223,Bray,Moonshae,'timber'
223,Bray,Moonshae,'weapons']
224,Cambro,Moonshae,['armour'
224,Cambro,Moonshae,'rose-gold'
224,Cambro,Moonshae,'timber'
224,Cambro,Moonshae,'weapons']
225,Caer Corwell,Moonshae,['armour'
225,Caer Corwell,Moonshae,'rose-gold'
225,Caer Corwell,Moonshae,'timber'
225,Caer Corwell,Moonshae,'weapons']
226,Caer Moray,Moonshae,['armour'
226,Caer Moray,Moonshae,'rose-gold'
226,Caer Moray,Moonshae,'timber'
226,Caer Moray,Moonshae,'weapons']
227,Caer Westphal,Moonshae,['armour'
227,Caer Westphal,Moonshae,'rose-gold'
227,Caer Westphal,Moonshae,'timber'
227,Caer Westphal,Moonshae,'weapons']
228,Caervu,Moonshae,['armour'
228,Caervu,Moonshae,'rose-gold'
228,Caervu,Moonshae,'timber'
228,Caervu,Moonshae,'weapons']
229,Cobh,Moonshae,['armour'
229,Cobh,Moonshae,'rose-gold'
229,Cobh,Moonshae,'timber'
229,Cobh,Moonshae,'weapons']
230,Codfin,Moonshae,['armour'
230,Codfin,Moonshae,'rose-gold'
230,Codfin,Moonshae,'timber'
230,Codfin,Moonshae,'weapons']
231,Codscove,Moonshae,['armour'
231,Codscove,Moonshae,'rose-gold'
231,Codscove,Moonshae,'timber'
231,Codscove,Moonshae,'weapons']
232,Doncastle,Moonshae,['armour'
232,Doncastle,Moonshae,'rose-gold'
232,Doncastle,Moonshae,'timber'
232,Doncastle,Moonshae,'weapons']
233,Dorset,Moonshae,['armour'
233,Dorset,Moonshae,'rose-gold'
233,Dorset,Moonshae,'timber'
233,Dorset,Moonshae,'weapons']
234,Dultann,Moonshae,['armour'
234,Dultann,Moonshae,'rose-gold'
234,Dultann,Moonshae,'timber'
234,Dultann,Moonshae,'weapons']
235,Dynnatt,Moonshae,['armour'
235,Dynnatt,Moonshae,'rose-gold'
235,Dynnatt,Moonshae,'timber'
235,Dynnatt,Moonshae,'weapons']
236,Dynnegall,Moonshae,['armour'
236,Dynnegall,Moonshae,'rose-gold'
236,Dynnegall,Moonshae,'timber'
236,Dynnegall,Moonshae,'weapons']
237,Elyssyrr,Moonshae,['armour'
237,Elyssyrr,Moonshae,'rose-gold'
237,Elyssyrr,Moonshae,'timber'
237,Elyssyrr,Moonshae,'weapons']
238,Farview,Moonshae,['armour'
238,Farview,Moonshae,'rose-gold'
238,Farview,Moonshae,'timber'
238,Farview,Moonshae,'weapons']
239,Fenton,Moonshae,['armour'
239,Fenton,Moonshae,'rose-gold'
239,Fenton,Moonshae,'timber'
239,Fenton,Moonshae,'weapons']
240,Grady,Moonshae,['armour'
240,Grady,Moonshae,'rose-gold'
240,Grady,Moonshae,'timber'
240,Grady,Moonshae,'weapons']
241,Graystone,Moonshae,['armour'
241,Graystone,Moonshae,'rose-gold'
241,Graystone,Moonshae,'timber'
241,Graystone,Moonshae,'weapons']
242,Grimstad,Moonshae,['armour'
242,Grimstad,Moonshae,'rose-gold'
242,Grimstad,Moonshae,'timber'
242,Grimstad,Moonshae,'weapons']
243,Harloch,Moonshae,['armour'
243,Harloch,Moonshae,'rose-gold'
243,Harloch,Moonshae,'timber'
243,Harloch,Moonshae,'weapons']
244,Hickorydale,Moonshae,['armour'
244,Hickorydale,Moonshae,'rose-gold'
244,Hickorydale,Moonshae,'timber'
244,Hickorydale,Moonshae,'weapons']
245,Horsa,Moonshae,['armour'
245,Horsa,Moonshae,'rose-gold'
245,Horsa,Moonshae,'timber'
245,Horsa,Moonshae,'weapons']
246,Horst,Moonshae,['armour'
246,Horst,Moonshae,'rose-gold'
246,Horst,Moonshae,'timber'
246,Horst,Moonshae,'weapons']
247,Highhome,Moonshae,['armour'
247,Highhome,Moonshae,'rose-gold'
247,Highhome,Moonshae,'timber'
247,Highhome,Moonshae,'weapons']
248,Highrock,Moonshae,['armour'
248,Highrock,Moonshae,'rose-gold'
248,Highrock,Moonshae,'timber'
248,Highrock,Moonshae,'weapons']
249,Holyhead,Moonshae,['armour'
249,Holyhead,Moonshae,'rose-gold'
249,Holyhead,Moonshae,'timber'
249,Holyhead,Moonshae,'weapons']
250,Horstall,Moonshae,['armour'
250,Horstall,Moonshae,'rose-gold'
250,Horstall,Moonshae,'timber'
250,Horstall,Moonshae,'weapons']
251,Hyoclaatl,Moonshae,['armour'
251,Hyoclaatl,Moonshae,'rose-gold'
251,Hyoclaatl,Moonshae,'timber'
251,Hyoclaatl,Moonshae,'weapons']
252,Kingsbay,Moonshae,['armour'
252,Kingsbay,Moonshae,'rose-gold'
252,Kingsbay,Moonshae,'timber'
252,Kingsbay,Moonshae,'weapons']
253,Koart,Moonshae,['armour'
253,Koart,Moonshae,'rose-gold'
253,Koart,Moonshae,'timber'
253,Koart,Moonshae,'weapons']
254,Kork,Moonshae,['armour'
254,Kork,Moonshae,'rose-gold'
254,Kork,Moonshae,'timber'
254,Kork,Moonshae,'weapons']
255,Kythyss,Moonshae,['armour'
255,Kythyss,Moonshae,'rose-gold'
255,Kythyss,Moonshae,'timber'
255,Kythyss,Moonshae,'weapons']
256,Lehigh,Moonshae,['armour'
256,Lehigh,Moonshae,'rose-gold'
256,Lehigh,Moonshae,'timber'
256,Lehigh,Moonshae,'weapons']
257,Llandrain,Moonshae,['armour'
257,Llandrain,Moonshae,'rose-gold'
257,Llandrain,Moonshae,'timber'
257,Llandrain,Moonshae,'weapons']
258,Llewellyn,Moonshae,['armour'
258,Llewellyn,Moonshae,'rose-gold'
258,Llewellyn,Moonshae,'timber'
258,Llewellyn,Moonshae,'weapons']
259,Lowhill,Moonshae,['armour'
259,Lowhill,Moonshae,'rose-gold'
259,Lowhill,Moonshae,'timber'
259,Lowhill,Moonshae,'weapons']
260,MacSheehan,Moonshae,['armour'
260,MacSheehan,Moonshae,'rose-gold'
260,MacSheehan,Moonshae,'timber'
260,MacSheehan,Moonshae,'weapons']
261,Manger,Moonshae,['armour'
261,Manger,Moonshae,'rose-gold'
261,Manger,Moonshae,'timber'
261,Manger,Moonshae,'weapons']
262,Myrrdale,Moonshae,['armour'
262,Myrrdale,Moonshae,'rose-gold'
262,Myrrdale,Moonshae,'timber'
262,Myrrdale,Moonshae,'weapons']
263,Ogden,Moonshae,['armour'
263,Ogden,Moonshae,'rose-gold'
263,Ogden,Moonshae,'timber'
263,Ogden,Moonshae,'weapons']
264,O’Malley,Moonshae,['armour'
264,O’Malley,Moonshae,'rose-gold'
264,O’Malley,Moonshae,'timber'
264,O’Malley,Moonshae,'weapons']
265,Pembroke,Moonshae,['armour'
265,Pembroke,Moonshae,'rose-gold'
265,Pembroke,Moonshae,'timber'
265,Pembroke,Moonshae,'weapons']
266,Pengram,Moonshae,['armour'
266,Pengram,Moonshae,'rose-gold'
266,Pengram,Moonshae,'timber'
266,Pengram,Moonshae,'weapons']
267,Pontswain,Moonshae,['armour'
267,Pontswain,Moonshae,'rose-gold'
267,Pontswain,Moonshae,'timber'
267,Pontswain,Moonshae,'weapons']
268,Regents Field,Moonshae,['armour'
268,Regents Field,Moonshae,'rose-gold'
268,Regents Field,Moonshae,'timber'
268,Regents Field,Moonshae,'weapons']
269,Storaad,Moonshae,['armour'
269,Storaad,Moonshae,'rose-gold'
269,Storaad,Moonshae,'timber'
269,Storaad,Moonshae,'weapons']
270,Tetauctaa,Moonshae,['armour'
270,Tetauctaa,Moonshae,'rose-gold'
270,Tetauctaa,Moonshae,'timber'
270,Tetauctaa,Moonshae,'weapons']
271,Thorndyke,Moonshae,['armour'
271,Thorndyke,Moonshae,'rose-gold'
271,Thorndyke,Moonshae,'timber'
271,Thorndyke,Moonshae,'weapons']
272,White Rock,Moonshae,['armour'
272,White Rock,Moonshae,'rose-gold'
272,White Rock,Moonshae,'timber'
272,White Rock,Moonshae,'weapons']
273,Wyngate,Moonshae,['armour'
273,Wyngate,Moonshae,'rose-gold'
273,Wyngate,Moonshae,'timber'
273,Wyngate,Moonshae,'weapons']
287,Ordulin,Sembia,['books'
287,Ordulin,Sembia,'food'
287,Ordulin,Sembia,'livestock'
287,Ordulin,Sembia,'pottery'
287,Ordulin,Sembia,'spiced sausage'
287,Ordulin,Sembia,'silk'
287,Ordulin,Sembia,'weapons'
287,Ordulin,Sembia,'wine']
288,Daerlun,Sembia,['books'
288,Daerlun,Sembia,'food'
288,Daerlun,Sembia,'livestock'
288,Daerlun,Sembia,'pottery'
288,Daerlun,Sembia,'spiced sausage'
288,Daerlun,Sembia,'silk'
288,Daerlun,Sembia,'weapons'
288,Daerlun,Sembia,'wine']
289,Huddagh,Sembia,['books'
289,Huddagh,Sembia,'food'
289,Huddagh,Sembia,'livestock'
289,Huddagh,Sembia,'pottery'
289,Huddagh,Sembia,'spiced sausage'
289,Huddagh,Sembia,'silk'
289,Huddagh,Sembia,'weapons'
289,Huddagh,Sembia,'wine']
290,Kulta,Sembia,['books'
290,Kulta,Sembia,'food'
290,Kulta,Sembia,'livestock'
290,Kulta,Sembia,'pottery'
290,Kulta,Sembia,'spiced sausage'
290,Kulta,Sembia,'silk'
290,Kulta,Sembia,'weapons'
290,Kulta,Sembia,'wine']
291,Mulhessen,Sembia,['books'
291,Mulhessen,Sembia,'food'
291,Mulhessen,Sembia,'livestock'
291,Mulhessen,Sembia,'pottery'
291,Mulhessen,Sembia,'spiced sausage'
291,Mulhessen,Sembia,'silk'
291,Mulhessen,Sembia,'weapons'
291,Mulhessen,Sembia,'wine']
292,Saerb,Sembia,['books'
292,Saerb,Sembia,'food'
292,Saerb,Sembia,'livestock'
292,Saerb,Sembia,'pottery'
292,Saerb,Sembia,'spiced sausage'
292,Saerb,Sembia,'silk'
292,Saerb,Sembia,'weapons'
292,Saerb,Sembia,'wine']
293,Saerloon,Sembia,['books'
293,Saerloon,Sembia,'food'
293,Saerloon,Sembia,'livestock'
293,Saerloon,Sembia,'pottery'
293,Saerloon,Sembia,'spiced sausage'
293,Saerloon,Sembia,'silk'
293,Saerloon,Sembia,'weapons'
293,Saerloon,Sembia,'wine']
294,Selgaunt,Sembia,['books'
294,Selgaunt,Sembia,'food'
294,Selgaunt,Sembia,'livestock'
294,Selgaunt,Sembia,'pottery'
294,Selgaunt,Sembia,'spiced sausage'
294,Selgaunt,Sembia,'silk'
294,Selgaunt,Sembia,'weapons'
294,Selgaunt,Sembia,'wine']
295,Surd,Sembia,['books'
295,Surd,Sembia,'food'
295,Surd,Sembia,'livestock'
295,Surd,Sembia,'pottery'
295,Surd,Sembia,'spiced sausage'
295,Surd,Sembia,'silk'
295,Surd,Sembia,'weapons'
295,Surd,Sembia,'wine']
296,Tulbegh,Sembia,['books'
296,Tulbegh,Sembia,'food'
296,Tulbegh,Sembia,'livestock'
296,Tulbegh,Sembia,'pottery'
296,Tulbegh,Sembia,'spiced sausage'
296,Tulbegh,Sembia,'silk'
296,Tulbegh,Sembia,'weapons'
296,Tulbegh,Sembia,'wine']
297,Uarhold,Sembia,['books'
297,Uarhold,Sembia,'food'
297,Uarhold,Sembia,'livestock'
297,Uarhold,Sembia,'pottery'
297,Uarhold,Sembia,'spiced sausage'
297,Uarhold,Sembia,'silk'
297,Uarhold,Sembia,'weapons'
297,Uarhold,Sembia,'wine']
298,Urmlaspyr,Sembia,['books'
298,Urmlaspyr,Sembia,'food'
298,Urmlaspyr,Sembia,'livestock'
298,Urmlaspyr,Sembia,'pottery'
298,Urmlaspyr,Sembia,'spiced sausage'
298,Urmlaspyr,Sembia,'silk'
298,Urmlaspyr,Sembia,'weapons'
298,Urmlaspyr,Sembia,'wine']
299,Yhaunn,Sembia,['books'
299,Yhaunn,Sembia,'food'
299,Yhaunn,Sembia,'livestock'
299,Yhaunn,Sembia,'pottery'
299,Yhaunn,Sembia,'spiced sausage'
299,Yhaunn,Sembia,'silk'
299,Yhaunn,Sembia,'weapons'
299,Yhaunn,Sembia,'wine']
300,Yuthgalaunt,Sembia,['books'
300,Yuthgalaunt,Sembia,'food'
300,Yuthgalaunt,Sembia,'livestock'
300,Yuthgalaunt,Sembia,'pottery'
300,Yuthgalaunt,Sembia,'spiced sausage'
300,Yuthgalaunt,Sembia,'silk'
300,Yuthgalaunt,Sembia,'weapons'
300,Yuthgalaunt,Sembia,'wine']
301,Sundice,Sossal,['dwarven weapons'
301,Sundice,Sossal,'silver'
301,Sundice,Sossal,'various kinds of meat']
302,Sundice,Sossal,['dwarven weapons'
302,Sundice,Sossal,'silver'
302,Sundice,Sossal,'various kinds of meat']
303,Dharvil,Sossal,['dwarven weapons'
303,Dharvil,Sossal,'silver'
303,Dharvil,Sossal,'various kinds of meat']
304,Naupau,Sossal,['dwarven weapons'
304,Naupau,Sossal,'silver'
304,Naupau,Sossal,'various kinds of meat']
305,Shannath,Sossal,['dwarven weapons'
305,Shannath,Sossal,'silver'
305,Shannath,Sossal,'various kinds of meat']
306,Uldfest,Sossal,['dwarven weapons'
306,Uldfest,Sossal,'silver'
306,Uldfest,Sossal,'various kinds of meat']
307,Darromar,Tethyr,['ambergris'
307,Darromar,Tethyr,'carpets'
307,Darromar,Tethyr,'cheese'
307,Darromar,Tethyr,'cloth'
307,Darromar,Tethyr,'fish'
307,Darromar,Tethyr,'fruit'
307,Darromar,Tethyr,'livestock'
307,Darromar,Tethyr,'nuts'
307,Darromar,Tethyr,'pearls'
307,Darromar,Tethyr,'pipeweed'
307,Darromar,Tethyr,'rugs'
307,Darromar,Tethyr,'silk'
307,Darromar,Tethyr,'tea'
307,Darromar,Tethyr,'vegetables'
307,Darromar,Tethyr,'wine'
307,Darromar,Tethyr,'whale oil']
308,Abbor,Tethyr,['ambergris'
308,Abbor,Tethyr,'carpets'
308,Abbor,Tethyr,'cheese'
308,Abbor,Tethyr,'cloth'
308,Abbor,Tethyr,'fish'
308,Abbor,Tethyr,'fruit'
308,Abbor,Tethyr,'livestock'
308,Abbor,Tethyr,'nuts'
308,Abbor,Tethyr,'pearls'
308,Abbor,Tethyr,'pipeweed'
308,Abbor,Tethyr,'rugs'
308,Abbor,Tethyr,'silk'
308,Abbor,Tethyr,'tea'
308,Abbor,Tethyr,'vegetables'
308,Abbor,Tethyr,'wine'
308,Abbor,Tethyr,'whale oil']
309,Banshivale,Tethyr,['ambergris'
309,Banshivale,Tethyr,'carpets'
309,Banshivale,Tethyr,'cheese'
309,Banshivale,Tethyr,'cloth'
309,Banshivale,Tethyr,'fish'
309,Banshivale,Tethyr,'fruit'
309,Banshivale,Tethyr,'livestock'
309,Banshivale,Tethyr,'nuts'
309,Banshivale,Tethyr,'pearls'
309,Banshivale,Tethyr,'pipeweed'
309,Banshivale,Tethyr,'rugs'
309,Banshivale,Tethyr,'silk'
309,Banshivale,Tethyr,'tea'
309,Banshivale,Tethyr,'vegetables'
309,Banshivale,Tethyr,'wine'
309,Banshivale,Tethyr,'whale oil']
310,Barrowsmorn,Tethyr,['ambergris'
310,Barrowsmorn,Tethyr,'carpets'
310,Barrowsmorn,Tethyr,'cheese'
310,Barrowsmorn,Tethyr,'cloth'
310,Barrowsmorn,Tethyr,'fish'
310,Barrowsmorn,Tethyr,'fruit'
310,Barrowsmorn,Tethyr,'livestock'
310,Barrowsmorn,Tethyr,'nuts'
310,Barrowsmorn,Tethyr,'pearls'
310,Barrowsmorn,Tethyr,'pipeweed'
310,Barrowsmorn,Tethyr,'rugs'
310,Barrowsmorn,Tethyr,'silk'
310,Barrowsmorn,Tethyr,'tea'
310,Barrowsmorn,Tethyr,'vegetables'
310,Barrowsmorn,Tethyr,'wine'
310,Barrowsmorn,Tethyr,'whale oil']
311,Brost,Tethyr,['ambergris'
311,Brost,Tethyr,'carpets'
311,Brost,Tethyr,'cheese'
311,Brost,Tethyr,'cloth'
311,Brost,Tethyr,'fish'
311,Brost,Tethyr,'fruit'
311,Brost,Tethyr,'livestock'
311,Brost,Tethyr,'nuts'
311,Brost,Tethyr,'pearls'
311,Brost,Tethyr,'pipeweed'
311,Brost,Tethyr,'rugs'
311,Brost,Tethyr,'silk'
311,Brost,Tethyr,'tea'
311,Brost,Tethyr,'vegetables'
311,Brost,Tethyr,'wine'
311,Brost,Tethyr,'whale oil']
312,Cayr Thalwood,Tethyr,['ambergris'
312,Cayr Thalwood,Tethyr,'carpets'
312,Cayr Thalwood,Tethyr,'cheese'
312,Cayr Thalwood,Tethyr,'cloth'
312,Cayr Thalwood,Tethyr,'fish'
312,Cayr Thalwood,Tethyr,'fruit'
312,Cayr Thalwood,Tethyr,'livestock'
312,Cayr Thalwood,Tethyr,'nuts'
312,Cayr Thalwood,Tethyr,'pearls'
312,Cayr Thalwood,Tethyr,'pipeweed'
312,Cayr Thalwood,Tethyr,'rugs'
312,Cayr Thalwood,Tethyr,'silk'
312,Cayr Thalwood,Tethyr,'tea'
312,Cayr Thalwood,Tethyr,'vegetables'
312,Cayr Thalwood,Tethyr,'wine'
312,Cayr Thalwood,Tethyr,'whale oil']
313,Colbertann,Tethyr,['ambergris'
313,Colbertann,Tethyr,'carpets'
313,Colbertann,Tethyr,'cheese'
313,Colbertann,Tethyr,'cloth'
313,Colbertann,Tethyr,'fish'
313,Colbertann,Tethyr,'fruit'
313,Colbertann,Tethyr,'livestock'
313,Colbertann,Tethyr,'nuts'
313,Colbertann,Tethyr,'pearls'
313,Colbertann,Tethyr,'pipeweed'
313,Colbertann,Tethyr,'rugs'
313,Colbertann,Tethyr,'silk'
313,Colbertann,Tethyr,'tea'
313,Colbertann,Tethyr,'vegetables'
313,Colbertann,Tethyr,'wine'
313,Colbertann,Tethyr,'whale oil']
314,Daraqadim,Tethyr,['ambergris'
314,Daraqadim,Tethyr,'carpets'
314,Daraqadim,Tethyr,'cheese'
314,Daraqadim,Tethyr,'cloth'
314,Daraqadim,Tethyr,'fish'
314,Daraqadim,Tethyr,'fruit'
314,Daraqadim,Tethyr,'livestock'
314,Daraqadim,Tethyr,'nuts'
314,Daraqadim,Tethyr,'pearls'
314,Daraqadim,Tethyr,'pipeweed'
314,Daraqadim,Tethyr,'rugs'
314,Daraqadim,Tethyr,'silk'
314,Daraqadim,Tethyr,'tea'
314,Daraqadim,Tethyr,'vegetables'
314,Daraqadim,Tethyr,'wine'
314,Daraqadim,Tethyr,'whale oil']
315,Dunod,Tethyr,['ambergris'
315,Dunod,Tethyr,'carpets'
315,Dunod,Tethyr,'cheese'
315,Dunod,Tethyr,'cloth'
315,Dunod,Tethyr,'fish'
315,Dunod,Tethyr,'fruit'
315,Dunod,Tethyr,'livestock'
315,Dunod,Tethyr,'nuts'
315,Dunod,Tethyr,'pearls'
315,Dunod,Tethyr,'pipeweed'
315,Dunod,Tethyr,'rugs'
315,Dunod,Tethyr,'silk'
315,Dunod,Tethyr,'tea'
315,Dunod,Tethyr,'vegetables'
315,Dunod,Tethyr,'wine'
315,Dunod,Tethyr,'whale oil']
316,Elbencourt,Tethyr,['ambergris'
316,Elbencourt,Tethyr,'carpets'
316,Elbencourt,Tethyr,'cheese'
316,Elbencourt,Tethyr,'cloth'
316,Elbencourt,Tethyr,'fish'
316,Elbencourt,Tethyr,'fruit'
316,Elbencourt,Tethyr,'livestock'
316,Elbencourt,Tethyr,'nuts'
316,Elbencourt,Tethyr,'pearls'
316,Elbencourt,Tethyr,'pipeweed'
316,Elbencourt,Tethyr,'rugs'
316,Elbencourt,Tethyr,'silk'
316,Elbencourt,Tethyr,'tea'
316,Elbencourt,Tethyr,'vegetables'
316,Elbencourt,Tethyr,'wine'
316,Elbencourt,Tethyr,'whale oil']
317,Fort Agis,Tethyr,['ambergris'
317,Fort Agis,Tethyr,'carpets'
317,Fort Agis,Tethyr,'cheese'
317,Fort Agis,Tethyr,'cloth'
317,Fort Agis,Tethyr,'fish'
317,Fort Agis,Tethyr,'fruit'
317,Fort Agis,Tethyr,'livestock'
317,Fort Agis,Tethyr,'nuts'
317,Fort Agis,Tethyr,'pearls'
317,Fort Agis,Tethyr,'pipeweed'
317,Fort Agis,Tethyr,'rugs'
317,Fort Agis,Tethyr,'silk'
317,Fort Agis,Tethyr,'tea'
317,Fort Agis,Tethyr,'vegetables'
317,Fort Agis,Tethyr,'wine'
317,Fort Agis,Tethyr,'whale oil']
318,Fort Calim,Tethyr,['ambergris'
318,Fort Calim,Tethyr,'carpets'
318,Fort Calim,Tethyr,'cheese'
318,Fort Calim,Tethyr,'cloth'
318,Fort Calim,Tethyr,'fish'
318,Fort Calim,Tethyr,'fruit'
318,Fort Calim,Tethyr,'livestock'
318,Fort Calim,Tethyr,'nuts'
318,Fort Calim,Tethyr,'pearls'
318,Fort Calim,Tethyr,'pipeweed'
318,Fort Calim,Tethyr,'rugs'
318,Fort Calim,Tethyr,'silk'
318,Fort Calim,Tethyr,'tea'
318,Fort Calim,Tethyr,'vegetables'
318,Fort Calim,Tethyr,'wine'
318,Fort Calim,Tethyr,'whale oil']
319,Fort Teqlar,Tethyr,['ambergris'
319,Fort Teqlar,Tethyr,'carpets'
319,Fort Teqlar,Tethyr,'cheese'
319,Fort Teqlar,Tethyr,'cloth'
319,Fort Teqlar,Tethyr,'fish'
319,Fort Teqlar,Tethyr,'fruit'
319,Fort Teqlar,Tethyr,'livestock'
319,Fort Teqlar,Tethyr,'nuts'
319,Fort Teqlar,Tethyr,'pearls'
319,Fort Teqlar,Tethyr,'pipeweed'
319,Fort Teqlar,Tethyr,'rugs'
319,Fort Teqlar,Tethyr,'silk'
319,Fort Teqlar,Tethyr,'tea'
319,Fort Teqlar,Tethyr,'vegetables'
319,Fort Teqlar,Tethyr,'wine'
319,Fort Teqlar,Tethyr,'whale oil']
320,Grapton,Tethyr,['ambergris'
320,Grapton,Tethyr,'carpets'
320,Grapton,Tethyr,'cheese'
320,Grapton,Tethyr,'cloth'
320,Grapton,Tethyr,'fish'
320,Grapton,Tethyr,'fruit'
320,Grapton,Tethyr,'livestock'
320,Grapton,Tethyr,'nuts'
320,Grapton,Tethyr,'pearls'
320,Grapton,Tethyr,'pipeweed'
320,Grapton,Tethyr,'rugs'
320,Grapton,Tethyr,'silk'
320,Grapton,Tethyr,'tea'
320,Grapton,Tethyr,'vegetables'
320,Grapton,Tethyr,'wine'
320,Grapton,Tethyr,'whale oil']
321,Hostim,Tethyr,['ambergris'
321,Hostim,Tethyr,'carpets'
321,Hostim,Tethyr,'cheese'
321,Hostim,Tethyr,'cloth'
321,Hostim,Tethyr,'fish'
321,Hostim,Tethyr,'fruit'
321,Hostim,Tethyr,'livestock'
321,Hostim,Tethyr,'nuts'
321,Hostim,Tethyr,'pearls'
321,Hostim,Tethyr,'pipeweed'
321,Hostim,Tethyr,'rugs'
321,Hostim,Tethyr,'silk'
321,Hostim,Tethyr,'tea'
321,Hostim,Tethyr,'vegetables'
321,Hostim,Tethyr,'wine'
321,Hostim,Tethyr,'whale oil']
322,Ithal Pass,Tethyr,['ambergris'
322,Ithal Pass,Tethyr,'carpets'
322,Ithal Pass,Tethyr,'cheese'
322,Ithal Pass,Tethyr,'cloth'
322,Ithal Pass,Tethyr,'fish'
322,Ithal Pass,Tethyr,'fruit'
322,Ithal Pass,Tethyr,'livestock'
322,Ithal Pass,Tethyr,'nuts'
322,Ithal Pass,Tethyr,'pearls'
322,Ithal Pass,Tethyr,'pipeweed'
322,Ithal Pass,Tethyr,'rugs'
322,Ithal Pass,Tethyr,'silk'
322,Ithal Pass,Tethyr,'tea'
322,Ithal Pass,Tethyr,'vegetables'
322,Ithal Pass,Tethyr,'wine'
322,Ithal Pass,Tethyr,'whale oil']
323,Jhaansciim,Tethyr,['ambergris'
323,Jhaansciim,Tethyr,'carpets'
323,Jhaansciim,Tethyr,'cheese'
323,Jhaansciim,Tethyr,'cloth'
323,Jhaansciim,Tethyr,'fish'
323,Jhaansciim,Tethyr,'fruit'
323,Jhaansciim,Tethyr,'livestock'
323,Jhaansciim,Tethyr,'nuts'
323,Jhaansciim,Tethyr,'pearls'
323,Jhaansciim,Tethyr,'pipeweed'
323,Jhaansciim,Tethyr,'rugs'
323,Jhaansciim,Tethyr,'silk'
323,Jhaansciim,Tethyr,'tea'
323,Jhaansciim,Tethyr,'vegetables'
323,Jhaansciim,Tethyr,'wine'
323,Jhaansciim,Tethyr,'whale oil']
324,Khanall,Tethyr,['ambergris'
324,Khanall,Tethyr,'carpets'
324,Khanall,Tethyr,'cheese'
324,Khanall,Tethyr,'cloth'
324,Khanall,Tethyr,'fish'
324,Khanall,Tethyr,'fruit'
324,Khanall,Tethyr,'livestock'
324,Khanall,Tethyr,'nuts'
324,Khanall,Tethyr,'pearls'
324,Khanall,Tethyr,'pipeweed'
324,Khanall,Tethyr,'rugs'
324,Khanall,Tethyr,'silk'
324,Khanall,Tethyr,'tea'
324,Khanall,Tethyr,'vegetables'
324,Khanall,Tethyr,'wine'
324,Khanall,Tethyr,'whale oil']
325,Kirgard,Tethyr,['ambergris'
325,Kirgard,Tethyr,'carpets'
325,Kirgard,Tethyr,'cheese'
325,Kirgard,Tethyr,'cloth'
325,Kirgard,Tethyr,'fish'
325,Kirgard,Tethyr,'fruit'
325,Kirgard,Tethyr,'livestock'
325,Kirgard,Tethyr,'nuts'
325,Kirgard,Tethyr,'pearls'
325,Kirgard,Tethyr,'pipeweed'
325,Kirgard,Tethyr,'rugs'
325,Kirgard,Tethyr,'silk'
325,Kirgard,Tethyr,'tea'
325,Kirgard,Tethyr,'vegetables'
325,Kirgard,Tethyr,'wine'
325,Kirgard,Tethyr,'whale oil']
326,Krennasar,Tethyr,['ambergris'
326,Krennasar,Tethyr,'carpets'
326,Krennasar,Tethyr,'cheese'
326,Krennasar,Tethyr,'cloth'
326,Krennasar,Tethyr,'fish'
326,Krennasar,Tethyr,'fruit'
326,Krennasar,Tethyr,'livestock'
326,Krennasar,Tethyr,'nuts'
326,Krennasar,Tethyr,'pearls'
326,Krennasar,Tethyr,'pipeweed'
326,Krennasar,Tethyr,'rugs'
326,Krennasar,Tethyr,'silk'
326,Krennasar,Tethyr,'tea'
326,Krennasar,Tethyr,'vegetables'
326,Krennasar,Tethyr,'wine'
326,Krennasar,Tethyr,'whale oil']
327,Kzelter,Tethyr,['ambergris'
327,Kzelter,Tethyr,'carpets'
327,Kzelter,Tethyr,'cheese'
327,Kzelter,Tethyr,'cloth'
327,Kzelter,Tethyr,'fish'
327,Kzelter,Tethyr,'fruit'
327,Kzelter,Tethyr,'livestock'
327,Kzelter,Tethyr,'nuts'
327,Kzelter,Tethyr,'pearls'
327,Kzelter,Tethyr,'pipeweed'
327,Kzelter,Tethyr,'rugs'
327,Kzelter,Tethyr,'silk'
327,Kzelter,Tethyr,'tea'
327,Kzelter,Tethyr,'vegetables'
327,Kzelter,Tethyr,'wine'
327,Kzelter,Tethyr,'whale oil']
328,Lhestyn’s Hearth,Tethyr,['ambergris'
328,Lhestyn’s Hearth,Tethyr,'carpets'
328,Lhestyn’s Hearth,Tethyr,'cheese'
328,Lhestyn’s Hearth,Tethyr,'cloth'
328,Lhestyn’s Hearth,Tethyr,'fish'
328,Lhestyn’s Hearth,Tethyr,'fruit'
328,Lhestyn’s Hearth,Tethyr,'livestock'
328,Lhestyn’s Hearth,Tethyr,'nuts'
328,Lhestyn’s Hearth,Tethyr,'pearls'
328,Lhestyn’s Hearth,Tethyr,'pipeweed'
328,Lhestyn’s Hearth,Tethyr,'rugs'
328,Lhestyn’s Hearth,Tethyr,'silk'
328,Lhestyn’s Hearth,Tethyr,'tea'
328,Lhestyn’s Hearth,Tethyr,'vegetables'
328,Lhestyn’s Hearth,Tethyr,'wine'
328,Lhestyn’s Hearth,Tethyr,'whale oil']
329,Loranse,Tethyr,['ambergris'
329,Loranse,Tethyr,'carpets'
329,Loranse,Tethyr,'cheese'
329,Loranse,Tethyr,'cloth'
329,Loranse,Tethyr,'fish'
329,Loranse,Tethyr,'fruit'
329,Loranse,Tethyr,'livestock'
329,Loranse,Tethyr,'nuts'
329,Loranse,Tethyr,'pearls'
329,Loranse,Tethyr,'pipeweed'
329,Loranse,Tethyr,'rugs'
329,Loranse,Tethyr,'silk'
329,Loranse,Tethyr,'tea'
329,Loranse,Tethyr,'vegetables'
329,Loranse,Tethyr,'wine'
329,Loranse,Tethyr,'whale oil']
330,Lyllburg,Tethyr,['ambergris'
330,Lyllburg,Tethyr,'carpets'
330,Lyllburg,Tethyr,'cheese'
330,Lyllburg,Tethyr,'cloth'
330,Lyllburg,Tethyr,'fish'
330,Lyllburg,Tethyr,'fruit'
330,Lyllburg,Tethyr,'livestock'
330,Lyllburg,Tethyr,'nuts'
330,Lyllburg,Tethyr,'pearls'
330,Lyllburg,Tethyr,'pipeweed'
330,Lyllburg,Tethyr,'rugs'
330,Lyllburg,Tethyr,'silk'
330,Lyllburg,Tethyr,'tea'
330,Lyllburg,Tethyr,'vegetables'
330,Lyllburg,Tethyr,'wine'
330,Lyllburg,Tethyr,'whale oil']
331,Marakir,Tethyr,['ambergris'
331,Marakir,Tethyr,'carpets'
331,Marakir,Tethyr,'cheese'
331,Marakir,Tethyr,'cloth'
331,Marakir,Tethyr,'fish'
331,Marakir,Tethyr,'fruit'
331,Marakir,Tethyr,'livestock'
331,Marakir,Tethyr,'nuts'
331,Marakir,Tethyr,'pearls'
331,Marakir,Tethyr,'pipeweed'
331,Marakir,Tethyr,'rugs'
331,Marakir,Tethyr,'silk'
331,Marakir,Tethyr,'tea'
331,Marakir,Tethyr,'vegetables'
331,Marakir,Tethyr,'wine'
331,Marakir,Tethyr,'whale oil']
332,Maratimmir,Tethyr,['ambergris'
332,Maratimmir,Tethyr,'carpets'
332,Maratimmir,Tethyr,'cheese'
332,Maratimmir,Tethyr,'cloth'
332,Maratimmir,Tethyr,'fish'
332,Maratimmir,Tethyr,'fruit'
332,Maratimmir,Tethyr,'livestock'
332,Maratimmir,Tethyr,'nuts'
332,Maratimmir,Tethyr,'pearls'
332,Maratimmir,Tethyr,'pipeweed'
332,Maratimmir,Tethyr,'rugs'
332,Maratimmir,Tethyr,'silk'
332,Maratimmir,Tethyr,'tea'
332,Maratimmir,Tethyr,'vegetables'
332,Maratimmir,Tethyr,'wine'
332,Maratimmir,Tethyr,'whale oil']
333,Masamount,Tethyr,['ambergris'
333,Masamount,Tethyr,'carpets'
333,Masamount,Tethyr,'cheese'
333,Masamount,Tethyr,'cloth'
333,Masamount,Tethyr,'fish'
333,Masamount,Tethyr,'fruit'
333,Masamount,Tethyr,'livestock'
333,Masamount,Tethyr,'nuts'
333,Masamount,Tethyr,'pearls'
333,Masamount,Tethyr,'pipeweed'
333,Masamount,Tethyr,'rugs'
333,Masamount,Tethyr,'silk'
333,Masamount,Tethyr,'tea'
333,Masamount,Tethyr,'vegetables'
333,Masamount,Tethyr,'wine'
333,Masamount,Tethyr,'whale oil']
334,Monguldarath,Tethyr,['ambergris'
334,Monguldarath,Tethyr,'carpets'
334,Monguldarath,Tethyr,'cheese'
334,Monguldarath,Tethyr,'cloth'
334,Monguldarath,Tethyr,'fish'
334,Monguldarath,Tethyr,'fruit'
334,Monguldarath,Tethyr,'livestock'
334,Monguldarath,Tethyr,'nuts'
334,Monguldarath,Tethyr,'pearls'
334,Monguldarath,Tethyr,'pipeweed'
334,Monguldarath,Tethyr,'rugs'
334,Monguldarath,Tethyr,'silk'
334,Monguldarath,Tethyr,'tea'
334,Monguldarath,Tethyr,'vegetables'
334,Monguldarath,Tethyr,'wine'
334,Monguldarath,Tethyr,'whale oil']
335,Morninggold Keep,Tethyr,['ambergris'
335,Morninggold Keep,Tethyr,'carpets'
335,Morninggold Keep,Tethyr,'cheese'
335,Morninggold Keep,Tethyr,'cloth'
335,Morninggold Keep,Tethyr,'fish'
335,Morninggold Keep,Tethyr,'fruit'
335,Morninggold Keep,Tethyr,'livestock'
335,Morninggold Keep,Tethyr,'nuts'
335,Morninggold Keep,Tethyr,'pearls'
335,Morninggold Keep,Tethyr,'pipeweed'
335,Morninggold Keep,Tethyr,'rugs'
335,Morninggold Keep,Tethyr,'silk'
335,Morninggold Keep,Tethyr,'tea'
335,Morninggold Keep,Tethyr,'vegetables'
335,Morninggold Keep,Tethyr,'wine'
335,Morninggold Keep,Tethyr,'whale oil']
336,Mosstone,Tethyr,['ambergris'
336,Mosstone,Tethyr,'carpets'
336,Mosstone,Tethyr,'cheese'
336,Mosstone,Tethyr,'cloth'
336,Mosstone,Tethyr,'fish'
336,Mosstone,Tethyr,'fruit'
336,Mosstone,Tethyr,'livestock'
336,Mosstone,Tethyr,'nuts'
336,Mosstone,Tethyr,'pearls'
336,Mosstone,Tethyr,'pipeweed'
336,Mosstone,Tethyr,'rugs'
336,Mosstone,Tethyr,'silk'
336,Mosstone,Tethyr,'tea'
336,Mosstone,Tethyr,'vegetables'
336,Mosstone,Tethyr,'wine'
336,Mosstone,Tethyr,'whale oil']
337,Mount Noblesse,Tethyr,['ambergris'
337,Mount Noblesse,Tethyr,'carpets'
337,Mount Noblesse,Tethyr,'cheese'
337,Mount Noblesse,Tethyr,'cloth'
337,Mount Noblesse,Tethyr,'fish'
337,Mount Noblesse,Tethyr,'fruit'
337,Mount Noblesse,Tethyr,'livestock'
337,Mount Noblesse,Tethyr,'nuts'
337,Mount Noblesse,Tethyr,'pearls'
337,Mount Noblesse,Tethyr,'pipeweed'
337,Mount Noblesse,Tethyr,'rugs'
337,Mount Noblesse,Tethyr,'silk'
337,Mount Noblesse,Tethyr,'tea'
337,Mount Noblesse,Tethyr,'vegetables'
337,Mount Noblesse,Tethyr,'wine'
337,Mount Noblesse,Tethyr,'whale oil']
338,Myratma,Tethyr,['ambergris'
338,Myratma,Tethyr,'carpets'
338,Myratma,Tethyr,'cheese'
338,Myratma,Tethyr,'cloth'
338,Myratma,Tethyr,'fish'
338,Myratma,Tethyr,'fruit'
338,Myratma,Tethyr,'livestock'
338,Myratma,Tethyr,'nuts'
338,Myratma,Tethyr,'pearls'
338,Myratma,Tethyr,'pipeweed'
338,Myratma,Tethyr,'rugs'
338,Myratma,Tethyr,'silk'
338,Myratma,Tethyr,'tea'
338,Myratma,Tethyr,'vegetables'
338,Myratma,Tethyr,'wine'
338,Myratma,Tethyr,'whale oil']
339,Myth Dyraalis,Tethyr,['ambergris'
339,Myth Dyraalis,Tethyr,'carpets'
339,Myth Dyraalis,Tethyr,'cheese'
339,Myth Dyraalis,Tethyr,'cloth'
339,Myth Dyraalis,Tethyr,'fish'
339,Myth Dyraalis,Tethyr,'fruit'
339,Myth Dyraalis,Tethyr,'livestock'
339,Myth Dyraalis,Tethyr,'nuts'
339,Myth Dyraalis,Tethyr,'pearls'
339,Myth Dyraalis,Tethyr,'pipeweed'
339,Myth Dyraalis,Tethyr,'rugs'
339,Myth Dyraalis,Tethyr,'silk'
339,Myth Dyraalis,Tethyr,'tea'
339,Myth Dyraalis,Tethyr,'vegetables'
339,Myth Dyraalis,Tethyr,'wine'
339,Myth Dyraalis,Tethyr,'whale oil']
340,Nomerritin,Tethyr,['ambergris'
340,Nomerritin,Tethyr,'carpets'
340,Nomerritin,Tethyr,'cheese'
340,Nomerritin,Tethyr,'cloth'
340,Nomerritin,Tethyr,'fish'
340,Nomerritin,Tethyr,'fruit'
340,Nomerritin,Tethyr,'livestock'
340,Nomerritin,Tethyr,'nuts'
340,Nomerritin,Tethyr,'pearls'
340,Nomerritin,Tethyr,'pipeweed'
340,Nomerritin,Tethyr,'rugs'
340,Nomerritin,Tethyr,'silk'
340,Nomerritin,Tethyr,'tea'
340,Nomerritin,Tethyr,'vegetables'
340,Nomerritin,Tethyr,'wine'
340,Nomerritin,Tethyr,'whale oil']
341,Pansemil,Tethyr,['ambergris'
341,Pansemil,Tethyr,'carpets'
341,Pansemil,Tethyr,'cheese'
341,Pansemil,Tethyr,'cloth'
341,Pansemil,Tethyr,'fish'
341,Pansemil,Tethyr,'fruit'
341,Pansemil,Tethyr,'livestock'
341,Pansemil,Tethyr,'nuts'
341,Pansemil,Tethyr,'pearls'
341,Pansemil,Tethyr,'pipeweed'
341,Pansemil,Tethyr,'rugs'
341,Pansemil,Tethyr,'silk'
341,Pansemil,Tethyr,'tea'
341,Pansemil,Tethyr,'vegetables'
341,Pansemil,Tethyr,'wine'
341,Pansemil,Tethyr,'whale oil']
342,Port Kir,Tethyr,['ambergris'
342,Port Kir,Tethyr,'carpets'
342,Port Kir,Tethyr,'cheese'
342,Port Kir,Tethyr,'cloth'
342,Port Kir,Tethyr,'fish'
342,Port Kir,Tethyr,'fruit'
342,Port Kir,Tethyr,'livestock'
342,Port Kir,Tethyr,'nuts'
342,Port Kir,Tethyr,'pearls'
342,Port Kir,Tethyr,'pipeweed'
342,Port Kir,Tethyr,'rugs'
342,Port Kir,Tethyr,'silk'
342,Port Kir,Tethyr,'tea'
342,Port Kir,Tethyr,'vegetables'
342,Port Kir,Tethyr,'wine'
342,Port Kir,Tethyr,'whale oil']
343,Qian Hillfort,Tethyr,['ambergris'
343,Qian Hillfort,Tethyr,'carpets'
343,Qian Hillfort,Tethyr,'cheese'
343,Qian Hillfort,Tethyr,'cloth'
343,Qian Hillfort,Tethyr,'fish'
343,Qian Hillfort,Tethyr,'fruit'
343,Qian Hillfort,Tethyr,'livestock'
343,Qian Hillfort,Tethyr,'nuts'
343,Qian Hillfort,Tethyr,'pearls'
343,Qian Hillfort,Tethyr,'pipeweed'
343,Qian Hillfort,Tethyr,'rugs'
343,Qian Hillfort,Tethyr,'silk'
343,Qian Hillfort,Tethyr,'tea'
343,Qian Hillfort,Tethyr,'vegetables'
343,Qian Hillfort,Tethyr,'wine'
343,Qian Hillfort,Tethyr,'whale oil']
344,Riatavin,Tethyr,['ambergris'
344,Riatavin,Tethyr,'carpets'
344,Riatavin,Tethyr,'cheese'
344,Riatavin,Tethyr,'cloth'
344,Riatavin,Tethyr,'fish'
344,Riatavin,Tethyr,'fruit'
344,Riatavin,Tethyr,'livestock'
344,Riatavin,Tethyr,'nuts'
344,Riatavin,Tethyr,'pearls'
344,Riatavin,Tethyr,'pipeweed'
344,Riatavin,Tethyr,'rugs'
344,Riatavin,Tethyr,'silk'
344,Riatavin,Tethyr,'tea'
344,Riatavin,Tethyr,'vegetables'
344,Riatavin,Tethyr,'wine'
344,Riatavin,Tethyr,'whale oil']
345,Rock Orchard,Tethyr,['ambergris'
345,Rock Orchard,Tethyr,'carpets'
345,Rock Orchard,Tethyr,'cheese'
345,Rock Orchard,Tethyr,'cloth'
345,Rock Orchard,Tethyr,'fish'
345,Rock Orchard,Tethyr,'fruit'
345,Rock Orchard,Tethyr,'livestock'
345,Rock Orchard,Tethyr,'nuts'
345,Rock Orchard,Tethyr,'pearls'
345,Rock Orchard,Tethyr,'pipeweed'
345,Rock Orchard,Tethyr,'rugs'
345,Rock Orchard,Tethyr,'silk'
345,Rock Orchard,Tethyr,'tea'
345,Rock Orchard,Tethyr,'vegetables'
345,Rock Orchard,Tethyr,'wine'
345,Rock Orchard,Tethyr,'whale oil']
346,Ruba,Tethyr,['ambergris'
346,Ruba,Tethyr,'carpets'
346,Ruba,Tethyr,'cheese'
346,Ruba,Tethyr,'cloth'
346,Ruba,Tethyr,'fish'
346,Ruba,Tethyr,'fruit'
346,Ruba,Tethyr,'livestock'
346,Ruba,Tethyr,'nuts'
346,Ruba,Tethyr,'pearls'
346,Ruba,Tethyr,'pipeweed'
346,Ruba,Tethyr,'rugs'
346,Ruba,Tethyr,'silk'
346,Ruba,Tethyr,'tea'
346,Ruba,Tethyr,'vegetables'
346,Ruba,Tethyr,'wine'
346,Ruba,Tethyr,'whale oil']
347,Saharkhan,Tethyr,['ambergris'
347,Saharkhan,Tethyr,'carpets'
347,Saharkhan,Tethyr,'cheese'
347,Saharkhan,Tethyr,'cloth'
347,Saharkhan,Tethyr,'fish'
347,Saharkhan,Tethyr,'fruit'
347,Saharkhan,Tethyr,'livestock'
347,Saharkhan,Tethyr,'nuts'
347,Saharkhan,Tethyr,'pearls'
347,Saharkhan,Tethyr,'pipeweed'
347,Saharkhan,Tethyr,'rugs'
347,Saharkhan,Tethyr,'silk'
347,Saharkhan,Tethyr,'tea'
347,Saharkhan,Tethyr,'vegetables'
347,Saharkhan,Tethyr,'wine'
347,Saharkhan,Tethyr,'whale oil']
348,Saradush,Tethyr,['ambergris'
348,Saradush,Tethyr,'carpets'
348,Saradush,Tethyr,'cheese'
348,Saradush,Tethyr,'cloth'
348,Saradush,Tethyr,'fish'
348,Saradush,Tethyr,'fruit'
348,Saradush,Tethyr,'livestock'
348,Saradush,Tethyr,'nuts'
348,Saradush,Tethyr,'pearls'
348,Saradush,Tethyr,'pipeweed'
348,Saradush,Tethyr,'rugs'
348,Saradush,Tethyr,'silk'
348,Saradush,Tethyr,'tea'
348,Saradush,Tethyr,'vegetables'
348,Saradush,Tethyr,'wine'
348,Saradush,Tethyr,'whale oil']
349,Shelshyr House,Tethyr,['ambergris'
349,Shelshyr House,Tethyr,'carpets'
349,Shelshyr House,Tethyr,'cheese'
349,Shelshyr House,Tethyr,'cloth'
349,Shelshyr House,Tethyr,'fish'
349,Shelshyr House,Tethyr,'fruit'
349,Shelshyr House,Tethyr,'livestock'
349,Shelshyr House,Tethyr,'nuts'
349,Shelshyr House,Tethyr,'pearls'
349,Shelshyr House,Tethyr,'pipeweed'
349,Shelshyr House,Tethyr,'rugs'
349,Shelshyr House,Tethyr,'silk'
349,Shelshyr House,Tethyr,'tea'
349,Shelshyr House,Tethyr,'vegetables'
349,Shelshyr House,Tethyr,'wine'
349,Shelshyr House,Tethyr,'whale oil']
350,Sulduskoonar,Tethyr,['ambergris'
350,Sulduskoonar,Tethyr,'carpets'
350,Sulduskoonar,Tethyr,'cheese'
350,Sulduskoonar,Tethyr,'cloth'
350,Sulduskoonar,Tethyr,'fish'
350,Sulduskoonar,Tethyr,'fruit'
350,Sulduskoonar,Tethyr,'livestock'
350,Sulduskoonar,Tethyr,'nuts'
350,Sulduskoonar,Tethyr,'pearls'
350,Sulduskoonar,Tethyr,'pipeweed'
350,Sulduskoonar,Tethyr,'rugs'
350,Sulduskoonar,Tethyr,'silk'
350,Sulduskoonar,Tethyr,'tea'
350,Sulduskoonar,Tethyr,'vegetables'
350,Sulduskoonar,Tethyr,'wine'
350,Sulduskoonar,Tethyr,'whale oil']
351,Survale Ford,Tethyr,['ambergris'
351,Survale Ford,Tethyr,'carpets'
351,Survale Ford,Tethyr,'cheese'
351,Survale Ford,Tethyr,'cloth'
351,Survale Ford,Tethyr,'fish'
351,Survale Ford,Tethyr,'fruit'
351,Survale Ford,Tethyr,'livestock'
351,Survale Ford,Tethyr,'nuts'
351,Survale Ford,Tethyr,'pearls'
351,Survale Ford,Tethyr,'pipeweed'
351,Survale Ford,Tethyr,'rugs'
351,Survale Ford,Tethyr,'silk'
351,Survale Ford,Tethyr,'tea'
351,Survale Ford,Tethyr,'vegetables'
351,Survale Ford,Tethyr,'wine'
351,Survale Ford,Tethyr,'whale oil']
352,Tannitton,Tethyr,['ambergris'
352,Tannitton,Tethyr,'carpets'
352,Tannitton,Tethyr,'cheese'
352,Tannitton,Tethyr,'cloth'
352,Tannitton,Tethyr,'fish'
352,Tannitton,Tethyr,'fruit'
352,Tannitton,Tethyr,'livestock'
352,Tannitton,Tethyr,'nuts'
352,Tannitton,Tethyr,'pearls'
352,Tannitton,Tethyr,'pipeweed'
352,Tannitton,Tethyr,'rugs'
352,Tannitton,Tethyr,'silk'
352,Tannitton,Tethyr,'tea'
352,Tannitton,Tethyr,'vegetables'
352,Tannitton,Tethyr,'wine'
352,Tannitton,Tethyr,'whale oil']
353,Toaketh,Tethyr,['ambergris'
353,Toaketh,Tethyr,'carpets'
353,Toaketh,Tethyr,'cheese'
353,Toaketh,Tethyr,'cloth'
353,Toaketh,Tethyr,'fish'
353,Toaketh,Tethyr,'fruit'
353,Toaketh,Tethyr,'livestock'
353,Toaketh,Tethyr,'nuts'
353,Toaketh,Tethyr,'pearls'
353,Toaketh,Tethyr,'pipeweed'
353,Toaketh,Tethyr,'rugs'
353,Toaketh,Tethyr,'silk'
353,Toaketh,Tethyr,'tea'
353,Toaketh,Tethyr,'vegetables'
353,Toaketh,Tethyr,'wine'
353,Toaketh,Tethyr,'whale oil']
354,Toralth,Tethyr,['ambergris'
354,Toralth,Tethyr,'carpets'
354,Toralth,Tethyr,'cheese'
354,Toralth,Tethyr,'cloth'
354,Toralth,Tethyr,'fish'
354,Toralth,Tethyr,'fruit'
354,Toralth,Tethyr,'livestock'
354,Toralth,Tethyr,'nuts'
354,Toralth,Tethyr,'pearls'
354,Toralth,Tethyr,'pipeweed'
354,Toralth,Tethyr,'rugs'
354,Toralth,Tethyr,'silk'
354,Toralth,Tethyr,'tea'
354,Toralth,Tethyr,'vegetables'
354,Toralth,Tethyr,'wine'
354,Toralth,Tethyr,'whale oil']
355,Trailstone,Tethyr,['ambergris'
355,Trailstone,Tethyr,'carpets'
355,Trailstone,Tethyr,'cheese'
355,Trailstone,Tethyr,'cloth'
355,Trailstone,Tethyr,'fish'
355,Trailstone,Tethyr,'fruit'
355,Trailstone,Tethyr,'livestock'
355,Trailstone,Tethyr,'nuts'
355,Trailstone,Tethyr,'pearls'
355,Trailstone,Tethyr,'pipeweed'
355,Trailstone,Tethyr,'rugs'
355,Trailstone,Tethyr,'silk'
355,Trailstone,Tethyr,'tea'
355,Trailstone,Tethyr,'vegetables'
355,Trailstone,Tethyr,'wine'
355,Trailstone,Tethyr,'whale oil']
356,Tulmene,Tethyr,['ambergris'
356,Tulmene,Tethyr,'carpets'
356,Tulmene,Tethyr,'cheese'
356,Tulmene,Tethyr,'cloth'
356,Tulmene,Tethyr,'fish'
356,Tulmene,Tethyr,'fruit'
356,Tulmene,Tethyr,'livestock'
356,Tulmene,Tethyr,'nuts'
356,Tulmene,Tethyr,'pearls'
356,Tulmene,Tethyr,'pipeweed'
356,Tulmene,Tethyr,'rugs'
356,Tulmene,Tethyr,'silk'
356,Tulmene,Tethyr,'tea'
356,Tulmene,Tethyr,'vegetables'
356,Tulmene,Tethyr,'wine'
356,Tulmene,Tethyr,'whale oil']
357,Tweyar,Tethyr,['ambergris'
357,Tweyar,Tethyr,'carpets'
357,Tweyar,Tethyr,'cheese'
357,Tweyar,Tethyr,'cloth'
357,Tweyar,Tethyr,'fish'
357,Tweyar,Tethyr,'fruit'
357,Tweyar,Tethyr,'livestock'
357,Tweyar,Tethyr,'nuts'
357,Tweyar,Tethyr,'pearls'
357,Tweyar,Tethyr,'pipeweed'
357,Tweyar,Tethyr,'rugs'
357,Tweyar,Tethyr,'silk'
357,Tweyar,Tethyr,'tea'
357,Tweyar,Tethyr,'vegetables'
357,Tweyar,Tethyr,'wine'
357,Tweyar,Tethyr,'whale oil']
358,Upparkol,Tethyr,['ambergris'
358,Upparkol,Tethyr,'carpets'
358,Upparkol,Tethyr,'cheese'
358,Upparkol,Tethyr,'cloth'
358,Upparkol,Tethyr,'fish'
358,Upparkol,Tethyr,'fruit'
358,Upparkol,Tethyr,'livestock'
358,Upparkol,Tethyr,'nuts'
358,Upparkol,Tethyr,'pearls'
358,Upparkol,Tethyr,'pipeweed'
358,Upparkol,Tethyr,'rugs'
358,Upparkol,Tethyr,'silk'
358,Upparkol,Tethyr,'tea'
358,Upparkol,Tethyr,'vegetables'
358,Upparkol,Tethyr,'wine'
358,Upparkol,Tethyr,'whale oil']
359,Valtreth,Tethyr,['ambergris'
359,Valtreth,Tethyr,'carpets'
359,Valtreth,Tethyr,'cheese'
359,Valtreth,Tethyr,'cloth'
359,Valtreth,Tethyr,'fish'
359,Valtreth,Tethyr,'fruit'
359,Valtreth,Tethyr,'livestock'
359,Valtreth,Tethyr,'nuts'
359,Valtreth,Tethyr,'pearls'
359,Valtreth,Tethyr,'pipeweed'
359,Valtreth,Tethyr,'rugs'
359,Valtreth,Tethyr,'silk'
359,Valtreth,Tethyr,'tea'
359,Valtreth,Tethyr,'vegetables'
359,Valtreth,Tethyr,'wine'
359,Valtreth,Tethyr,'whale oil']
360,Velen,Tethyr,['ambergris'
360,Velen,Tethyr,'carpets'
360,Velen,Tethyr,'cheese'
360,Velen,Tethyr,'cloth'
360,Velen,Tethyr,'fish'
360,Velen,Tethyr,'fruit'
360,Velen,Tethyr,'livestock'
360,Velen,Tethyr,'nuts'
360,Velen,Tethyr,'pearls'
360,Velen,Tethyr,'pipeweed'
360,Velen,Tethyr,'rugs'
360,Velen,Tethyr,'silk'
360,Velen,Tethyr,'tea'
360,Velen,Tethyr,'vegetables'
360,Velen,Tethyr,'wine'
360,Velen,Tethyr,'whale oil']
361,Vineshade,Tethyr,['ambergris'
361,Vineshade,Tethyr,'carpets'
361,Vineshade,Tethyr,'cheese'
361,Vineshade,Tethyr,'cloth'
361,Vineshade,Tethyr,'fish'
361,Vineshade,Tethyr,'fruit'
361,Vineshade,Tethyr,'livestock'
361,Vineshade,Tethyr,'nuts'
361,Vineshade,Tethyr,'pearls'
361,Vineshade,Tethyr,'pipeweed'
361,Vineshade,Tethyr,'rugs'
361,Vineshade,Tethyr,'silk'
361,Vineshade,Tethyr,'tea'
361,Vineshade,Tethyr,'vegetables'
361,Vineshade,Tethyr,'wine'
361,Vineshade,Tethyr,'whale oil']
362,Viperstongue,Tethyr,['ambergris'
362,Viperstongue,Tethyr,'carpets'
362,Viperstongue,Tethyr,'cheese'
362,Viperstongue,Tethyr,'cloth'
362,Viperstongue,Tethyr,'fish'
362,Viperstongue,Tethyr,'fruit'
362,Viperstongue,Tethyr,'livestock'
362,Viperstongue,Tethyr,'nuts'
362,Viperstongue,Tethyr,'pearls'
362,Viperstongue,Tethyr,'pipeweed'
362,Viperstongue,Tethyr,'rugs'
362,Viperstongue,Tethyr,'silk'
362,Viperstongue,Tethyr,'tea'
362,Viperstongue,Tethyr,'vegetables'
362,Viperstongue,Tethyr,'wine'
362,Viperstongue,Tethyr,'whale oil']
363,Zazesspur,Tethyr,['ambergris'
363,Zazesspur,Tethyr,'carpets'
363,Zazesspur,Tethyr,'cheese'
363,Zazesspur,Tethyr,'cloth'
363,Zazesspur,Tethyr,'fish'
363,Zazesspur,Tethyr,'fruit'
363,Zazesspur,Tethyr,'livestock'
363,Zazesspur,Tethyr,'nuts'
363,Zazesspur,Tethyr,'pearls'
363,Zazesspur,Tethyr,'pipeweed'
363,Zazesspur,Tethyr,'rugs'
363,Zazesspur,Tethyr,'silk'
363,Zazesspur,Tethyr,'tea'
363,Zazesspur,Tethyr,'vegetables'
363,Zazesspur,Tethyr,'wine'
363,Zazesspur,Tethyr,'whale oil']
364,Eltabbar,Thay,['artwork'
364,Eltabbar,Thay,'fruit'
364,Eltabbar,Thay,'grains'
364,Eltabbar,Thay,'jewellery'
364,Eltabbar,Thay,'magic items'
364,Eltabbar,Thay,'scriptures'
364,Eltabbar,Thay,'timber']
365,Amruthar,Thay,['artwork'
365,Amruthar,Thay,'fruit'
365,Amruthar,Thay,'grains'
365,Amruthar,Thay,'jewellery'
365,Amruthar,Thay,'magic items'
365,Amruthar,Thay,'scriptures'
365,Amruthar,Thay,'timber']
366,Anhaurz,Thay,['artwork'
366,Anhaurz,Thay,'fruit'
366,Anhaurz,Thay,'grains'
366,Anhaurz,Thay,'jewellery'
366,Anhaurz,Thay,'magic items'
366,Anhaurz,Thay,'scriptures'
366,Anhaurz,Thay,'timber']
367,Ankhur,Thay,['artwork'
367,Ankhur,Thay,'fruit'
367,Ankhur,Thay,'grains'
367,Ankhur,Thay,'jewellery'
367,Ankhur,Thay,'magic items'
367,Ankhur,Thay,'scriptures'
367,Ankhur,Thay,'timber']
368,Belizir,Thay,['artwork'
368,Belizir,Thay,'fruit'
368,Belizir,Thay,'grains'
368,Belizir,Thay,'jewellery'
368,Belizir,Thay,'magic items'
368,Belizir,Thay,'scriptures'
368,Belizir,Thay,'timber']
369,Bezantur,Thay,['artwork'
369,Bezantur,Thay,'fruit'
369,Bezantur,Thay,'grains'
369,Bezantur,Thay,'jewellery'
369,Bezantur,Thay,'magic items'
369,Bezantur,Thay,'scriptures'
369,Bezantur,Thay,'timber']
370,Delabbar,Thay,['artwork'
370,Delabbar,Thay,'fruit'
370,Delabbar,Thay,'grains'
370,Delabbar,Thay,'jewellery'
370,Delabbar,Thay,'magic items'
370,Delabbar,Thay,'scriptures'
370,Delabbar,Thay,'timber']
371,Denzar,Thay,['artwork'
371,Denzar,Thay,'fruit'
371,Denzar,Thay,'grains'
371,Denzar,Thay,'jewellery'
371,Denzar,Thay,'magic items'
371,Denzar,Thay,'scriptures'
371,Denzar,Thay,'timber']
372,Escalant,Thay,['artwork'
372,Escalant,Thay,'fruit'
372,Escalant,Thay,'grains'
372,Escalant,Thay,'jewellery'
372,Escalant,Thay,'magic items'
372,Escalant,Thay,'scriptures'
372,Escalant,Thay,'timber']
373,Ezreket,Thay,['artwork'
373,Ezreket,Thay,'fruit'
373,Ezreket,Thay,'grains'
373,Ezreket,Thay,'jewellery'
373,Ezreket,Thay,'magic items'
373,Ezreket,Thay,'scriptures'
373,Ezreket,Thay,'timber']
374,Hurkh,Thay,['artwork'
374,Hurkh,Thay,'fruit'
374,Hurkh,Thay,'grains'
374,Hurkh,Thay,'jewellery'
374,Hurkh,Thay,'magic items'
374,Hurkh,Thay,'scriptures'
374,Hurkh,Thay,'timber']
375,Keluthar,Thay,['artwork'
375,Keluthar,Thay,'fruit'
375,Keluthar,Thay,'grains'
375,Keluthar,Thay,'jewellery'
375,Keluthar,Thay,'magic items'
375,Keluthar,Thay,'scriptures'
375,Keluthar,Thay,'timber']
376,Mophur,Thay,['artwork'
376,Mophur,Thay,'fruit'
376,Mophur,Thay,'grains'
376,Mophur,Thay,'jewellery'
376,Mophur,Thay,'magic items'
376,Mophur,Thay,'scriptures'
376,Mophur,Thay,'timber']
377,Murbant,Thay,['artwork'
377,Murbant,Thay,'fruit'
377,Murbant,Thay,'grains'
377,Murbant,Thay,'jewellery'
377,Murbant,Thay,'magic items'
377,Murbant,Thay,'scriptures'
377,Murbant,Thay,'timber']
378,Nethentir,Thay,['artwork'
378,Nethentir,Thay,'fruit'
378,Nethentir,Thay,'grains'
378,Nethentir,Thay,'jewellery'
378,Nethentir,Thay,'magic items'
378,Nethentir,Thay,'scriptures'
378,Nethentir,Thay,'timber']
379,Nethjet,Thay,['artwork'
379,Nethjet,Thay,'fruit'
379,Nethjet,Thay,'grains'
379,Nethjet,Thay,'jewellery'
379,Nethjet,Thay,'magic items'
379,Nethjet,Thay,'scriptures'
379,Nethjet,Thay,'timber']
380,Nurethretos,Thay,['artwork'
380,Nurethretos,Thay,'fruit'
380,Nurethretos,Thay,'grains'
380,Nurethretos,Thay,'jewellery'
380,Nurethretos,Thay,'magic items'
380,Nurethretos,Thay,'scriptures'
380,Nurethretos,Thay,'timber']
381,Pyrados,Thay,['artwork'
381,Pyrados,Thay,'fruit'
381,Pyrados,Thay,'grains'
381,Pyrados,Thay,'jewellery'
381,Pyrados,Thay,'magic items'
381,Pyrados,Thay,'scriptures'
381,Pyrados,Thay,'timber']
382,Sefriszar,Thay,['artwork'
382,Sefriszar,Thay,'fruit'
382,Sefriszar,Thay,'grains'
382,Sefriszar,Thay,'jewellery'
382,Sefriszar,Thay,'magic items'
382,Sefriszar,Thay,'scriptures'
382,Sefriszar,Thay,'timber']
383,Sekelmur,Thay,['artwork'
383,Sekelmur,Thay,'fruit'
383,Sekelmur,Thay,'grains'
383,Sekelmur,Thay,'jewellery'
383,Sekelmur,Thay,'magic items'
383,Sekelmur,Thay,'scriptures'
383,Sekelmur,Thay,'timber']
384,Solzepar,Thay,['artwork'
384,Solzepar,Thay,'fruit'
384,Solzepar,Thay,'grains'
384,Solzepar,Thay,'jewellery'
384,Solzepar,Thay,'magic items'
384,Solzepar,Thay,'scriptures'
384,Solzepar,Thay,'timber']
385,Surag,Thay,['artwork'
385,Surag,Thay,'fruit'
385,Surag,Thay,'grains'
385,Surag,Thay,'jewellery'
385,Surag,Thay,'magic items'
385,Surag,Thay,'scriptures'
385,Surag,Thay,'timber']
386,Surthay,Thay,['artwork'
386,Surthay,Thay,'fruit'
386,Surthay,Thay,'grains'
386,Surthay,Thay,'jewellery'
386,Surthay,Thay,'magic items'
386,Surthay,Thay,'scriptures'
386,Surthay,Thay,'timber']
387,Szul,Thay,['artwork'
387,Szul,Thay,'fruit'
387,Szul,Thay,'grains'
387,Szul,Thay,'jewellery'
387,Szul,Thay,'magic items'
387,Szul,Thay,'scriptures'
387,Szul,Thay,'timber']
388,Thasselen,Thay,['artwork'
388,Thasselen,Thay,'fruit'
388,Thasselen,Thay,'grains'
388,Thasselen,Thay,'jewellery'
388,Thasselen,Thay,'magic items'
388,Thasselen,Thay,'scriptures'
388,Thasselen,Thay,'timber']
389,Thazrumaros,Thay,['artwork'
389,Thazrumaros,Thay,'fruit'
389,Thazrumaros,Thay,'grains'
389,Thazrumaros,Thay,'jewellery'
389,Thazrumaros,Thay,'magic items'
389,Thazrumaros,Thay,'scriptures'
389,Thazrumaros,Thay,'timber']
390,Tyraturos,Thay,['artwork'
390,Tyraturos,Thay,'fruit'
390,Tyraturos,Thay,'grains'
390,Tyraturos,Thay,'jewellery'
390,Tyraturos,Thay,'magic items'
390,Tyraturos,Thay,'scriptures'
390,Tyraturos,Thay,'timber']
391,Umratharos,Thay,['artwork'
391,Umratharos,Thay,'fruit'
391,Umratharos,Thay,'grains'
391,Umratharos,Thay,'jewellery'
391,Umratharos,Thay,'magic items'
391,Umratharos,Thay,'scriptures'
391,Umratharos,Thay,'timber']
392,Whitebranch,Thay,['artwork'
392,Whitebranch,Thay,'fruit'
392,Whitebranch,Thay,'grains'
392,Whitebranch,Thay,'jewellery'
392,Whitebranch,Thay,'magic items'
392,Whitebranch,Thay,'scriptures'
392,Whitebranch,Thay,'timber']
393,Zolum,Thay,['artwork'
393,Zolum,Thay,'fruit'
393,Zolum,Thay,'grains'
393,Zolum,Thay,'jewellery'
393,Zolum,Thay,'magic items'
393,Zolum,Thay,'scriptures'
393,Zolum,Thay,'timber']
394,Culdorn,Thesk,['food'
394,Culdorn,Thesk,'gnome goods'
394,Culdorn,Thesk,'iron'
394,Culdorn,Thesk,'kara-turan goods']
395,Ethvale,Thesk,['food'
395,Ethvale,Thesk,'gnome goods'
395,Ethvale,Thesk,'iron'
395,Ethvale,Thesk,'kara-turan goods']
396,Fullpoint,Thesk,['food'
396,Fullpoint,Thesk,'gnome goods'
396,Fullpoint,Thesk,'iron'
396,Fullpoint,Thesk,'kara-turan goods']
397,Hill Town,Thesk,['food'
397,Hill Town,Thesk,'gnome goods'
397,Hill Town,Thesk,'iron'
397,Hill Town,Thesk,'kara-turan goods']
398,Inkar,Thesk,['food'
398,Inkar,Thesk,'gnome goods'
398,Inkar,Thesk,'iron'
398,Inkar,Thesk,'kara-turan goods']
399,Milvarune,Thesk,['food'
399,Milvarune,Thesk,'gnome goods'
399,Milvarune,Thesk,'iron'
399,Milvarune,Thesk,'kara-turan goods']
400,Nyth,Thesk,['food'
400,Nyth,Thesk,'gnome goods'
400,Nyth,Thesk,'iron'
400,Nyth,Thesk,'kara-turan goods']
401,Phent,Thesk,['food'
401,Phent,Thesk,'gnome goods'
401,Phent,Thesk,'iron'
401,Phent,Thesk,'kara-turan goods']
402,Phsant,Thesk,['food'
402,Phsant,Thesk,'gnome goods'
402,Phsant,Thesk,'iron'
402,Phsant,Thesk,'kara-turan goods']
403,Tammar,Thesk,['food'
403,Tammar,Thesk,'gnome goods'
403,Tammar,Thesk,'iron'
403,Tammar,Thesk,'kara-turan goods']
404,Thassalra,Thesk,['food'
404,Thassalra,Thesk,'gnome goods'
404,Thassalra,Thesk,'iron'
404,Thassalra,Thesk,'kara-turan goods']
405,Two-Stars,Thesk,['food'
405,Two-Stars,Thesk,'gnome goods'
405,Two-Stars,Thesk,'iron'
405,Two-Stars,Thesk,'kara-turan goods']
406,Tezir-on-the-Marsh,Thesk,['food'
406,Tezir-on-the-Marsh,Thesk,'gnome goods'
406,Tezir-on-the-Marsh,Thesk,'iron'
406,Tezir-on-the-Marsh,Thesk,'kara-turan goods']
407,Alaghôn,Turmish,['glass'
407,Alaghôn,Turmish,'grain'
407,Alaghôn,Turmish,'lumber'
407,Alaghôn,Turmish,'mercenaries'
407,Alaghôn,Turmish,'salt']
408,Ayakar,Turmish,['glass'
408,Ayakar,Turmish,'grain'
408,Ayakar,Turmish,'lumber'
408,Ayakar,Turmish,'mercenaries'
408,Ayakar,Turmish,'salt']
409,Banathar,Turmish,['glass'
409,Banathar,Turmish,'grain'
409,Banathar,Turmish,'lumber'
409,Banathar,Turmish,'mercenaries'
409,Banathar,Turmish,'salt']
410,Bistal’s Bottom,Turmish,['glass'
410,Bistal’s Bottom,Turmish,'grain'
410,Bistal’s Bottom,Turmish,'lumber'
410,Bistal’s Bottom,Turmish,'mercenaries'
410,Bistal’s Bottom,Turmish,'salt']
411,Centaur Bridge,Turmish,['glass'
411,Centaur Bridge,Turmish,'grain'
411,Centaur Bridge,Turmish,'lumber'
411,Centaur Bridge,Turmish,'mercenaries'
411,Centaur Bridge,Turmish,'salt']
412,Daroush,Turmish,['glass'
412,Daroush,Turmish,'grain'
412,Daroush,Turmish,'lumber'
412,Daroush,Turmish,'mercenaries'
412,Daroush,Turmish,'salt']
413,Dauntshield,Turmish,['glass'
413,Dauntshield,Turmish,'grain'
413,Dauntshield,Turmish,'lumber'
413,Dauntshield,Turmish,'mercenaries'
413,Dauntshield,Turmish,'salt']
414,Faerie Well,Turmish,['glass'
414,Faerie Well,Turmish,'grain'
414,Faerie Well,Turmish,'lumber'
414,Faerie Well,Turmish,'mercenaries'
414,Faerie Well,Turmish,'salt']
415,Five Lions,Turmish,['glass'
415,Five Lions,Turmish,'grain'
415,Five Lions,Turmish,'lumber'
415,Five Lions,Turmish,'mercenaries'
415,Five Lions,Turmish,'salt']
416,Gildenglade,Turmish,['glass'
416,Gildenglade,Turmish,'grain'
416,Gildenglade,Turmish,'lumber'
416,Gildenglade,Turmish,'mercenaries'
416,Gildenglade,Turmish,'salt']
417,Holdensword,Turmish,['glass'
417,Holdensword,Turmish,'grain'
417,Holdensword,Turmish,'lumber'
417,Holdensword,Turmish,'mercenaries'
417,Holdensword,Turmish,'salt']
418,Illowwood,Turmish,['glass'
418,Illowwood,Turmish,'grain'
418,Illowwood,Turmish,'lumber'
418,Illowwood,Turmish,'mercenaries'
418,Illowwood,Turmish,'salt']
419,Ironcloak,Turmish,['glass'
419,Ironcloak,Turmish,'grain'
419,Ironcloak,Turmish,'lumber'
419,Ironcloak,Turmish,'mercenaries'
419,Ironcloak,Turmish,'salt']
420,Ironfang Deep,Turmish,['glass'
420,Ironfang Deep,Turmish,'grain'
420,Ironfang Deep,Turmish,'lumber'
420,Ironfang Deep,Turmish,'mercenaries'
420,Ironfang Deep,Turmish,'salt']
421,Jathrin’s Jump,Turmish,['glass'
421,Jathrin’s Jump,Turmish,'grain'
421,Jathrin’s Jump,Turmish,'lumber'
421,Jathrin’s Jump,Turmish,'mercenaries'
421,Jathrin’s Jump,Turmish,'salt']
422,Karthoon,Turmish,['glass'
422,Karthoon,Turmish,'grain'
422,Karthoon,Turmish,'lumber'
422,Karthoon,Turmish,'mercenaries'
422,Karthoon,Turmish,'salt']
423,Merrydell,Turmish,['glass'
423,Merrydell,Turmish,'grain'
423,Merrydell,Turmish,'lumber'
423,Merrydell,Turmish,'mercenaries'
423,Merrydell,Turmish,'salt']
424,Moonhunt Down,Turmish,['glass'
424,Moonhunt Down,Turmish,'grain'
424,Moonhunt Down,Turmish,'lumber'
424,Moonhunt Down,Turmish,'mercenaries'
424,Moonhunt Down,Turmish,'salt']
425,Morningstar Hollows,Turmish,['glass'
425,Morningstar Hollows,Turmish,'grain'
425,Morningstar Hollows,Turmish,'lumber'
425,Morningstar Hollows,Turmish,'mercenaries'
425,Morningstar Hollows,Turmish,'salt']
426,Nonthal,Turmish,['glass'
426,Nonthal,Turmish,'grain'
426,Nonthal,Turmish,'lumber'
426,Nonthal,Turmish,'mercenaries'
426,Nonthal,Turmish,'salt']
427,Peldrathan’s Pool,Turmish,['glass'
427,Peldrathan’s Pool,Turmish,'grain'
427,Peldrathan’s Pool,Turmish,'lumber'
427,Peldrathan’s Pool,Turmish,'mercenaries'
427,Peldrathan’s Pool,Turmish,'salt']
428,Oberiner’s Well,Turmish,['glass'
428,Oberiner’s Well,Turmish,'grain'
428,Oberiner’s Well,Turmish,'lumber'
428,Oberiner’s Well,Turmish,'mercenaries'
428,Oberiner’s Well,Turmish,'salt']
429,Quorngar,Turmish,['glass'
429,Quorngar,Turmish,'grain'
429,Quorngar,Turmish,'lumber'
429,Quorngar,Turmish,'mercenaries'
429,Quorngar,Turmish,'salt']
430,Ravilar’s Cloak,Turmish,['glass'
430,Ravilar’s Cloak,Turmish,'grain'
430,Ravilar’s Cloak,Turmish,'lumber'
430,Ravilar’s Cloak,Turmish,'mercenaries'
430,Ravilar’s Cloak,Turmish,'salt']
431,Regalia,Turmish,['glass'
431,Regalia,Turmish,'grain'
431,Regalia,Turmish,'lumber'
431,Regalia,Turmish,'mercenaries'
431,Regalia,Turmish,'salt']
432,Sambryntyn,Turmish,['glass'
432,Sambryntyn,Turmish,'grain'
432,Sambryntyn,Turmish,'lumber'
432,Sambryntyn,Turmish,'mercenaries'
432,Sambryntyn,Turmish,'salt']
433,Starfall,Turmish,['glass'
433,Starfall,Turmish,'grain'
433,Starfall,Turmish,'lumber'
433,Starfall,Turmish,'mercenaries'
433,Starfall,Turmish,'salt']
434,Swordslake Creek,Turmish,['glass'
434,Swordslake Creek,Turmish,'grain'
434,Swordslake Creek,Turmish,'lumber'
434,Swordslake Creek,Turmish,'mercenaries'
434,Swordslake Creek,Turmish,'salt']
435,Tamring,Turmish,['glass'
435,Tamring,Turmish,'grain'
435,Tamring,Turmish,'lumber'
435,Tamring,Turmish,'mercenaries'
435,Tamring,Turmish,'salt']
436,Ulver’s Lance,Turmish,['glass'
436,Ulver’s Lance,Turmish,'grain'
436,Ulver’s Lance,Turmish,'lumber'
436,Ulver’s Lance,Turmish,'mercenaries'
436,Ulver’s Lance,Turmish,'salt']
437,Velorn’s Valor,Turmish,['glass'
437,Velorn’s Valor,Turmish,'grain'
437,Velorn’s Valor,Turmish,'lumber'
437,Velorn’s Valor,Turmish,'mercenaries'
437,Velorn’s Valor,Turmish,'salt']
438,Vollermore,Turmish,['glass'
438,Vollermore,Turmish,'grain'
438,Vollermore,Turmish,'lumber'
438,Vollermore,Turmish,'mercenaries'
438,Vollermore,Turmish,'salt']
439,Wyvernstone,Turmish,['glass'
439,Wyvernstone,Turmish,'grain'
439,Wyvernstone,Turmish,'lumber'
439,Wyvernstone,Turmish,'mercenaries'
439,Wyvernstone,Turmish,'salt']
440,Xorhun,Turmish,['glass'
440,Xorhun,Turmish,'grain'
440,Xorhun,Turmish,'lumber'
440,Xorhun,Turmish,'mercenaries'
440,Xorhun,Turmish,'salt']
441,Zustild,Turmish,['glass'
441,Zustild,Turmish,'grain'
441,Zustild,Turmish,'lumber'
441,Zustild,Turmish,'mercenaries'
441,Zustild,Turmish,'salt']
442,Unthalass,Unther,['ceramics'
442,Unthalass,Unther,'cloth'
442,Unthalass,Unther,'gold'
442,Unthalass,Unther,'iron'
442,Unthalass,Unther,'minerals'
442,Unthalass,Unther,'sculpture'
442,Unthalass,Unther,'seed oil']
443,Dalath,Unther,['ceramics'
443,Dalath,Unther,'cloth'
443,Dalath,Unther,'gold'
443,Dalath,Unther,'iron'
443,Dalath,Unther,'minerals'
443,Dalath,Unther,'sculpture'
443,Dalath,Unther,'seed oil']
444,Firetrees,Unther,['ceramics'
444,Firetrees,Unther,'cloth'
444,Firetrees,Unther,'gold'
444,Firetrees,Unther,'iron'
444,Firetrees,Unther,'minerals'
444,Firetrees,Unther,'sculpture'
444,Firetrees,Unther,'seed oil']
445,Kaoll,Unther,['ceramics'
445,Kaoll,Unther,'cloth'
445,Kaoll,Unther,'gold'
445,Kaoll,Unther,'iron'
445,Kaoll,Unther,'minerals'
445,Kaoll,Unther,'sculpture'
445,Kaoll,Unther,'seed oil']
446,Messemprar,Unther,['ceramics'
446,Messemprar,Unther,'cloth'
446,Messemprar,Unther,'gold'
446,Messemprar,Unther,'iron'
446,Messemprar,Unther,'minerals'
446,Messemprar,Unther,'sculpture'
446,Messemprar,Unther,'seed oil']
447,Red Haven,Unther,['ceramics'
447,Red Haven,Unther,'cloth'
447,Red Haven,Unther,'gold'
447,Red Haven,Unther,'iron'
447,Red Haven,Unther,'minerals'
447,Red Haven,Unther,'sculpture'
447,Red Haven,Unther,'seed oil']
448,Sadamzar,Unther,['ceramics'
448,Sadamzar,Unther,'cloth'
448,Sadamzar,Unther,'gold'
448,Sadamzar,Unther,'iron'
448,Sadamzar,Unther,'minerals'
448,Sadamzar,Unther,'sculpture'
448,Sadamzar,Unther,'seed oil']
449,Shussel,Unther,['ceramics'
449,Shussel,Unther,'cloth'
449,Shussel,Unther,'gold'
449,Shussel,Unther,'iron'
449,Shussel,Unther,'minerals'
449,Shussel,Unther,'sculpture'
449,Shussel,Unther,'seed oil']
450,Ssintar,Unther,['ceramics'
450,Ssintar,Unther,'cloth'
450,Ssintar,Unther,'gold'
450,Ssintar,Unther,'iron'
450,Ssintar,Unther,'minerals'
450,Ssintar,Unther,'sculpture'
450,Ssintar,Unther,'seed oil']
451,Waterdeep,The Sword Coast,['ale'
451,Waterdeep,The Sword Coast,'arms'
451,Waterdeep,The Sword Coast,'cloth'
451,Waterdeep,The Sword Coast,'fish'
451,Waterdeep,The Sword Coast,'furnishings'
451,Waterdeep,The Sword Coast,'leather goods'
451,Waterdeep,The Sword Coast,'pottery'
451,Waterdeep,The Sword Coast,'refined metals'
451,Waterdeep,The Sword Coast,'finished goods']
452,Amphail,The Sword Coast,['ale'
452,Amphail,The Sword Coast,'arms'
452,Amphail,The Sword Coast,'cloth'
452,Amphail,The Sword Coast,'fish'
452,Amphail,The Sword Coast,'furnishings'
452,Amphail,The Sword Coast,'leather goods'
452,Amphail,The Sword Coast,'pottery'
452,Amphail,The Sword Coast,'refined metals'
452,Amphail,The Sword Coast,'finished goods']
453,Rassalantar,The Sword Coast,['ale'
453,Rassalantar,The Sword Coast,'arms'
453,Rassalantar,The Sword Coast,'cloth'
453,Rassalantar,The Sword Coast,'fish'
453,Rassalantar,The Sword Coast,'furnishings'
453,Rassalantar,The Sword Coast,'leather goods'
453,Rassalantar,The Sword Coast,'pottery'
453,Rassalantar,The Sword Coast,'refined metals'
453,Rassalantar,The Sword Coast,'finished goods']
454,Tharqualnaar,The Sword Coast,['ale'
454,Tharqualnaar,The Sword Coast,'arms'
454,Tharqualnaar,The Sword Coast,'cloth'
454,Tharqualnaar,The Sword Coast,'fish'
454,Tharqualnaar,The Sword Coast,'furnishings'
454,Tharqualnaar,The Sword Coast,'leather goods'
454,Tharqualnaar,The Sword Coast,'pottery'
454,Tharqualnaar,The Sword Coast,'refined metals'
454,Tharqualnaar,The Sword Coast,'finished goods']
455,T’Quession,The Sword Coast,['ale'
455,T’Quession,The Sword Coast,'arms'
455,T’Quession,The Sword Coast,'cloth'
455,T’Quession,The Sword Coast,'fish'
455,T’Quession,The Sword Coast,'furnishings'
455,T’Quession,The Sword Coast,'leather goods'
455,T’Quession,The Sword Coast,'pottery'
455,T’Quession,The Sword Coast,'refined metals'
455,T’Quession,The Sword Coast,'finished goods']
457,Baldur's Gate,The Sword Coast,['ale'
457,Baldur's Gate,The Sword Coast,'arms'
457,Baldur's Gate,The Sword Coast,'cloth'
457,Baldur's Gate,The Sword Coast,'furnishings'
457,Baldur's Gate,The Sword Coast,'leather goods'
457,Baldur's Gate,The Sword Coast,'mining'
457,Baldur's Gate,The Sword Coast,'refined metals'
457,Baldur's Gate,The Sword Coast,'apples']
458,Phandalin,The Sword Coast,['ale'
458,Phandalin,The Sword Coast,'arms'
458,Phandalin,The Sword Coast,'cloth'
458,Phandalin,The Sword Coast,'fish'
458,Phandalin,The Sword Coast,'furnishings'
458,Phandalin,The Sword Coast,'leather goods'
458,Phandalin,The Sword Coast,'pottery'
458,Phandalin,The Sword Coast,'refined metals'
458,Phandalin,The Sword Coast,'finished goods']
459,Daggerford,The Sword Coast,['ale'
459,Daggerford,The Sword Coast,'arms'
459,Daggerford,The Sword Coast,'cloth'
459,Daggerford,The Sword Coast,'fish'
459,Daggerford,The Sword Coast,'furnishings'
459,Daggerford,The Sword Coast,'leather goods'
459,Daggerford,The Sword Coast,'pottery'
459,Daggerford,The Sword Coast,'refined metals'
459,Daggerford,The Sword Coast,'finished goods']
460,Mirabar,The Sword Coast,['ale'
460,Mirabar,The Sword Coast,'arms'
460,Mirabar,The Sword Coast,'cloth'
460,Mirabar,The Sword Coast,'fish'
460,Mirabar,The Sword Coast,'furnishings'
460,Mirabar,The Sword Coast,'leather goods'
460,Mirabar,The Sword Coast,'pottery'
460,Mirabar,The Sword Coast,'refined metals'
460,Mirabar,The Sword Coast,'finished goods']
461,Secomber,The Sword Coast,['ale'
461,Secomber,The Sword Coast,'arms'
461,Secomber,The Sword Coast,'cloth'
461,Secomber,The Sword Coast,'fish'
461,Secomber,The Sword Coast,'furnishings'
461,Secomber,The Sword Coast,'leather goods'
461,Secomber,The Sword Coast,'pottery'
461,Secomber,The Sword Coast,'refined metals'
461,Secomber,The Sword Coast,'finished goods']
462,Longsaddle,The Sword Coast,['ale'
462,Longsaddle,The Sword Coast,'arms'
462,Longsaddle,The Sword Coast,'cloth'
462,Longsaddle,The Sword Coast,'fish'
462,Longsaddle,The Sword Coast,'furnishings'
462,Longsaddle,The Sword Coast,'leather goods'
462,Longsaddle,The Sword Coast,'pottery'
462,Longsaddle,The Sword Coast,'refined metals'
462,Longsaddle,The Sword Coast,'finished goods']
463,Zundbridge,The Sword Coast,['ale'
463,Zundbridge,The Sword Coast,'arms'
463,Zundbridge,The Sword Coast,'cloth'
463,Zundbridge,The Sword Coast,'fish'
463,Zundbridge,The Sword Coast,'furnishings'
463,Zundbridge,The Sword Coast,'leather goods'
463,Zundbridge,The Sword Coast,'pottery'
463,Zundbridge,The Sword Coast,'refined metals'
463,Zundbridge,The Sword Coast,'finished goods']
464,Velprintalar,Aglarond,['lumber'
464,Velprintalar,Aglarond,'grain'
464,Velprintalar,Aglarond,'gems'
464,Velprintalar,Aglarond,'copper'
464,Velprintalar,Aglarond,'wine']
465,Corth,Aglarond,['lumber'
465,Corth,Aglarond,'grain'
465,Corth,Aglarond,'gems'
465,Corth,Aglarond,'copper'
465,Corth,Aglarond,'wine']
466,Dahst,Aglarond,['lumber'
466,Dahst,Aglarond,'grain'
466,Dahst,Aglarond,'gems'
466,Dahst,Aglarond,'copper'
466,Dahst,Aglarond,'wine']
467,Dlusk,Aglarond,['lumber'
467,Dlusk,Aglarond,'grain'
467,Dlusk,Aglarond,'gems'
467,Dlusk,Aglarond,'copper'
467,Dlusk,Aglarond,'wine']
468,Emmech,Aglarond,['lumber'
468,Emmech,Aglarond,'grain'
468,Emmech,Aglarond,'gems'
468,Emmech,Aglarond,'copper'
468,Emmech,Aglarond,'wine']
469,Findar,Aglarond,['lumber'
469,Findar,Aglarond,'grain'
469,Findar,Aglarond,'gems'
469,Findar,Aglarond,'copper'
469,Findar,Aglarond,'wine']
470,Furthinghome,Aglarond,['lumber'
470,Furthinghome,Aglarond,'grain'
470,Furthinghome,Aglarond,'gems'
470,Furthinghome,Aglarond,'copper'
470,Furthinghome,Aglarond,'wine']
471,Glarondar,Aglarond,['lumber'
471,Glarondar,Aglarond,'grain'
471,Glarondar,Aglarond,'gems'
471,Glarondar,Aglarond,'copper'
471,Glarondar,Aglarond,'wine']
472,Halendos,Aglarond,['lumber'
472,Halendos,Aglarond,'grain'
472,Halendos,Aglarond,'gems'
472,Halendos,Aglarond,'copper'
472,Halendos,Aglarond,'wine']
473,Ingdal’s Arm,Aglarond,['lumber'
473,Ingdal’s Arm,Aglarond,'grain'
473,Ingdal’s Arm,Aglarond,'gems'
473,Ingdal’s Arm,Aglarond,'copper'
473,Ingdal’s Arm,Aglarond,'wine']
474,Mesring,Aglarond,['lumber'
474,Mesring,Aglarond,'grain'
474,Mesring,Aglarond,'gems'
474,Mesring,Aglarond,'copper'
474,Mesring,Aglarond,'wine']
475,Orithar,Aglarond,['lumber'
475,Orithar,Aglarond,'grain'
475,Orithar,Aglarond,'gems'
475,Orithar,Aglarond,'copper'
475,Orithar,Aglarond,'wine']
476,Osker,Aglarond,['lumber'
476,Osker,Aglarond,'grain'
476,Osker,Aglarond,'gems'
476,Osker,Aglarond,'copper'
476,Osker,Aglarond,'wine']
477,Relkath’s Foot,Aglarond,['lumber'
477,Relkath’s Foot,Aglarond,'grain'
477,Relkath’s Foot,Aglarond,'gems'
477,Relkath’s Foot,Aglarond,'copper'
477,Relkath’s Foot,Aglarond,'wine']
478,Thayguard,Aglarond,['lumber'
478,Thayguard,Aglarond,'grain'
478,Thayguard,Aglarond,'gems'
478,Thayguard,Aglarond,'copper'
478,Thayguard,Aglarond,'wine']
479,Urst,Aglarond,['lumber'
479,Urst,Aglarond,'grain'
479,Urst,Aglarond,'gems'
479,Urst,Aglarond,'copper'
479,Urst,Aglarond,'wine']
480,Urve,Aglarond,['lumber'
480,Urve,Aglarond,'grain'
480,Urve,Aglarond,'gems'
480,Urve,Aglarond,'copper'
480,Urve,Aglarond,'wine']
481,Evermeet,Evereska,['paintings'
481,Evermeet,Evereska,'statues'
481,Evermeet,Evereska,'wine'
481,Evermeet,Evereska,'wood carvings'
481,Evermeet,Evereska,'elven spirits']
482,Greyhome,Evereska,['paintings'
482,Greyhome,Evereska,'statues'
482,Greyhome,Evereska,'wine'
482,Greyhome,Evereska,'wood carvings'
482,Greyhome,Evereska,'elven spirits']
483,Greyshield,Evereska,['paintings'
483,Greyshield,Evereska,'statues'
483,Greyshield,Evereska,'wine'
483,Greyshield,Evereska,'wood carvings'
483,Greyshield,Evereska,'elven spirits']
484,Leuthilspar,Evermeet,['jewellery'
484,Leuthilspar,Evermeet,'exotic and magical items']
485,Drelagara,Evermeet,['jewellery'
485,Drelagara,Evermeet,'exotic and magical items']
486,Elion,Evermeet,['jewellery'
486,Elion,Evermeet,'exotic and magical items']
487,Erial,Evermeet,['jewellery'
487,Erial,Evermeet,'exotic and magical items']
488,Iumathiashae,Evermeet,['jewellery'
488,Iumathiashae,Evermeet,'exotic and magical items']
489,Nimlith,Evermeet,['jewellery'
489,Nimlith,Evermeet,'exotic and magical items']
490,Ruith,Evermeet,['jewellery'
490,Ruith,Evermeet,'exotic and magical items']
491,Sumbrar,Evermeet,['jewellery'
491,Sumbrar,Evermeet,'exotic and magical items']
492,Taltempla,Evermeet,['jewellery'
492,Taltempla,Evermeet,'exotic and magical items']
498,Ulf of Thuger,Trisk (Kingdom of the Purple Rocks),['fish'
498,Ulf of Thuger,Trisk (Kingdom of the Purple Rocks),'vilksmaarg (herbal goat cheese)']
499,Vilkstead,Trisk (Kingdom of the Purple Rocks),['fish'
499,Vilkstead,Trisk (Kingdom of the Purple Rocks),'vilksmaarg (herbal goat cheese)']
500,Uttersea,Tuern,['adamantite ore']
501,Throne Rock,Tuern,['adamantite ore']
508,Sambar,Lantan,['technology (mostly things that explode'
508,Sambar,Lantan,'or encourage explosions in others)']
509,Anchoril,Lantan,['technology (mostly things that explode'
509,Anchoril,Lantan,'or encourage explosions in others)']
510,Baelrah,Lantan,['technology (mostly things that explode'
510,Baelrah,Lantan,'or encourage explosions in others)']
511,Darluj,Lantan,['technology (mostly things that explode'
511,Darluj,Lantan,'or encourage explosions in others)']
512,Dtakkar,Lantan,['technology (mostly things that explode'
512,Dtakkar,Lantan,'or encourage explosions in others)']
513,Illul,Lantan,['technology (mostly things that explode'
513,Illul,Lantan,'or encourage explosions in others)']
514,Lethtar,Lantan,['technology (mostly things that explode'
514,Lethtar,Lantan,'or encourage explosions in others)']
515,Sundrah,Lantan,['technology (mostly things that explode'
515,Sundrah,Lantan,'or encourage explosions in others)']
516,Sujjar,Lantan,['technology (mostly things that explode'
516,Sujjar,Lantan,'or encourage explosions in others)']
517,Tsan,Lantan,['technology (mostly things that explode'
517,Tsan,Lantan,'or encourage explosions in others)']
518,Sheirtalar,Lapaliiya,['olives'
518,Sheirtalar,Lapaliiya,'pearls'
518,Sheirtalar,Lapaliiya,'roe'
518,Sheirtalar,Lapaliiya,'seafood'
518,Sheirtalar,Lapaliiya,'spices'
518,Sheirtalar,Lapaliiya,'wine'
518,Sheirtalar,Lapaliiya,'wood']
519,Abreon,Lapaliiya,['olives'
519,Abreon,Lapaliiya,'pearls'
519,Abreon,Lapaliiya,'roe'
519,Abreon,Lapaliiya,'seafood'
519,Abreon,Lapaliiya,'spices'
519,Abreon,Lapaliiya,'wine'
519,Abreon,Lapaliiya,'wood']
520,Dungar,Lapaliiya,['olives'
520,Dungar,Lapaliiya,'pearls'
520,Dungar,Lapaliiya,'roe'
520,Dungar,Lapaliiya,'seafood'
520,Dungar,Lapaliiya,'spices'
520,Dungar,Lapaliiya,'wine'
520,Dungar,Lapaliiya,'wood']
521,Ilyaport,Lapaliiya,['olives'
521,Ilyaport,Lapaliiya,'pearls'
521,Ilyaport,Lapaliiya,'roe'
521,Ilyaport,Lapaliiya,'seafood'
521,Ilyaport,Lapaliiya,'spices'
521,Ilyaport,Lapaliiya,'wine'
521,Ilyaport,Lapaliiya,'wood']
522,Ithmong,Lapaliiya,['olives'
522,Ithmong,Lapaliiya,'pearls'
522,Ithmong,Lapaliiya,'roe'
522,Ithmong,Lapaliiya,'seafood'
522,Ithmong,Lapaliiya,'spices'
522,Ithmong,Lapaliiya,'wine'
522,Ithmong,Lapaliiya,'wood']
523,Lapalgard,Lapaliiya,['olives'
523,Lapalgard,Lapaliiya,'pearls'
523,Lapalgard,Lapaliiya,'roe'
523,Lapalgard,Lapaliiya,'seafood'
523,Lapalgard,Lapaliiya,'spices'
523,Lapalgard,Lapaliiya,'wine'
523,Lapalgard,Lapaliiya,'wood']
524,Lhazantal,Lapaliiya,['olives'
524,Lhazantal,Lapaliiya,'pearls'
524,Lhazantal,Lapaliiya,'roe'
524,Lhazantal,Lapaliiya,'seafood'
524,Lhazantal,Lapaliiya,'spices'
524,Lhazantal,Lapaliiya,'wine'
524,Lhazantal,Lapaliiya,'wood']
525,Lushpool,Lapaliiya,['olives'
525,Lushpool,Lapaliiya,'pearls'
525,Lushpool,Lapaliiya,'roe'
525,Lushpool,Lapaliiya,'seafood'
525,Lushpool,Lapaliiya,'spices'
525,Lushpool,Lapaliiya,'wine'
525,Lushpool,Lapaliiya,'wood']
526,Malaxer,Lapaliiya,['olives'
526,Malaxer,Lapaliiya,'pearls'
526,Malaxer,Lapaliiya,'roe'
526,Malaxer,Lapaliiya,'seafood'
526,Malaxer,Lapaliiya,'spices'
526,Malaxer,Lapaliiya,'wine'
526,Malaxer,Lapaliiya,'wood']
527,Mierskar,Lapaliiya,['olives'
527,Mierskar,Lapaliiya,'pearls'
527,Mierskar,Lapaliiya,'roe'
527,Mierskar,Lapaliiya,'seafood'
527,Mierskar,Lapaliiya,'spices'
527,Mierskar,Lapaliiya,'wine'
527,Mierskar,Lapaliiya,'wood']
528,Ormpur,Lapaliiya,['olives'
528,Ormpur,Lapaliiya,'pearls'
528,Ormpur,Lapaliiya,'roe'
528,Ormpur,Lapaliiya,'seafood'
528,Ormpur,Lapaliiya,'spices'
528,Ormpur,Lapaliiya,'wine'
528,Ormpur,Lapaliiya,'wood']
529,Sammaresh,Lapaliiya,['olives'
529,Sammaresh,Lapaliiya,'pearls'
529,Sammaresh,Lapaliiya,'roe'
529,Sammaresh,Lapaliiya,'seafood'
529,Sammaresh,Lapaliiya,'spices'
529,Sammaresh,Lapaliiya,'wine'
529,Sammaresh,Lapaliiya,'wood']
530,Sheirlantar,Lapaliiya,['olives'
530,Sheirlantar,Lapaliiya,'pearls'
530,Sheirlantar,Lapaliiya,'roe'
530,Sheirlantar,Lapaliiya,'seafood'
530,Sheirlantar,Lapaliiya,'spices'
530,Sheirlantar,Lapaliiya,'wine'
530,Sheirlantar,Lapaliiya,'wood']
531,Uzurr,Lapaliiya,['olives'
531,Uzurr,Lapaliiya,'pearls'
531,Uzurr,Lapaliiya,'roe'
531,Uzurr,Lapaliiya,'seafood'
531,Uzurr,Lapaliiya,'spices'
531,Uzurr,Lapaliiya,'wine'
531,Uzurr,Lapaliiya,'wood']
532,Zashuma,Lapaliiya,['olives'
532,Zashuma,Lapaliiya,'pearls'
532,Zashuma,Lapaliiya,'roe'
532,Zashuma,Lapaliiya,'seafood'
532,Zashuma,Lapaliiya,'spices'
532,Zashuma,Lapaliiya,'wine'
532,Zashuma,Lapaliiya,'wood']
533,Beluir,Luiren,['ale'
533,Beluir,Luiren,'beer'
533,Beluir,Luiren,'grain'
533,Beluir,Luiren,'fruit'
533,Beluir,Luiren,'produce']
534,Ammathluir,Luiren,['ale'
534,Ammathluir,Luiren,'beer'
534,Ammathluir,Luiren,'grain'
534,Ammathluir,Luiren,'fruit'
534,Ammathluir,Luiren,'produce']
535,Chethel,Luiren,['ale'
535,Chethel,Luiren,'beer'
535,Chethel,Luiren,'grain'
535,Chethel,Luiren,'fruit'
535,Chethel,Luiren,'produce']
536,Crimel,Luiren,['ale'
536,Crimel,Luiren,'beer'
536,Crimel,Luiren,'grain'
536,Crimel,Luiren,'fruit'
536,Crimel,Luiren,'produce']
537,Djannath,Luiren,['ale'
537,Djannath,Luiren,'beer'
537,Djannath,Luiren,'grain'
537,Djannath,Luiren,'fruit'
537,Djannath,Luiren,'produce']
538,Fasruil,Luiren,['ale'
538,Fasruil,Luiren,'beer'
538,Fasruil,Luiren,'grain'
538,Fasruil,Luiren,'fruit'
538,Fasruil,Luiren,'produce']
539,Krenadir,Luiren,['ale'
539,Krenadir,Luiren,'beer'
539,Krenadir,Luiren,'grain'
539,Krenadir,Luiren,'fruit'
539,Krenadir,Luiren,'produce']
540,Lluirvale,Luiren,['ale'
540,Lluirvale,Luiren,'beer'
540,Lluirvale,Luiren,'grain'
540,Lluirvale,Luiren,'fruit'
540,Lluirvale,Luiren,'produce']
541,Otennath,Luiren,['ale'
541,Otennath,Luiren,'beer'
541,Otennath,Luiren,'grain'
541,Otennath,Luiren,'fruit'
541,Otennath,Luiren,'produce']
542,Shoun,Luiren,['ale'
542,Shoun,Luiren,'beer'
542,Shoun,Luiren,'grain'
542,Shoun,Luiren,'fruit'
542,Shoun,Luiren,'produce']
543,Silverymoon,The Silver Marches,['elven craftwork'
543,Silverymoon,The Silver Marches,'dwarven craftwork'
543,Silverymoon,The Silver Marches,'furs'
543,Silverymoon,The Silver Marches,'precious metals']
544,Auvandell,The Silver Marches,['elven craftwork'
544,Auvandell,The Silver Marches,'dwarven craftwork'
544,Auvandell,The Silver Marches,'furs'
544,Auvandell,The Silver Marches,'precious metals']
545,Blumberg,The Silver Marches,['elven craftwork'
545,Blumberg,The Silver Marches,'dwarven craftwork'
545,Blumberg,The Silver Marches,'furs'
545,Blumberg,The Silver Marches,'precious metals']
546,Citadel Adbar,Dwarfholds of the North,['elven craftwork'
546,Citadel Adbar,Dwarfholds of the North,'dwarven craftwork'
546,Citadel Adbar,Dwarfholds of the North,'furs'
546,Citadel Adbar,Dwarfholds of the North,'precious metals']
547,Citadel Felbarr,Dwarfholds of the North,['elven craftwork'
547,Citadel Felbarr,Dwarfholds of the North,'dwarven craftwork'
547,Citadel Felbarr,Dwarfholds of the North,'furs'
547,Citadel Felbarr,Dwarfholds of the North,'precious metals']
548,Deadsnows,The Silver Marches,['elven craftwork'
548,Deadsnows,The Silver Marches,'dwarven craftwork'
548,Deadsnows,The Silver Marches,'furs'
548,Deadsnows,The Silver Marches,'precious metals']
549,Everlund,The Silver Marches,['elven craftwork'
549,Everlund,The Silver Marches,'dwarven craftwork'
549,Everlund,The Silver Marches,'furs'
549,Everlund,The Silver Marches,'precious metals']
550,Hilltop,The Silver Marches,['elven craftwork'
550,Hilltop,The Silver Marches,'dwarven craftwork'
550,Hilltop,The Silver Marches,'furs'
550,Hilltop,The Silver Marches,'precious metals']
551,Jalanthar,The Silver Marches,['elven craftwork'
551,Jalanthar,The Silver Marches,'dwarven craftwork'
551,Jalanthar,The Silver Marches,'furs'
551,Jalanthar,The Silver Marches,'precious metals']
552,Khelb,The Silver Marches,['elven craftwork'
552,Khelb,The Silver Marches,'dwarven craftwork'
552,Khelb,The Silver Marches,'furs'
552,Khelb,The Silver Marches,'precious metals']
553,Lhuvenhead,The Silver Marches,['elven craftwork'
553,Lhuvenhead,The Silver Marches,'dwarven craftwork'
553,Lhuvenhead,The Silver Marches,'furs'
553,Lhuvenhead,The Silver Marches,'precious metals']
554,Mithral Hall,Dwarfholds of the North,['elven craftwork'
554,Mithral Hall,Dwarfholds of the North,'dwarven craftwork'
554,Mithral Hall,Dwarfholds of the North,'furs'
554,Mithral Hall,Dwarfholds of the North,'precious metals']
555,Newfort,The Silver Marches,['elven craftwork'
555,Newfort,The Silver Marches,'dwarven craftwork'
555,Newfort,The Silver Marches,'furs'
555,Newfort,The Silver Marches,'precious metals']
556,Quaervaar,The Silver Marches,['elven craftwork'
556,Quaervaar,The Silver Marches,'dwarven craftwork'
556,Quaervaar,The Silver Marches,'furs'
556,Quaervaar,The Silver Marches,'precious metals']
557,Rauvincross,The Silver Marches,['elven craftwork'
557,Rauvincross,The Silver Marches,'dwarven craftwork'
557,Rauvincross,The Silver Marches,'furs'
557,Rauvincross,The Silver Marches,'precious metals']
558,Rivermoot,The Silver Marches,['elven craftwork'
558,Rivermoot,The Silver Marches,'dwarven craftwork'
558,Rivermoot,The Silver Marches,'furs'
558,Rivermoot,The Silver Marches,'precious metals']
559,Sundabar,Dwarfholds of the North,['elven craftwork'
559,Sundabar,Dwarfholds of the North,'dwarven craftwork'
559,Sundabar,Dwarfholds of the North,'furs'
559,Sundabar,Dwarfholds of the North,'precious metals']
560,Winter's Edge,The Silver Marches,['elven craftwork'
560,Winter's Edge,The Silver Marches,'dwarven craftwork'
560,Winter's Edge,The Silver Marches,'furs'
560,Winter's Edge,The Silver Marches,'precious metals']
562,Mintarn,The Sword Coast,['ships'
562,Mintarn,The Sword Coast,'mercenaries'
562,Mintarn,The Sword Coast,'food']
563,Orlumbor,Orlumbor,['ships']
564,Farr Windward,Orlumbor,['ships']
565,Caer Callidyrr,Moonshae,['armour'
565,Caer Callidyrr,Moonshae,'rose-gold'
565,Caer Callidyrr,Moonshae,'timber'
565,Caer Callidyrr,Moonshae,'weapons']
566,Aithelar,Moonshae,['armour'
566,Aithelar,Moonshae,'rose-gold'
566,Aithelar,Moonshae,'timber'
566,Aithelar,Moonshae,'weapons']
567,Blackstone,Moonshae,['armour'
567,Blackstone,Moonshae,'rose-gold'
567,Blackstone,Moonshae,'timber'
567,Blackstone,Moonshae,'weapons']
568,Blythe,Moonshae,['armour'
568,Blythe,Moonshae,'rose-gold'
568,Blythe,Moonshae,'timber'
568,Blythe,Moonshae,'weapons']
569,Borth,Moonshae,['armour'
569,Borth,Moonshae,'rose-gold'
569,Borth,Moonshae,'timber'
569,Borth,Moonshae,'weapons']
570,Bounty,Moonshae,['armour'
570,Bounty,Moonshae,'rose-gold'
570,Bounty,Moonshae,'timber'
570,Bounty,Moonshae,'weapons']
571,Brannoch,Moonshae,['armour'
571,Brannoch,Moonshae,'rose-gold'
571,Brannoch,Moonshae,'timber'
571,Brannoch,Moonshae,'weapons']
572,Bray,Moonshae,['armour'
572,Bray,Moonshae,'rose-gold'
572,Bray,Moonshae,'timber'
572,Bray,Moonshae,'weapons']
573,Cambro,Moonshae,['armour'
573,Cambro,Moonshae,'rose-gold'
573,Cambro,Moonshae,'timber'
573,Cambro,Moonshae,'weapons']
574,Caer Corwell,Moonshae,['armour'
574,Caer Corwell,Moonshae,'rose-gold'
574,Caer Corwell,Moonshae,'timber'
574,Caer Corwell,Moonshae,'weapons']
575,Caer Moray,Moonshae,['armour'
575,Caer Moray,Moonshae,'rose-gold'
575,Caer Moray,Moonshae,'timber'
575,Caer Moray,Moonshae,'weapons']
576,Caer Westphal,Moonshae,['armour'
576,Caer Westphal,Moonshae,'rose-gold'
576,Caer Westphal,Moonshae,'timber'
576,Caer Westphal,Moonshae,'weapons']
577,Caervu,Moonshae,['armour'
577,Caervu,Moonshae,'rose-gold'
577,Caervu,Moonshae,'timber'
577,Caervu,Moonshae,'weapons']
578,Cobh,Moonshae,['armour'
578,Cobh,Moonshae,'rose-gold'
578,Cobh,Moonshae,'timber'
578,Cobh,Moonshae,'weapons']
579,Codfin,Moonshae,['armour'
579,Codfin,Moonshae,'rose-gold'
579,Codfin,Moonshae,'timber'
579,Codfin,Moonshae,'weapons']
580,Codscove,Moonshae,['armour'
580,Codscove,Moonshae,'rose-gold'
580,Codscove,Moonshae,'timber'
580,Codscove,Moonshae,'weapons']
581,Doncastle,Moonshae,['armour'
581,Doncastle,Moonshae,'rose-gold'
581,Doncastle,Moonshae,'timber'
581,Doncastle,Moonshae,'weapons']
582,Dorset,Moonshae,['armour'
582,Dorset,Moonshae,'rose-gold'
582,Dorset,Moonshae,'timber'
582,Dorset,Moonshae,'weapons']
583,Dultann,Moonshae,['armour'
583,Dultann,Moonshae,'rose-gold'
583,Dultann,Moonshae,'timber'
583,Dultann,Moonshae,'weapons']
584,Dynnatt,Moonshae,['armour'
584,Dynnatt,Moonshae,'rose-gold'
584,Dynnatt,Moonshae,'timber'
584,Dynnatt,Moonshae,'weapons']
585,Dynnegall,Moonshae,['armour'
585,Dynnegall,Moonshae,'rose-gold'
585,Dynnegall,Moonshae,'timber'
585,Dynnegall,Moonshae,'weapons']
586,Elyssyrr,Moonshae,['armour'
586,Elyssyrr,Moonshae,'rose-gold'
586,Elyssyrr,Moonshae,'timber'
586,Elyssyrr,Moonshae,'weapons']
587,Farview,Moonshae,['armour'
587,Farview,Moonshae,'rose-gold'
587,Farview,Moonshae,'timber'
587,Farview,Moonshae,'weapons']
588,Fenton,Moonshae,['armour'
588,Fenton,Moonshae,'rose-gold'
588,Fenton,Moonshae,'timber'
588,Fenton,Moonshae,'weapons']
589,Grady,Moonshae,['armour'
589,Grady,Moonshae,'rose-gold'
589,Grady,Moonshae,'timber'
589,Grady,Moonshae,'weapons']
590,Graystone,Moonshae,['armour'
590,Graystone,Moonshae,'rose-gold'
590,Graystone,Moonshae,'timber'
590,Graystone,Moonshae,'weapons']
591,Grimstad,Moonshae,['armour'
591,Grimstad,Moonshae,'rose-gold'
591,Grimstad,Moonshae,'timber'
591,Grimstad,Moonshae,'weapons']
592,Harloch,Moonshae,['armour'
592,Harloch,Moonshae,'rose-gold'
592,Harloch,Moonshae,'timber'
592,Harloch,Moonshae,'weapons']
593,Hickorydale,Moonshae,['armour'
593,Hickorydale,Moonshae,'rose-gold'
593,Hickorydale,Moonshae,'timber'
593,Hickorydale,Moonshae,'weapons']
594,Horsa,Moonshae,['armour'
594,Horsa,Moonshae,'rose-gold'
594,Horsa,Moonshae,'timber'
594,Horsa,Moonshae,'weapons']
595,Horst,Moonshae,['armour'
595,Horst,Moonshae,'rose-gold'
595,Horst,Moonshae,'timber'
595,Horst,Moonshae,'weapons']
596,Highhome,Moonshae,['armour'
596,Highhome,Moonshae,'rose-gold'
596,Highhome,Moonshae,'timber'
596,Highhome,Moonshae,'weapons']
597,Highrock,Moonshae,['armour'
597,Highrock,Moonshae,'rose-gold'
597,Highrock,Moonshae,'timber'
597,Highrock,Moonshae,'weapons']
598,Holyhead,Moonshae,['armour'
598,Holyhead,Moonshae,'rose-gold'
598,Holyhead,Moonshae,'timber'
598,Holyhead,Moonshae,'weapons']
599,Horstall,Moonshae,['armour'
599,Horstall,Moonshae,'rose-gold'
599,Horstall,Moonshae,'timber'
599,Horstall,Moonshae,'weapons']
600,Hyoclaatl,Moonshae,['armour'
600,Hyoclaatl,Moonshae,'rose-gold'
600,Hyoclaatl,Moonshae,'timber'
600,Hyoclaatl,Moonshae,'weapons']
601,Kingsbay,Moonshae,['armour'
601,Kingsbay,Moonshae,'rose-gold'
601,Kingsbay,Moonshae,'timber'
601,Kingsbay,Moonshae,'weapons']
602,Koart,Moonshae,['armour'
602,Koart,Moonshae,'rose-gold'
602,Koart,Moonshae,'timber'
602,Koart,Moonshae,'weapons']
603,Kork,Moonshae,['armour'
603,Kork,Moonshae,'rose-gold'
603,Kork,Moonshae,'timber'
603,Kork,Moonshae,'weapons']
604,Kythyss,Moonshae,['armour'
604,Kythyss,Moonshae,'rose-gold'
604,Kythyss,Moonshae,'timber'
604,Kythyss,Moonshae,'weapons']
605,Lehigh,Moonshae,['armour'
605,Lehigh,Moonshae,'rose-gold'
605,Lehigh,Moonshae,'timber'
605,Lehigh,Moonshae,'weapons']
606,Llandrain,Moonshae,['armour'
606,Llandrain,Moonshae,'rose-gold'
606,Llandrain,Moonshae,'timber'
606,Llandrain,Moonshae,'weapons']
607,Llewellyn,Moonshae,['armour'
607,Llewellyn,Moonshae,'rose-gold'
607,Llewellyn,Moonshae,'timber'
607,Llewellyn,Moonshae,'weapons']
608,Lowhill,Moonshae,['armour'
608,Lowhill,Moonshae,'rose-gold'
608,Lowhill,Moonshae,'timber'
608,Lowhill,Moonshae,'weapons']
609,MacSheehan,Moonshae,['armour'
609,MacSheehan,Moonshae,'rose-gold'
609,MacSheehan,Moonshae,'timber'
609,MacSheehan,Moonshae,'weapons']
610,Manger,Moonshae,['armour'
610,Manger,Moonshae,'rose-gold'
610,Manger,Moonshae,'timber'
610,Manger,Moonshae,'weapons']
611,Myrrdale,Moonshae,['armour'
611,Myrrdale,Moonshae,'rose-gold'
611,Myrrdale,Moonshae,'timber'
611,Myrrdale,Moonshae,'weapons']
612,Ogden,Moonshae,['armour'
612,Ogden,Moonshae,'rose-gold'
612,Ogden,Moonshae,'timber'
612,Ogden,Moonshae,'weapons']
613,O’Malley,Moonshae,['armour'
613,O’Malley,Moonshae,'rose-gold'
613,O’Malley,Moonshae,'timber'
613,O’Malley,Moonshae,'weapons']
614,Pembroke,Moonshae,['armour'
614,Pembroke,Moonshae,'rose-gold'
614,Pembroke,Moonshae,'timber'
614,Pembroke,Moonshae,'weapons']
615,Pengram,Moonshae,['armour'
615,Pengram,Moonshae,'rose-gold'
615,Pengram,Moonshae,'timber'
615,Pengram,Moonshae,'weapons']
616,Pontswain,Moonshae,['armour'
616,Pontswain,Moonshae,'rose-gold'
616,Pontswain,Moonshae,'timber'
616,Pontswain,Moonshae,'weapons']
617,Regents Field,Moonshae,['armour'
617,Regents Field,Moonshae,'rose-gold'
617,Regents Field,Moonshae,'timber'
617,Regents Field,Moonshae,'weapons']
618,Storaad,Moonshae,['armour'
618,Storaad,Moonshae,'rose-gold'
618,Storaad,Moonshae,'timber'
618,Storaad,Moonshae,'weapons']
619,Tetauctaa,Moonshae,['armour'
619,Tetauctaa,Moonshae,'rose-gold'
619,Tetauctaa,Moonshae,'timber'
619,Tetauctaa,Moonshae,'weapons']
620,Thorndyke,Moonshae,['armour'
620,Thorndyke,Moonshae,'rose-gold'
620,Thorndyke,Moonshae,'timber'
620,Thorndyke,Moonshae,'weapons']
621,White Rock,Moonshae,['armour'
621,White Rock,Moonshae,'rose-gold'
621,White Rock,Moonshae,'timber'
621,White Rock,Moonshae,'weapons']
622,Wyngate,Moonshae,['armour'
622,Wyngate,Moonshae,'rose-gold'
622,Wyngate,Moonshae,'timber'
622,Wyngate,Moonshae,'weapons']
623,Skuld,Mulhorand,['ale'
623,Skuld,Mulhorand,'beer'
623,Skuld,Mulhorand,'blank spellbooks'
623,Skuld,Mulhorand,'gold'
623,Skuld,Mulhorand,'granite'
623,Skuld,Mulhorand,'paper'
623,Skuld,Mulhorand,'precious stones']
624,Aina,Mulhorand,['ale'
624,Aina,Mulhorand,'beer'
624,Aina,Mulhorand,'blank spellbooks'
624,Aina,Mulhorand,'gold'
624,Aina,Mulhorand,'granite'
624,Aina,Mulhorand,'paper'
624,Aina,Mulhorand,'precious stones']
625,Delgora,Mulhorand,['ale'
625,Delgora,Mulhorand,'beer'
625,Delgora,Mulhorand,'blank spellbooks'
625,Delgora,Mulhorand,'gold'
625,Delgora,Mulhorand,'granite'
625,Delgora,Mulhorand,'paper'
625,Delgora,Mulhorand,'precious stones']
626,Gheldaneth,Mulhorand,['ale'
626,Gheldaneth,Mulhorand,'beer'
626,Gheldaneth,Mulhorand,'blank spellbooks'
626,Gheldaneth,Mulhorand,'gold'
626,Gheldaneth,Mulhorand,'granite'
626,Gheldaneth,Mulhorand,'paper'
626,Gheldaneth,Mulhorand,'precious stones']
627,Jhalhoran,Mulhorand,['ale'
627,Jhalhoran,Mulhorand,'beer'
627,Jhalhoran,Mulhorand,'blank spellbooks'
627,Jhalhoran,Mulhorand,'gold'
627,Jhalhoran,Mulhorand,'granite'
627,Jhalhoran,Mulhorand,'paper'
627,Jhalhoran,Mulhorand,'precious stones']
628,Klondor,Mulhorand,['ale'
628,Klondor,Mulhorand,'beer'
628,Klondor,Mulhorand,'blank spellbooks'
628,Klondor,Mulhorand,'gold'
628,Klondor,Mulhorand,'granite'
628,Klondor,Mulhorand,'paper'
628,Klondor,Mulhorand,'precious stones']
629,Maerlar,Mulhorand,['ale'
629,Maerlar,Mulhorand,'beer'
629,Maerlar,Mulhorand,'blank spellbooks'
629,Maerlar,Mulhorand,'gold'
629,Maerlar,Mulhorand,'granite'
629,Maerlar,Mulhorand,'paper'
629,Maerlar,Mulhorand,'precious stones']
630,Mishtan,Mulhorand,['ale'
630,Mishtan,Mulhorand,'beer'
630,Mishtan,Mulhorand,'blank spellbooks'
630,Mishtan,Mulhorand,'gold'
630,Mishtan,Mulhorand,'granite'
630,Mishtan,Mulhorand,'paper'
630,Mishtan,Mulhorand,'precious stones']
631,Neldorild,Mulhorand,['ale'
631,Neldorild,Mulhorand,'beer'
631,Neldorild,Mulhorand,'blank spellbooks'
631,Neldorild,Mulhorand,'gold'
631,Neldorild,Mulhorand,'granite'
631,Neldorild,Mulhorand,'paper'
631,Neldorild,Mulhorand,'precious stones']
632,Rauthil,Mulhorand,['ale'
632,Rauthil,Mulhorand,'beer'
632,Rauthil,Mulhorand,'blank spellbooks'
632,Rauthil,Mulhorand,'gold'
632,Rauthil,Mulhorand,'granite'
632,Rauthil,Mulhorand,'paper'
632,Rauthil,Mulhorand,'precious stones']
633,Sampranasz,Mulhorand,['ale'
633,Sampranasz,Mulhorand,'beer'
633,Sampranasz,Mulhorand,'blank spellbooks'
633,Sampranasz,Mulhorand,'gold'
633,Sampranasz,Mulhorand,'granite'
633,Sampranasz,Mulhorand,'paper'
633,Sampranasz,Mulhorand,'precious stones']
634,Sultim,Mulhorand,['ale'
634,Sultim,Mulhorand,'beer'
634,Sultim,Mulhorand,'blank spellbooks'
634,Sultim,Mulhorand,'gold'
634,Sultim,Mulhorand,'granite'
634,Sultim,Mulhorand,'paper'
634,Sultim,Mulhorand,'precious stones']
635,Surbroar,Mulhorand,['ale'
635,Surbroar,Mulhorand,'beer'
635,Surbroar,Mulhorand,'blank spellbooks'
635,Surbroar,Mulhorand,'gold'
635,Surbroar,Mulhorand,'granite'
635,Surbroar,Mulhorand,'paper'
635,Surbroar,Mulhorand,'precious stones']
636,Ulzel,Mulhorand,['ale'
636,Ulzel,Mulhorand,'beer'
636,Ulzel,Mulhorand,'blank spellbooks'
636,Ulzel,Mulhorand,'gold'
636,Ulzel,Mulhorand,'granite'
636,Ulzel,Mulhorand,'paper'
636,Ulzel,Mulhorand,'precious stones']
637,Bildoobaris,Narfell,['horses']
638,Antlerbones,Narfell,['horses']
639,Hoarbridge,Narfell,['horses']
640,Jiyyd,Narfell,['horses']
641,Nar-Sek Qu’encesta,Narfell,['horses']
642,Nar-Sek Qu’istrade,Narfell,['horses']
643,Nar-Sek Qu’tel,Narfell,['horses']
644,N’Jast,Narfell,['horses']
645,Peltarch,Narfell,['horses']
646,Selmast,Narfell,['horses']
647,Snowcap,Narfell,['horses']
648,Luskan,The Sword Coast,"['weapons, ''ambergris', 'tools', 'fishing']"
