settlement,region_kingdom,capital,settlement_population,settlement_economy,rumored_treasure_value,demographic_breakdown,average_age,most_likely_cause_of_death,government_type,class_density,tax_rate,exports,imports,ruler,military,magic_academy,languages,religions,region_population,region_economy,area,average_temperature,annual_rainfall,magical_climate,dragon_sightings,sources,exports_json,imports_json,demographic_breakdown_json,class_density_json
Athkatla,Amn,Athkatla,116163,34272222,526941,"{'humans': 116046, 'halflings': 116, 'half-orcs': 0, 'misc.': 0}",39,Work-related accidents,['Confederacy'],"{'Aristocratic': 332, 'Wealthy': 2809, 'Comfortable': 16584, 'Modest': 33440, 'Poor': 39204, 'Squalid': 48917, 'Wretched': 10176}",18,"[""['ale'"", ""'amour'"", ""'beer'"", ""'caravan items (wagons'"", ""'wheels)'"", ""'gems'"", ""'gold'"", ""'grain'"", ""'horses'"", ""'iron'"", ""'jewellery'"", ""'weapons']""]","[""['exotic goods (from maztica)'"", ""'magic items'"", ""'mercenaries'"", ""'pearls'"", ""'siege weapons']""]",The Council of Six,Various,guilds,"['Chondathan', 'Common']","['Bane', 'Chauntea', 'Cyric', 'Selûne', 'Sune', 'Waukeen']",2920094,403450,,58,36.6,68,1,"Empires of the Sands - Scott Haring, 1988, Lands of Intrigue - Steven E. Schend, 1997","[""['ale'"", ""'amour'"", ""'beer'"", ""'caravan items (wagons'"", ""'wheels)'"", ""'gems'"", ""'gold'"", ""'grain'"", ""'horses'"", ""'iron'"", ""'jewellery'"", ""'weapons']""]","[""['exotic goods (from maztica)'"", ""'magic items'"", ""'mercenaries'"", ""'pearls'"", ""'siege weapons']""]","{""humans"": 116046.0, ""halflings"": 116.0, ""half-orcs"": 0.0, ""misc."": 0.0}","{""Aristocratic"": 332.0, ""Wealthy"": 2809.0, ""Comfortable"": 16584.0, ""Modest"": 33440.0, ""Poor"": 39204.0, ""Squalid"": 48917.0, ""Wretched"": 10176.0}"
Amnwater,Amn,Athkatla,7035,1092226,1122,"{'humans': 2335, 'halflings': 4699, 'half-orcs': 0, 'misc.': 0}",55,Bandit attacks,['Matriarchy'],"{'Aristocratic': 2, 'Wealthy': 113, 'Comfortable': 486, 'Modest': 961, 'Poor': 2269, 'Squalid': 1336, 'Wretched': 318}",13,"[""['ale'"", ""'amour'"", ""'beer'"", ""'caravan items (wagons'"", ""'wheels)'"", ""'gems'"", ""'gold'"", ""'grain'"", ""'horses'"", ""'iron'"", ""'jewellery'"", ""'weapons']""]","[""['exotic goods (from maztica)'"", ""'magic items'"", ""'mercenaries'"", ""'pearls'"", ""'siege weapons']""]",The Council of Six,Various,None,"['Chondathan', 'Common']","['Bane', 'Chauntea', 'Cyric', 'Selûne', 'Sune', 'Waukeen']",2920094,403450,,67.6,38.2,82,0,"Empires of the Sands - Scott Haring, 1988, Lands of Intrigue - Steven E. Schend, 1997","[""['ale'"", ""'amour'"", ""'beer'"", ""'caravan items (wagons'"", ""'wheels)'"", ""'gems'"", ""'gold'"", ""'grain'"", ""'horses'"", ""'iron'"", ""'jewellery'"", ""'weapons']""]","[""['exotic goods (from maztica)'"", ""'magic items'"", ""'mercenaries'"", ""'pearls'"", ""'siege weapons']""]","{""humans"": 2335.0, ""halflings"": 4699.0, ""half-orcs"": 0.0, ""misc."": 0.0}","{""Aristocratic"": 2.0, ""Wealthy"": 113.0, ""Comfortable"": 486.0, ""Modest"": 961.0, ""Poor"": 2269.0, ""Squalid"": 1336.0, ""Wretched"": 318.0}"
Citadel Amnur,Amn,Athkatla,636,81796,81,"{'humans': 580, 'halflings': 55, 'half-orcs': 0, 'misc.': 0}",43,Assassination,['Patriarchy'],"{'Aristocratic': 0, 'Wealthy': 1, 'Comfortable': 40, 'Modest': 87, 'Poor': 204, 'Squalid': 123, 'Wretched': 10}",0,"[""['ale'"", ""'amour'"", ""'beer'"", ""'caravan items (wagons'"", ""'wheels)'"", ""'gems'"", ""'gold'"", ""'grain'"", ""'horses'"", ""'iron'"", ""'jewellery'"", ""'weapons']""]","[""['exotic goods (from maztica)'"", ""'magic items'"", ""'mercenaries'"", ""'pearls'"", ""'siege weapons']""]",The Council of Six,Various,None,"['Chondathan', 'Common']","['Bane', 'Chauntea', 'Cyric', 'Selûne', 'Sune', 'Waukeen']",2920094,403450,,69.1,44.6,56,0,"Empires of the Sands - Scott Haring, 1988, Lands of Intrigue - Steven E. Schend, 1997","[""['ale'"", ""'amour'"", ""'beer'"", ""'caravan items (wagons'"", ""'wheels)'"", ""'gems'"", ""'gold'"", ""'grain'"", ""'horses'"", ""'iron'"", ""'jewellery'"", ""'weapons']""]","[""['exotic goods (from maztica)'"", ""'magic items'"", ""'mercenaries'"", ""'pearls'"", ""'siege weapons']""]","{""humans"": 580.0, ""halflings"": 55.0, ""half-orcs"": 0.0, ""misc."": 0.0}","{""Aristocratic"": 0.0, ""Wealthy"": 1.0, ""Comfortable"": 40.0, ""Modest"": 87.0, ""Poor"": 204.0, ""Squalid"": 123.0, ""Wretched"": 10.0}"
Citadel Rashturl,Amn,Athkatla,710,102127,102,"{'humans': 487, 'halflings': 222, 'half-orcs': 0, 'misc.': 0}",49,Poison,['Monarchy'],"{'Aristocratic': 0, 'Wealthy': 3, 'Comfortable': 41, 'Modest': 127, 'Poor': 221, 'Squalid': 146, 'Wretched': 7}",0,"[""['ale'"", ""'amour'"", ""'beer'"", ""'caravan items (wagons'"", ""'wheels)'"", ""'gems'"", ""'gold'"", ""'grain'"", ""'horses'"", ""'iron'"", ""'jewellery'"", ""'weapons']""]","[""['exotic goods (from maztica)'"", ""'magic items'"", ""'mercenaries'"", ""'pearls'"", ""'siege weapons']""]",The Council of Six,Various,None,"['Chondathan', 'Common']","['Bane', 'Chauntea', 'Cyric', 'Selûne', 'Sune', 'Waukeen']",2920094,403450,,52.5,49.4,76,0,"Empires of the Sands - Scott Haring, 1988, Lands of Intrigue - Steven E. Schend, 1997","[""['ale'"", ""'amour'"", ""'beer'"", ""'caravan items (wagons'"", ""'wheels)'"", ""'gems'"", ""'gold'"", ""'grain'"", ""'horses'"", ""'iron'"", ""'jewellery'"", ""'weapons']""]","[""['exotic goods (from maztica)'"", ""'magic items'"", ""'mercenaries'"", ""'pearls'"", ""'siege weapons']""]","{""humans"": 487.0, ""halflings"": 222.0, ""half-orcs"": 0.0, ""misc."": 0.0}","{""Aristocratic"": 0.0, ""Wealthy"": 3.0, ""Comfortable"": 41.0, ""Modest"": 127.0, ""Poor"": 221.0, ""Squalid"": 146.0, ""Wretched"": 7.0}"
Coryllvol,Amn,Athkatla,23000,4192755,9199,"{'humans': 5842, 'halflings': 17158, 'half-orcs': 0, 'misc.': 0}",58,Starvation,['Kleptocracy'],"{'Aristocratic': 71, 'Wealthy': 631, 'Comfortable': 1771, 'Modest': 2545, 'Poor': 7526, 'Squalid': 6608, 'Wretched': 2090}",5,"[""['ale'"", ""'amour'"", ""'beer'"", ""'caravan items (wagons'"", ""'wheels)'"", ""'gems'"", ""'gold'"", ""'grain'"", ""'horses'"", ""'iron'"", ""'jewellery'"", ""'weapons']""]","[""['exotic goods (from maztica)'"", ""'magic items'"", ""'mercenaries'"", ""'pearls'"", ""'siege weapons']""]",The Council of Six,Various,guilds,"['Chondathan', 'Common']","['Bane', 'Chauntea', 'Cyric', 'Selûne', 'Sune', 'Waukeen']",2920094,403450,,57.1,43.3,56,1,"Empires of the Sands - Scott Haring, 1988, Lands of Intrigue - Steven E. Schend, 1997","[""['ale'"", ""'amour'"", ""'beer'"", ""'caravan items (wagons'"", ""'wheels)'"", ""'gems'"", ""'gold'"", ""'grain'"", ""'horses'"", ""'iron'"", ""'jewellery'"", ""'weapons']""]","[""['exotic goods (from maztica)'"", ""'magic items'"", ""'mercenaries'"", ""'pearls'"", ""'siege weapons']""]","{""humans"": 5842.0, ""halflings"": 17158.0, ""half-orcs"": 0.0, ""misc."": 0.0}","{""Aristocratic"": 71.0, ""Wealthy"": 631.0, ""Comfortable"": 1771.0, ""Modest"": 2545.0, ""Poor"": 7526.0, ""Squalid"": 6608.0, ""Wretched"": 2090.0}"
Crimmor,Amn,Athkatla,34975,7797166,24763,"{'humans': 34975, 'halflings': 0, 'half-orcs': 0, 'misc.': 0}",41,Magic mishaps,['Patriarchy'],"{'Aristocratic': 135, 'Wealthy': 522, 'Comfortable': 4054, 'Modest': 6474, 'Poor': 11773, 'Squalid': 9875, 'Wretched': 3283}",10,"[""['ale'"", ""'amour'"", ""'beer'"", ""'caravan items (wagons'"", ""'wheels)'"", ""'gems'"", ""'gold'"", ""'grain'"", ""'horses'"", ""'iron'"", ""'jewellery'"", ""'weapons']""]","[""['exotic goods (from maztica)'"", ""'magic items'"", ""'mercenaries'"", ""'pearls'"", ""'siege weapons']""]",The Council of Six,Various,guilds,"['Chondathan', 'Common']","['Bane', 'Chauntea', 'Cyric', 'Selûne', 'Sune', 'Waukeen']",2920094,403450,,67.5,42.7,76,2,"Empires of the Sands - Scott Haring, 1988, Lands of Intrigue - Steven E. Schend, 1997","[""['ale'"", ""'amour'"", ""'beer'"", ""'caravan items (wagons'"", ""'wheels)'"", ""'gems'"", ""'gold'"", ""'grain'"", ""'horses'"", ""'iron'"", ""'jewellery'"", ""'weapons']""]","[""['exotic goods (from maztica)'"", ""'magic items'"", ""'mercenaries'"", ""'pearls'"", ""'siege weapons']""]","{""humans"": 34975.0, ""halflings"": 0.0, ""half-orcs"": 0.0, ""misc."": 0.0}","{""Aristocratic"": 135.0, ""Wealthy"": 522.0, ""Comfortable"": 4054.0, ""Modest"": 6474.0, ""Poor"": 11773.0, ""Squalid"": 9875.0, ""Wretched"": 3283.0}"
Dark Redoubt,Amn,Athkatla,292,39128,39,"{'humans': 288, 'halflings': 3, 'half-orcs': 0, 'misc.': 0}",42,Poison,['Militocracy'],"{'Aristocratic': 0, 'Wealthy': 0, 'Comfortable': 19, 'Modest': 45, 'Poor': 94, 'Squalid': 54, 'Wretched': 2}",0,"[""['ale'"", ""'amour'"", ""'beer'"", ""'caravan items (wagons'"", ""'wheels)'"", ""'gems'"", ""'gold'"", ""'grain'"", ""'horses'"", ""'iron'"", ""'jewellery'"", ""'weapons']""]","[""['exotic goods (from maztica)'"", ""'magic items'"", ""'mercenaries'"", ""'pearls'"", ""'siege weapons']""]",The Council of Six,Various,None,"['Chondathan', 'Common']","['Bane', 'Chauntea', 'Cyric', 'Selûne', 'Sune', 'Waukeen']",2920094,403450,,47.6,45.4,69,1,"Empires of the Sands - Scott Haring, 1988, Lands of Intrigue - Steven E. Schend, 1997","[""['ale'"", ""'amour'"", ""'beer'"", ""'caravan items (wagons'"", ""'wheels)'"", ""'gems'"", ""'gold'"", ""'grain'"", ""'horses'"", ""'iron'"", ""'jewellery'"", ""'weapons']""]","[""['exotic goods (from maztica)'"", ""'magic items'"", ""'mercenaries'"", ""'pearls'"", ""'siege weapons']""]","{""humans"": 288.0, ""halflings"": 3.0, ""half-orcs"": 0.0, ""misc."": 0.0}","{""Aristocratic"": 0.0, ""Wealthy"": 0.0, ""Comfortable"": 19.0, ""Modest"": 45.0, ""Poor"": 94.0, ""Squalid"": 54.0, ""Wretched"": 2.0}"
Edive,Amn,Athkatla,192,21790,21,"{'humans': 192, 'halflings': 0, 'half-orcs': 0, 'misc.': 0}",43,Exposure to the elements,['Gerontocracy'],"{'Aristocratic': 0, 'Wealthy': 0, 'Comfortable': 12, 'Modest': 18, 'Poor': 66, 'Squalid': 45, 'Wretched': 1}",0,"[""['ale'"", ""'amour'"", ""'beer'"", ""'caravan items (wagons'"", ""'wheels)'"", ""'gems'"", ""'gold'"", ""'grain'"", ""'horses'"", ""'iron'"", ""'jewellery'"", ""'weapons']""]","[""['exotic goods (from maztica)'"", ""'magic items'"", ""'mercenaries'"", ""'pearls'"", ""'siege weapons']""]",The Council of Six,Various,None,"['Chondathan', 'Common']","['Bane', 'Chauntea', 'Cyric', 'Selûne', 'Sune', 'Waukeen']",2920094,403450,,51.4,36.2,56,1,"Empires of the Sands - Scott Haring, 1988, Lands of Intrigue - Steven E. Schend, 1997","[""['ale'"", ""'amour'"", ""'beer'"", ""'caravan items (wagons'"", ""'wheels)'"", ""'gems'"", ""'gold'"", ""'grain'"", ""'horses'"", ""'iron'"", ""'jewellery'"", ""'weapons']""]","[""['exotic goods (from maztica)'"", ""'magic items'"", ""'mercenaries'"", ""'pearls'"", ""'siege weapons']""]","{""humans"": 192.0, ""halflings"": 0.0, ""half-orcs"": 0.0, ""misc."": 0.0}","{""Aristocratic"": 0.0, ""Wealthy"": 0.0, ""Comfortable"": 12.0, ""Modest"": 18.0, ""Poor"": 66.0, ""Squalid"": 45.0, ""Wretched"": 1.0}"
Esford,Amn,Athkatla,5670,1113067,1125,"{'humans': 2863, 'halflings': 2806, 'half-orcs': 0, 'misc.': 0}",53,Disease,['Democracy'],"{'Aristocratic': 0, 'Wealthy': 69, 'Comfortable': 426, 'Modest': 1412, 'Poor': 1786, 'Squalid': 1523, 'Wretched': 263}",0,"[""['ale'"", ""'amour'"", ""'beer'"", ""'caravan items (wagons'"", ""'wheels)'"", ""'gems'"", ""'gold'"", ""'grain'"", ""'horses'"", ""'iron'"", ""'jewellery'"", ""'weapons']""]","[""['exotic goods (from maztica)'"", ""'magic items'"", ""'mercenaries'"", ""'pearls'"", ""'siege weapons']""]",The Council of Six,Various,None,"['Chondathan', 'Common']","['Bane', 'Chauntea', 'Cyric', 'Selûne', 'Sune', 'Waukeen']",2920094,403450,,56.7,49.8,59,1,"Empires of the Sands - Scott Haring, 1988, Lands of Intrigue - Steven E. Schend, 1997","[""['ale'"", ""'amour'"", ""'beer'"", ""'caravan items (wagons'"", ""'wheels)'"", ""'gems'"", ""'gold'"", ""'grain'"", ""'horses'"", ""'iron'"", ""'jewellery'"", ""'weapons']""]","[""['exotic goods (from maztica)'"", ""'magic items'"", ""'mercenaries'"", ""'pearls'"", ""'siege weapons']""]","{""humans"": 2863.0, ""halflings"": 2806.0, ""half-orcs"": 0.0, ""misc."": 0.0}","{""Aristocratic"": 0.0, ""Wealthy"": 69.0, ""Comfortable"": 426.0, ""Modest"": 1412.0, ""Poor"": 1786.0, ""Squalid"": 1523.0, ""Wretched"": 263.0}"
Eshpurta,Amn,Athkatla,23037,4538446,9111,"{'humans': 23037, 'halflings': 0, 'half-orcs': 0, 'misc.': 0}",41,Exposure to the elements,['Democracy'],"{'Aristocratic': 60, 'Wealthy': 584, 'Comfortable': 2529, 'Modest': 2456, 'Poor': 7455, 'Squalid': 4931, 'Wretched': 1996}",17,"[""['ale'"", ""'amour'"", ""'beer'"", ""'caravan items (wagons'"", ""'wheels)'"", ""'gems'"", ""'gold'"", ""'grain'"", ""'horses'"", ""'iron'"", ""'jewellery'"", ""'weapons']""]","[""['exotic goods (from maztica)'"", ""'magic items'"", ""'mercenaries'"", ""'pearls'"", ""'siege weapons']""]",The Council of Six,Various,guilds,"['Chondathan', 'Common']","['Bane', 'Chauntea', 'Cyric', 'Selûne', 'Sune', 'Waukeen']",2920094,403450,,69.4,35.9,78,1,"Empires of the Sands - Scott Haring, 1988, Lands of Intrigue - Steven E. Schend, 1997","[""['ale'"", ""'amour'"", ""'beer'"", ""'caravan items (wagons'"", ""'wheels)'"", ""'gems'"", ""'gold'"", ""'grain'"", ""'horses'"", ""'iron'"", ""'jewellery'"", ""'weapons']""]","[""['exotic goods (from maztica)'"", ""'magic items'"", ""'mercenaries'"", ""'pearls'"", ""'siege weapons']""]","{""humans"": 23037.0, ""halflings"": 0.0, ""half-orcs"": 0.0, ""misc."": 0.0}","{""Aristocratic"": 60.0, ""Wealthy"": 584.0, ""Comfortable"": 2529.0, ""Modest"": 2456.0, ""Poor"": 7455.0, ""Squalid"": 4931.0, ""Wretched"": 1996.0}"
Esmeltaran,Amn,Athkatla,21301,4414164,9826,"{'humans': 8328, 'halflings': 12972, 'half-orcs': 0, 'misc.': 0}",54,Starvation,['Confederacy'],"{'Aristocratic': 74, 'Wealthy': 629, 'Comfortable': 1979, 'Modest': 2879, 'Poor': 7341, 'Squalid': 5324, 'Wretched': 1622}",5,"[""['ale'"", ""'amour'"", ""'beer'"", ""'caravan items (wagons'"", ""'wheels)'"", ""'gems'"", ""'gold'"", ""'grain'"", ""'horses'"", ""'iron'"", ""'jewellery'"", ""'weapons']""]","[""['exotic goods (from maztica)'"", ""'magic items'"", ""'mercenaries'"", ""'pearls'"", ""'siege weapons']""]",The Council of Six,Various,guilds,"['Chondathan', 'Common']","['Bane', 'Chauntea', 'Cyric', 'Selûne', 'Sune', 'Waukeen']",2920094,403450,,65.7,45.4,61,0,"Empires of the Sands - Scott Haring, 1988, Lands of Intrigue - Steven E. Schend, 1997","[""['ale'"", ""'amour'"", ""'beer'"", ""'caravan items (wagons'"", ""'wheels)'"", ""'gems'"", ""'gold'"", ""'grain'"", ""'horses'"", ""'iron'"", ""'jewellery'"", ""'weapons']""]","[""['exotic goods (from maztica)'"", ""'magic items'"", ""'mercenaries'"", ""'pearls'"", ""'siege weapons']""]","{""humans"": 8328.0, ""halflings"": 12972.0, ""half-orcs"": 0.0, ""misc."": 0.0}","{""Aristocratic"": 74.0, ""Wealthy"": 629.0, ""Comfortable"": 1979.0, ""Modest"": 2879.0, ""Poor"": 7341.0, ""Squalid"": 5324.0, ""Wretched"": 1622.0}"
Gambiton,Amn,Athkatla,1300,232067,232,"{'humans': 1267, 'halflings': 32, 'half-orcs': 0, 'misc.': 0}",42,Dueling accidents,['Kleptocracy'],"{'Aristocratic': 0, 'Wealthy': 25, 'Comfortable': 97, 'Modest': 227, 'Poor': 451, 'Squalid': 246, 'Wretched': 97}",0,"[""['ale'"", ""'amour'"", ""'beer'"", ""'caravan items (wagons'"", ""'wheels)'"", ""'gems'"", ""'gold'"", ""'grain'"", ""'horses'"", ""'iron'"", ""'jewellery'"", ""'weapons']""]","[""['exotic goods (from maztica)'"", ""'magic items'"", ""'mercenaries'"", ""'pearls'"", ""'siege weapons']""]",The Council of Six,Various,None,"['Chondathan', 'Common']","['Bane', 'Chauntea', 'Cyric', 'Selûne', 'Sune', 'Waukeen']",2920094,403450,,45.1,31.9,56,1,"Empires of the Sands - Scott Haring, 1988, Lands of Intrigue - Steven E. Schend, 1997","[""['ale'"", ""'amour'"", ""'beer'"", ""'caravan items (wagons'"", ""'wheels)'"", ""'gems'"", ""'gold'"", ""'grain'"", ""'horses'"", ""'iron'"", ""'jewellery'"", ""'weapons']""]","[""['exotic goods (from maztica)'"", ""'magic items'"", ""'mercenaries'"", ""'pearls'"", ""'siege weapons']""]","{""humans"": 1267.0, ""halflings"": 32.0, ""half-orcs"": 0.0, ""misc."": 0.0}","{""Aristocratic"": 0.0, ""Wealthy"": 25.0, ""Comfortable"": 97.0, ""Modest"": 227.0, ""Poor"": 451.0, ""Squalid"": 246.0, ""Wretched"": 97.0}"
Goldspires,Amn,Athkatla,1161,184763,185,"{'humans': 1161, 'halflings': 0, 'half-orcs': 0, 'misc.': 0}",43,Assassination,['Dictatorship'],"{'Aristocratic': 0, 'Wealthy': 18, 'Comfortable': 77, 'Modest': 167, 'Poor': 402, 'Squalid': 328, 'Wretched': 82}",0,"[""['ale'"", ""'amour'"", ""'beer'"", ""'caravan items (wagons'"", ""'wheels)'"", ""'gems'"", ""'gold'"", ""'grain'"", ""'horses'"", ""'iron'"", ""'jewellery'"", ""'weapons']""]","[""['exotic goods (from maztica)'"", ""'magic items'"", ""'mercenaries'"", ""'pearls'"", ""'siege weapons']""]",The Council of Six,Various,None,"['Chondathan', 'Common']","['Bane', 'Chauntea', 'Cyric', 'Selûne', 'Sune', 'Waukeen']",2920094,403450,,61.1,33.6,71,1,"Empires of the Sands - Scott Haring, 1988, Lands of Intrigue - Steven E. Schend, 1997","[""['ale'"", ""'amour'"", ""'beer'"", ""'caravan items (wagons'"", ""'wheels)'"", ""'gems'"", ""'gold'"", ""'grain'"", ""'horses'"", ""'iron'"", ""'jewellery'"", ""'weapons']""]","[""['exotic goods (from maztica)'"", ""'magic items'"", ""'mercenaries'"", ""'pearls'"", ""'siege weapons']""]","{""humans"": 1161.0, ""halflings"": 0.0, ""half-orcs"": 0.0, ""misc."": 0.0}","{""Aristocratic"": 0.0, ""Wealthy"": 18.0, ""Comfortable"": 77.0, ""Modest"": 167.0, ""Poor"": 402.0, ""Squalid"": 328.0, ""Wretched"": 82.0}"
Hillfort Ishla,Amn,Athkatla,319,28470,28,"{'humans': 316, 'halflings': 2, 'half-orcs': 0, 'misc.': 0}",38,Wildlife attacks,['Gerontocracy'],"{'Aristocratic': 0, 'Wealthy': 0, 'Comfortable': 12, 'Modest': 26, 'Poor': 99, 'Squalid': 82, 'Wretched': 5}",0,"[""['ale'"", ""'amour'"", ""'beer'"", ""'caravan items (wagons'"", ""'wheels)'"", ""'gems'"", ""'gold'"", ""'grain'"", ""'horses'"", ""'iron'"", ""'jewellery'"", ""'weapons']""]","[""['exotic goods (from maztica)'"", ""'magic items'"", ""'mercenaries'"", ""'pearls'"", ""'siege weapons']""]",The Council of Six,Various,None,"['Chondathan', 'Common']","['Bane', 'Chauntea', 'Cyric', 'Selûne', 'Sune', 'Waukeen']",2920094,403450,,59.5,42.3,75,2,"Empires of the Sands - Scott Haring, 1988, Lands of Intrigue - Steven E. Schend, 1997","[""['ale'"", ""'amour'"", ""'beer'"", ""'caravan items (wagons'"", ""'wheels)'"", ""'gems'"", ""'gold'"", ""'grain'"", ""'horses'"", ""'iron'"", ""'jewellery'"", ""'weapons']""]","[""['exotic goods (from maztica)'"", ""'magic items'"", ""'mercenaries'"", ""'pearls'"", ""'siege weapons']""]","{""humans"": 316.0, ""halflings"": 2.0, ""half-orcs"": 0.0, ""misc."": 0.0}","{""Aristocratic"": 0.0, ""Wealthy"": 0.0, ""Comfortable"": 12.0, ""Modest"": 26.0, ""Poor"": 99.0, ""Squalid"": 82.0, ""Wretched"": 5.0}"
Hillfort Keshla,Amn,Athkatla,440,49676,49,"{'humans': 304, 'halflings': 10, 'half-orcs': 124, 'misc.': 0}",39,Old age,['Dictatorship'],"{'Aristocratic': 0, 'Wealthy': 2, 'Comfortable': 24, 'Modest': 44, 'Poor': 141, 'Squalid': 79, 'Wretched': 5}",0,"[""['ale'"", ""'amour'"", ""'beer'"", ""'caravan items (wagons'"", ""'wheels)'"", ""'gems'"", ""'gold'"", ""'grain'"", ""'horses'"", ""'iron'"", ""'jewellery'"", ""'weapons']""]","[""['exotic goods (from maztica)'"", ""'magic items'"", ""'mercenaries'"", ""'pearls'"", ""'siege weapons']""]",The Council of Six,Various,None,"['Chondathan', 'Common']","['Bane', 'Chauntea', 'Cyric', 'Selûne', 'Sune', 'Waukeen']",2920094,403450,,57.1,38.4,78,1,"Empires of the Sands - Scott Haring, 1988, Lands of Intrigue - Steven E. Schend, 1997","[""['ale'"", ""'amour'"", ""'beer'"", ""'caravan items (wagons'"", ""'wheels)'"", ""'gems'"", ""'gold'"", ""'grain'"", ""'horses'"", ""'iron'"", ""'jewellery'"", ""'weapons']""]","[""['exotic goods (from maztica)'"", ""'magic items'"", ""'mercenaries'"", ""'pearls'"", ""'siege weapons']""]","{""humans"": 304.0, ""halflings"": 10.0, ""half-orcs"": 124.0, ""misc."": 0.0}","{""Aristocratic"": 0.0, ""Wealthy"": 2.0, ""Comfortable"": 24.0, ""Modest"": 44.0, ""Poor"": 141.0, ""Squalid"": 79.0, ""Wretched"": 5.0}"
Hillfort Torbold,Amn,Athkatla,311,39748,39,"{'humans': 224, 'halflings': 0, 'half-orcs': 86, 'misc.': 0}",41,Exposure to the elements,['Dictatorship'],"{'Aristocratic': 0, 'Wealthy': 1, 'Comfortable': 18, 'Modest': 44, 'Poor': 94, 'Squalid': 61, 'Wretched': 3}",0,"[""['ale'"", ""'amour'"", ""'beer'"", ""'caravan items (wagons'"", ""'wheels)'"", ""'gems'"", ""'gold'"", ""'grain'"", ""'horses'"", ""'iron'"", ""'jewellery'"", ""'weapons']""]","[""['exotic goods (from maztica)'"", ""'magic items'"", ""'mercenaries'"", ""'pearls'"", ""'siege weapons']""]",The Council of Six,Various,None,"['Chondathan', 'Common']","['Bane', 'Chauntea', 'Cyric', 'Selûne', 'Sune', 'Waukeen']",2920094,403450,,60,31.9,64,0,"Empires of the Sands - Scott Haring, 1988, Lands of Intrigue - Steven E. Schend, 1997","[""['ale'"", ""'amour'"", ""'beer'"", ""'caravan items (wagons'"", ""'wheels)'"", ""'gems'"", ""'gold'"", ""'grain'"", ""'horses'"", ""'iron'"", ""'jewellery'"", ""'weapons']""]","[""['exotic goods (from maztica)'"", ""'magic items'"", ""'mercenaries'"", ""'pearls'"", ""'siege weapons']""]","{""humans"": 224.0, ""halflings"": 0.0, ""half-orcs"": 86.0, ""misc."": 0.0}","{""Aristocratic"": 0.0, ""Wealthy"": 1.0, ""Comfortable"": 18.0, ""Modest"": 44.0, ""Poor"": 94.0, ""Squalid"": 61.0, ""Wretched"": 3.0}"
Ideepton,Amn,Athkatla,193,24783,24,"{'humans': 161, 'halflings': 31, 'half-orcs': 0, 'misc.': 0}",46,Disease,['Autocracy'],"{'Aristocratic': 0, 'Wealthy': 0, 'Comfortable': 13, 'Modest': 25, 'Poor': 66, 'Squalid': 37, 'Wretched': 3}",0,"[""['ale'"", ""'amour'"", ""'beer'"", ""'caravan items (wagons'"", ""'wheels)'"", ""'gems'"", ""'gold'"", ""'grain'"", ""'horses'"", ""'iron'"", ""'jewellery'"", ""'weapons']""]","[""['exotic goods (from maztica)'"", ""'magic items'"", ""'mercenaries'"", ""'pearls'"", ""'siege weapons']""]",The Council of Six,Various,None,"['Chondathan', 'Common']","['Bane', 'Chauntea', 'Cyric', 'Selûne', 'Sune', 'Waukeen']",2920094,403450,,56.5,42.8,64,0,"Empires of the Sands - Scott Haring, 1988, Lands of Intrigue - Steven E. Schend, 1997","[""['ale'"", ""'amour'"", ""'beer'"", ""'caravan items (wagons'"", ""'wheels)'"", ""'gems'"", ""'gold'"", ""'grain'"", ""'horses'"", ""'iron'"", ""'jewellery'"", ""'weapons']""]","[""['exotic goods (from maztica)'"", ""'magic items'"", ""'mercenaries'"", ""'pearls'"", ""'siege weapons']""]","{""humans"": 161.0, ""halflings"": 31.0, ""half-orcs"": 0.0, ""misc."": 0.0}","{""Aristocratic"": 0.0, ""Wealthy"": 0.0, ""Comfortable"": 13.0, ""Modest"": 25.0, ""Poor"": 66.0, ""Squalid"": 37.0, ""Wretched"": 3.0}"
Imnescar,Amn,Athkatla,5830,989770,1007,"{'humans': 5830, 'halflings': 0, 'half-orcs': 0, 'misc.': 0}",41,Dueling accidents,['Satrapy'],"{'Aristocratic': 1, 'Wealthy': 98, 'Comfortable': 359, 'Modest': 1097, 'Poor': 1865, 'Squalid': 1217, 'Wretched': 194}",17,"[""['ale'"", ""'amour'"", ""'beer'"", ""'caravan items (wagons'"", ""'wheels)'"", ""'gems'"", ""'gold'"", ""'grain'"", ""'horses'"", ""'iron'"", ""'jewellery'"", ""'weapons']""]","[""['exotic goods (from maztica)'"", ""'magic items'"", ""'mercenaries'"", ""'pearls'"", ""'siege weapons']""]",The Council of Six,Various,None,"['Chondathan', 'Common']","['Bane', 'Chauntea', 'Cyric', 'Selûne', 'Sune', 'Waukeen']",2920094,403450,,68.2,48.3,93,2,"Empires of the Sands - Scott Haring, 1988, Lands of Intrigue - Steven E. Schend, 1997","[""['ale'"", ""'amour'"", ""'beer'"", ""'caravan items (wagons'"", ""'wheels)'"", ""'gems'"", ""'gold'"", ""'grain'"", ""'horses'"", ""'iron'"", ""'jewellery'"", ""'weapons']""]","[""['exotic goods (from maztica)'"", ""'magic items'"", ""'mercenaries'"", ""'pearls'"", ""'siege weapons']""]","{""humans"": 5830.0, ""halflings"": 0.0, ""half-orcs"": 0.0, ""misc."": 0.0}","{""Aristocratic"": 1.0, ""Wealthy"": 98.0, ""Comfortable"": 359.0, ""Modest"": 1097.0, ""Poor"": 1865.0, ""Squalid"": 1217.0, ""Wretched"": 194.0}"
Keczulla,Amn,Athkatla,48419,9707284,28677,"{'humans': 37863, 'halflings': 10555, 'half-orcs': 0, 'misc.': 0}",43,Dueling accidents,['Democracy'],"{'Aristocratic': 116, 'Wealthy': 1139, 'Comfortable': 5496, 'Modest': 5971, 'Poor': 14565, 'Squalid': 10033, 'Wretched': 3680}",13,"[""['ale'"", ""'amour'"", ""'beer'"", ""'caravan items (wagons'"", ""'wheels)'"", ""'gems'"", ""'gold'"", ""'grain'"", ""'horses'"", ""'iron'"", ""'jewellery'"", ""'weapons']""]","[""['exotic goods (from maztica)'"", ""'magic items'"", ""'mercenaries'"", ""'pearls'"", ""'siege weapons']""]",The Council of Six,Various,guilds,"['Chondathan', 'Common']","['Bane', 'Chauntea', 'Cyric', 'Selûne', 'Sune', 'Waukeen']",2920094,403450,,60.1,35.1,60,1,"Empires of the Sands - Scott Haring, 1988, Lands of Intrigue - Steven E. Schend, 1997","[""['ale'"", ""'amour'"", ""'beer'"", ""'caravan items (wagons'"", ""'wheels)'"", ""'gems'"", ""'gold'"", ""'grain'"", ""'horses'"", ""'iron'"", ""'jewellery'"", ""'weapons']""]","[""['exotic goods (from maztica)'"", ""'magic items'"", ""'mercenaries'"", ""'pearls'"", ""'siege weapons']""]","{""humans"": 37863.0, ""halflings"": 10555.0, ""half-orcs"": 0.0, ""misc."": 0.0}","{""Aristocratic"": 116.0, ""Wealthy"": 1139.0, ""Comfortable"": 5496.0, ""Modest"": 5971.0, ""Poor"": 14565.0, ""Squalid"": 10033.0, ""Wretched"": 3680.0}"
Minsor Vale,Amn,Athkatla,193,25002,25,"{'humans': 193, 'halflings': 0, 'half-orcs': 0, 'misc.': 0}",42,Exposure to the elements,['Dictatorship'],"{'Aristocratic': 0, 'Wealthy': 1, 'Comfortable': 10, 'Modest': 27, 'Poor': 60, 'Squalid': 55, 'Wretched': 3}",0,"[""['ale'"", ""'amour'"", ""'beer'"", ""'caravan items (wagons'"", ""'wheels)'"", ""'gems'"", ""'gold'"", ""'grain'"", ""'horses'"", ""'iron'"", ""'jewellery'"", ""'weapons']""]","[""['exotic goods (from maztica)'"", ""'magic items'"", ""'mercenaries'"", ""'pearls'"", ""'siege weapons']""]",The Council of Six,Various,None,"['Chondathan', 'Common']","['Bane', 'Chauntea', 'Cyric', 'Selûne', 'Sune', 'Waukeen']",2920094,403450,,53.6,47,61,0,"Empires of the Sands - Scott Haring, 1988, Lands of Intrigue - Steven E. Schend, 1997","[""['ale'"", ""'amour'"", ""'beer'"", ""'caravan items (wagons'"", ""'wheels)'"", ""'gems'"", ""'gold'"", ""'grain'"", ""'horses'"", ""'iron'"", ""'jewellery'"", ""'weapons']""]","[""['exotic goods (from maztica)'"", ""'magic items'"", ""'mercenaries'"", ""'pearls'"", ""'siege weapons']""]","{""humans"": 193.0, ""halflings"": 0.0, ""half-orcs"": 0.0, ""misc."": 0.0}","{""Aristocratic"": 0.0, ""Wealthy"": 1.0, ""Comfortable"": 10.0, ""Modest"": 27.0, ""Poor"": 60.0, ""Squalid"": 55.0, ""Wretched"": 3.0}"
Murann,Amn,Athkatla,43417,9285819,22028,"{'humans': 43417, 'halflings': 0, 'half-orcs': 0, 'misc.': 0}",41,Old age,['Magocracy'],"{'Aristocratic': 80, 'Wealthy': 725, 'Comfortable': 4899, 'Modest': 8280, 'Poor': 13325, 'Squalid': 9976, 'Wretched': 3850}",13,"[""['ale'"", ""'amour'"", ""'beer'"", ""'caravan items (wagons'"", ""'wheels)'"", ""'gems'"", ""'gold'"", ""'grain'"", ""'horses'"", ""'iron'"", ""'jewellery'"", ""'weapons']""]","[""['exotic goods (from maztica)'"", ""'magic items'"", ""'mercenaries'"", ""'pearls'"", ""'siege weapons']""]",The Council of Six,Various,guilds,"['Chondathan', 'Common']","['Bane', 'Chauntea', 'Cyric', 'Selûne', 'Sune', 'Waukeen']",2920094,403450,,68.4,48.5,74,1,"Empires of the Sands - Scott Haring, 1988, Lands of Intrigue - Steven E. Schend, 1997","[""['ale'"", ""'amour'"", ""'beer'"", ""'caravan items (wagons'"", ""'wheels)'"", ""'gems'"", ""'gold'"", ""'grain'"", ""'horses'"", ""'iron'"", ""'jewellery'"", ""'weapons']""]","[""['exotic goods (from maztica)'"", ""'magic items'"", ""'mercenaries'"", ""'pearls'"", ""'siege weapons']""]","{""humans"": 43417.0, ""halflings"": 0.0, ""half-orcs"": 0.0, ""misc."": 0.0}","{""Aristocratic"": 80.0, ""Wealthy"": 725.0, ""Comfortable"": 4899.0, ""Modest"": 8280.0, ""Poor"": 13325.0, ""Squalid"": 9976.0, ""Wretched"": 3850.0}"
Nashkel,Amn,Athkatla,2881,451432,453,"{'humans': 2852, 'halflings': 28, 'half-orcs': 0, 'misc.': 0}",44,Dueling accidents,['Militocracy'],"{'Aristocratic': 0, 'Wealthy': 29, 'Comfortable': 208, 'Modest': 475, 'Poor': 870, 'Squalid': 558, 'Wretched': 100}",0,"[""['ale'"", ""'amour'"", ""'beer'"", ""'caravan items (wagons'"", ""'wheels)'"", ""'gems'"", ""'gold'"", ""'grain'"", ""'horses'"", ""'iron'"", ""'jewellery'"", ""'weapons']""]","[""['exotic goods (from maztica)'"", ""'magic items'"", ""'mercenaries'"", ""'pearls'"", ""'siege weapons']""]",The Council of Six,Various,None,"['Chondathan', 'Common']","['Bane', 'Chauntea', 'Cyric', 'Selûne', 'Sune', 'Waukeen']",2920094,403450,,63.6,37.7,75,1,"Empires of the Sands - Scott Haring, 1988, Lands of Intrigue - Steven E. Schend, 1997","[""['ale'"", ""'amour'"", ""'beer'"", ""'caravan items (wagons'"", ""'wheels)'"", ""'gems'"", ""'gold'"", ""'grain'"", ""'horses'"", ""'iron'"", ""'jewellery'"", ""'weapons']""]","[""['exotic goods (from maztica)'"", ""'magic items'"", ""'mercenaries'"", ""'pearls'"", ""'siege weapons']""]","{""humans"": 2852.0, ""halflings"": 28.0, ""half-orcs"": 0.0, ""misc."": 0.0}","{""Aristocratic"": 0.0, ""Wealthy"": 29.0, ""Comfortable"": 208.0, ""Modest"": 475.0, ""Poor"": 870.0, ""Squalid"": 558.0, ""Wretched"": 100.0}"
Purskul,Amn,Athkatla,27184,5695241,14650,"{'humans': 25797, 'halflings': 1386, 'half-orcs': 0, 'misc.': 0}",41,Magic mishaps,['Matriarchy'],"{'Aristocratic': 97, 'Wealthy': 382, 'Comfortable': 2892, 'Modest': 4779, 'Poor': 8750, 'Squalid': 7924, 'Wretched': 1653}",13,"[""['ale'"", ""'amour'"", ""'beer'"", ""'caravan items (wagons'"", ""'wheels)'"", ""'gems'"", ""'gold'"", ""'grain'"", ""'horses'"", ""'iron'"", ""'jewellery'"", ""'weapons']""]","[""['exotic goods (from maztica)'"", ""'magic items'"", ""'mercenaries'"", ""'pearls'"", ""'siege weapons']""]",The Council of Six,Various,guilds,"['Chondathan', 'Common']","['Bane', 'Chauntea', 'Cyric', 'Selûne', 'Sune', 'Waukeen']",2920094,403450,,47.6,49.9,88,0,"Empires of the Sands - Scott Haring, 1988, Lands of Intrigue - Steven E. Schend, 1997","[""['ale'"", ""'amour'"", ""'beer'"", ""'caravan items (wagons'"", ""'wheels)'"", ""'gems'"", ""'gold'"", ""'grain'"", ""'horses'"", ""'iron'"", ""'jewellery'"", ""'weapons']""]","[""['exotic goods (from maztica)'"", ""'magic items'"", ""'mercenaries'"", ""'pearls'"", ""'siege weapons']""]","{""humans"": 25797.0, ""halflings"": 1386.0, ""half-orcs"": 0.0, ""misc."": 0.0}","{""Aristocratic"": 97.0, ""Wealthy"": 382.0, ""Comfortable"": 2892.0, ""Modest"": 4779.0, ""Poor"": 8750.0, ""Squalid"": 7924.0, ""Wretched"": 1653.0}"
Quarrelshigh,Amn,Athkatla,505,62159,62,"{'humans': 504, 'halflings': 0, 'half-orcs': 0, 'misc.': 0}",42,Assassination,['Confederacy'],"{'Aristocratic': 0, 'Wealthy': 2, 'Comfortable': 33, 'Modest': 50, 'Poor': 163, 'Squalid': 137, 'Wretched': 6}",0,"[""['ale'"", ""'amour'"", ""'beer'"", ""'caravan items (wagons'"", ""'wheels)'"", ""'gems'"", ""'gold'"", ""'grain'"", ""'horses'"", ""'iron'"", ""'jewellery'"", ""'weapons']""]","[""['exotic goods (from maztica)'"", ""'magic items'"", ""'mercenaries'"", ""'pearls'"", ""'siege weapons']""]",The Council of Six,Various,None,"['Chondathan', 'Common']","['Bane', 'Chauntea', 'Cyric', 'Selûne', 'Sune', 'Waukeen']",2920094,403450,,59.5,34.5,91,0,"Empires of the Sands - Scott Haring, 1988, Lands of Intrigue - Steven E. Schend, 1997","[""['ale'"", ""'amour'"", ""'beer'"", ""'caravan items (wagons'"", ""'wheels)'"", ""'gems'"", ""'gold'"", ""'grain'"", ""'horses'"", ""'iron'"", ""'jewellery'"", ""'weapons']""]","[""['exotic goods (from maztica)'"", ""'magic items'"", ""'mercenaries'"", ""'pearls'"", ""'siege weapons']""]","{""humans"": 504.0, ""halflings"": 0.0, ""half-orcs"": 0.0, ""misc."": 0.0}","{""Aristocratic"": 0.0, ""Wealthy"": 2.0, ""Comfortable"": 33.0, ""Modest"": 50.0, ""Poor"": 163.0, ""Squalid"": 137.0, ""Wretched"": 6.0}"
Riatavin,Amn,Athkatla,11987,2372865,2514,"{'humans': 3799, 'halflings': 8055, 'half-orcs': 0, 'misc.': 131}",57,Exposure to the elements,['Patriarchy'],"{'Aristocratic': 0, 'Wealthy': 337, 'Comfortable': 1012, 'Modest': 2062, 'Poor': 4032, 'Squalid': 2606, 'Wretched': 943}",0,"[""['ale'"", ""'amour'"", ""'beer'"", ""'caravan items (wagons'"", ""'wheels)'"", ""'gems'"", ""'gold'"", ""'grain'"", ""'horses'"", ""'iron'"", ""'jewellery'"", ""'weapons']""]","[""['exotic goods (from maztica)'"", ""'magic items'"", ""'mercenaries'"", ""'pearls'"", ""'siege weapons']""]",The Council of Six,Various,None,"['Chondathan', 'Common']","['Bane', 'Chauntea', 'Cyric', 'Selûne', 'Sune', 'Waukeen']",2920094,403450,,57.8,33.1,73,2,"Empires of the Sands - Scott Haring, 1988, Lands of Intrigue - Steven E. Schend, 1997","[""['ale'"", ""'amour'"", ""'beer'"", ""'caravan items (wagons'"", ""'wheels)'"", ""'gems'"", ""'gold'"", ""'grain'"", ""'horses'"", ""'iron'"", ""'jewellery'"", ""'weapons']""]","[""['exotic goods (from maztica)'"", ""'magic items'"", ""'mercenaries'"", ""'pearls'"", ""'siege weapons']""]","{""humans"": 3799.0, ""halflings"": 8055.0, ""half-orcs"": 0.0, ""misc."": 131.0}","{""Aristocratic"": 0.0, ""Wealthy"": 337.0, ""Comfortable"": 1012.0, ""Modest"": 2062.0, ""Poor"": 4032.0, ""Squalid"": 2606.0, ""Wretched"": 943.0}"
Scimitar,Amn,Athkatla,300,31901,31,"{'humans': 278, 'halflings': 21, 'half-orcs': 0, 'misc.': 0}",45,Exposure to the elements,['Meritocracy'],"{'Aristocratic': 0, 'Wealthy': 0, 'Comfortable': 19, 'Modest': 26, 'Poor': 90, 'Squalid': 54, 'Wretched': 5}",0,"[""['ale'"", ""'amour'"", ""'beer'"", ""'caravan items (wagons'"", ""'wheels)'"", ""'gems'"", ""'gold'"", ""'grain'"", ""'horses'"", ""'iron'"", ""'jewellery'"", ""'weapons']""]","[""['exotic goods (from maztica)'"", ""'magic items'"", ""'mercenaries'"", ""'pearls'"", ""'siege weapons']""]",The Council of Six,Various,None,"['Chondathan', 'Common']","['Bane', 'Chauntea', 'Cyric', 'Selûne', 'Sune', 'Waukeen']",2920094,403450,,50.4,31.5,62,0,"Empires of the Sands - Scott Haring, 1988, Lands of Intrigue - Steven E. Schend, 1997","[""['ale'"", ""'amour'"", ""'beer'"", ""'caravan items (wagons'"", ""'wheels)'"", ""'gems'"", ""'gold'"", ""'grain'"", ""'horses'"", ""'iron'"", ""'jewellery'"", ""'weapons']""]","[""['exotic goods (from maztica)'"", ""'magic items'"", ""'mercenaries'"", ""'pearls'"", ""'siege weapons']""]","{""humans"": 278.0, ""halflings"": 21.0, ""half-orcs"": 0.0, ""misc."": 0.0}","{""Aristocratic"": 0.0, ""Wealthy"": 0.0, ""Comfortable"": 19.0, ""Modest"": 26.0, ""Poor"": 90.0, ""Squalid"": 54.0, ""Wretched"": 5.0}"
Shatar,Amn,Athkatla,200,19345,19,"{'humans': 175, 'halflings': 24, 'half-orcs': 0, 'misc.': 0}",46,Assassination,['Oligarchy'],"{'Aristocratic': 0, 'Wealthy': 0, 'Comfortable': 8, 'Modest': 20, 'Poor': 69, 'Squalid': 32, 'Wretched': 3}",0,"[""['ale'"", ""'amour'"", ""'beer'"", ""'caravan items (wagons'"", ""'wheels)'"", ""'gems'"", ""'gold'"", ""'grain'"", ""'horses'"", ""'iron'"", ""'jewellery'"", ""'weapons']""]","[""['exotic goods (from maztica)'"", ""'magic items'"", ""'mercenaries'"", ""'pearls'"", ""'siege weapons']""]",The Council of Six,Various,None,"['Chondathan', 'Common']","['Bane', 'Chauntea', 'Cyric', 'Selûne', 'Sune', 'Waukeen']",2920094,403450,,69.5,43.4,61,1,"Empires of the Sands - Scott Haring, 1988, Lands of Intrigue - Steven E. Schend, 1997","[""['ale'"", ""'amour'"", ""'beer'"", ""'caravan items (wagons'"", ""'wheels)'"", ""'gems'"", ""'gold'"", ""'grain'"", ""'horses'"", ""'iron'"", ""'jewellery'"", ""'weapons']""]","[""['exotic goods (from maztica)'"", ""'magic items'"", ""'mercenaries'"", ""'pearls'"", ""'siege weapons']""]","{""humans"": 175.0, ""halflings"": 24.0, ""half-orcs"": 0.0, ""misc."": 0.0}","{""Aristocratic"": 0.0, ""Wealthy"": 0.0, ""Comfortable"": 8.0, ""Modest"": 20.0, ""Poor"": 69.0, ""Squalid"": 32.0, ""Wretched"": 3.0}"
Shepherdston,Amn,Athkatla,5000,989880,999,"{'humans': 1935, 'halflings': 3065, 'half-orcs': 0, 'misc.': 0}",54,Old age,['Kleptocracy'],"{'Aristocratic': 0, 'Wealthy': 84, 'Comfortable': 394, 'Modest': 1139, 'Poor': 1680, 'Squalid': 1130, 'Wretched': 272}",0,"[""['ale'"", ""'amour'"", ""'beer'"", ""'caravan items (wagons'"", ""'wheels)'"", ""'gems'"", ""'gold'"", ""'grain'"", ""'horses'"", ""'iron'"", ""'jewellery'"", ""'weapons']""]","[""['exotic goods (from maztica)'"", ""'magic items'"", ""'mercenaries'"", ""'pearls'"", ""'siege weapons']""]",The Council of Six,Various,None,"['Chondathan', 'Common']","['Bane', 'Chauntea', 'Cyric', 'Selûne', 'Sune', 'Waukeen']",2920094,403450,,56.7,42.1,82,0,"Empires of the Sands - Scott Haring, 1988, Lands of Intrigue - Steven E. Schend, 1997","[""['ale'"", ""'amour'"", ""'beer'"", ""'caravan items (wagons'"", ""'wheels)'"", ""'gems'"", ""'gold'"", ""'grain'"", ""'horses'"", ""'iron'"", ""'jewellery'"", ""'weapons']""]","[""['exotic goods (from maztica)'"", ""'magic items'"", ""'mercenaries'"", ""'pearls'"", ""'siege weapons']""]","{""humans"": 1935.0, ""halflings"": 3065.0, ""half-orcs"": 0.0, ""misc."": 0.0}","{""Aristocratic"": 0.0, ""Wealthy"": 84.0, ""Comfortable"": 394.0, ""Modest"": 1139.0, ""Poor"": 1680.0, ""Squalid"": 1130.0, ""Wretched"": 272.0}"
Trademeet,Amn,Athkatla,6237,1229940,1265,"{'humans': 6237, 'halflings': 0, 'half-orcs': 0, 'misc.': 0}",38,Bandit attacks,['Democracy'],"{'Aristocratic': 2, 'Wealthy': 109, 'Comfortable': 481, 'Modest': 1361, 'Poor': 2107, 'Squalid': 1693, 'Wretched': 393}",7,"[""['ale'"", ""'amour'"", ""'beer'"", ""'caravan items (wagons'"", ""'wheels)'"", ""'gems'"", ""'gold'"", ""'grain'"", ""'horses'"", ""'iron'"", ""'jewellery'"", ""'weapons']""]","[""['exotic goods (from maztica)'"", ""'magic items'"", ""'mercenaries'"", ""'pearls'"", ""'siege weapons']""]",The Council of Six,Various,None,"['Chondathan', 'Common']","['Bane', 'Chauntea', 'Cyric', 'Selûne', 'Sune', 'Waukeen']",2920094,403450,,56.3,37.1,77,1,"Empires of the Sands - Scott Haring, 1988, Lands of Intrigue - Steven E. Schend, 1997","[""['ale'"", ""'amour'"", ""'beer'"", ""'caravan items (wagons'"", ""'wheels)'"", ""'gems'"", ""'gold'"", ""'grain'"", ""'horses'"", ""'iron'"", ""'jewellery'"", ""'weapons']""]","[""['exotic goods (from maztica)'"", ""'magic items'"", ""'mercenaries'"", ""'pearls'"", ""'siege weapons']""]","{""humans"": 6237.0, ""halflings"": 0.0, ""half-orcs"": 0.0, ""misc."": 0.0}","{""Aristocratic"": 2.0, ""Wealthy"": 109.0, ""Comfortable"": 481.0, ""Modest"": 1361.0, ""Poor"": 2107.0, ""Squalid"": 1693.0, ""Wretched"": 393.0}"
Trailstone,Amn,Athkatla,651,85775,85,"{'humans': 651, 'halflings': 0, 'half-orcs': 0, 'misc.': 0}",41,Starvation,['Magocracy'],"{'Aristocratic': 0, 'Wealthy': 3, 'Comfortable': 43, 'Modest': 83, 'Poor': 208, 'Squalid': 124, 'Wretched': 8}",0,"[""['ale'"", ""'amour'"", ""'beer'"", ""'caravan items (wagons'"", ""'wheels)'"", ""'gems'"", ""'gold'"", ""'grain'"", ""'horses'"", ""'iron'"", ""'jewellery'"", ""'weapons']""]","[""['exotic goods (from maztica)'"", ""'magic items'"", ""'mercenaries'"", ""'pearls'"", ""'siege weapons']""]",The Council of Six,Various,None,"['Chondathan', 'Common']","['Bane', 'Chauntea', 'Cyric', 'Selûne', 'Sune', 'Waukeen']",2920094,403450,,51.9,39.4,84,0,"Empires of the Sands - Scott Haring, 1988, Lands of Intrigue - Steven E. Schend, 1997","[""['ale'"", ""'amour'"", ""'beer'"", ""'caravan items (wagons'"", ""'wheels)'"", ""'gems'"", ""'gold'"", ""'grain'"", ""'horses'"", ""'iron'"", ""'jewellery'"", ""'weapons']""]","[""['exotic goods (from maztica)'"", ""'magic items'"", ""'mercenaries'"", ""'pearls'"", ""'siege weapons']""]","{""humans"": 651.0, ""halflings"": 0.0, ""half-orcs"": 0.0, ""misc."": 0.0}","{""Aristocratic"": 0.0, ""Wealthy"": 3.0, ""Comfortable"": 43.0, ""Modest"": 83.0, ""Poor"": 208.0, ""Squalid"": 124.0, ""Wretched"": 8.0}"
Zinner,Amn,Athkatla,500,62561,62,"{'humans': 500, 'halflings': 0, 'half-orcs': 0, 'misc.': 0}",43,Assassination,['Republic'],"{'Aristocratic': 0, 'Wealthy': 2, 'Comfortable': 26, 'Modest': 68, 'Poor': 167, 'Squalid': 100, 'Wretched': 8}",0,"[""['ale'"", ""'amour'"", ""'beer'"", ""'caravan items (wagons'"", ""'wheels)'"", ""'gems'"", ""'gold'"", ""'grain'"", ""'horses'"", ""'iron'"", ""'jewellery'"", ""'weapons']""]","[""['exotic goods (from maztica)'"", ""'magic items'"", ""'mercenaries'"", ""'pearls'"", ""'siege weapons']""]",The Council of Six,Various,None,"['Chondathan', 'Common']","['Bane', 'Chauntea', 'Cyric', 'Selûne', 'Sune', 'Waukeen']",2920094,403450,,59.6,34.9,64,0,"Empires of the Sands - Scott Haring, 1988, Lands of Intrigue - Steven E. Schend, 1997","[""['ale'"", ""'amour'"", ""'beer'"", ""'caravan items (wagons'"", ""'wheels)'"", ""'gems'"", ""'gold'"", ""'grain'"", ""'horses'"", ""'iron'"", ""'jewellery'"", ""'weapons']""]","[""['exotic goods (from maztica)'"", ""'magic items'"", ""'mercenaries'"", ""'pearls'"", ""'siege weapons']""]","{""humans"": 500.0, ""halflings"": 0.0, ""half-orcs"": 0.0, ""misc."": 0.0}","{""Aristocratic"": 0.0, ""Wealthy"": 2.0, ""Comfortable"": 26.0, ""Modest"": 68.0, ""Poor"": 167.0, ""Squalid"": 100.0, ""Wretched"": 8.0}"
Calimport,Calimshan,Calimport,86268,16168405,68153,"{'humans': 75915, 'halflings': 2501, 'dwarves': 2588, 'half-elves': 1639, 'elves': 862}",42,Disease,['Gerontocracy'],"{'Aristocratic': 181, 'Wealthy': 2417, 'Comfortable': 6719, 'Modest': 11520, 'Poor': 26379, 'Squalid': 25852, 'Wretched': 5711}",10,"[""['armour'"", ""'books'"", ""'gems'"", ""'jewellery'"", ""'leather goods'"", ""'mercenaries'"", ""'minor magic items'"", ""'pearls'"", ""'pottery'"", ""'rare herbs'"", ""'rope'"", ""'ships'"", ""'silk'"", ""'spices'"", ""'weapons'"", ""'wine']""]","[""['food'"", ""'enslaved peoples'"", ""'magic']""]",,None,guilds,"['Alzhedo', 'Common']","['Anachtyr (Tyr)', 'Azuth', 'Bhaelros (Talos)', 'Ibrandul (Shar)', 'Ilmater', 'Shar', 'Sharess']",2203635,29949,,76,2.4,86,1,"Empires of the Sands - Scott Haring, 1988, Empires of the Shining Sea - Steven E. Schend, 1998, Calimport - Steven E. Schend, 1998","[""['armour'"", ""'books'"", ""'gems'"", ""'jewellery'"", ""'leather goods'"", ""'mercenaries'"", ""'minor magic items'"", ""'pearls'"", ""'pottery'"", ""'rare herbs'"", ""'rope'"", ""'ships'"", ""'silk'"", ""'spices'"", ""'weapons'"", ""'wine']""]","[""['food'"", ""'enslaved peoples'"", ""'magic']""]","{""humans"": 75915.0, ""halflings"": 2501.0, ""dwarves"": 2588.0, ""half-elves"": 1639.0, ""elves"": 862.0}","{""Aristocratic"": 181.0, ""Wealthy"": 2417.0, ""Comfortable"": 6719.0, ""Modest"": 11520.0, ""Poor"": 26379.0, ""Squalid"": 25852.0, ""Wretched"": 5711.0}"
Almraiven,Calimshan,Calimport,42376,9610632,21884,"{'humans': 37163, 'halflings': 1228, 'dwarves': 1271, 'half-elves': 847, 'elves': 423}",42,Old age,['Militocracy'],"{'Aristocratic': 72, 'Wealthy': 990, 'Comfortable': 5046, 'Modest': 7931, 'Poor': 13233, 'Squalid': 9809, 'Wretched': 3050}",16,"[""['armour'"", ""'books'"", ""'gems'"", ""'jewellery'"", ""'leather goods'"", ""'mercenaries'"", ""'minor magic items'"", ""'pearls'"", ""'pottery'"", ""'rare herbs'"", ""'rope'"", ""'ships'"", ""'silk'"", ""'spices'"", ""'weapons'"", ""'wine']""]","[""['food'"", ""'enslaved peoples'"", ""'magic']""]",,None,guilds,"['Alzhedo', 'Common']","['Anachtyr (Tyr)', 'Azuth', 'Bhaelros (Talos)', 'Ibrandul (Shar)', 'Ilmater', 'Shar', 'Sharess']",2203635,29949,,88.5,7.6,77,0,"Empires of the Sands - Scott Haring, 1988, Empires of the Shining Sea - Steven E. Schend, 1998, Calimport - Steven E. Schend, 1998","[""['armour'"", ""'books'"", ""'gems'"", ""'jewellery'"", ""'leather goods'"", ""'mercenaries'"", ""'minor magic items'"", ""'pearls'"", ""'pottery'"", ""'rare herbs'"", ""'rope'"", ""'ships'"", ""'silk'"", ""'spices'"", ""'weapons'"", ""'wine']""]","[""['food'"", ""'enslaved peoples'"", ""'magic']""]","{""humans"": 37163.0, ""halflings"": 1228.0, ""dwarves"": 1271.0, ""half-elves"": 847.0, ""elves"": 423.0}","{""Aristocratic"": 72.0, ""Wealthy"": 990.0, ""Comfortable"": 5046.0, ""Modest"": 7931.0, ""Poor"": 13233.0, ""Squalid"": 9809.0, ""Wretched"": 3050.0}"
Keltar,Calimshan,Calimport,23572,4826030,9650,"{'humans': 20790, 'halflings': 683, 'dwarves': 707, 'half-elves': 471, 'elves': 235}",42,Exposure to the elements,['Monarchy'],"{'Aristocratic': 59, 'Wealthy': 473, 'Comfortable': 2686, 'Modest': 3047, 'Poor': 8232, 'Squalid': 6746, 'Wretched': 1946}",4,"[""['armour'"", ""'books'"", ""'gems'"", ""'jewellery'"", ""'leather goods'"", ""'mercenaries'"", ""'minor magic items'"", ""'pearls'"", ""'pottery'"", ""'rare herbs'"", ""'rope'"", ""'ships'"", ""'silk'"", ""'spices'"", ""'weapons'"", ""'wine']""]","[""['food'"", ""'enslaved peoples'"", ""'magic']""]",,None,guilds,"['Alzhedo', 'Common']","['Anachtyr (Tyr)', 'Azuth', 'Bhaelros (Talos)', 'Ibrandul (Shar)', 'Ilmater', 'Shar', 'Sharess']",2203635,29949,,65.7,4.8,54,1,"Empires of the Sands - Scott Haring, 1988, Empires of the Shining Sea - Steven E. Schend, 1998, Calimport - Steven E. Schend, 1998","[""['armour'"", ""'books'"", ""'gems'"", ""'jewellery'"", ""'leather goods'"", ""'mercenaries'"", ""'minor magic items'"", ""'pearls'"", ""'pottery'"", ""'rare herbs'"", ""'rope'"", ""'ships'"", ""'silk'"", ""'spices'"", ""'weapons'"", ""'wine']""]","[""['food'"", ""'enslaved peoples'"", ""'magic']""]","{""humans"": 20790.0, ""halflings"": 683.0, ""dwarves"": 707.0, ""half-elves"": 471.0, ""elves"": 235.0}","{""Aristocratic"": 59.0, ""Wealthy"": 473.0, ""Comfortable"": 2686.0, ""Modest"": 3047.0, ""Poor"": 8232.0, ""Squalid"": 6746.0, ""Wretched"": 1946.0}"
Manshaka,Calimshan,Calimport,34268,6674390,9466,"{'humans': 31248, 'halflings': 983, 'dwarves': 1017, 'half-elves': 678, 'elves': 339}",45,Work-related accidents,['Meritocracy'],"{'Aristocratic': 15, 'Wealthy': 742, 'Comfortable': 3770, 'Modest': 4192, 'Poor': 11220, 'Squalid': 11920, 'Wretched': 1724}",13,"[""['armour'"", ""'books'"", ""'gems'"", ""'jewellery'"", ""'leather goods'"", ""'mercenaries'"", ""'minor magic items'"", ""'pearls'"", ""'pottery'"", ""'rare herbs'"", ""'rope'"", ""'ships'"", ""'silk'"", ""'spices'"", ""'weapons'"", ""'wine']""]","[""['food'"", ""'enslaved peoples'"", ""'magic']""]",,None,guilds,"['Alzhedo', 'Common']","['Anachtyr (Tyr)', 'Azuth', 'Bhaelros (Talos)', 'Ibrandul (Shar)', 'Ilmater', 'Shar', 'Sharess']",2203635,29949,,69.6,9.8,56,1,"Empires of the Sands - Scott Haring, 1988, Empires of the Shining Sea - Steven E. Schend, 1998, Calimport - Steven E. Schend, 1998","[""['armour'"", ""'books'"", ""'gems'"", ""'jewellery'"", ""'leather goods'"", ""'mercenaries'"", ""'minor magic items'"", ""'pearls'"", ""'pottery'"", ""'rare herbs'"", ""'rope'"", ""'ships'"", ""'silk'"", ""'spices'"", ""'weapons'"", ""'wine']""]","[""['food'"", ""'enslaved peoples'"", ""'magic']""]","{""humans"": 31248.0, ""halflings"": 983.0, ""dwarves"": 1017.0, ""half-elves"": 678.0, ""elves"": 339.0}","{""Aristocratic"": 15.0, ""Wealthy"": 742.0, ""Comfortable"": 3770.0, ""Modest"": 4192.0, ""Poor"": 11220.0, ""Squalid"": 11920.0, ""Wretched"": 1724.0}"
Memnon,Calimshan,Calimport,29194,5754991,10899,"{'humans': 25369, 'halflings': 875, 'dwarves': 875, 'half-elves': 583, 'elves': 291}",43,Work-related accidents,['Oligarchy'],"{'Aristocratic': 51, 'Wealthy': 506, 'Comfortable': 3726, 'Modest': 3097, 'Poor': 9503, 'Squalid': 7835, 'Wretched': 2281}",12,"[""['armour'"", ""'books'"", ""'gems'"", ""'jewellery'"", ""'leather goods'"", ""'mercenaries'"", ""'minor magic items'"", ""'pearls'"", ""'pottery'"", ""'rare herbs'"", ""'rope'"", ""'ships'"", ""'silk'"", ""'spices'"", ""'weapons'"", ""'wine']""]","[""['food'"", ""'enslaved peoples'"", ""'magic']""]",,None,guilds,"['Alzhedo', 'Common']","['Anachtyr (Tyr)', 'Azuth', 'Bhaelros (Talos)', 'Ibrandul (Shar)', 'Ilmater', 'Shar', 'Sharess']",2203635,29949,,88.5,9.2,75,0,"Empires of the Sands - Scott Haring, 1988, Empires of the Shining Sea - Steven E. Schend, 1998, Calimport - Steven E. Schend, 1998","[""['armour'"", ""'books'"", ""'gems'"", ""'jewellery'"", ""'leather goods'"", ""'mercenaries'"", ""'minor magic items'"", ""'pearls'"", ""'pottery'"", ""'rare herbs'"", ""'rope'"", ""'ships'"", ""'silk'"", ""'spices'"", ""'weapons'"", ""'wine']""]","[""['food'"", ""'enslaved peoples'"", ""'magic']""]","{""humans"": 25369.0, ""halflings"": 875.0, ""dwarves"": 875.0, ""half-elves"": 583.0, ""elves"": 291.0}","{""Aristocratic"": 51.0, ""Wealthy"": 506.0, ""Comfortable"": 3726.0, ""Modest"": 3097.0, ""Poor"": 9503.0, ""Squalid"": 7835.0, ""Wretched"": 2281.0}"
Schamedar,Calimshan,Calimport,19701,4243636,7275,"{'humans': 17612, 'halflings': 591, 'dwarves': 591, 'half-elves': 394, 'elves': 197}",43,Work-related accidents,['Republic'],"{'Aristocratic': 43, 'Wealthy': 230, 'Comfortable': 2532, 'Modest': 3372, 'Poor': 6882, 'Squalid': 4640, 'Wretched': 1559}",4,"[""['armour'"", ""'books'"", ""'gems'"", ""'jewellery'"", ""'leather goods'"", ""'mercenaries'"", ""'minor magic items'"", ""'pearls'"", ""'pottery'"", ""'rare herbs'"", ""'rope'"", ""'ships'"", ""'silk'"", ""'spices'"", ""'weapons'"", ""'wine']""]","[""['food'"", ""'enslaved peoples'"", ""'magic']""]",,None,guilds,"['Alzhedo', 'Common']","['Anachtyr (Tyr)', 'Azuth', 'Bhaelros (Talos)', 'Ibrandul (Shar)', 'Ilmater', 'Shar', 'Sharess']",2203635,29949,,76.5,9.3,57,1,"Empires of the Sands - Scott Haring, 1988, Empires of the Shining Sea - Steven E. Schend, 1998, Calimport - Steven E. Schend, 1998","[""['armour'"", ""'books'"", ""'gems'"", ""'jewellery'"", ""'leather goods'"", ""'mercenaries'"", ""'minor magic items'"", ""'pearls'"", ""'pottery'"", ""'rare herbs'"", ""'rope'"", ""'ships'"", ""'silk'"", ""'spices'"", ""'weapons'"", ""'wine']""]","[""['food'"", ""'enslaved peoples'"", ""'magic']""]","{""humans"": 17612.0, ""halflings"": 591.0, ""dwarves"": 591.0, ""half-elves"": 394.0, ""elves"": 197.0}","{""Aristocratic"": 43.0, ""Wealthy"": 230.0, ""Comfortable"": 2532.0, ""Modest"": 3372.0, ""Poor"": 6882.0, ""Squalid"": 4640.0, ""Wretched"": 1559.0}"
Suldolphor,Calimshan,Calimport,13461,2556569,2755,"{'humans': 11805, 'halflings': 417, 'dwarves': 403, 'half-elves': 255, 'elves': 134}",43,Dueling accidents,['Autocracy'],"{'Aristocratic': 1, 'Wealthy': 247, 'Comfortable': 1615, 'Modest': 1478, 'Poor': 4575, 'Squalid': 3833, 'Wretched': 822}",7,"[""['armour'"", ""'books'"", ""'gems'"", ""'jewellery'"", ""'leather goods'"", ""'mercenaries'"", ""'minor magic items'"", ""'pearls'"", ""'pottery'"", ""'rare herbs'"", ""'rope'"", ""'ships'"", ""'silk'"", ""'spices'"", ""'weapons'"", ""'wine']""]","[""['food'"", ""'enslaved peoples'"", ""'magic']""]",,None,None,"['Alzhedo', 'Common']","['Anachtyr (Tyr)', 'Azuth', 'Bhaelros (Talos)', 'Ibrandul (Shar)', 'Ilmater', 'Shar', 'Sharess']",2203635,29949,,75,4.3,90,2,"Empires of the Sands - Scott Haring, 1988, Empires of the Shining Sea - Steven E. Schend, 1998, Calimport - Steven E. Schend, 1998","[""['armour'"", ""'books'"", ""'gems'"", ""'jewellery'"", ""'leather goods'"", ""'mercenaries'"", ""'minor magic items'"", ""'pearls'"", ""'pottery'"", ""'rare herbs'"", ""'rope'"", ""'ships'"", ""'silk'"", ""'spices'"", ""'weapons'"", ""'wine']""]","[""['food'"", ""'enslaved peoples'"", ""'magic']""]","{""humans"": 11805.0, ""halflings"": 417.0, ""dwarves"": 403.0, ""half-elves"": 255.0, ""elves"": 134.0}","{""Aristocratic"": 1.0, ""Wealthy"": 247.0, ""Comfortable"": 1615.0, ""Modest"": 1478.0, ""Poor"": 4575.0, ""Squalid"": 3833.0, ""Wretched"": 822.0}"
Teshburl,Calimshan,Calimport,21159,5159238,13515,"{'humans': 18894, 'halflings': 634, 'dwarves': 634, 'half-elves': 423, 'elves': 211}",45,Starvation,['Plutocracy'],"{'Aristocratic': 100, 'Wealthy': 621, 'Comfortable': 2367, 'Modest': 3971, 'Poor': 6852, 'Squalid': 5755, 'Wretched': 1664}",20,"[""['armour'"", ""'books'"", ""'gems'"", ""'jewellery'"", ""'leather goods'"", ""'mercenaries'"", ""'minor magic items'"", ""'pearls'"", ""'pottery'"", ""'rare herbs'"", ""'rope'"", ""'ships'"", ""'silk'"", ""'spices'"", ""'weapons'"", ""'wine']""]","[""['food'"", ""'enslaved peoples'"", ""'magic']""]",,None,guilds,"['Alzhedo', 'Common']","['Anachtyr (Tyr)', 'Azuth', 'Bhaelros (Talos)', 'Ibrandul (Shar)', 'Ilmater', 'Shar', 'Sharess']",2203635,29949,,92.1,1,77,1,"Empires of the Sands - Scott Haring, 1988, Empires of the Shining Sea - Steven E. Schend, 1998, Calimport - Steven E. Schend, 1998","[""['armour'"", ""'books'"", ""'gems'"", ""'jewellery'"", ""'leather goods'"", ""'mercenaries'"", ""'minor magic items'"", ""'pearls'"", ""'pottery'"", ""'rare herbs'"", ""'rope'"", ""'ships'"", ""'silk'"", ""'spices'"", ""'weapons'"", ""'wine']""]","[""['food'"", ""'enslaved peoples'"", ""'magic']""]","{""humans"": 18894.0, ""halflings"": 634.0, ""dwarves"": 634.0, ""half-elves"": 423.0, ""elves"": 211.0}","{""Aristocratic"": 100.0, ""Wealthy"": 621.0, ""Comfortable"": 2367.0, ""Modest"": 3971.0, ""Poor"": 6852.0, ""Squalid"": 5755.0, ""Wretched"": 1664.0}"
Volothamp,Calimshan,Calimport,36062,7884912,23269,"{'humans': 32935, 'halflings': 1030, 'dwarves': 1065, 'half-elves': 675, 'elves': 355}",44,Old age,['Plutocracy'],"{'Aristocratic': 118, 'Wealthy': 591, 'Comfortable': 4405, 'Modest': 5767, 'Poor': 11304, 'Squalid': 12207, 'Wretched': 2229}",8,"[""['armour'"", ""'books'"", ""'gems'"", ""'jewellery'"", ""'leather goods'"", ""'mercenaries'"", ""'minor magic items'"", ""'pearls'"", ""'pottery'"", ""'rare herbs'"", ""'rope'"", ""'ships'"", ""'silk'"", ""'spices'"", ""'weapons'"", ""'wine']""]","[""['food'"", ""'enslaved peoples'"", ""'magic']""]",,None,guilds,"['Alzhedo', 'Common']","['Anachtyr (Tyr)', 'Azuth', 'Bhaelros (Talos)', 'Ibrandul (Shar)', 'Ilmater', 'Shar', 'Sharess']",2203635,29949,,77.2,9.8,85,2,"Empires of the Sands - Scott Haring, 1988, Empires of the Shining Sea - Steven E. Schend, 1998, Calimport - Steven E. Schend, 1998","[""['armour'"", ""'books'"", ""'gems'"", ""'jewellery'"", ""'leather goods'"", ""'mercenaries'"", ""'minor magic items'"", ""'pearls'"", ""'pottery'"", ""'rare herbs'"", ""'rope'"", ""'ships'"", ""'silk'"", ""'spices'"", ""'weapons'"", ""'wine']""]","[""['food'"", ""'enslaved peoples'"", ""'magic']""]","{""humans"": 32935.0, ""halflings"": 1030.0, ""dwarves"": 1065.0, ""half-elves"": 675.0, ""elves"": 355.0}","{""Aristocratic"": 118.0, ""Wealthy"": 591.0, ""Comfortable"": 4405.0, ""Modest"": 5767.0, ""Poor"": 11304.0, ""Squalid"": 12207.0, ""Wretched"": 2229.0}"
Cimbar,Chessenta,Cimbar,10388,2157697,3056,"{'humans': 9255, 'halflings': 311, 'dwarves': 301, 'half-elves': 207, 'elves': 103}",51,Assassination,['Autocracy'],"{'Aristocratic': 24, 'Wealthy': 245, 'Comfortable': 1125, 'Modest': 1402, 'Poor': 3584, 'Squalid': 3227, 'Wretched': 1023}",13,"[""['art'"", ""'cattle'"", ""'gold'"", ""'grapes'"", ""'olive oil'"", ""'quality iron'"", ""'silver'"", ""'slaves'"", ""'statues'"", ""'weapons'"", ""'wine']""]","[""['cheese'"", ""'glass'"", ""'horses'"", ""'magic weapons'"", ""'mercenaries'"", ""'perfume'"", ""'pork'"", ""'slaves']""]",,"{'mercenary_companies': [{'name': 'Wraith of the Inner Sea'}, {'name': 'the Renegades'}, {'name': 'the Sailors of the Crimson Sea'}, {'name': 'the Society of the Sword'}]}",None,"['Chessentan', 'Chondathan', 'Common', 'Untheric']","['Anhur', 'Assuran (Hoar)', 'Azuth', 'Lathander', 'Red Knight', 'Tchazzar (Tiamat)', 'Waukeen']",3241585,21678,,67.6,41.1,80,0,,"[""['art'"", ""'cattle'"", ""'gold'"", ""'grapes'"", ""'olive oil'"", ""'quality iron'"", ""'silver'"", ""'slaves'"", ""'statues'"", ""'weapons'"", ""'wine']""]","[""['cheese'"", ""'glass'"", ""'horses'"", ""'magic weapons'"", ""'mercenaries'"", ""'perfume'"", ""'pork'"", ""'slaves']""]","{""humans"": 9255.0, ""halflings"": 311.0, ""dwarves"": 301.0, ""half-elves"": 207.0, ""elves"": 103.0}","{""Aristocratic"": 24.0, ""Wealthy"": 245.0, ""Comfortable"": 1125.0, ""Modest"": 1402.0, ""Poor"": 3584.0, ""Squalid"": 3227.0, ""Wretched"": 1023.0}"
Airspur,Chessenta,Cimbar,22652,4347259,5253,"{'humans': 20663, 'halflings': 685, 'dwarves': 662, 'half-elves': 419, 'elves': 220}",50,Magic mishaps,['Meritocracy'],"{'Aristocratic': 5, 'Wealthy': 570, 'Comfortable': 2292, 'Modest': 2694, 'Poor': 7690, 'Squalid': 7643, 'Wretched': 2017}",18,"[""['art'"", ""'cattle'"", ""'gold'"", ""'grapes'"", ""'olive oil'"", ""'quality iron'"", ""'silver'"", ""'slaves'"", ""'statues'"", ""'weapons'"", ""'wine']""]","[""['cheese'"", ""'glass'"", ""'horses'"", ""'magic weapons'"", ""'mercenaries'"", ""'perfume'"", ""'pork'"", ""'slaves']""]",,"{'mercenary_companies': [{'name': 'Wraith of the Inner Sea'}, {'name': 'the Renegades'}, {'name': 'the Sailors of the Crimson Sea'}, {'name': 'the Society of the Sword'}]}",guilds,"['Chessentan', 'Chondathan', 'Common', 'Untheric']","['Anhur', 'Assuran (Hoar)', 'Azuth', 'Lathander', 'Red Knight', 'Tchazzar (Tiamat)', 'Waukeen']",3241585,21678,,45.3,30.4,68,0,,"[""['art'"", ""'cattle'"", ""'gold'"", ""'grapes'"", ""'olive oil'"", ""'quality iron'"", ""'silver'"", ""'slaves'"", ""'statues'"", ""'weapons'"", ""'wine']""]","[""['cheese'"", ""'glass'"", ""'horses'"", ""'magic weapons'"", ""'mercenaries'"", ""'perfume'"", ""'pork'"", ""'slaves']""]","{""humans"": 20663.0, ""halflings"": 685.0, ""dwarves"": 662.0, ""half-elves"": 419.0, ""elves"": 220.0}","{""Aristocratic"": 5.0, ""Wealthy"": 570.0, ""Comfortable"": 2292.0, ""Modest"": 2694.0, ""Poor"": 7690.0, ""Squalid"": 7643.0, ""Wretched"": 2017.0}"
Akanax,Chessenta,Cimbar,25544,5356302,14313,"{'humans': 23117, 'halflings': 766, 'dwarves': 766, 'half-elves': 485, 'elves': 255}",50,Dueling accidents,['Democracy'],"{'Aristocratic': 103, 'Wealthy': 380, 'Comfortable': 2838, 'Modest': 3872, 'Poor': 8420, 'Squalid': 8928, 'Wretched': 2258}",9,"[""['art'"", ""'cattle'"", ""'gold'"", ""'grapes'"", ""'olive oil'"", ""'quality iron'"", ""'silver'"", ""'slaves'"", ""'statues'"", ""'weapons'"", ""'wine']""]","[""['cheese'"", ""'glass'"", ""'horses'"", ""'magic weapons'"", ""'mercenaries'"", ""'perfume'"", ""'pork'"", ""'slaves']""]",,"{'mercenary_companies': [{'name': 'Wraith of the Inner Sea'}, {'name': 'the Renegades'}, {'name': 'the Sailors of the Crimson Sea'}, {'name': 'the Society of the Sword'}]}",guilds,"['Chessentan', 'Chondathan', 'Common', 'Untheric']","['Anhur', 'Assuran (Hoar)', 'Azuth', 'Lathander', 'Red Knight', 'Tchazzar (Tiamat)', 'Waukeen']",3241585,21678,,65.3,35.9,61,0,,"[""['art'"", ""'cattle'"", ""'gold'"", ""'grapes'"", ""'olive oil'"", ""'quality iron'"", ""'silver'"", ""'slaves'"", ""'statues'"", ""'weapons'"", ""'wine']""]","[""['cheese'"", ""'glass'"", ""'horses'"", ""'magic weapons'"", ""'mercenaries'"", ""'perfume'"", ""'pork'"", ""'slaves']""]","{""humans"": 23117.0, ""halflings"": 766.0, ""dwarves"": 766.0, ""half-elves"": 485.0, ""elves"": 255.0}","{""Aristocratic"": 103.0, ""Wealthy"": 380.0, ""Comfortable"": 2838.0, ""Modest"": 3872.0, ""Poor"": 8420.0, ""Squalid"": 8928.0, ""Wretched"": 2258.0}"
Erebos,Chessenta,Cimbar,7890,1443976,1494,"{'humans': 7191, 'halflings': 227, 'dwarves': 235, 'half-elves': 157, 'elves': 78}",50,Starvation,['Theocracy'],"{'Aristocratic': 3, 'Wealthy': 105, 'Comfortable': 520, 'Modest': 1847, 'Poor': 2375, 'Squalid': 1441, 'Wretched': 369}",13,"[""['art'"", ""'cattle'"", ""'gold'"", ""'grapes'"", ""'olive oil'"", ""'quality iron'"", ""'silver'"", ""'slaves'"", ""'statues'"", ""'weapons'"", ""'wine']""]","[""['cheese'"", ""'glass'"", ""'horses'"", ""'magic weapons'"", ""'mercenaries'"", ""'perfume'"", ""'pork'"", ""'slaves']""]",,"{'mercenary_companies': [{'name': 'Wraith of the Inner Sea'}, {'name': 'the Renegades'}, {'name': 'the Sailors of the Crimson Sea'}, {'name': 'the Society of the Sword'}]}",None,"['Chessentan', 'Chondathan', 'Common', 'Untheric']","['Anhur', 'Assuran (Hoar)', 'Azuth', 'Lathander', 'Red Knight', 'Tchazzar (Tiamat)', 'Waukeen']",3241585,21678,,53.6,48.9,50,0,,"[""['art'"", ""'cattle'"", ""'gold'"", ""'grapes'"", ""'olive oil'"", ""'quality iron'"", ""'silver'"", ""'slaves'"", ""'statues'"", ""'weapons'"", ""'wine']""]","[""['cheese'"", ""'glass'"", ""'horses'"", ""'magic weapons'"", ""'mercenaries'"", ""'perfume'"", ""'pork'"", ""'slaves']""]","{""humans"": 7191.0, ""halflings"": 227.0, ""dwarves"": 235.0, ""half-elves"": 157.0, ""elves"": 78.0}","{""Aristocratic"": 3.0, ""Wealthy"": 105.0, ""Comfortable"": 520.0, ""Modest"": 1847.0, ""Poor"": 2375.0, ""Squalid"": 1441.0, ""Wretched"": 369.0}"
Gaj,Chessenta,Cimbar,6000,1102665,1125,"{'humans': 5285, 'halflings': 180, 'dwarves': 180, 'half-elves': 126, 'elves': 60}",48,Disease,['Kleptocracy'],"{'Aristocratic': 1, 'Wealthy': 92, 'Comfortable': 381, 'Modest': 1309, 'Poor': 2038, 'Squalid': 1644, 'Wretched': 382}",16,"[""['art'"", ""'cattle'"", ""'gold'"", ""'grapes'"", ""'olive oil'"", ""'quality iron'"", ""'silver'"", ""'slaves'"", ""'statues'"", ""'weapons'"", ""'wine']""]","[""['cheese'"", ""'glass'"", ""'horses'"", ""'magic weapons'"", ""'mercenaries'"", ""'perfume'"", ""'pork'"", ""'slaves']""]",,"{'mercenary_companies': [{'name': 'Wraith of the Inner Sea'}, {'name': 'the Renegades'}, {'name': 'the Sailors of the Crimson Sea'}, {'name': 'the Society of the Sword'}]}",None,"['Chessentan', 'Chondathan', 'Common', 'Untheric']","['Anhur', 'Assuran (Hoar)', 'Azuth', 'Lathander', 'Red Knight', 'Tchazzar (Tiamat)', 'Waukeen']",3241585,21678,,60,36.5,67,0,,"[""['art'"", ""'cattle'"", ""'gold'"", ""'grapes'"", ""'olive oil'"", ""'quality iron'"", ""'silver'"", ""'slaves'"", ""'statues'"", ""'weapons'"", ""'wine']""]","[""['cheese'"", ""'glass'"", ""'horses'"", ""'magic weapons'"", ""'mercenaries'"", ""'perfume'"", ""'pork'"", ""'slaves']""]","{""humans"": 5285.0, ""halflings"": 180.0, ""dwarves"": 180.0, ""half-elves"": 126.0, ""elves"": 60.0}","{""Aristocratic"": 1.0, ""Wealthy"": 92.0, ""Comfortable"": 381.0, ""Modest"": 1309.0, ""Poor"": 2038.0, ""Squalid"": 1644.0, ""Wretched"": 382.0}"
Heptios,Chessenta,Cimbar,8780,1469891,1516,"{'humans': 8032, 'halflings': 249, 'dwarves': 249, 'half-elves': 163, 'elves': 85}",52,Magic mishaps,['Plutocracy'],"{'Aristocratic': 2, 'Wealthy': 133, 'Comfortable': 567, 'Modest': 1602, 'Poor': 2694, 'Squalid': 2003, 'Wretched': 274}",9,"[""['art'"", ""'cattle'"", ""'gold'"", ""'grapes'"", ""'olive oil'"", ""'quality iron'"", ""'silver'"", ""'slaves'"", ""'statues'"", ""'weapons'"", ""'wine']""]","[""['cheese'"", ""'glass'"", ""'horses'"", ""'magic weapons'"", ""'mercenaries'"", ""'perfume'"", ""'pork'"", ""'slaves']""]",,"{'mercenary_companies': [{'name': 'Wraith of the Inner Sea'}, {'name': 'the Renegades'}, {'name': 'the Sailors of the Crimson Sea'}, {'name': 'the Society of the Sword'}]}",None,"['Chessentan', 'Chondathan', 'Common', 'Untheric']","['Anhur', 'Assuran (Hoar)', 'Azuth', 'Lathander', 'Red Knight', 'Tchazzar (Tiamat)', 'Waukeen']",3241585,21678,,45.9,36.7,90,1,,"[""['art'"", ""'cattle'"", ""'gold'"", ""'grapes'"", ""'olive oil'"", ""'quality iron'"", ""'silver'"", ""'slaves'"", ""'statues'"", ""'weapons'"", ""'wine']""]","[""['cheese'"", ""'glass'"", ""'horses'"", ""'magic weapons'"", ""'mercenaries'"", ""'perfume'"", ""'pork'"", ""'slaves']""]","{""humans"": 8032.0, ""halflings"": 249.0, ""dwarves"": 249.0, ""half-elves"": 163.0, ""elves"": 85.0}","{""Aristocratic"": 2.0, ""Wealthy"": 133.0, ""Comfortable"": 567.0, ""Modest"": 1602.0, ""Poor"": 2694.0, ""Squalid"": 2003.0, ""Wretched"": 274.0}"
Luthcheq,Chessenta,Cimbar,59940,11821583,31738,"{'humans': 54671, 'halflings': 1814, 'dwarves': 1756, 'half-elves': 1112, 'elves': 585}",51,Work-related accidents,['Hierarchy'],"{'Aristocratic': 93, 'Wealthy': 1341, 'Comfortable': 6488, 'Modest': 7564, 'Poor': 19982, 'Squalid': 15575, 'Wretched': 3162}",17,"[""['art'"", ""'cattle'"", ""'gold'"", ""'grapes'"", ""'olive oil'"", ""'quality iron'"", ""'silver'"", ""'slaves'"", ""'statues'"", ""'weapons'"", ""'wine']""]","[""['cheese'"", ""'glass'"", ""'horses'"", ""'magic weapons'"", ""'mercenaries'"", ""'perfume'"", ""'pork'"", ""'slaves']""]",,"{'mercenary_companies': [{'name': 'Wraith of the Inner Sea'}, {'name': 'the Renegades'}, {'name': 'the Sailors of the Crimson Sea'}, {'name': 'the Society of the Sword'}]}",guilds,"['Chessentan', 'Chondathan', 'Common', 'Untheric']","['Anhur', 'Assuran (Hoar)', 'Azuth', 'Lathander', 'Red Knight', 'Tchazzar (Tiamat)', 'Waukeen']",3241585,21678,,56.4,47.5,85,0,,"[""['art'"", ""'cattle'"", ""'gold'"", ""'grapes'"", ""'olive oil'"", ""'quality iron'"", ""'silver'"", ""'slaves'"", ""'statues'"", ""'weapons'"", ""'wine']""]","[""['cheese'"", ""'glass'"", ""'horses'"", ""'magic weapons'"", ""'mercenaries'"", ""'perfume'"", ""'pork'"", ""'slaves']""]","{""humans"": 54671.0, ""halflings"": 1814.0, ""dwarves"": 1756.0, ""half-elves"": 1112.0, ""elves"": 585.0}","{""Aristocratic"": 93.0, ""Wealthy"": 1341.0, ""Comfortable"": 6488.0, ""Modest"": 7564.0, ""Poor"": 19982.0, ""Squalid"": 15575.0, ""Wretched"": 3162.0}"
Maerduuth,Chessenta,Cimbar,12670,2196789,3905,"{'humans': 11542, 'halflings': 367, 'dwarves': 380, 'half-elves': 240, 'elves': 126}",52,Exposure to the elements,['Autocracy'],"{'Aristocratic': 49, 'Wealthy': 161, 'Comfortable': 928, 'Modest': 1879, 'Poor': 4405, 'Squalid': 2686, 'Wretched': 892}",8,"[""['art'"", ""'cattle'"", ""'gold'"", ""'grapes'"", ""'olive oil'"", ""'quality iron'"", ""'silver'"", ""'slaves'"", ""'statues'"", ""'weapons'"", ""'wine']""]","[""['cheese'"", ""'glass'"", ""'horses'"", ""'magic weapons'"", ""'mercenaries'"", ""'perfume'"", ""'pork'"", ""'slaves']""]",,"{'mercenary_companies': [{'name': 'Wraith of the Inner Sea'}, {'name': 'the Renegades'}, {'name': 'the Sailors of the Crimson Sea'}, {'name': 'the Society of the Sword'}]}",None,"['Chessentan', 'Chondathan', 'Common', 'Untheric']","['Anhur', 'Assuran (Hoar)', 'Azuth', 'Lathander', 'Red Knight', 'Tchazzar (Tiamat)', 'Waukeen']",3241585,21678,,59.1,38.7,79,0,,"[""['art'"", ""'cattle'"", ""'gold'"", ""'grapes'"", ""'olive oil'"", ""'quality iron'"", ""'silver'"", ""'slaves'"", ""'statues'"", ""'weapons'"", ""'wine']""]","[""['cheese'"", ""'glass'"", ""'horses'"", ""'magic weapons'"", ""'mercenaries'"", ""'perfume'"", ""'pork'"", ""'slaves']""]","{""humans"": 11542.0, ""halflings"": 367.0, ""dwarves"": 380.0, ""half-elves"": 240.0, ""elves"": 126.0}","{""Aristocratic"": 49.0, ""Wealthy"": 161.0, ""Comfortable"": 928.0, ""Modest"": 1879.0, ""Poor"": 4405.0, ""Squalid"": 2686.0, ""Wretched"": 892.0}"
Mordulkin,Chessenta,Cimbar,36011,7486004,11705,"{'humans': 31761, 'halflings': 1116, 'dwarves': 1080, 'half-elves': 720, 'elves': 360}",52,Old age,['Satrapy'],"{'Aristocratic': 26, 'Wealthy': 716, 'Comfortable': 4110, 'Modest': 5939, 'Poor': 11032, 'Squalid': 10202, 'Wretched': 3139}",11,"[""['art'"", ""'cattle'"", ""'gold'"", ""'grapes'"", ""'olive oil'"", ""'quality iron'"", ""'silver'"", ""'slaves'"", ""'statues'"", ""'weapons'"", ""'wine']""]","[""['cheese'"", ""'glass'"", ""'horses'"", ""'magic weapons'"", ""'mercenaries'"", ""'perfume'"", ""'pork'"", ""'slaves']""]",,"{'mercenary_companies': [{'name': 'Wraith of the Inner Sea'}, {'name': 'the Renegades'}, {'name': 'the Sailors of the Crimson Sea'}, {'name': 'the Society of the Sword'}]}",guilds,"['Chessentan', 'Chondathan', 'Common', 'Untheric']","['Anhur', 'Assuran (Hoar)', 'Azuth', 'Lathander', 'Red Knight', 'Tchazzar (Tiamat)', 'Waukeen']",3241585,21678,,67.6,47.8,53,0,,"[""['art'"", ""'cattle'"", ""'gold'"", ""'grapes'"", ""'olive oil'"", ""'quality iron'"", ""'silver'"", ""'slaves'"", ""'statues'"", ""'weapons'"", ""'wine']""]","[""['cheese'"", ""'glass'"", ""'horses'"", ""'magic weapons'"", ""'mercenaries'"", ""'perfume'"", ""'pork'"", ""'slaves']""]","{""humans"": 31761.0, ""halflings"": 1116.0, ""dwarves"": 1080.0, ""half-elves"": 720.0, ""elves"": 360.0}","{""Aristocratic"": 26.0, ""Wealthy"": 716.0, ""Comfortable"": 4110.0, ""Modest"": 5939.0, ""Poor"": 11032.0, ""Squalid"": 10202.0, ""Wretched"": 3139.0}"
Oslin,Chessenta,Cimbar,5600,845960,869,"{'humans': 5119, 'halflings': 158, 'dwarves': 158, 'half-elves': 109, 'elves': 54}",52,Bandit attacks,['Oligarchy'],"{'Aristocratic': 2, 'Wealthy': 104, 'Comfortable': 401, 'Modest': 575, 'Poor': 1700, 'Squalid': 1647, 'Wretched': 334}",5,"[""['art'"", ""'cattle'"", ""'gold'"", ""'grapes'"", ""'olive oil'"", ""'quality iron'"", ""'silver'"", ""'slaves'"", ""'statues'"", ""'weapons'"", ""'wine']""]","[""['cheese'"", ""'glass'"", ""'horses'"", ""'magic weapons'"", ""'mercenaries'"", ""'perfume'"", ""'pork'"", ""'slaves']""]",,"{'mercenary_companies': [{'name': 'Wraith of the Inner Sea'}, {'name': 'the Renegades'}, {'name': 'the Sailors of the Crimson Sea'}, {'name': 'the Society of the Sword'}]}",None,"['Chessentan', 'Chondathan', 'Common', 'Untheric']","['Anhur', 'Assuran (Hoar)', 'Azuth', 'Lathander', 'Red Knight', 'Tchazzar (Tiamat)', 'Waukeen']",3241585,21678,,48.2,40,67,0,,"[""['art'"", ""'cattle'"", ""'gold'"", ""'grapes'"", ""'olive oil'"", ""'quality iron'"", ""'silver'"", ""'slaves'"", ""'statues'"", ""'weapons'"", ""'wine']""]","[""['cheese'"", ""'glass'"", ""'horses'"", ""'magic weapons'"", ""'mercenaries'"", ""'perfume'"", ""'pork'"", ""'slaves']""]","{""humans"": 5119.0, ""halflings"": 158.0, ""dwarves"": 158.0, ""half-elves"": 109.0, ""elves"": 54.0}","{""Aristocratic"": 2.0, ""Wealthy"": 104.0, ""Comfortable"": 401.0, ""Modest"": 575.0, ""Poor"": 1700.0, ""Squalid"": 1647.0, ""Wretched"": 334.0}"
Pandrik,Chessenta,Cimbar,1300,220095,220,"{'humans': 1155, 'halflings': 37, 'dwarves': 39, 'half-elves': 26, 'elves': 13}",52,Magic mishaps,['Satrapy'],"{'Aristocratic': 0, 'Wealthy': 19, 'Comfortable': 80, 'Modest': 255, 'Poor': 393, 'Squalid': 334, 'Wretched': 88}",0,"[""['art'"", ""'cattle'"", ""'gold'"", ""'grapes'"", ""'olive oil'"", ""'quality iron'"", ""'silver'"", ""'slaves'"", ""'statues'"", ""'weapons'"", ""'wine']""]","[""['cheese'"", ""'glass'"", ""'horses'"", ""'magic weapons'"", ""'mercenaries'"", ""'perfume'"", ""'pork'"", ""'slaves']""]",,"{'mercenary_companies': [{'name': 'Wraith of the Inner Sea'}, {'name': 'the Renegades'}, {'name': 'the Sailors of the Crimson Sea'}, {'name': 'the Society of the Sword'}]}",None,"['Chessentan', 'Chondathan', 'Common', 'Untheric']","['Anhur', 'Assuran (Hoar)', 'Azuth', 'Lathander', 'Red Knight', 'Tchazzar (Tiamat)', 'Waukeen']",3241585,21678,,55.7,41.3,59,0,,"[""['art'"", ""'cattle'"", ""'gold'"", ""'grapes'"", ""'olive oil'"", ""'quality iron'"", ""'silver'"", ""'slaves'"", ""'statues'"", ""'weapons'"", ""'wine']""]","[""['cheese'"", ""'glass'"", ""'horses'"", ""'magic weapons'"", ""'mercenaries'"", ""'perfume'"", ""'pork'"", ""'slaves']""]","{""humans"": 1155.0, ""halflings"": 37.0, ""dwarves"": 39.0, ""half-elves"": 26.0, ""elves"": 13.0}","{""Aristocratic"": 0.0, ""Wealthy"": 19.0, ""Comfortable"": 80.0, ""Modest"": 255.0, ""Poor"": 393.0, ""Squalid"": 334.0, ""Wretched"": 88.0}"
Rodanar,Chessenta,Cimbar,4751,885417,907,"{'humans': 4322, 'halflings': 145, 'dwarves': 141, 'half-elves': 94, 'elves': 47}",52,Disease,['Confederacy'],"{'Aristocratic': 2, 'Wealthy': 52, 'Comfortable': 293, 'Modest': 1183, 'Poor': 1440, 'Squalid': 1408, 'Wretched': 322}",18,"[""['art'"", ""'cattle'"", ""'gold'"", ""'grapes'"", ""'olive oil'"", ""'quality iron'"", ""'silver'"", ""'slaves'"", ""'statues'"", ""'weapons'"", ""'wine']""]","[""['cheese'"", ""'glass'"", ""'horses'"", ""'magic weapons'"", ""'mercenaries'"", ""'perfume'"", ""'pork'"", ""'slaves']""]",,"{'mercenary_companies': [{'name': 'Wraith of the Inner Sea'}, {'name': 'the Renegades'}, {'name': 'the Sailors of the Crimson Sea'}, {'name': 'the Society of the Sword'}]}",None,"['Chessentan', 'Chondathan', 'Common', 'Untheric']","['Anhur', 'Assuran (Hoar)', 'Azuth', 'Lathander', 'Red Knight', 'Tchazzar (Tiamat)', 'Waukeen']",3241585,21678,,56.3,44.9,96,0,,"[""['art'"", ""'cattle'"", ""'gold'"", ""'grapes'"", ""'olive oil'"", ""'quality iron'"", ""'silver'"", ""'slaves'"", ""'statues'"", ""'weapons'"", ""'wine']""]","[""['cheese'"", ""'glass'"", ""'horses'"", ""'magic weapons'"", ""'mercenaries'"", ""'perfume'"", ""'pork'"", ""'slaves']""]","{""humans"": 4322.0, ""halflings"": 145.0, ""dwarves"": 141.0, ""half-elves"": 94.0, ""elves"": 47.0}","{""Aristocratic"": 2.0, ""Wealthy"": 52.0, ""Comfortable"": 293.0, ""Modest"": 1183.0, ""Poor"": 1440.0, ""Squalid"": 1408.0, ""Wretched"": 322.0}"
Saden,Chessenta,Cimbar,904,105959,106,"{'humans': 797, 'halflings': 26, 'dwarves': 26, 'half-elves': 18, 'elves': 9}",50,Assassination,['Meritocracy'],"{'Aristocratic': 0, 'Wealthy': 3, 'Comfortable': 62, 'Modest': 79, 'Poor': 280, 'Squalid': 193, 'Wretched': 12}",0,"[""['art'"", ""'cattle'"", ""'gold'"", ""'grapes'"", ""'olive oil'"", ""'quality iron'"", ""'silver'"", ""'slaves'"", ""'statues'"", ""'weapons'"", ""'wine']""]","[""['cheese'"", ""'glass'"", ""'horses'"", ""'magic weapons'"", ""'mercenaries'"", ""'perfume'"", ""'pork'"", ""'slaves']""]",,"{'mercenary_companies': [{'name': 'Wraith of the Inner Sea'}, {'name': 'the Renegades'}, {'name': 'the Sailors of the Crimson Sea'}, {'name': 'the Society of the Sword'}]}",None,"['Chessentan', 'Chondathan', 'Common', 'Untheric']","['Anhur', 'Assuran (Hoar)', 'Azuth', 'Lathander', 'Red Knight', 'Tchazzar (Tiamat)', 'Waukeen']",3241585,21678,,45.4,39.7,64,0,,"[""['art'"", ""'cattle'"", ""'gold'"", ""'grapes'"", ""'olive oil'"", ""'quality iron'"", ""'silver'"", ""'slaves'"", ""'statues'"", ""'weapons'"", ""'wine']""]","[""['cheese'"", ""'glass'"", ""'horses'"", ""'magic weapons'"", ""'mercenaries'"", ""'perfume'"", ""'pork'"", ""'slaves']""]","{""humans"": 797.0, ""halflings"": 26.0, ""dwarves"": 26.0, ""half-elves"": 18.0, ""elves"": 9.0}","{""Aristocratic"": 0.0, ""Wealthy"": 3.0, ""Comfortable"": 62.0, ""Modest"": 79.0, ""Poor"": 280.0, ""Squalid"": 193.0, ""Wretched"": 12.0}"
Samnur,Chessenta,Cimbar,1700,253383,254,"{'humans': 1547, 'halflings': 49, 'dwarves': 52, 'half-elves': 33, 'elves': 16}",48,Exposure to the elements,['Plutocracy'],"{'Aristocratic': 0, 'Wealthy': 20, 'Comfortable': 134, 'Modest': 203, 'Poor': 515, 'Squalid': 402, 'Wretched': 108}",0,"[""['art'"", ""'cattle'"", ""'gold'"", ""'grapes'"", ""'olive oil'"", ""'quality iron'"", ""'silver'"", ""'slaves'"", ""'statues'"", ""'weapons'"", ""'wine']""]","[""['cheese'"", ""'glass'"", ""'horses'"", ""'magic weapons'"", ""'mercenaries'"", ""'perfume'"", ""'pork'"", ""'slaves']""]",,"{'mercenary_companies': [{'name': 'Wraith of the Inner Sea'}, {'name': 'the Renegades'}, {'name': 'the Sailors of the Crimson Sea'}, {'name': 'the Society of the Sword'}]}",None,"['Chessentan', 'Chondathan', 'Common', 'Untheric']","['Anhur', 'Assuran (Hoar)', 'Azuth', 'Lathander', 'Red Knight', 'Tchazzar (Tiamat)', 'Waukeen']",3241585,21678,,55,30.7,76,0,,"[""['art'"", ""'cattle'"", ""'gold'"", ""'grapes'"", ""'olive oil'"", ""'quality iron'"", ""'silver'"", ""'slaves'"", ""'statues'"", ""'weapons'"", ""'wine']""]","[""['cheese'"", ""'glass'"", ""'horses'"", ""'magic weapons'"", ""'mercenaries'"", ""'perfume'"", ""'pork'"", ""'slaves']""]","{""humans"": 1547.0, ""halflings"": 49.0, ""dwarves"": 52.0, ""half-elves"": 33.0, ""elves"": 16.0}","{""Aristocratic"": 0.0, ""Wealthy"": 20.0, ""Comfortable"": 134.0, ""Modest"": 203.0, ""Poor"": 515.0, ""Squalid"": 402.0, ""Wretched"": 108.0}"
Soolabax,Chessenta,Cimbar,1775,319448,320,"{'humans': 1577, 'halflings': 51, 'dwarves': 55, 'half-elves': 33, 'elves': 17}",49,Disease,['Republic'],"{'Aristocratic': 0, 'Wealthy': 33, 'Comfortable': 120, 'Modest': 355, 'Poor': 569, 'Squalid': 344, 'Wretched': 119}",0,"[""['art'"", ""'cattle'"", ""'gold'"", ""'grapes'"", ""'olive oil'"", ""'quality iron'"", ""'silver'"", ""'slaves'"", ""'statues'"", ""'weapons'"", ""'wine']""]","[""['cheese'"", ""'glass'"", ""'horses'"", ""'magic weapons'"", ""'mercenaries'"", ""'perfume'"", ""'pork'"", ""'slaves']""]",,"{'mercenary_companies': [{'name': 'Wraith of the Inner Sea'}, {'name': 'the Renegades'}, {'name': 'the Sailors of the Crimson Sea'}, {'name': 'the Society of the Sword'}]}",None,"['Chessentan', 'Chondathan', 'Common', 'Untheric']","['Anhur', 'Assuran (Hoar)', 'Azuth', 'Lathander', 'Red Knight', 'Tchazzar (Tiamat)', 'Waukeen']",3241585,21678,,68.6,31.4,83,0,,"[""['art'"", ""'cattle'"", ""'gold'"", ""'grapes'"", ""'olive oil'"", ""'quality iron'"", ""'silver'"", ""'slaves'"", ""'statues'"", ""'weapons'"", ""'wine']""]","[""['cheese'"", ""'glass'"", ""'horses'"", ""'magic weapons'"", ""'mercenaries'"", ""'perfume'"", ""'pork'"", ""'slaves']""]","{""humans"": 1577.0, ""halflings"": 51.0, ""dwarves"": 55.0, ""half-elves"": 33.0, ""elves"": 17.0}","{""Aristocratic"": 0.0, ""Wealthy"": 33.0, ""Comfortable"": 120.0, ""Modest"": 355.0, ""Poor"": 569.0, ""Squalid"": 344.0, ""Wretched"": 119.0}"
Soorenar,Chessenta,Cimbar,75665,15090888,32630,"{'humans': 68799, 'halflings': 2288, 'dwarves': 2288, 'half-elves': 1550, 'elves': 738}",52,Work-related accidents,['Hierarchy'],"{'Aristocratic': 54, 'Wealthy': 1297, 'Comfortable': 6842, 'Modest': 15045, 'Poor': 23312, 'Squalid': 22255, 'Wretched': 6816}",17,"[""['art'"", ""'cattle'"", ""'gold'"", ""'grapes'"", ""'olive oil'"", ""'quality iron'"", ""'silver'"", ""'slaves'"", ""'statues'"", ""'weapons'"", ""'wine']""]","[""['cheese'"", ""'glass'"", ""'horses'"", ""'magic weapons'"", ""'mercenaries'"", ""'perfume'"", ""'pork'"", ""'slaves']""]",,"{'mercenary_companies': [{'name': 'Wraith of the Inner Sea'}, {'name': 'the Renegades'}, {'name': 'the Sailors of the Crimson Sea'}, {'name': 'the Society of the Sword'}]}",guilds,"['Chessentan', 'Chondathan', 'Common', 'Untheric']","['Anhur', 'Assuran (Hoar)', 'Azuth', 'Lathander', 'Red Knight', 'Tchazzar (Tiamat)', 'Waukeen']",3241585,21678,,68.9,40.2,62,0,,"[""['art'"", ""'cattle'"", ""'gold'"", ""'grapes'"", ""'olive oil'"", ""'quality iron'"", ""'silver'"", ""'slaves'"", ""'statues'"", ""'weapons'"", ""'wine']""]","[""['cheese'"", ""'glass'"", ""'horses'"", ""'magic weapons'"", ""'mercenaries'"", ""'perfume'"", ""'pork'"", ""'slaves']""]","{""humans"": 68799.0, ""halflings"": 2288.0, ""dwarves"": 2288.0, ""half-elves"": 1550.0, ""elves"": 738.0}","{""Aristocratic"": 54.0, ""Wealthy"": 1297.0, ""Comfortable"": 6842.0, ""Modest"": 15045.0, ""Poor"": 23312.0, ""Squalid"": 22255.0, ""Wretched"": 6816.0}"
Toreus,Chessenta,Cimbar,3760,519358,526,"{'humans': 3423, 'halflings': 114, 'dwarves': 107, 'half-elves': 77, 'elves': 37}",47,Poison,['Hierarchy'],"{'Aristocratic': 1, 'Wealthy': 43, 'Comfortable': 243, 'Modest': 430, 'Poor': 1250, 'Squalid': 749, 'Wretched': 146}",17,"[""['art'"", ""'cattle'"", ""'gold'"", ""'grapes'"", ""'olive oil'"", ""'quality iron'"", ""'silver'"", ""'slaves'"", ""'statues'"", ""'weapons'"", ""'wine']""]","[""['cheese'"", ""'glass'"", ""'horses'"", ""'magic weapons'"", ""'mercenaries'"", ""'perfume'"", ""'pork'"", ""'slaves']""]",,"{'mercenary_companies': [{'name': 'Wraith of the Inner Sea'}, {'name': 'the Renegades'}, {'name': 'the Sailors of the Crimson Sea'}, {'name': 'the Society of the Sword'}]}",None,"['Chessentan', 'Chondathan', 'Common', 'Untheric']","['Anhur', 'Assuran (Hoar)', 'Azuth', 'Lathander', 'Red Knight', 'Tchazzar (Tiamat)', 'Waukeen']",3241585,21678,,48,43.1,46,0,,"[""['art'"", ""'cattle'"", ""'gold'"", ""'grapes'"", ""'olive oil'"", ""'quality iron'"", ""'silver'"", ""'slaves'"", ""'statues'"", ""'weapons'"", ""'wine']""]","[""['cheese'"", ""'glass'"", ""'horses'"", ""'magic weapons'"", ""'mercenaries'"", ""'perfume'"", ""'pork'"", ""'slaves']""]","{""humans"": 3423.0, ""halflings"": 114.0, ""dwarves"": 107.0, ""half-elves"": 77.0, ""elves"": 37.0}","{""Aristocratic"": 1.0, ""Wealthy"": 43.0, ""Comfortable"": 243.0, ""Modest"": 430.0, ""Poor"": 1250.0, ""Squalid"": 749.0, ""Wretched"": 146.0}"
Tulach,Chessenta,Cimbar,2400,346275,347,"{'humans': 2188, 'halflings': 70, 'dwarves': 70, 'half-elves': 46, 'elves': 23}",49,Dueling accidents,['Meritocracy'],"{'Aristocratic': 0, 'Wealthy': 24, 'Comfortable': 180, 'Modest': 273, 'Poor': 801, 'Squalid': 595, 'Wretched': 73}",0,"[""['art'"", ""'cattle'"", ""'gold'"", ""'grapes'"", ""'olive oil'"", ""'quality iron'"", ""'silver'"", ""'slaves'"", ""'statues'"", ""'weapons'"", ""'wine']""]","[""['cheese'"", ""'glass'"", ""'horses'"", ""'magic weapons'"", ""'mercenaries'"", ""'perfume'"", ""'pork'"", ""'slaves']""]",,"{'mercenary_companies': [{'name': 'Wraith of the Inner Sea'}, {'name': 'the Renegades'}, {'name': 'the Sailors of the Crimson Sea'}, {'name': 'the Society of the Sword'}]}",None,"['Chessentan', 'Chondathan', 'Common', 'Untheric']","['Anhur', 'Assuran (Hoar)', 'Azuth', 'Lathander', 'Red Knight', 'Tchazzar (Tiamat)', 'Waukeen']",3241585,21678,,46,33.7,87,0,,"[""['art'"", ""'cattle'"", ""'gold'"", ""'grapes'"", ""'olive oil'"", ""'quality iron'"", ""'silver'"", ""'slaves'"", ""'statues'"", ""'weapons'"", ""'wine']""]","[""['cheese'"", ""'glass'"", ""'horses'"", ""'magic weapons'"", ""'mercenaries'"", ""'perfume'"", ""'pork'"", ""'slaves']""]","{""humans"": 2188.0, ""halflings"": 70.0, ""dwarves"": 70.0, ""half-elves"": 46.0, ""elves"": 23.0}","{""Aristocratic"": 0.0, ""Wealthy"": 24.0, ""Comfortable"": 180.0, ""Modest"": 273.0, ""Poor"": 801.0, ""Squalid"": 595.0, ""Wretched"": 73.0}"
Villon,Chessenta,Cimbar,800,87162,87,"{'humans': 729, 'halflings': 23, 'dwarves': 23, 'half-elves': 15, 'elves': 7}",54,Poison,['Theocracy'],"{'Aristocratic': 0, 'Wealthy': 5, 'Comfortable': 33, 'Modest': 85, 'Poor': 242, 'Squalid': 194, 'Wretched': 13}",0,"[""['art'"", ""'cattle'"", ""'gold'"", ""'grapes'"", ""'olive oil'"", ""'quality iron'"", ""'silver'"", ""'slaves'"", ""'statues'"", ""'weapons'"", ""'wine']""]","[""['cheese'"", ""'glass'"", ""'horses'"", ""'magic weapons'"", ""'mercenaries'"", ""'perfume'"", ""'pork'"", ""'slaves']""]",,"{'mercenary_companies': [{'name': 'Wraith of the Inner Sea'}, {'name': 'the Renegades'}, {'name': 'the Sailors of the Crimson Sea'}, {'name': 'the Society of the Sword'}]}",None,"['Chessentan', 'Chondathan', 'Common', 'Untheric']","['Anhur', 'Assuran (Hoar)', 'Azuth', 'Lathander', 'Red Knight', 'Tchazzar (Tiamat)', 'Waukeen']",3241585,21678,,57.1,44.5,64,0,,"[""['art'"", ""'cattle'"", ""'gold'"", ""'grapes'"", ""'olive oil'"", ""'quality iron'"", ""'silver'"", ""'slaves'"", ""'statues'"", ""'weapons'"", ""'wine']""]","[""['cheese'"", ""'glass'"", ""'horses'"", ""'magic weapons'"", ""'mercenaries'"", ""'perfume'"", ""'pork'"", ""'slaves']""]","{""humans"": 729.0, ""halflings"": 23.0, ""dwarves"": 23.0, ""half-elves"": 15.0, ""elves"": 7.0}","{""Aristocratic"": 0.0, ""Wealthy"": 5.0, ""Comfortable"": 33.0, ""Modest"": 85.0, ""Poor"": 242.0, ""Squalid"": 194.0, ""Wretched"": 13.0}"
Suzail,Cormyr,Suzail,129311,30664124,882394,"{'humans': 116767, 'halflings': 3750, 'dwarves': 3750, 'half-elves': 2586, 'elves': 1293}",50,Poison,['Dictatorship'],"{'Aristocratic': 689, 'Wealthy': 3224, 'Comfortable': 14929, 'Modest': 21951, 'Poor': 39429, 'Squalid': 45305, 'Wretched': 12830}",16,"[""['armor'"", ""'carved ivory'"", ""'cloth'"", ""'coal'"", ""'food'"", ""'swords'"", ""'timber']""]","[""['glass'"", ""'ivory'"", ""'spices']""]",,"{'purple_dragons': 12000, 'war_wizards_of_cormyr': 200}",guilds,"['Chondathan', 'Common', 'Elven']","['Chauntea', 'Deneir', 'Helm', 'Lathander', 'Lliira', 'Oghma', 'Malar', 'Milie', 'Selûne', 'Silvanus', 'Tempus', 'Tymora', 'Waukeen']",1328229,175644,,69.8,45.1,72,0,,"[""['armor'"", ""'carved ivory'"", ""'cloth'"", ""'coal'"", ""'food'"", ""'swords'"", ""'timber']""]","[""['glass'"", ""'ivory'"", ""'spices']""]","{""humans"": 116767.0, ""halflings"": 3750.0, ""dwarves"": 3750.0, ""half-elves"": 2586.0, ""elves"": 1293.0}","{""Aristocratic"": 689.0, ""Wealthy"": 3224.0, ""Comfortable"": 14929.0, ""Modest"": 21951.0, ""Poor"": 39429.0, ""Squalid"": 45305.0, ""Wretched"": 12830.0}"
Arabel,Cormyr,Suzail,28730,6852145,9515,"{'humans': 25857, 'halflings': 861, 'dwarves': 861, 'half-elves': 574, 'elves': 287}",52,Dueling accidents,['Confederacy'],"{'Aristocratic': 14, 'Wealthy': 776, 'Comfortable': 3675, 'Modest': 5260, 'Poor': 9537, 'Squalid': 10116, 'Wretched': 1933}",6,"[""['armor'"", ""'carved ivory'"", ""'cloth'"", ""'coal'"", ""'food'"", ""'swords'"", ""'timber']""]","[""['glass'"", ""'ivory'"", ""'spices']""]",,"{'purple_dragons': 12000, 'war_wizards_of_cormyr': 200}",guilds,"['Chondathan', 'Common', 'Elven']","['Chauntea', 'Deneir', 'Helm', 'Lathander', 'Lliira', 'Oghma', 'Malar', 'Milie', 'Selûne', 'Silvanus', 'Tempus', 'Tymora', 'Waukeen']",1328229,175644,,50.1,38.9,63,1,,"[""['armor'"", ""'carved ivory'"", ""'cloth'"", ""'coal'"", ""'food'"", ""'swords'"", ""'timber']""]","[""['glass'"", ""'ivory'"", ""'spices']""]","{""humans"": 25857.0, ""halflings"": 861.0, ""dwarves"": 861.0, ""half-elves"": 574.0, ""elves"": 287.0}","{""Aristocratic"": 14.0, ""Wealthy"": 776.0, ""Comfortable"": 3675.0, ""Modest"": 5260.0, ""Poor"": 9537.0, ""Squalid"": 10116.0, ""Wretched"": 1933.0}"
Aunkspear,Cormyr,Suzail,55010,10176017,27456,"{'humans': 47748, 'halflings': 1595, 'dwarves': 1595, 'half-elves': 1045, 'elves': 550}",49,Dueling accidents,['Matriarchy'],"{'Aristocratic': 97, 'Wealthy': 1100, 'Comfortable': 4045, 'Modest': 9416, 'Poor': 18359, 'Squalid': 13317, 'Wretched': 3976}",7,"[""['armor'"", ""'carved ivory'"", ""'cloth'"", ""'coal'"", ""'food'"", ""'swords'"", ""'timber']""]","[""['glass'"", ""'ivory'"", ""'spices']""]",,"{'purple_dragons': 12000, 'war_wizards_of_cormyr': 200}",guilds,"['Chondathan', 'Common', 'Elven']","['Chauntea', 'Deneir', 'Helm', 'Lathander', 'Lliira', 'Oghma', 'Malar', 'Milie', 'Selûne', 'Silvanus', 'Tempus', 'Tymora', 'Waukeen']",1328229,175644,,50.3,36.2,86,1,,"[""['armor'"", ""'carved ivory'"", ""'cloth'"", ""'coal'"", ""'food'"", ""'swords'"", ""'timber']""]","[""['glass'"", ""'ivory'"", ""'spices']""]","{""humans"": 47748.0, ""halflings"": 1595.0, ""dwarves"": 1595.0, ""half-elves"": 1045.0, ""elves"": 550.0}","{""Aristocratic"": 97.0, ""Wealthy"": 1100.0, ""Comfortable"": 4045.0, ""Modest"": 9416.0, ""Poor"": 18359.0, ""Squalid"": 13317.0, ""Wretched"": 3976.0}"
Battlerise,Cormyr,Suzail,8319,1357070,1407,"{'humans': 7597, 'halflings': 235, 'dwarves': 243, 'half-elves': 162, 'elves': 81}",54,Magic mishaps,['Kleptocracy'],"{'Aristocratic': 3, 'Wealthy': 95, 'Comfortable': 502, 'Modest': 1612, 'Poor': 2495, 'Squalid': 1930, 'Wretched': 269}",3,"[""['armor'"", ""'carved ivory'"", ""'cloth'"", ""'coal'"", ""'food'"", ""'swords'"", ""'timber']""]","[""['glass'"", ""'ivory'"", ""'spices']""]",,"{'purple_dragons': 12000, 'war_wizards_of_cormyr': 200}",None,"['Chondathan', 'Common', 'Elven']","['Chauntea', 'Deneir', 'Helm', 'Lathander', 'Lliira', 'Oghma', 'Malar', 'Milie', 'Selûne', 'Silvanus', 'Tempus', 'Tymora', 'Waukeen']",1328229,175644,,50.7,41.9,49,1,,"[""['armor'"", ""'carved ivory'"", ""'cloth'"", ""'coal'"", ""'food'"", ""'swords'"", ""'timber']""]","[""['glass'"", ""'ivory'"", ""'spices']""]","{""humans"": 7597.0, ""halflings"": 235.0, ""dwarves"": 243.0, ""half-elves"": 162.0, ""elves"": 81.0}","{""Aristocratic"": 3.0, ""Wealthy"": 95.0, ""Comfortable"": 502.0, ""Modest"": 1612.0, ""Poor"": 2495.0, ""Squalid"": 1930.0, ""Wretched"": 269.0}"
Besert,Cormyr,Suzail,438,60517,60,"{'humans': 389, 'halflings': 13, 'dwarves': 13, 'half-elves': 8, 'elves': 4}",50,Assassination,['Gerontocracy'],"{'Aristocratic': 0, 'Wealthy': 2, 'Comfortable': 28, 'Modest': 64, 'Poor': 141, 'Squalid': 96, 'Wretched': 7}",0,"[""['armor'"", ""'carved ivory'"", ""'cloth'"", ""'coal'"", ""'food'"", ""'swords'"", ""'timber']""]","[""['glass'"", ""'ivory'"", ""'spices']""]",,"{'purple_dragons': 12000, 'war_wizards_of_cormyr': 200}",None,"['Chondathan', 'Common', 'Elven']","['Chauntea', 'Deneir', 'Helm', 'Lathander', 'Lliira', 'Oghma', 'Malar', 'Milie', 'Selûne', 'Silvanus', 'Tempus', 'Tymora', 'Waukeen']",1328229,175644,,49.6,44.6,61,0,,"[""['armor'"", ""'carved ivory'"", ""'cloth'"", ""'coal'"", ""'food'"", ""'swords'"", ""'timber']""]","[""['glass'"", ""'ivory'"", ""'spices']""]","{""humans"": 389.0, ""halflings"": 13.0, ""dwarves"": 13.0, ""half-elves"": 8.0, ""elves"": 4.0}","{""Aristocratic"": 0.0, ""Wealthy"": 2.0, ""Comfortable"": 28.0, ""Modest"": 64.0, ""Poor"": 141.0, ""Squalid"": 96.0, ""Wretched"": 7.0}"
Blustich,Cormyr,Suzail,5190,858881,875,"{'humans': 4731, 'halflings': 152, 'dwarves': 152, 'half-elves': 101, 'elves': 50}",50,Work-related accidents,['Magocracy'],"{'Aristocratic': 1, 'Wealthy': 80, 'Comfortable': 337, 'Modest': 885, 'Poor': 1579, 'Squalid': 1483, 'Wretched': 387}",15,"[""['armor'"", ""'carved ivory'"", ""'cloth'"", ""'coal'"", ""'food'"", ""'swords'"", ""'timber']""]","[""['glass'"", ""'ivory'"", ""'spices']""]",,"{'purple_dragons': 12000, 'war_wizards_of_cormyr': 200}",None,"['Chondathan', 'Common', 'Elven']","['Chauntea', 'Deneir', 'Helm', 'Lathander', 'Lliira', 'Oghma', 'Malar', 'Milie', 'Selûne', 'Silvanus', 'Tempus', 'Tymora', 'Waukeen']",1328229,175644,,60,35.4,57,0,,"[""['armor'"", ""'carved ivory'"", ""'cloth'"", ""'coal'"", ""'food'"", ""'swords'"", ""'timber']""]","[""['glass'"", ""'ivory'"", ""'spices']""]","{""humans"": 4731.0, ""halflings"": 152.0, ""dwarves"": 152.0, ""half-elves"": 101.0, ""elves"": 50.0}","{""Aristocratic"": 1.0, ""Wealthy"": 80.0, ""Comfortable"": 337.0, ""Modest"": 885.0, ""Poor"": 1579.0, ""Squalid"": 1483.0, ""Wretched"": 387.0}"
Bogbrook,Cormyr,Suzail,813,94681,94,"{'humans': 732, 'halflings': 24, 'dwarves': 25, 'half-elves': 16, 'elves': 8}",50,Magic mishaps,['Patriarchy'],"{'Aristocratic': 0, 'Wealthy': 0, 'Comfortable': 44, 'Modest': 102, 'Poor': 248, 'Squalid': 198, 'Wretched': 14}",0,"[""['armor'"", ""'carved ivory'"", ""'cloth'"", ""'coal'"", ""'food'"", ""'swords'"", ""'timber']""]","[""['glass'"", ""'ivory'"", ""'spices']""]",,"{'purple_dragons': 12000, 'war_wizards_of_cormyr': 200}",None,"['Chondathan', 'Common', 'Elven']","['Chauntea', 'Deneir', 'Helm', 'Lathander', 'Lliira', 'Oghma', 'Malar', 'Milie', 'Selûne', 'Silvanus', 'Tempus', 'Tymora', 'Waukeen']",1328229,175644,,67.1,43.6,73,1,,"[""['armor'"", ""'carved ivory'"", ""'cloth'"", ""'coal'"", ""'food'"", ""'swords'"", ""'timber']""]","[""['glass'"", ""'ivory'"", ""'spices']""]","{""humans"": 732.0, ""halflings"": 24.0, ""dwarves"": 25.0, ""half-elves"": 16.0, ""elves"": 8.0}","{""Aristocratic"": 0.0, ""Wealthy"": 0.0, ""Comfortable"": 44.0, ""Modest"": 102.0, ""Poor"": 248.0, ""Squalid"": 198.0, ""Wretched"": 14.0}"
Bospir,Cormyr,Suzail,2656,516329,519,"{'humans': 2313, 'halflings': 79, 'dwarves': 77, 'half-elves': 53, 'elves': 26}",49,Magic mishaps,['Republic'],"{'Aristocratic': 0, 'Wealthy': 36, 'Comfortable': 199, 'Modest': 618, 'Poor': 899, 'Squalid': 748, 'Wretched': 86}",0,"[""['armor'"", ""'carved ivory'"", ""'cloth'"", ""'coal'"", ""'food'"", ""'swords'"", ""'timber']""]","[""['glass'"", ""'ivory'"", ""'spices']""]",,"{'purple_dragons': 12000, 'war_wizards_of_cormyr': 200}",None,"['Chondathan', 'Common', 'Elven']","['Chauntea', 'Deneir', 'Helm', 'Lathander', 'Lliira', 'Oghma', 'Malar', 'Milie', 'Selûne', 'Silvanus', 'Tempus', 'Tymora', 'Waukeen']",1328229,175644,,66.8,38.5,85,1,,"[""['armor'"", ""'carved ivory'"", ""'cloth'"", ""'coal'"", ""'food'"", ""'swords'"", ""'timber']""]","[""['glass'"", ""'ivory'"", ""'spices']""]","{""humans"": 2313.0, ""halflings"": 79.0, ""dwarves"": 77.0, ""half-elves"": 53.0, ""elves"": 26.0}","{""Aristocratic"": 0.0, ""Wealthy"": 36.0, ""Comfortable"": 199.0, ""Modest"": 618.0, ""Poor"": 899.0, ""Squalid"": 748.0, ""Wretched"": 86.0}"
Castle Crag,Cormyr,Suzail,506,55078,55,"{'humans': 453, 'halflings': 14, 'dwarves': 14, 'half-elves': 9, 'elves': 5}",52,Bandit attacks,['Hierarchy'],"{'Aristocratic': 0, 'Wealthy': 3, 'Comfortable': 25, 'Modest': 42, 'Poor': 164, 'Squalid': 141, 'Wretched': 7}",0,"[""['armor'"", ""'carved ivory'"", ""'cloth'"", ""'coal'"", ""'food'"", ""'swords'"", ""'timber']""]","[""['glass'"", ""'ivory'"", ""'spices']""]",,"{'purple_dragons': 12000, 'war_wizards_of_cormyr': 200}",None,"['Chondathan', 'Common', 'Elven']","['Chauntea', 'Deneir', 'Helm', 'Lathander', 'Lliira', 'Oghma', 'Malar', 'Milie', 'Selûne', 'Silvanus', 'Tempus', 'Tymora', 'Waukeen']",1328229,175644,,53.6,44.7,73,0,,"[""['armor'"", ""'carved ivory'"", ""'cloth'"", ""'coal'"", ""'food'"", ""'swords'"", ""'timber']""]","[""['glass'"", ""'ivory'"", ""'spices']""]","{""humans"": 453.0, ""halflings"": 14.0, ""dwarves"": 14.0, ""half-elves"": 9.0, ""elves"": 5.0}","{""Aristocratic"": 0.0, ""Wealthy"": 3.0, ""Comfortable"": 25.0, ""Modest"": 42.0, ""Poor"": 164.0, ""Squalid"": 141.0, ""Wretched"": 7.0}"
Dawngleam,Cormyr,Suzail,792,98878,98,"{'humans': 722, 'halflings': 23, 'dwarves': 22, 'half-elves': 15, 'elves': 7}",52,Old age,['Militocracy'],"{'Aristocratic': 0, 'Wealthy': 4, 'Comfortable': 40, 'Modest': 100, 'Poor': 273, 'Squalid': 203, 'Wretched': 14}",0,"[""['armor'"", ""'carved ivory'"", ""'cloth'"", ""'coal'"", ""'food'"", ""'swords'"", ""'timber']""]","[""['glass'"", ""'ivory'"", ""'spices']""]",,"{'purple_dragons': 12000, 'war_wizards_of_cormyr': 200}",None,"['Chondathan', 'Common', 'Elven']","['Chauntea', 'Deneir', 'Helm', 'Lathander', 'Lliira', 'Oghma', 'Malar', 'Milie', 'Selûne', 'Silvanus', 'Tempus', 'Tymora', 'Waukeen']",1328229,175644,,69.8,46,87,0,,"[""['armor'"", ""'carved ivory'"", ""'cloth'"", ""'coal'"", ""'food'"", ""'swords'"", ""'timber']""]","[""['glass'"", ""'ivory'"", ""'spices']""]","{""humans"": 722.0, ""halflings"": 23.0, ""dwarves"": 22.0, ""half-elves"": 15.0, ""elves"": 7.0}","{""Aristocratic"": 0.0, ""Wealthy"": 4.0, ""Comfortable"": 40.0, ""Modest"": 100.0, ""Poor"": 273.0, ""Squalid"": 203.0, ""Wretched"": 14.0}"
Dhedluk,Cormyr,Suzail,933,89425,89,"{'humans': 847, 'halflings': 27, 'dwarves': 27, 'half-elves': 17, 'elves': 9}",49,Work-related accidents,['Bureaucracy'],"{'Aristocratic': 0, 'Wealthy': 2, 'Comfortable': 48, 'Modest': 69, 'Poor': 289, 'Squalid': 142, 'Wretched': 12}",0,"[""['armor'"", ""'carved ivory'"", ""'cloth'"", ""'coal'"", ""'food'"", ""'swords'"", ""'timber']""]","[""['glass'"", ""'ivory'"", ""'spices']""]",,"{'purple_dragons': 12000, 'war_wizards_of_cormyr': 200}",None,"['Chondathan', 'Common', 'Elven']","['Chauntea', 'Deneir', 'Helm', 'Lathander', 'Lliira', 'Oghma', 'Malar', 'Milie', 'Selûne', 'Silvanus', 'Tempus', 'Tymora', 'Waukeen']",1328229,175644,,57.7,48.6,67,0,,"[""['armor'"", ""'carved ivory'"", ""'cloth'"", ""'coal'"", ""'food'"", ""'swords'"", ""'timber']""]","[""['glass'"", ""'ivory'"", ""'spices']""]","{""humans"": 847.0, ""halflings"": 27.0, ""dwarves"": 27.0, ""half-elves"": 17.0, ""elves"": 9.0}","{""Aristocratic"": 0.0, ""Wealthy"": 2.0, ""Comfortable"": 48.0, ""Modest"": 69.0, ""Poor"": 289.0, ""Squalid"": 142.0, ""Wretched"": 12.0}"
Dreamer’s Rock,Cormyr,Suzail,652,93768,93,"{'humans': 565, 'halflings': 18, 'dwarves': 19, 'half-elves': 13, 'elves': 6}",48,Disease,['Magocracy'],"{'Aristocratic': 0, 'Wealthy': 3, 'Comfortable': 34, 'Modest': 117, 'Poor': 224, 'Squalid': 151, 'Wretched': 9}",0,"[""['armor'"", ""'carved ivory'"", ""'cloth'"", ""'coal'"", ""'food'"", ""'swords'"", ""'timber']""]","[""['glass'"", ""'ivory'"", ""'spices']""]",,"{'purple_dragons': 12000, 'war_wizards_of_cormyr': 200}",None,"['Chondathan', 'Common', 'Elven']","['Chauntea', 'Deneir', 'Helm', 'Lathander', 'Lliira', 'Oghma', 'Malar', 'Milie', 'Selûne', 'Silvanus', 'Tempus', 'Tymora', 'Waukeen']",1328229,175644,,50.7,32.5,64,0,,"[""['armor'"", ""'carved ivory'"", ""'cloth'"", ""'coal'"", ""'food'"", ""'swords'"", ""'timber']""]","[""['glass'"", ""'ivory'"", ""'spices']""]","{""humans"": 565.0, ""halflings"": 18.0, ""dwarves"": 19.0, ""half-elves"": 13.0, ""elves"": 6.0}","{""Aristocratic"": 0.0, ""Wealthy"": 3.0, ""Comfortable"": 34.0, ""Modest"": 117.0, ""Poor"": 224.0, ""Squalid"": 151.0, ""Wretched"": 9.0}"
Espar,Cormyr,Suzail,571,66539,66,"{'humans': 507, 'halflings': 17, 'dwarves': 17, 'half-elves': 11, 'elves': 5}",52,Work-related accidents,['Dictatorship'],"{'Aristocratic': 0, 'Wealthy': 3, 'Comfortable': 35, 'Modest': 53, 'Poor': 192, 'Squalid': 89, 'Wretched': 7}",0,"[""['armor'"", ""'carved ivory'"", ""'cloth'"", ""'coal'"", ""'food'"", ""'swords'"", ""'timber']""]","[""['glass'"", ""'ivory'"", ""'spices']""]",,"{'purple_dragons': 12000, 'war_wizards_of_cormyr': 200}",None,"['Chondathan', 'Common', 'Elven']","['Chauntea', 'Deneir', 'Helm', 'Lathander', 'Lliira', 'Oghma', 'Malar', 'Milie', 'Selûne', 'Silvanus', 'Tempus', 'Tymora', 'Waukeen']",1328229,175644,,65.7,41.3,71,0,,"[""['armor'"", ""'carved ivory'"", ""'cloth'"", ""'coal'"", ""'food'"", ""'swords'"", ""'timber']""]","[""['glass'"", ""'ivory'"", ""'spices']""]","{""humans"": 507.0, ""halflings"": 17.0, ""dwarves"": 17.0, ""half-elves"": 11.0, ""elves"": 5.0}","{""Aristocratic"": 0.0, ""Wealthy"": 3.0, ""Comfortable"": 35.0, ""Modest"": 53.0, ""Poor"": 192.0, ""Squalid"": 89.0, ""Wretched"": 7.0}"
Eveningstar,Cormyr,Suzail,962,139466,139,"{'humans': 876, 'halflings': 28, 'dwarves': 28, 'half-elves': 18, 'elves': 9}",49,Disease,['Theocracy'],"{'Aristocratic': 0, 'Wealthy': 5, 'Comfortable': 56, 'Modest': 176, 'Poor': 290, 'Squalid': 161, 'Wretched': 19}",0,"[""['armor'"", ""'carved ivory'"", ""'cloth'"", ""'coal'"", ""'food'"", ""'swords'"", ""'timber']""]","[""['glass'"", ""'ivory'"", ""'spices']""]",,"{'purple_dragons': 12000, 'war_wizards_of_cormyr': 200}",None,"['Chondathan', 'Common', 'Elven']","['Chauntea', 'Deneir', 'Helm', 'Lathander', 'Lliira', 'Oghma', 'Malar', 'Milie', 'Selûne', 'Silvanus', 'Tempus', 'Tymora', 'Waukeen']",1328229,175644,,61.3,46,62,1,,"[""['armor'"", ""'carved ivory'"", ""'cloth'"", ""'coal'"", ""'food'"", ""'swords'"", ""'timber']""]","[""['glass'"", ""'ivory'"", ""'spices']""]","{""humans"": 876.0, ""halflings"": 28.0, ""dwarves"": 28.0, ""half-elves"": 18.0, ""elves"": 9.0}","{""Aristocratic"": 0.0, ""Wealthy"": 5.0, ""Comfortable"": 56.0, ""Modest"": 176.0, ""Poor"": 290.0, ""Squalid"": 161.0, ""Wretched"": 19.0}"
Ghars,Cormyr,Suzail,1169,217868,218,"{'humans': 1018, 'halflings': 33, 'dwarves': 33, 'half-elves': 22, 'elves': 11}",49,Old age,['Patriarchy'],"{'Aristocratic': 0, 'Wealthy': 15, 'Comfortable': 85, 'Modest': 265, 'Poor': 368, 'Squalid': 283, 'Wretched': 46}",0,"[""['armor'"", ""'carved ivory'"", ""'cloth'"", ""'coal'"", ""'food'"", ""'swords'"", ""'timber']""]","[""['glass'"", ""'ivory'"", ""'spices']""]",,"{'purple_dragons': 12000, 'war_wizards_of_cormyr': 200}",None,"['Chondathan', 'Common', 'Elven']","['Chauntea', 'Deneir', 'Helm', 'Lathander', 'Lliira', 'Oghma', 'Malar', 'Milie', 'Selûne', 'Silvanus', 'Tempus', 'Tymora', 'Waukeen']",1328229,175644,,65.9,40.4,73,1,,"[""['armor'"", ""'carved ivory'"", ""'cloth'"", ""'coal'"", ""'food'"", ""'swords'"", ""'timber']""]","[""['glass'"", ""'ivory'"", ""'spices']""]","{""humans"": 1018.0, ""halflings"": 33.0, ""dwarves"": 33.0, ""half-elves"": 22.0, ""elves"": 11.0}","{""Aristocratic"": 0.0, ""Wealthy"": 15.0, ""Comfortable"": 85.0, ""Modest"": 265.0, ""Poor"": 368.0, ""Squalid"": 283.0, ""Wretched"": 46.0}"
Gladehap,Cormyr,Suzail,881,101178,101,"{'humans': 784, 'halflings': 25, 'dwarves': 25, 'half-elves': 18, 'elves': 8}",53,Exposure to the elements,['Kleptocracy'],"{'Aristocratic': 0, 'Wealthy': 3, 'Comfortable': 40, 'Modest': 113, 'Poor': 274, 'Squalid': 174, 'Wretched': 11}",0,"[""['armor'"", ""'carved ivory'"", ""'cloth'"", ""'coal'"", ""'food'"", ""'swords'"", ""'timber']""]","[""['glass'"", ""'ivory'"", ""'spices']""]",,"{'purple_dragons': 12000, 'war_wizards_of_cormyr': 200}",None,"['Chondathan', 'Common', 'Elven']","['Chauntea', 'Deneir', 'Helm', 'Lathander', 'Lliira', 'Oghma', 'Malar', 'Milie', 'Selûne', 'Silvanus', 'Tempus', 'Tymora', 'Waukeen']",1328229,175644,,50.5,37.3,83,1,,"[""['armor'"", ""'carved ivory'"", ""'cloth'"", ""'coal'"", ""'food'"", ""'swords'"", ""'timber']""]","[""['glass'"", ""'ivory'"", ""'spices']""]","{""humans"": 784.0, ""halflings"": 25.0, ""dwarves"": 25.0, ""half-elves"": 18.0, ""elves"": 8.0}","{""Aristocratic"": 0.0, ""Wealthy"": 3.0, ""Comfortable"": 40.0, ""Modest"": 113.0, ""Poor"": 274.0, ""Squalid"": 174.0, ""Wretched"": 11.0}"
Gorthin,Cormyr,Suzail,5691,1004261,1028,"{'humans': 5093, 'halflings': 170, 'dwarves': 170, 'half-elves': 108, 'elves': 56}",49,Assassination,['Democracy'],"{'Aristocratic': 2, 'Wealthy': 73, 'Comfortable': 403, 'Modest': 1126, 'Poor': 1977, 'Squalid': 1120, 'Wretched': 392}",12,"[""['armor'"", ""'carved ivory'"", ""'cloth'"", ""'coal'"", ""'food'"", ""'swords'"", ""'timber']""]","[""['glass'"", ""'ivory'"", ""'spices']""]",,"{'purple_dragons': 12000, 'war_wizards_of_cormyr': 200}",None,"['Chondathan', 'Common', 'Elven']","['Chauntea', 'Deneir', 'Helm', 'Lathander', 'Lliira', 'Oghma', 'Malar', 'Milie', 'Selûne', 'Silvanus', 'Tempus', 'Tymora', 'Waukeen']",1328229,175644,,65.4,48.1,53,1,,"[""['armor'"", ""'carved ivory'"", ""'cloth'"", ""'coal'"", ""'food'"", ""'swords'"", ""'timber']""]","[""['glass'"", ""'ivory'"", ""'spices']""]","{""humans"": 5093.0, ""halflings"": 170.0, ""dwarves"": 170.0, ""half-elves"": 108.0, ""elves"": 56.0}","{""Aristocratic"": 2.0, ""Wealthy"": 73.0, ""Comfortable"": 403.0, ""Modest"": 1126.0, ""Poor"": 1977.0, ""Squalid"": 1120.0, ""Wretched"": 392.0}"
Gray Oaks,Cormyr,Suzail,96,9709,9,"{'humans': 86, 'halflings': 2, 'dwarves': 2, 'half-elves': 1, 'elves': 0}",47,Accidental falls,['Magocracy'],"{'Aristocratic': 0, 'Wealthy': 0, 'Comfortable': 5, 'Modest': 8, 'Poor': 32, 'Squalid': 22, 'Wretched': 0}",0,"[""['armor'"", ""'carved ivory'"", ""'cloth'"", ""'coal'"", ""'food'"", ""'swords'"", ""'timber']""]","[""['glass'"", ""'ivory'"", ""'spices']""]",,"{'purple_dragons': 12000, 'war_wizards_of_cormyr': 200}",None,"['Chondathan', 'Common', 'Elven']","['Chauntea', 'Deneir', 'Helm', 'Lathander', 'Lliira', 'Oghma', 'Malar', 'Milie', 'Selûne', 'Silvanus', 'Tempus', 'Tymora', 'Waukeen']",1328229,175644,,54,32.3,68,0,,"[""['armor'"", ""'carved ivory'"", ""'cloth'"", ""'coal'"", ""'food'"", ""'swords'"", ""'timber']""]","[""['glass'"", ""'ivory'"", ""'spices']""]","{""humans"": 86.0, ""halflings"": 2.0, ""dwarves"": 2.0, ""half-elves"": 1.0, ""elves"": 0.0}","{""Aristocratic"": 0.0, ""Wealthy"": 0.0, ""Comfortable"": 5.0, ""Modest"": 8.0, ""Poor"": 32.0, ""Squalid"": 22.0, ""Wretched"": 0.0}"
Halfhap,Cormyr,Suzail,2251,429349,431,"{'humans': 1967, 'halflings': 67, 'dwarves': 69, 'half-elves': 47, 'elves': 22}",45,Bandit attacks,['Matriarchy'],"{'Aristocratic': 0, 'Wealthy': 31, 'Comfortable': 177, 'Modest': 500, 'Poor': 718, 'Squalid': 547, 'Wretched': 101}",0,"[""['armor'"", ""'carved ivory'"", ""'cloth'"", ""'coal'"", ""'food'"", ""'swords'"", ""'timber']""]","[""['glass'"", ""'ivory'"", ""'spices']""]",,"{'purple_dragons': 12000, 'war_wizards_of_cormyr': 200}",None,"['Chondathan', 'Common', 'Elven']","['Chauntea', 'Deneir', 'Helm', 'Lathander', 'Lliira', 'Oghma', 'Malar', 'Milie', 'Selûne', 'Silvanus', 'Tempus', 'Tymora', 'Waukeen']",1328229,175644,,59.5,37.2,79,0,,"[""['armor'"", ""'carved ivory'"", ""'cloth'"", ""'coal'"", ""'food'"", ""'swords'"", ""'timber']""]","[""['glass'"", ""'ivory'"", ""'spices']""]","{""humans"": 1967.0, ""halflings"": 67.0, ""dwarves"": 69.0, ""half-elves"": 47.0, ""elves"": 22.0}","{""Aristocratic"": 0.0, ""Wealthy"": 31.0, ""Comfortable"": 177.0, ""Modest"": 500.0, ""Poor"": 718.0, ""Squalid"": 547.0, ""Wretched"": 101.0}"
High Horn,Cormyr,Suzail,390,49056,49,"{'humans': 341, 'halflings': 11, 'dwarves': 11, 'half-elves': 7, 'elves': 3}",48,Magic mishaps,['Satrapy'],"{'Aristocratic': 0, 'Wealthy': 2, 'Comfortable': 16, 'Modest': 58, 'Poor': 127, 'Squalid': 110, 'Wretched': 4}",0,"[""['armor'"", ""'carved ivory'"", ""'cloth'"", ""'coal'"", ""'food'"", ""'swords'"", ""'timber']""]","[""['glass'"", ""'ivory'"", ""'spices']""]",,"{'purple_dragons': 12000, 'war_wizards_of_cormyr': 200}",None,"['Chondathan', 'Common', 'Elven']","['Chauntea', 'Deneir', 'Helm', 'Lathander', 'Lliira', 'Oghma', 'Malar', 'Milie', 'Selûne', 'Silvanus', 'Tempus', 'Tymora', 'Waukeen']",1328229,175644,,61,38.1,78,1,,"[""['armor'"", ""'carved ivory'"", ""'cloth'"", ""'coal'"", ""'food'"", ""'swords'"", ""'timber']""]","[""['glass'"", ""'ivory'"", ""'spices']""]","{""humans"": 341.0, ""halflings"": 11.0, ""dwarves"": 11.0, ""half-elves"": 7.0, ""elves"": 3.0}","{""Aristocratic"": 0.0, ""Wealthy"": 2.0, ""Comfortable"": 16.0, ""Modest"": 58.0, ""Poor"": 127.0, ""Squalid"": 110.0, ""Wretched"": 4.0}"
Hillmarch,Cormyr,Suzail,5512,959220,969,"{'humans': 4800, 'halflings': 159, 'dwarves': 159, 'half-elves': 110, 'elves': 55}",52,Exposure to the elements,['Bureaucracy'],"{'Aristocratic': 0, 'Wealthy': 82, 'Comfortable': 362, 'Modest': 1100, 'Poor': 1715, 'Squalid': 1330, 'Wretched': 404}",0,"[""['armor'"", ""'carved ivory'"", ""'cloth'"", ""'coal'"", ""'food'"", ""'swords'"", ""'timber']""]","[""['glass'"", ""'ivory'"", ""'spices']""]",,"{'purple_dragons': 12000, 'war_wizards_of_cormyr': 200}",None,"['Chondathan', 'Common', 'Elven']","['Chauntea', 'Deneir', 'Helm', 'Lathander', 'Lliira', 'Oghma', 'Malar', 'Milie', 'Selûne', 'Silvanus', 'Tempus', 'Tymora', 'Waukeen']",1328229,175644,,53.7,32.1,70,1,,"[""['armor'"", ""'carved ivory'"", ""'cloth'"", ""'coal'"", ""'food'"", ""'swords'"", ""'timber']""]","[""['glass'"", ""'ivory'"", ""'spices']""]","{""humans"": 4800.0, ""halflings"": 159.0, ""dwarves"": 159.0, ""half-elves"": 110.0, ""elves"": 55.0}","{""Aristocratic"": 0.0, ""Wealthy"": 82.0, ""Comfortable"": 362.0, ""Modest"": 1100.0, ""Poor"": 1715.0, ""Squalid"": 1330.0, ""Wretched"": 404.0}"
Hilp,Cormyr,Suzail,258,31244,31,"{'humans': 235, 'halflings': 7, 'dwarves': 7, 'half-elves': 4, 'elves': 2}",49,Exposure to the elements,['Democracy'],"{'Aristocratic': 0, 'Wealthy': 0, 'Comfortable': 13, 'Modest': 37, 'Poor': 88, 'Squalid': 50, 'Wretched': 3}",0,"[""['armor'"", ""'carved ivory'"", ""'cloth'"", ""'coal'"", ""'food'"", ""'swords'"", ""'timber']""]","[""['glass'"", ""'ivory'"", ""'spices']""]",,"{'purple_dragons': 12000, 'war_wizards_of_cormyr': 200}",None,"['Chondathan', 'Common', 'Elven']","['Chauntea', 'Deneir', 'Helm', 'Lathander', 'Lliira', 'Oghma', 'Malar', 'Milie', 'Selûne', 'Silvanus', 'Tempus', 'Tymora', 'Waukeen']",1328229,175644,,65.9,35.3,61,1,,"[""['armor'"", ""'carved ivory'"", ""'cloth'"", ""'coal'"", ""'food'"", ""'swords'"", ""'timber']""]","[""['glass'"", ""'ivory'"", ""'spices']""]","{""humans"": 235.0, ""halflings"": 7.0, ""dwarves"": 7.0, ""half-elves"": 4.0, ""elves"": 2.0}","{""Aristocratic"": 0.0, ""Wealthy"": 0.0, ""Comfortable"": 13.0, ""Modest"": 37.0, ""Poor"": 88.0, ""Squalid"": 50.0, ""Wretched"": 3.0}"
Hultail,Cormyr,Suzail,94,11497,11,"{'humans': 83, 'halflings': 2, 'dwarves': 2, 'half-elves': 1, 'elves': 0}",43,Starvation,['Hierarchy'],"{'Aristocratic': 0, 'Wealthy': 0, 'Comfortable': 6, 'Modest': 11, 'Poor': 32, 'Squalid': 21, 'Wretched': 0}",0,"[""['armor'"", ""'carved ivory'"", ""'cloth'"", ""'coal'"", ""'food'"", ""'swords'"", ""'timber']""]","[""['glass'"", ""'ivory'"", ""'spices']""]",,"{'purple_dragons': 12000, 'war_wizards_of_cormyr': 200}",None,"['Chondathan', 'Common', 'Elven']","['Chauntea', 'Deneir', 'Helm', 'Lathander', 'Lliira', 'Oghma', 'Malar', 'Milie', 'Selûne', 'Silvanus', 'Tempus', 'Tymora', 'Waukeen']",1328229,175644,,67.2,38.8,52,0,,"[""['armor'"", ""'carved ivory'"", ""'cloth'"", ""'coal'"", ""'food'"", ""'swords'"", ""'timber']""]","[""['glass'"", ""'ivory'"", ""'spices']""]","{""humans"": 83.0, ""halflings"": 2.0, ""dwarves"": 2.0, ""half-elves"": 1.0, ""elves"": 0.0}","{""Aristocratic"": 0.0, ""Wealthy"": 0.0, ""Comfortable"": 6.0, ""Modest"": 11.0, ""Poor"": 32.0, ""Squalid"": 21.0, ""Wretched"": 0.0}"
Immersea,Cormyr,Suzail,1114,174324,174,"{'humans': 1015, 'halflings': 32, 'dwarves': 33, 'half-elves': 22, 'elves': 11}",53,Assassination,['Militocracy'],"{'Aristocratic': 0, 'Wealthy': 17, 'Comfortable': 88, 'Modest': 134, 'Poor': 350, 'Squalid': 296, 'Wretched': 49}",0,"[""['armor'"", ""'carved ivory'"", ""'cloth'"", ""'coal'"", ""'food'"", ""'swords'"", ""'timber']""]","[""['glass'"", ""'ivory'"", ""'spices']""]",,"{'purple_dragons': 12000, 'war_wizards_of_cormyr': 200}",None,"['Chondathan', 'Common', 'Elven']","['Chauntea', 'Deneir', 'Helm', 'Lathander', 'Lliira', 'Oghma', 'Malar', 'Milie', 'Selûne', 'Silvanus', 'Tempus', 'Tymora', 'Waukeen']",1328229,175644,,61.6,34.5,75,0,,"[""['armor'"", ""'carved ivory'"", ""'cloth'"", ""'coal'"", ""'food'"", ""'swords'"", ""'timber']""]","[""['glass'"", ""'ivory'"", ""'spices']""]","{""humans"": 1015.0, ""halflings"": 32.0, ""dwarves"": 33.0, ""half-elves"": 22.0, ""elves"": 11.0}","{""Aristocratic"": 0.0, ""Wealthy"": 17.0, ""Comfortable"": 88.0, ""Modest"": 134.0, ""Poor"": 350.0, ""Squalid"": 296.0, ""Wretched"": 49.0}"
Juniril,Cormyr,Suzail,8874,1324950,1345,"{'humans': 7933, 'halflings': 257, 'dwarves': 257, 'half-elves': 177, 'elves': 88}",49,Bandit attacks,['Monarchy'],"{'Aristocratic': 0, 'Wealthy': 110, 'Comfortable': 707, 'Modest': 965, 'Poor': 3082, 'Squalid': 1946, 'Wretched': 327}",0,"[""['armor'"", ""'carved ivory'"", ""'cloth'"", ""'coal'"", ""'food'"", ""'swords'"", ""'timber']""]","[""['glass'"", ""'ivory'"", ""'spices']""]",,"{'purple_dragons': 12000, 'war_wizards_of_cormyr': 200}",None,"['Chondathan', 'Common', 'Elven']","['Chauntea', 'Deneir', 'Helm', 'Lathander', 'Lliira', 'Oghma', 'Malar', 'Milie', 'Selûne', 'Silvanus', 'Tempus', 'Tymora', 'Waukeen']",1328229,175644,,62.5,47.8,71,0,,"[""['armor'"", ""'carved ivory'"", ""'cloth'"", ""'coal'"", ""'food'"", ""'swords'"", ""'timber']""]","[""['glass'"", ""'ivory'"", ""'spices']""]","{""humans"": 7933.0, ""halflings"": 257.0, ""dwarves"": 257.0, ""half-elves"": 177.0, ""elves"": 88.0}","{""Aristocratic"": 0.0, ""Wealthy"": 110.0, ""Comfortable"": 707.0, ""Modest"": 965.0, ""Poor"": 3082.0, ""Squalid"": 1946.0, ""Wretched"": 327.0}"
Kallamarn,Cormyr,Suzail,6922,1215669,1233,"{'humans': 6022, 'halflings': 200, 'dwarves': 207, 'half-elves': 138, 'elves': 69}",46,Bandit attacks,['Matriarchy'],"{'Aristocratic': 0, 'Wealthy': 99, 'Comfortable': 541, 'Modest': 1225, 'Poor': 2159, 'Squalid': 1958, 'Wretched': 476}",0,"[""['armor'"", ""'carved ivory'"", ""'cloth'"", ""'coal'"", ""'food'"", ""'swords'"", ""'timber']""]","[""['glass'"", ""'ivory'"", ""'spices']""]",,"{'purple_dragons': 12000, 'war_wizards_of_cormyr': 200}",None,"['Chondathan', 'Common', 'Elven']","['Chauntea', 'Deneir', 'Helm', 'Lathander', 'Lliira', 'Oghma', 'Malar', 'Milie', 'Selûne', 'Silvanus', 'Tempus', 'Tymora', 'Waukeen']",1328229,175644,,69.1,37.6,77,1,,"[""['armor'"", ""'carved ivory'"", ""'cloth'"", ""'coal'"", ""'food'"", ""'swords'"", ""'timber']""]","[""['glass'"", ""'ivory'"", ""'spices']""]","{""humans"": 6022.0, ""halflings"": 200.0, ""dwarves"": 207.0, ""half-elves"": 138.0, ""elves"": 69.0}","{""Aristocratic"": 0.0, ""Wealthy"": 99.0, ""Comfortable"": 541.0, ""Modest"": 1225.0, ""Poor"": 2159.0, ""Squalid"": 1958.0, ""Wretched"": 476.0}"
Kirinwood,Cormyr,Suzail,5633,1049630,1075,"{'humans': 4951, 'halflings': 168, 'dwarves': 168, 'half-elves': 112, 'elves': 56}",51,Old age,['Confederacy'],"{'Aristocratic': 2, 'Wealthy': 82, 'Comfortable': 417, 'Modest': 1237, 'Poor': 1747, 'Squalid': 1073, 'Wretched': 345}",3,"[""['armor'"", ""'carved ivory'"", ""'cloth'"", ""'coal'"", ""'food'"", ""'swords'"", ""'timber']""]","[""['glass'"", ""'ivory'"", ""'spices']""]",,"{'purple_dragons': 12000, 'war_wizards_of_cormyr': 200}",None,"['Chondathan', 'Common', 'Elven']","['Chauntea', 'Deneir', 'Helm', 'Lathander', 'Lliira', 'Oghma', 'Malar', 'Milie', 'Selûne', 'Silvanus', 'Tempus', 'Tymora', 'Waukeen']",1328229,175644,,64.8,35.3,77,1,,"[""['armor'"", ""'carved ivory'"", ""'cloth'"", ""'coal'"", ""'food'"", ""'swords'"", ""'timber']""]","[""['glass'"", ""'ivory'"", ""'spices']""]","{""humans"": 4951.0, ""halflings"": 168.0, ""dwarves"": 168.0, ""half-elves"": 112.0, ""elves"": 56.0}","{""Aristocratic"": 2.0, ""Wealthy"": 82.0, ""Comfortable"": 417.0, ""Modest"": 1237.0, ""Poor"": 1747.0, ""Squalid"": 1073.0, ""Wretched"": 345.0}"
Knightswood,Cormyr,Suzail,5378,876328,890,"{'humans': 4732, 'halflings': 155, 'dwarves': 155, 'half-elves': 107, 'elves': 53}",51,Work-related accidents,['Autocracy'],"{'Aristocratic': 1, 'Wealthy': 55, 'Comfortable': 349, 'Modest': 1002, 'Poor': 1745, 'Squalid': 1219, 'Wretched': 309}",2,"[""['armor'"", ""'carved ivory'"", ""'cloth'"", ""'coal'"", ""'food'"", ""'swords'"", ""'timber']""]","[""['glass'"", ""'ivory'"", ""'spices']""]",,"{'purple_dragons': 12000, 'war_wizards_of_cormyr': 200}",None,"['Chondathan', 'Common', 'Elven']","['Chauntea', 'Deneir', 'Helm', 'Lathander', 'Lliira', 'Oghma', 'Malar', 'Milie', 'Selûne', 'Silvanus', 'Tempus', 'Tymora', 'Waukeen']",1328229,175644,,51.1,40.1,84,1,,"[""['armor'"", ""'carved ivory'"", ""'cloth'"", ""'coal'"", ""'food'"", ""'swords'"", ""'timber']""]","[""['glass'"", ""'ivory'"", ""'spices']""]","{""humans"": 4732.0, ""halflings"": 155.0, ""dwarves"": 155.0, ""half-elves"": 107.0, ""elves"": 53.0}","{""Aristocratic"": 1.0, ""Wealthy"": 55.0, ""Comfortable"": 349.0, ""Modest"": 1002.0, ""Poor"": 1745.0, ""Squalid"": 1219.0, ""Wretched"": 309.0}"
Marsark’s Grove,Cormyr,Suzail,2549,395988,398,"{'humans': 2278, 'halflings': 73, 'dwarves': 73, 'half-elves': 50, 'elves': 25}",52,Disease,['Meritocracy'],"{'Aristocratic': 0, 'Wealthy': 50, 'Comfortable': 180, 'Modest': 297, 'Poor': 842, 'Squalid': 595, 'Wretched': 138}",0,"[""['armor'"", ""'carved ivory'"", ""'cloth'"", ""'coal'"", ""'food'"", ""'swords'"", ""'timber']""]","[""['glass'"", ""'ivory'"", ""'spices']""]",,"{'purple_dragons': 12000, 'war_wizards_of_cormyr': 200}",None,"['Chondathan', 'Common', 'Elven']","['Chauntea', 'Deneir', 'Helm', 'Lathander', 'Lliira', 'Oghma', 'Malar', 'Milie', 'Selûne', 'Silvanus', 'Tempus', 'Tymora', 'Waukeen']",1328229,175644,,47.7,41.1,62,1,,"[""['armor'"", ""'carved ivory'"", ""'cloth'"", ""'coal'"", ""'food'"", ""'swords'"", ""'timber']""]","[""['glass'"", ""'ivory'"", ""'spices']""]","{""humans"": 2278.0, ""halflings"": 73.0, ""dwarves"": 73.0, ""half-elves"": 50.0, ""elves"": 25.0}","{""Aristocratic"": 0.0, ""Wealthy"": 50.0, ""Comfortable"": 180.0, ""Modest"": 297.0, ""Poor"": 842.0, ""Squalid"": 595.0, ""Wretched"": 138.0}"
Marsember,Cormyr,Suzail,3477,625208,628,"{'humans': 3049, 'halflings': 104, 'dwarves': 107, 'half-elves': 69, 'elves': 34}",52,Dueling accidents,['Democracy'],"{'Aristocratic': 0, 'Wealthy': 43, 'Comfortable': 273, 'Modest': 711, 'Poor': 1074, 'Squalid': 691, 'Wretched': 142}",0,"[""['armor'"", ""'carved ivory'"", ""'cloth'"", ""'coal'"", ""'food'"", ""'swords'"", ""'timber']""]","[""['glass'"", ""'ivory'"", ""'spices']""]",,"{'purple_dragons': 12000, 'war_wizards_of_cormyr': 200}",None,"['Chondathan', 'Common', 'Elven']","['Chauntea', 'Deneir', 'Helm', 'Lathander', 'Lliira', 'Oghma', 'Malar', 'Milie', 'Selûne', 'Silvanus', 'Tempus', 'Tymora', 'Waukeen']",1328229,175644,,46,47.3,80,0,,"[""['armor'"", ""'carved ivory'"", ""'cloth'"", ""'coal'"", ""'food'"", ""'swords'"", ""'timber']""]","[""['glass'"", ""'ivory'"", ""'spices']""]","{""humans"": 3049.0, ""halflings"": 104.0, ""dwarves"": 107.0, ""half-elves"": 69.0, ""elves"": 34.0}","{""Aristocratic"": 0.0, ""Wealthy"": 43.0, ""Comfortable"": 273.0, ""Modest"": 711.0, ""Poor"": 1074.0, ""Squalid"": 691.0, ""Wretched"": 142.0}"
Minroe,Cormyr,Suzail,509,59568,59,"{'humans': 463, 'halflings': 15, 'dwarves': 14, 'half-elves': 10, 'elves': 5}",53,Wildlife attacks,['Monarchy'],"{'Aristocratic': 0, 'Wealthy': 2, 'Comfortable': 24, 'Modest': 63, 'Poor': 155, 'Squalid': 132, 'Wretched': 7}",0,"[""['armor'"", ""'carved ivory'"", ""'cloth'"", ""'coal'"", ""'food'"", ""'swords'"", ""'timber']""]","[""['glass'"", ""'ivory'"", ""'spices']""]",,"{'purple_dragons': 12000, 'war_wizards_of_cormyr': 200}",None,"['Chondathan', 'Common', 'Elven']","['Chauntea', 'Deneir', 'Helm', 'Lathander', 'Lliira', 'Oghma', 'Malar', 'Milie', 'Selûne', 'Silvanus', 'Tempus', 'Tymora', 'Waukeen']",1328229,175644,,66,48.5,69,0,,"[""['armor'"", ""'carved ivory'"", ""'cloth'"", ""'coal'"", ""'food'"", ""'swords'"", ""'timber']""]","[""['glass'"", ""'ivory'"", ""'spices']""]","{""humans"": 463.0, ""halflings"": 15.0, ""dwarves"": 14.0, ""half-elves"": 10.0, ""elves"": 5.0}","{""Aristocratic"": 0.0, ""Wealthy"": 2.0, ""Comfortable"": 24.0, ""Modest"": 63.0, ""Poor"": 155.0, ""Squalid"": 132.0, ""Wretched"": 7.0}"
Monksblade,Cormyr,Suzail,314,37449,37,"{'humans': 286, 'halflings': 9, 'dwarves': 8, 'half-elves': 6, 'elves': 3}",51,Disease,['Feudalism'],"{'Aristocratic': 0, 'Wealthy': 1, 'Comfortable': 17, 'Modest': 36, 'Poor': 99, 'Squalid': 88, 'Wretched': 3}",0,"[""['armor'"", ""'carved ivory'"", ""'cloth'"", ""'coal'"", ""'food'"", ""'swords'"", ""'timber']""]","[""['glass'"", ""'ivory'"", ""'spices']""]",,"{'purple_dragons': 12000, 'war_wizards_of_cormyr': 200}",None,"['Chondathan', 'Common', 'Elven']","['Chauntea', 'Deneir', 'Helm', 'Lathander', 'Lliira', 'Oghma', 'Malar', 'Milie', 'Selûne', 'Silvanus', 'Tempus', 'Tymora', 'Waukeen']",1328229,175644,,69.3,42.7,62,1,,"[""['armor'"", ""'carved ivory'"", ""'cloth'"", ""'coal'"", ""'food'"", ""'swords'"", ""'timber']""]","[""['glass'"", ""'ivory'"", ""'spices']""]","{""humans"": 286.0, ""halflings"": 9.0, ""dwarves"": 8.0, ""half-elves"": 6.0, ""elves"": 3.0}","{""Aristocratic"": 0.0, ""Wealthy"": 1.0, ""Comfortable"": 17.0, ""Modest"": 36.0, ""Poor"": 99.0, ""Squalid"": 88.0, ""Wretched"": 3.0}"
Moonever,Cormyr,Suzail,824,115121,115,"{'humans': 749, 'halflings': 23, 'dwarves': 25, 'half-elves': 15, 'elves': 8}",51,Bandit attacks,['Meritocracy'],"{'Aristocratic': 0, 'Wealthy': 5, 'Comfortable': 35, 'Modest': 160, 'Poor': 248, 'Squalid': 158, 'Wretched': 14}",0,"[""['armor'"", ""'carved ivory'"", ""'cloth'"", ""'coal'"", ""'food'"", ""'swords'"", ""'timber']""]","[""['glass'"", ""'ivory'"", ""'spices']""]",,"{'purple_dragons': 12000, 'war_wizards_of_cormyr': 200}",None,"['Chondathan', 'Common', 'Elven']","['Chauntea', 'Deneir', 'Helm', 'Lathander', 'Lliira', 'Oghma', 'Malar', 'Milie', 'Selûne', 'Silvanus', 'Tempus', 'Tymora', 'Waukeen']",1328229,175644,,67.9,42.9,59,1,,"[""['armor'"", ""'carved ivory'"", ""'cloth'"", ""'coal'"", ""'food'"", ""'swords'"", ""'timber']""]","[""['glass'"", ""'ivory'"", ""'spices']""]","{""humans"": 749.0, ""halflings"": 23.0, ""dwarves"": 25.0, ""half-elves"": 15.0, ""elves"": 8.0}","{""Aristocratic"": 0.0, ""Wealthy"": 5.0, ""Comfortable"": 35.0, ""Modest"": 160.0, ""Poor"": 248.0, ""Squalid"": 158.0, ""Wretched"": 14.0}"
Mouth O’ Gargoyles,Cormyr,Suzail,463,43690,43,"{'humans': 407, 'halflings': 13, 'dwarves': 13, 'half-elves': 8, 'elves': 4}",46,Bandit attacks,['Kleptocracy'],"{'Aristocratic': 0, 'Wealthy': 0, 'Comfortable': 20, 'Modest': 41, 'Poor': 157, 'Squalid': 73, 'Wretched': 6}",0,"[""['armor'"", ""'carved ivory'"", ""'cloth'"", ""'coal'"", ""'food'"", ""'swords'"", ""'timber']""]","[""['glass'"", ""'ivory'"", ""'spices']""]",,"{'purple_dragons': 12000, 'war_wizards_of_cormyr': 200}",None,"['Chondathan', 'Common', 'Elven']","['Chauntea', 'Deneir', 'Helm', 'Lathander', 'Lliira', 'Oghma', 'Malar', 'Milie', 'Selûne', 'Silvanus', 'Tempus', 'Tymora', 'Waukeen']",1328229,175644,,66.8,38.2,85,1,,"[""['armor'"", ""'carved ivory'"", ""'cloth'"", ""'coal'"", ""'food'"", ""'swords'"", ""'timber']""]","[""['glass'"", ""'ivory'"", ""'spices']""]","{""humans"": 407.0, ""halflings"": 13.0, ""dwarves"": 13.0, ""half-elves"": 8.0, ""elves"": 4.0}","{""Aristocratic"": 0.0, ""Wealthy"": 0.0, ""Comfortable"": 20.0, ""Modest"": 41.0, ""Poor"": 157.0, ""Squalid"": 73.0, ""Wretched"": 6.0}"
Nesmyth,Cormyr,Suzail,530,67853,67,"{'humans': 482, 'halflings': 15, 'dwarves': 15, 'half-elves': 10, 'elves': 5}",52,Assassination,['Bureaucracy'],"{'Aristocratic': 0, 'Wealthy': 0, 'Comfortable': 23, 'Modest': 92, 'Poor': 165, 'Squalid': 149, 'Wretched': 5}",0,"[""['armor'"", ""'carved ivory'"", ""'cloth'"", ""'coal'"", ""'food'"", ""'swords'"", ""'timber']""]","[""['glass'"", ""'ivory'"", ""'spices']""]",,"{'purple_dragons': 12000, 'war_wizards_of_cormyr': 200}",None,"['Chondathan', 'Common', 'Elven']","['Chauntea', 'Deneir', 'Helm', 'Lathander', 'Lliira', 'Oghma', 'Malar', 'Milie', 'Selûne', 'Silvanus', 'Tempus', 'Tymora', 'Waukeen']",1328229,175644,,64.4,46.8,63,1,,"[""['armor'"", ""'carved ivory'"", ""'cloth'"", ""'coal'"", ""'food'"", ""'swords'"", ""'timber']""]","[""['glass'"", ""'ivory'"", ""'spices']""]","{""humans"": 482.0, ""halflings"": 15.0, ""dwarves"": 15.0, ""half-elves"": 10.0, ""elves"": 5.0}","{""Aristocratic"": 0.0, ""Wealthy"": 0.0, ""Comfortable"": 23.0, ""Modest"": 92.0, ""Poor"": 165.0, ""Squalid"": 149.0, ""Wretched"": 5.0}"
Ongul’s Water,Cormyr,Suzail,550,76796,76,"{'humans': 501, 'halflings': 16, 'dwarves': 15, 'half-elves': 10, 'elves': 5}",52,Poison,['Hierarchy'],"{'Aristocratic': 0, 'Wealthy': 1, 'Comfortable': 34, 'Modest': 88, 'Poor': 189, 'Squalid': 126, 'Wretched': 10}",0,"[""['armor'"", ""'carved ivory'"", ""'cloth'"", ""'coal'"", ""'food'"", ""'swords'"", ""'timber']""]","[""['glass'"", ""'ivory'"", ""'spices']""]",,"{'purple_dragons': 12000, 'war_wizards_of_cormyr': 200}",None,"['Chondathan', 'Common', 'Elven']","['Chauntea', 'Deneir', 'Helm', 'Lathander', 'Lliira', 'Oghma', 'Malar', 'Milie', 'Selûne', 'Silvanus', 'Tempus', 'Tymora', 'Waukeen']",1328229,175644,,68.9,34.1,81,2,,"[""['armor'"", ""'carved ivory'"", ""'cloth'"", ""'coal'"", ""'food'"", ""'swords'"", ""'timber']""]","[""['glass'"", ""'ivory'"", ""'spices']""]","{""humans"": 501.0, ""halflings"": 16.0, ""dwarves"": 15.0, ""half-elves"": 10.0, ""elves"": 5.0}","{""Aristocratic"": 0.0, ""Wealthy"": 1.0, ""Comfortable"": 34.0, ""Modest"": 88.0, ""Poor"": 189.0, ""Squalid"": 126.0, ""Wretched"": 10.0}"
Redspring,Cormyr,Suzail,5415,1032329,1058,"{'humans': 4700, 'halflings': 162, 'dwarves': 167, 'half-elves': 108, 'elves': 54}",49,Old age,['Plutocracy'],"{'Aristocratic': 2, 'Wealthy': 78, 'Comfortable': 415, 'Modest': 1155, 'Poor': 1874, 'Squalid': 1365, 'Wretched': 257}",5,"[""['armor'"", ""'carved ivory'"", ""'cloth'"", ""'coal'"", ""'food'"", ""'swords'"", ""'timber']""]","[""['glass'"", ""'ivory'"", ""'spices']""]",,"{'purple_dragons': 12000, 'war_wizards_of_cormyr': 200}",None,"['Chondathan', 'Common', 'Elven']","['Chauntea', 'Deneir', 'Helm', 'Lathander', 'Lliira', 'Oghma', 'Malar', 'Milie', 'Selûne', 'Silvanus', 'Tempus', 'Tymora', 'Waukeen']",1328229,175644,,67.7,30.7,81,1,,"[""['armor'"", ""'carved ivory'"", ""'cloth'"", ""'coal'"", ""'food'"", ""'swords'"", ""'timber']""]","[""['glass'"", ""'ivory'"", ""'spices']""]","{""humans"": 4700.0, ""halflings"": 162.0, ""dwarves"": 167.0, ""half-elves"": 108.0, ""elves"": 54.0}","{""Aristocratic"": 2.0, ""Wealthy"": 78.0, ""Comfortable"": 415.0, ""Modest"": 1155.0, ""Poor"": 1874.0, ""Squalid"": 1365.0, ""Wretched"": 257.0}"
Smuggler’s Stone,Cormyr,Suzail,936,105740,105,"{'humans': 851, 'halflings': 27, 'dwarves': 28, 'half-elves': 18, 'elves': 9}",53,Starvation,['Plutocracy'],"{'Aristocratic': 0, 'Wealthy': 7, 'Comfortable': 38, 'Modest': 109, 'Poor': 304, 'Squalid': 159, 'Wretched': 16}",0,"[""['armor'"", ""'carved ivory'"", ""'cloth'"", ""'coal'"", ""'food'"", ""'swords'"", ""'timber']""]","[""['glass'"", ""'ivory'"", ""'spices']""]",,"{'purple_dragons': 12000, 'war_wizards_of_cormyr': 200}",None,"['Chondathan', 'Common', 'Elven']","['Chauntea', 'Deneir', 'Helm', 'Lathander', 'Lliira', 'Oghma', 'Malar', 'Milie', 'Selûne', 'Silvanus', 'Tempus', 'Tymora', 'Waukeen']",1328229,175644,,45.9,41.3,66,1,,"[""['armor'"", ""'carved ivory'"", ""'cloth'"", ""'coal'"", ""'food'"", ""'swords'"", ""'timber']""]","[""['glass'"", ""'ivory'"", ""'spices']""]","{""humans"": 851.0, ""halflings"": 27.0, ""dwarves"": 28.0, ""half-elves"": 18.0, ""elves"": 9.0}","{""Aristocratic"": 0.0, ""Wealthy"": 7.0, ""Comfortable"": 38.0, ""Modest"": 109.0, ""Poor"": 304.0, ""Squalid"": 159.0, ""Wretched"": 16.0}"
Stag Steads,Cormyr,Suzail,5456,785954,799,"{'humans': 4806, 'halflings': 163, 'dwarves': 158, 'half-elves': 109, 'elves': 54}",51,Starvation,['Autocracy'],"{'Aristocratic': 1, 'Wealthy': 59, 'Comfortable': 358, 'Modest': 732, 'Poor': 1637, 'Squalid': 1319, 'Wretched': 308}",20,"[""['armor'"", ""'carved ivory'"", ""'cloth'"", ""'coal'"", ""'food'"", ""'swords'"", ""'timber']""]","[""['glass'"", ""'ivory'"", ""'spices']""]",,"{'purple_dragons': 12000, 'war_wizards_of_cormyr': 200}",None,"['Chondathan', 'Common', 'Elven']","['Chauntea', 'Deneir', 'Helm', 'Lathander', 'Lliira', 'Oghma', 'Malar', 'Milie', 'Selûne', 'Silvanus', 'Tempus', 'Tymora', 'Waukeen']",1328229,175644,,54.2,46.5,73,0,,"[""['armor'"", ""'carved ivory'"", ""'cloth'"", ""'coal'"", ""'food'"", ""'swords'"", ""'timber']""]","[""['glass'"", ""'ivory'"", ""'spices']""]","{""humans"": 4806.0, ""halflings"": 163.0, ""dwarves"": 158.0, ""half-elves"": 109.0, ""elves"": 54.0}","{""Aristocratic"": 1.0, ""Wealthy"": 59.0, ""Comfortable"": 358.0, ""Modest"": 732.0, ""Poor"": 1637.0, ""Squalid"": 1319.0, ""Wretched"": 308.0}"
Sunset Hill,Cormyr,Suzail,972,125122,125,"{'humans': 857, 'halflings': 28, 'dwarves': 30, 'half-elves': 18, 'elves': 9}",51,Disease,['Meritocracy'],"{'Aristocratic': 0, 'Wealthy': 2, 'Comfortable': 52, 'Modest': 141, 'Poor': 325, 'Squalid': 248, 'Wretched': 16}",0,"[""['armor'"", ""'carved ivory'"", ""'cloth'"", ""'coal'"", ""'food'"", ""'swords'"", ""'timber']""]","[""['glass'"", ""'ivory'"", ""'spices']""]",,"{'purple_dragons': 12000, 'war_wizards_of_cormyr': 200}",None,"['Chondathan', 'Common', 'Elven']","['Chauntea', 'Deneir', 'Helm', 'Lathander', 'Lliira', 'Oghma', 'Malar', 'Milie', 'Selûne', 'Silvanus', 'Tempus', 'Tymora', 'Waukeen']",1328229,175644,,68.4,30.4,69,1,,"[""['armor'"", ""'carved ivory'"", ""'cloth'"", ""'coal'"", ""'food'"", ""'swords'"", ""'timber']""]","[""['glass'"", ""'ivory'"", ""'spices']""]","{""humans"": 857.0, ""halflings"": 28.0, ""dwarves"": 30.0, ""half-elves"": 18.0, ""elves"": 9.0}","{""Aristocratic"": 0.0, ""Wealthy"": 2.0, ""Comfortable"": 52.0, ""Modest"": 141.0, ""Poor"": 325.0, ""Squalid"": 248.0, ""Wretched"": 16.0}"
Thunderstone,Cormyr,Suzail,1794,298789,299,"{'humans': 1567, 'halflings': 55, 'dwarves': 53, 'half-elves': 35, 'elves': 17}",51,Work-related accidents,['Satrapy'],"{'Aristocratic': 0, 'Wealthy': 31, 'Comfortable': 122, 'Modest': 297, 'Poor': 579, 'Squalid': 378, 'Wretched': 80}",0,"[""['armor'"", ""'carved ivory'"", ""'cloth'"", ""'coal'"", ""'food'"", ""'swords'"", ""'timber']""]","[""['glass'"", ""'ivory'"", ""'spices']""]",,"{'purple_dragons': 12000, 'war_wizards_of_cormyr': 200}",None,"['Chondathan', 'Common', 'Elven']","['Chauntea', 'Deneir', 'Helm', 'Lathander', 'Lliira', 'Oghma', 'Malar', 'Milie', 'Selûne', 'Silvanus', 'Tempus', 'Tymora', 'Waukeen']",1328229,175644,,61.1,31.4,62,1,,"[""['armor'"", ""'carved ivory'"", ""'cloth'"", ""'coal'"", ""'food'"", ""'swords'"", ""'timber']""]","[""['glass'"", ""'ivory'"", ""'spices']""]","{""humans"": 1567.0, ""halflings"": 55.0, ""dwarves"": 53.0, ""half-elves"": 35.0, ""elves"": 17.0}","{""Aristocratic"": 0.0, ""Wealthy"": 31.0, ""Comfortable"": 122.0, ""Modest"": 297.0, ""Poor"": 579.0, ""Squalid"": 378.0, ""Wretched"": 80.0}"
Tilverton,Cormyr,Suzail,9488,1815765,1866,"{'humans': 8320, 'halflings': 275, 'dwarves': 284, 'half-elves': 180, 'elves': 94}",51,Starvation,['Meritocracy'],"{'Aristocratic': 1, 'Wealthy': 171, 'Comfortable': 741, 'Modest': 1972, 'Poor': 2961, 'Squalid': 2345, 'Wretched': 736}",9,"[""['armor'"", ""'carved ivory'"", ""'cloth'"", ""'coal'"", ""'food'"", ""'swords'"", ""'timber']""]","[""['glass'"", ""'ivory'"", ""'spices']""]",,"{'purple_dragons': 12000, 'war_wizards_of_cormyr': 200}",None,"['Chondathan', 'Common', 'Elven']","['Chauntea', 'Deneir', 'Helm', 'Lathander', 'Lliira', 'Oghma', 'Malar', 'Milie', 'Selûne', 'Silvanus', 'Tempus', 'Tymora', 'Waukeen']",1328229,175644,,52.8,46.1,58,0,,"[""['armor'"", ""'carved ivory'"", ""'cloth'"", ""'coal'"", ""'food'"", ""'swords'"", ""'timber']""]","[""['glass'"", ""'ivory'"", ""'spices']""]","{""humans"": 8320.0, ""halflings"": 275.0, ""dwarves"": 284.0, ""half-elves"": 180.0, ""elves"": 94.0}","{""Aristocratic"": 1.0, ""Wealthy"": 171.0, ""Comfortable"": 741.0, ""Modest"": 1972.0, ""Poor"": 2961.0, ""Squalid"": 2345.0, ""Wretched"": 736.0}"
Tyrluk,Cormyr,Suzail,194,26645,26,"{'humans': 171, 'halflings': 5, 'dwarves': 5, 'half-elves': 3, 'elves': 1}",48,Starvation,['Monarchy'],"{'Aristocratic': 0, 'Wealthy': 0, 'Comfortable': 11, 'Modest': 36, 'Poor': 59, 'Squalid': 32, 'Wretched': 2}",0,"[""['armor'"", ""'carved ivory'"", ""'cloth'"", ""'coal'"", ""'food'"", ""'swords'"", ""'timber']""]","[""['glass'"", ""'ivory'"", ""'spices']""]",,"{'purple_dragons': 12000, 'war_wizards_of_cormyr': 200}",None,"['Chondathan', 'Common', 'Elven']","['Chauntea', 'Deneir', 'Helm', 'Lathander', 'Lliira', 'Oghma', 'Malar', 'Milie', 'Selûne', 'Silvanus', 'Tempus', 'Tymora', 'Waukeen']",1328229,175644,,63.9,41.3,62,1,,"[""['armor'"", ""'carved ivory'"", ""'cloth'"", ""'coal'"", ""'food'"", ""'swords'"", ""'timber']""]","[""['glass'"", ""'ivory'"", ""'spices']""]","{""humans"": 171.0, ""halflings"": 5.0, ""dwarves"": 5.0, ""half-elves"": 3.0, ""elves"": 1.0}","{""Aristocratic"": 0.0, ""Wealthy"": 0.0, ""Comfortable"": 11.0, ""Modest"": 36.0, ""Poor"": 59.0, ""Squalid"": 32.0, ""Wretched"": 2.0}"
Waymoot,Cormyr,Suzail,1939,312403,313,"{'humans': 1743, 'halflings': 58, 'dwarves': 58, 'half-elves': 36, 'elves': 19}",47,Work-related accidents,['Patriarchy'],"{'Aristocratic': 0, 'Wealthy': 28, 'Comfortable': 134, 'Modest': 300, 'Poor': 600, 'Squalid': 559, 'Wretched': 137}",0,"[""['armor'"", ""'carved ivory'"", ""'cloth'"", ""'coal'"", ""'food'"", ""'swords'"", ""'timber']""]","[""['glass'"", ""'ivory'"", ""'spices']""]",,"{'purple_dragons': 12000, 'war_wizards_of_cormyr': 200}",None,"['Chondathan', 'Common', 'Elven']","['Chauntea', 'Deneir', 'Helm', 'Lathander', 'Lliira', 'Oghma', 'Malar', 'Milie', 'Selûne', 'Silvanus', 'Tempus', 'Tymora', 'Waukeen']",1328229,175644,,52.4,49.6,96,1,,"[""['armor'"", ""'carved ivory'"", ""'cloth'"", ""'coal'"", ""'food'"", ""'swords'"", ""'timber']""]","[""['glass'"", ""'ivory'"", ""'spices']""]","{""humans"": 1743.0, ""halflings"": 58.0, ""dwarves"": 58.0, ""half-elves"": 36.0, ""elves"": 19.0}","{""Aristocratic"": 0.0, ""Wealthy"": 28.0, ""Comfortable"": 134.0, ""Modest"": 300.0, ""Poor"": 600.0, ""Squalid"": 559.0, ""Wretched"": 137.0}"
Wheloon,Cormyr,Suzail,6981,1273740,1297,"{'humans': 6289, 'halflings': 216, 'dwarves': 202, 'half-elves': 139, 'elves': 69}",47,Starvation,['Matriarchy'],"{'Aristocratic': 1, 'Wealthy': 94, 'Comfortable': 458, 'Modest': 1588, 'Poor': 2315, 'Squalid': 1367, 'Wretched': 445}",20,"[""['armor'"", ""'carved ivory'"", ""'cloth'"", ""'coal'"", ""'food'"", ""'swords'"", ""'timber']""]","[""['glass'"", ""'ivory'"", ""'spices']""]",,"{'purple_dragons': 12000, 'war_wizards_of_cormyr': 200}",None,"['Chondathan', 'Common', 'Elven']","['Chauntea', 'Deneir', 'Helm', 'Lathander', 'Lliira', 'Oghma', 'Malar', 'Milie', 'Selûne', 'Silvanus', 'Tempus', 'Tymora', 'Waukeen']",1328229,175644,,69.4,37.2,68,0,,"[""['armor'"", ""'carved ivory'"", ""'cloth'"", ""'coal'"", ""'food'"", ""'swords'"", ""'timber']""]","[""['glass'"", ""'ivory'"", ""'spices']""]","{""humans"": 6289.0, ""halflings"": 216.0, ""dwarves"": 202.0, ""half-elves"": 139.0, ""elves"": 69.0}","{""Aristocratic"": 1.0, ""Wealthy"": 94.0, ""Comfortable"": 458.0, ""Modest"": 1588.0, ""Poor"": 2315.0, ""Squalid"": 1367.0, ""Wretched"": 445.0}"
Wormtower,Cormyr,Suzail,5540,841325,862,"{'humans': 5059, 'halflings': 160, 'dwarves': 160, 'half-elves': 104, 'elves': 55}",49,Starvation,['Kleptocracy'],"{'Aristocratic': 2, 'Wealthy': 94, 'Comfortable': 363, 'Modest': 698, 'Poor': 1923, 'Squalid': 1004, 'Wretched': 395}",9,"[""['armor'"", ""'carved ivory'"", ""'cloth'"", ""'coal'"", ""'food'"", ""'swords'"", ""'timber']""]","[""['glass'"", ""'ivory'"", ""'spices']""]",,"{'purple_dragons': 12000, 'war_wizards_of_cormyr': 200}",None,"['Chondathan', 'Common', 'Elven']","['Chauntea', 'Deneir', 'Helm', 'Lathander', 'Lliira', 'Oghma', 'Malar', 'Milie', 'Selûne', 'Silvanus', 'Tempus', 'Tymora', 'Waukeen']",1328229,175644,,45,48,78,1,,"[""['armor'"", ""'carved ivory'"", ""'cloth'"", ""'coal'"", ""'food'"", ""'swords'"", ""'timber']""]","[""['glass'"", ""'ivory'"", ""'spices']""]","{""humans"": 5059.0, ""halflings"": 160.0, ""dwarves"": 160.0, ""half-elves"": 104.0, ""elves"": 55.0}","{""Aristocratic"": 2.0, ""Wealthy"": 94.0, ""Comfortable"": 363.0, ""Modest"": 698.0, ""Poor"": 1923.0, ""Squalid"": 1004.0, ""Wretched"": 395.0}"
Yeoman Bridge,Cormyr,Suzail,5613,968637,979,"{'humans': 5119, 'halflings': 168, 'dwarves': 162, 'half-elves': 106, 'elves': 56}",50,Starvation,['Feudalism'],"{'Aristocratic': 0, 'Wealthy': 68, 'Comfortable': 373, 'Modest': 1080, 'Poor': 1957, 'Squalid': 1644, 'Wretched': 217}",0,"[""['armor'"", ""'carved ivory'"", ""'cloth'"", ""'coal'"", ""'food'"", ""'swords'"", ""'timber']""]","[""['glass'"", ""'ivory'"", ""'spices']""]",,"{'purple_dragons': 12000, 'war_wizards_of_cormyr': 200}",None,"['Chondathan', 'Common', 'Elven']","['Chauntea', 'Deneir', 'Helm', 'Lathander', 'Lliira', 'Oghma', 'Malar', 'Milie', 'Selûne', 'Silvanus', 'Tempus', 'Tymora', 'Waukeen']",1328229,175644,,53.3,37.1,84,0,,"[""['armor'"", ""'carved ivory'"", ""'cloth'"", ""'coal'"", ""'food'"", ""'swords'"", ""'timber']""]","[""['glass'"", ""'ivory'"", ""'spices']""]","{""humans"": 5119.0, ""halflings"": 168.0, ""dwarves"": 162.0, ""half-elves"": 106.0, ""elves"": 56.0}","{""Aristocratic"": 0.0, ""Wealthy"": 68.0, ""Comfortable"": 373.0, ""Modest"": 1080.0, ""Poor"": 1957.0, ""Squalid"": 1644.0, ""Wretched"": 217.0}"
Heliogabalus,Damara,Heliogabalus,45287,8728975,37718,"{'humans': 41306, 'halflings': 1326, 'dwarves': 1326, 'half-elves': 884, 'elves': 442}",55,Old age,['Plutocracy'],"{'Aristocratic': 208, 'Wealthy': 549, 'Comfortable': 4599, 'Modest': 5928, 'Poor': 15253, 'Squalid': 14624, 'Wretched': 2994}",13,['[]'],['[]'],,"{'standing_army': 4000, 'mercenary_companies': 'more'}",Ends Rest,"['Damaran', 'Common', 'Dwarven']","['Ilmater', 'Silvanus', 'Tempus']",1305265,3665,,6.5,34.2,78,0,,[],[],"{""humans"": 41306.0, ""halflings"": 1326.0, ""dwarves"": 1326.0, ""half-elves"": 884.0, ""elves"": 442.0}","{""Aristocratic"": 208.0, ""Wealthy"": 549.0, ""Comfortable"": 4599.0, ""Modest"": 5928.0, ""Poor"": 15253.0, ""Squalid"": 14624.0, ""Wretched"": 2994.0}"
Bloodstone Gate,Damara,Heliogabalus,12478,2548174,4278,"{'humans': 11400, 'halflings': 355, 'dwarves': 367, 'half-elves': 232, 'elves': 122}",54,Old age,['Kleptocracy'],"{'Aristocratic': 41, 'Wealthy': 323, 'Comfortable': 1303, 'Modest': 1568, 'Poor': 3935, 'Squalid': 3183, 'Wretched': 783}",6,['[]'],['[]'],,"{'standing_army': 4000, 'mercenary_companies': 'more'}",None,"['Damaran', 'Common', 'Dwarven']","['Ilmater', 'Silvanus', 'Tempus']",1305265,3665,,27.8,35.2,86,0,,[],[],"{""humans"": 11400.0, ""halflings"": 355.0, ""dwarves"": 367.0, ""half-elves"": 232.0, ""elves"": 122.0}","{""Aristocratic"": 41.0, ""Wealthy"": 323.0, ""Comfortable"": 1303.0, ""Modest"": 1568.0, ""Poor"": 3935.0, ""Squalid"": 3183.0, ""Wretched"": 783.0}"
Bloodstone Town,Damara,Heliogabalus,6991,956957,977,"{'humans': 6377, 'halflings': 204, 'dwarves': 204, 'half-elves': 136, 'elves': 68}",50,Bandit attacks,['Plutocracy'],"{'Aristocratic': 1, 'Wealthy': 90, 'Comfortable': 465, 'Modest': 711, 'Poor': 2110, 'Squalid': 1888, 'Wretched': 505}",14,['[]'],['[]'],,"{'standing_army': 4000, 'mercenary_companies': 'more'}",None,"['Damaran', 'Common', 'Dwarven']","['Ilmater', 'Silvanus', 'Tempus']",1305265,3665,,27.2,24.6,60,0,,[],[],"{""humans"": 6377.0, ""halflings"": 204.0, ""dwarves"": 204.0, ""half-elves"": 136.0, ""elves"": 68.0}","{""Aristocratic"": 1.0, ""Wealthy"": 90.0, ""Comfortable"": 465.0, ""Modest"": 711.0, ""Poor"": 2110.0, ""Squalid"": 1888.0, ""Wretched"": 505.0}"
Brotha,Damara,Heliogabalus,394,55297,55,"{'humans': 359, 'halflings': 11, 'dwarves': 11, 'half-elves': 7, 'elves': 3}",48,Poison,['Magocracy'],"{'Aristocratic': 0, 'Wealthy': 3, 'Comfortable': 22, 'Modest': 59, 'Poor': 131, 'Squalid': 103, 'Wretched': 5}",0,['[]'],['[]'],,"{'standing_army': 4000, 'mercenary_companies': 'more'}",None,"['Damaran', 'Common', 'Dwarven']","['Ilmater', 'Silvanus', 'Tempus']",1305265,3665,,8,22.2,80,0,,[],[],"{""humans"": 359.0, ""halflings"": 11.0, ""dwarves"": 11.0, ""half-elves"": 7.0, ""elves"": 3.0}","{""Aristocratic"": 0.0, ""Wealthy"": 3.0, ""Comfortable"": 22.0, ""Modest"": 59.0, ""Poor"": 131.0, ""Squalid"": 103.0, ""Wretched"": 5.0}"
Cutrock,Damara,Heliogabalus,3413,609148,612,"{'humans': 3109, 'halflings': 102, 'dwarves': 98, 'half-elves': 68, 'elves': 34}",51,Assassination,['Monarchy'],"{'Aristocratic': 0, 'Wealthy': 48, 'Comfortable': 245, 'Modest': 702, 'Poor': 1081, 'Squalid': 687, 'Wretched': 121}",0,['[]'],['[]'],,"{'standing_army': 4000, 'mercenary_companies': 'more'}",None,"['Damaran', 'Common', 'Dwarven']","['Ilmater', 'Silvanus', 'Tempus']",1305265,3665,,17.5,29,76,0,,[],[],"{""humans"": 3109.0, ""halflings"": 102.0, ""dwarves"": 98.0, ""half-elves"": 68.0, ""elves"": 34.0}","{""Aristocratic"": 0.0, ""Wealthy"": 48.0, ""Comfortable"": 245.0, ""Modest"": 702.0, ""Poor"": 1081.0, ""Squalid"": 687.0, ""Wretched"": 121.0}"
Goliad,Damara,Heliogabalus,923,114756,114,"{'humans': 842, 'halflings': 26, 'dwarves': 27, 'half-elves': 18, 'elves': 9}",55,Bandit attacks,['Militocracy'],"{'Aristocratic': 0, 'Wealthy': 1, 'Comfortable': 63, 'Modest': 107, 'Poor': 280, 'Squalid': 214, 'Wretched': 9}",0,['[]'],['[]'],,"{'standing_army': 4000, 'mercenary_companies': 'more'}",None,"['Damaran', 'Common', 'Dwarven']","['Ilmater', 'Silvanus', 'Tempus']",1305265,3665,,15.4,27.2,61,0,,[],[],"{""humans"": 842.0, ""halflings"": 26.0, ""dwarves"": 27.0, ""half-elves"": 18.0, ""elves"": 9.0}","{""Aristocratic"": 0.0, ""Wealthy"": 1.0, ""Comfortable"": 63.0, ""Modest"": 107.0, ""Poor"": 280.0, ""Squalid"": 214.0, ""Wretched"": 9.0}"
Daleport,Damara,Heliogabalus,116,15220,15,"{'humans': 102, 'halflings': 3, 'dwarves': 3, 'half-elves': 2, 'elves': 1}",52,Work-related accidents,['Patriarchy'],"{'Aristocratic': 0, 'Wealthy': 0, 'Comfortable': 7, 'Modest': 18, 'Poor': 39, 'Squalid': 19, 'Wretched': 1}",0,['[]'],['[]'],,"{'standing_army': 4000, 'mercenary_companies': 'more'}",None,"['Damaran', 'Common', 'Dwarven']","['Ilmater', 'Silvanus', 'Tempus']",1305265,3665,,10.8,29.5,55,0,,[],[],"{""humans"": 102.0, ""halflings"": 3.0, ""dwarves"": 3.0, ""half-elves"": 2.0, ""elves"": 1.0}","{""Aristocratic"": 0.0, ""Wealthy"": 0.0, ""Comfortable"": 7.0, ""Modest"": 18.0, ""Poor"": 39.0, ""Squalid"": 19.0, ""Wretched"": 1.0}"
Dunfee,Damara,Heliogabalus,1814,315323,316,"{'humans': 1636, 'halflings': 52, 'dwarves': 52, 'half-elves': 36, 'elves': 18}",56,Bandit attacks,['Patriarchy'],"{'Aristocratic': 0, 'Wealthy': 32, 'Comfortable': 136, 'Modest': 302, 'Poor': 593, 'Squalid': 433, 'Wretched': 76}",0,['[]'],['[]'],,"{'standing_army': 4000, 'mercenary_companies': 'more'}",None,"['Damaran', 'Common', 'Dwarven']","['Ilmater', 'Silvanus', 'Tempus']",1305265,3665,,14.9,24.2,65,0,,[],[],"{""humans"": 1636.0, ""halflings"": 52.0, ""dwarves"": 52.0, ""half-elves"": 36.0, ""elves"": 18.0}","{""Aristocratic"": 0.0, ""Wealthy"": 32.0, ""Comfortable"": 136.0, ""Modest"": 302.0, ""Poor"": 593.0, ""Squalid"": 433.0, ""Wretched"": 76.0}"
Helmsdale,Damara,Heliogabalus,76,4781,4,"{'humans': 65, 'halflings': 2, 'dwarves': 2, 'half-elves': 1, 'elves': 0}",49,Lack of medical care,['Meritocracy'],"{'Aristocratic': 0, 'Wealthy': 0, 'Comfortable': 1, 'Modest': 5, 'Poor': 25, 'Squalid': 11, 'Wretched': 0}",0,['[]'],['[]'],,"{'standing_army': 4000, 'mercenary_companies': 'more'}",None,"['Damaran', 'Common', 'Dwarven']","['Ilmater', 'Silvanus', 'Tempus']",1305265,3665,,30.9,24.8,89,0,,[],[],"{""humans"": 65.0, ""halflings"": 2.0, ""dwarves"": 2.0, ""half-elves"": 1.0, ""elves"": 0.0}","{""Aristocratic"": 0.0, ""Wealthy"": 0.0, ""Comfortable"": 1.0, ""Modest"": 5.0, ""Poor"": 25.0, ""Squalid"": 11.0, ""Wretched"": 0.0}"
Hinterford,Damara,Heliogabalus,862,117530,117,"{'humans': 784, 'halflings': 25, 'dwarves': 25, 'half-elves': 16, 'elves': 8}",52,Old age,['Monarchy'],"{'Aristocratic': 0, 'Wealthy': 5, 'Comfortable': 34, 'Modest': 163, 'Poor': 258, 'Squalid': 194, 'Wretched': 13}",0,['[]'],['[]'],,"{'standing_army': 4000, 'mercenary_companies': 'more'}",None,"['Damaran', 'Common', 'Dwarven']","['Ilmater', 'Silvanus', 'Tempus']",1305265,3665,,37.8,39.6,49,0,,[],[],"{""humans"": 784.0, ""halflings"": 25.0, ""dwarves"": 25.0, ""half-elves"": 16.0, ""elves"": 8.0}","{""Aristocratic"": 0.0, ""Wealthy"": 5.0, ""Comfortable"": 34.0, ""Modest"": 163.0, ""Poor"": 258.0, ""Squalid"": 194.0, ""Wretched"": 13.0}"
Ironspur,Damara,Heliogabalus,347,44603,44,"{'humans': 308, 'halflings': 10, 'dwarves': 10, 'half-elves': 7, 'elves': 3}",54,Starvation,['Militocracy'],"{'Aristocratic': 0, 'Wealthy': 1, 'Comfortable': 21, 'Modest': 44, 'Poor': 114, 'Squalid': 94, 'Wretched': 5}",0,['[]'],['[]'],,"{'standing_army': 4000, 'mercenary_companies': 'more'}",None,"['Damaran', 'Common', 'Dwarven']","['Ilmater', 'Silvanus', 'Tempus']",1305265,3665,,6.3,31.4,57,0,,[],[],"{""humans"": 308.0, ""halflings"": 10.0, ""dwarves"": 10.0, ""half-elves"": 7.0, ""elves"": 3.0}","{""Aristocratic"": 0.0, ""Wealthy"": 1.0, ""Comfortable"": 21.0, ""Modest"": 44.0, ""Poor"": 114.0, ""Squalid"": 94.0, ""Wretched"": 5.0}"
Kinbrace,Damara,Heliogabalus,448,67014,67,"{'humans': 407, 'halflings': 13, 'dwarves': 13, 'half-elves': 8, 'elves': 4}",53,Disease,['Militocracy'],"{'Aristocratic': 0, 'Wealthy': 1, 'Comfortable': 27, 'Modest': 85, 'Poor': 152, 'Squalid': 102, 'Wretched': 6}",0,['[]'],['[]'],,"{'standing_army': 4000, 'mercenary_companies': 'more'}",None,"['Damaran', 'Common', 'Dwarven']","['Ilmater', 'Silvanus', 'Tempus']",1305265,3665,,10.8,31.6,61,0,,[],[],"{""humans"": 407.0, ""halflings"": 13.0, ""dwarves"": 13.0, ""half-elves"": 8.0, ""elves"": 4.0}","{""Aristocratic"": 0.0, ""Wealthy"": 1.0, ""Comfortable"": 27.0, ""Modest"": 85.0, ""Poor"": 152.0, ""Squalid"": 102.0, ""Wretched"": 6.0}"
Kinnery,Damara,Heliogabalus,822,83220,83,"{'humans': 730, 'halflings': 24, 'dwarves': 25, 'half-elves': 15, 'elves': 8}",55,Poison,['Bureaucracy'],"{'Aristocratic': 0, 'Wealthy': 2, 'Comfortable': 45, 'Modest': 59, 'Poor': 271, 'Squalid': 168, 'Wretched': 14}",0,['[]'],['[]'],,"{'standing_army': 4000, 'mercenary_companies': 'more'}",None,"['Damaran', 'Common', 'Dwarven']","['Ilmater', 'Silvanus', 'Tempus']",1305265,3665,,39.8,31.4,70,0,,[],[],"{""humans"": 730.0, ""halflings"": 24.0, ""dwarves"": 25.0, ""half-elves"": 15.0, ""elves"": 8.0}","{""Aristocratic"": 0.0, ""Wealthy"": 2.0, ""Comfortable"": 45.0, ""Modest"": 59.0, ""Poor"": 271.0, ""Squalid"": 168.0, ""Wretched"": 14.0}"
Merkurn,Damara,Heliogabalus,976,152460,152,"{'humans': 847, 'halflings': 30, 'dwarves': 28, 'half-elves': 18, 'elves': 9}",53,Wildlife attacks,['Militocracy'],"{'Aristocratic': 0, 'Wealthy': 5, 'Comfortable': 62, 'Modest': 185, 'Poor': 303, 'Squalid': 281, 'Wretched': 14}",0,['[]'],['[]'],,"{'standing_army': 4000, 'mercenary_companies': 'more'}",None,"['Damaran', 'Common', 'Dwarven']","['Ilmater', 'Silvanus', 'Tempus']",1305265,3665,,2.2,23.6,45,0,,[],[],"{""humans"": 847.0, ""halflings"": 30.0, ""dwarves"": 28.0, ""half-elves"": 18.0, ""elves"": 9.0}","{""Aristocratic"": 0.0, ""Wealthy"": 5.0, ""Comfortable"": 62.0, ""Modest"": 185.0, ""Poor"": 303.0, ""Squalid"": 281.0, ""Wretched"": 14.0}"
Morovar,Damara,Heliogabalus,395,52158,52,"{'humans': 345, 'halflings': 12, 'dwarves': 11, 'half-elves': 7, 'elves': 3}",41,Old age,['Republic'],"{'Aristocratic': 0, 'Wealthy': 2, 'Comfortable': 26, 'Modest': 51, 'Poor': 129, 'Squalid': 61, 'Wretched': 7}",0,['[]'],['[]'],,"{'standing_army': 4000, 'mercenary_companies': 'more'}",None,"['Damaran', 'Common', 'Dwarven']","['Ilmater', 'Silvanus', 'Tempus']",1305265,3665,,17.8,28.1,58,0,,[],[],"{""humans"": 345.0, ""halflings"": 12.0, ""dwarves"": 11.0, ""half-elves"": 7.0, ""elves"": 3.0}","{""Aristocratic"": 0.0, ""Wealthy"": 2.0, ""Comfortable"": 26.0, ""Modest"": 51.0, ""Poor"": 129.0, ""Squalid"": 61.0, ""Wretched"": 7.0}"
Newbelle,Damara,Heliogabalus,714,77124,77,"{'humans': 650, 'halflings': 21, 'dwarves': 20, 'half-elves': 14, 'elves': 7}",52,Bandit attacks,['Meritocracy'],"{'Aristocratic': 0, 'Wealthy': 3, 'Comfortable': 35, 'Modest': 64, 'Poor': 223, 'Squalid': 207, 'Wretched': 9}",0,['[]'],['[]'],,"{'standing_army': 4000, 'mercenary_companies': 'more'}",None,"['Damaran', 'Common', 'Dwarven']","['Ilmater', 'Silvanus', 'Tempus']",1305265,3665,,7.4,37.9,47,0,,[],[],"{""humans"": 650.0, ""halflings"": 21.0, ""dwarves"": 20.0, ""half-elves"": 14.0, ""elves"": 7.0}","{""Aristocratic"": 0.0, ""Wealthy"": 3.0, ""Comfortable"": 35.0, ""Modest"": 64.0, ""Poor"": 223.0, ""Squalid"": 207.0, ""Wretched"": 9.0}"
Ostrav,Damara,Heliogabalus,198,25477,25,"{'humans': 180, 'halflings': 5, 'dwarves': 5, 'half-elves': 3, 'elves': 1}",53,Exposure to the elements,['Monarchy'],"{'Aristocratic': 0, 'Wealthy': 1, 'Comfortable': 9, 'Modest': 32, 'Poor': 60, 'Squalid': 38, 'Wretched': 2}",0,['[]'],['[]'],,"{'standing_army': 4000, 'mercenary_companies': 'more'}",None,"['Damaran', 'Common', 'Dwarven']","['Ilmater', 'Silvanus', 'Tempus']",1305265,3665,,5.5,38.3,60,0,,[],[],"{""humans"": 180.0, ""halflings"": 5.0, ""dwarves"": 5.0, ""half-elves"": 3.0, ""elves"": 1.0}","{""Aristocratic"": 0.0, ""Wealthy"": 1.0, ""Comfortable"": 9.0, ""Modest"": 32.0, ""Poor"": 60.0, ""Squalid"": 38.0, ""Wretched"": 2.0}"
Portith,Damara,Heliogabalus,577,71832,71,"{'humans': 507, 'halflings': 17, 'dwarves': 16, 'half-elves': 10, 'elves': 5}",53,Bandit attacks,['Plutocracy'],"{'Aristocratic': 0, 'Wealthy': 3, 'Comfortable': 35, 'Modest': 67, 'Poor': 189, 'Squalid': 100, 'Wretched': 10}",0,['[]'],['[]'],,"{'standing_army': 4000, 'mercenary_companies': 'more'}",None,"['Damaran', 'Common', 'Dwarven']","['Ilmater', 'Silvanus', 'Tempus']",1305265,3665,,18.8,22.7,60,0,,[],[],"{""humans"": 507.0, ""halflings"": 17.0, ""dwarves"": 16.0, ""half-elves"": 10.0, ""elves"": 5.0}","{""Aristocratic"": 0.0, ""Wealthy"": 3.0, ""Comfortable"": 35.0, ""Modest"": 67.0, ""Poor"": 189.0, ""Squalid"": 100.0, ""Wretched"": 10.0}"
Praka,Damara,Heliogabalus,10645,2245589,2900,"{'humans': 9282, 'halflings': 308, 'dwarves': 319, 'half-elves': 212, 'elves': 106}",51,Dueling accidents,['Meritocracy'],"{'Aristocratic': 16, 'Wealthy': 163, 'Comfortable': 1380, 'Modest': 1526, 'Poor': 3508, 'Squalid': 3527, 'Wretched': 581}",4,['[]'],['[]'],,"{'standing_army': 4000, 'mercenary_companies': 'more'}",None,"['Damaran', 'Common', 'Dwarven']","['Ilmater', 'Silvanus', 'Tempus']",1305265,3665,,17.9,22.8,53,0,,[],[],"{""humans"": 9282.0, ""halflings"": 308.0, ""dwarves"": 319.0, ""half-elves"": 212.0, ""elves"": 106.0}","{""Aristocratic"": 16.0, ""Wealthy"": 163.0, ""Comfortable"": 1380.0, ""Modest"": 1526.0, ""Poor"": 3508.0, ""Squalid"": 3527.0, ""Wretched"": 581.0}"
Ravensburg,Damara,Heliogabalus,343,40624,40,"{'humans': 312, 'halflings': 9, 'dwarves': 10, 'half-elves': 6, 'elves': 3}",55,Bandit attacks,['Dictatorship'],"{'Aristocratic': 0, 'Wealthy': 2, 'Comfortable': 21, 'Modest': 28, 'Poor': 118, 'Squalid': 97, 'Wretched': 3}",0,['[]'],['[]'],,"{'standing_army': 4000, 'mercenary_companies': 'more'}",None,"['Damaran', 'Common', 'Dwarven']","['Ilmater', 'Silvanus', 'Tempus']",1305265,3665,,37.7,31,67,0,,[],[],"{""humans"": 312.0, ""halflings"": 9.0, ""dwarves"": 10.0, ""half-elves"": 6.0, ""elves"": 3.0}","{""Aristocratic"": 0.0, ""Wealthy"": 2.0, ""Comfortable"": 21.0, ""Modest"": 28.0, ""Poor"": 118.0, ""Squalid"": 97.0, ""Wretched"": 3.0}"
Rolene,Damara,Heliogabalus,581,76321,76,"{'humans': 506, 'halflings': 17, 'dwarves': 18, 'half-elves': 11, 'elves': 5}",54,Bandit attacks,['Patriarchy'],"{'Aristocratic': 0, 'Wealthy': 2, 'Comfortable': 23, 'Modest': 102, 'Poor': 189, 'Squalid': 153, 'Wretched': 8}",0,['[]'],['[]'],,"{'standing_army': 4000, 'mercenary_companies': 'more'}",None,"['Damaran', 'Common', 'Dwarven']","['Ilmater', 'Silvanus', 'Tempus']",1305265,3665,,0.7,31.8,80,0,,[],[],"{""humans"": 506.0, ""halflings"": 17.0, ""dwarves"": 18.0, ""half-elves"": 11.0, ""elves"": 5.0}","{""Aristocratic"": 0.0, ""Wealthy"": 2.0, ""Comfortable"": 23.0, ""Modest"": 102.0, ""Poor"": 189.0, ""Squalid"": 153.0, ""Wretched"": 8.0}"
Samek,Damara,Heliogabalus,610,72890,72,"{'humans': 555, 'halflings': 17, 'dwarves': 18, 'half-elves': 12, 'elves': 6}",56,Poison,['Monarchy'],"{'Aristocratic': 0, 'Wealthy': 0, 'Comfortable': 27, 'Modest': 90, 'Poor': 200, 'Squalid': 157, 'Wretched': 8}",0,['[]'],['[]'],,"{'standing_army': 4000, 'mercenary_companies': 'more'}",None,"['Damaran', 'Common', 'Dwarven']","['Ilmater', 'Silvanus', 'Tempus']",1305265,3665,,11.4,30.6,66,0,,[],[],"{""humans"": 555.0, ""halflings"": 17.0, ""dwarves"": 18.0, ""half-elves"": 12.0, ""elves"": 6.0}","{""Aristocratic"": 0.0, ""Wealthy"": 0.0, ""Comfortable"": 27.0, ""Modest"": 90.0, ""Poor"": 200.0, ""Squalid"": 157.0, ""Wretched"": 8.0}"
Steppenhall,Damara,Heliogabalus,695,75555,75,"{'humans': 610, 'halflings': 20, 'dwarves': 20, 'half-elves': 13, 'elves': 6}",51,Exposure to the elements,['Feudalism'],"{'Aristocratic': 0, 'Wealthy': 4, 'Comfortable': 41, 'Modest': 50, 'Poor': 239, 'Squalid': 112, 'Wretched': 7}",0,['[]'],['[]'],,"{'standing_army': 4000, 'mercenary_companies': 'more'}",None,"['Damaran', 'Common', 'Dwarven']","['Ilmater', 'Silvanus', 'Tempus']",1305265,3665,,37.6,35.7,88,0,,[],[],"{""humans"": 610.0, ""halflings"": 20.0, ""dwarves"": 20.0, ""half-elves"": 13.0, ""elves"": 6.0}","{""Aristocratic"": 0.0, ""Wealthy"": 4.0, ""Comfortable"": 41.0, ""Modest"": 50.0, ""Poor"": 239.0, ""Squalid"": 112.0, ""Wretched"": 7.0}"
Sudrav,Damara,Heliogabalus,603,78329,78,"{'humans': 525, 'halflings': 17, 'dwarves': 18, 'half-elves': 12, 'elves': 6}",54,Exposure to the elements,['Satrapy'],"{'Aristocratic': 0, 'Wealthy': 0, 'Comfortable': 37, 'Modest': 85, 'Poor': 207, 'Squalid': 142, 'Wretched': 10}",0,['[]'],['[]'],,"{'standing_army': 4000, 'mercenary_companies': 'more'}",None,"['Damaran', 'Common', 'Dwarven']","['Ilmater', 'Silvanus', 'Tempus']",1305265,3665,,31.9,37,59,0,,[],[],"{""humans"": 525.0, ""halflings"": 17.0, ""dwarves"": 18.0, ""half-elves"": 12.0, ""elves"": 6.0}","{""Aristocratic"": 0.0, ""Wealthy"": 0.0, ""Comfortable"": 37.0, ""Modest"": 85.0, ""Poor"": 207.0, ""Squalid"": 142.0, ""Wretched"": 10.0}"
Tellerth,Damara,Heliogabalus,2220,352042,353,"{'humans': 2002, 'halflings': 64, 'dwarves': 64, 'half-elves': 42, 'elves': 22}",53,Poison,['Satrapy'],"{'Aristocratic': 0, 'Wealthy': 32, 'Comfortable': 172, 'Modest': 296, 'Poor': 702, 'Squalid': 561, 'Wretched': 148}",0,['[]'],['[]'],,"{'standing_army': 4000, 'mercenary_companies': 'more'}",None,"['Damaran', 'Common', 'Dwarven']","['Ilmater', 'Silvanus', 'Tempus']",1305265,3665,,37.2,31.2,78,0,,[],[],"{""humans"": 2002.0, ""halflings"": 64.0, ""dwarves"": 64.0, ""half-elves"": 42.0, ""elves"": 22.0}","{""Aristocratic"": 0.0, ""Wealthy"": 32.0, ""Comfortable"": 172.0, ""Modest"": 296.0, ""Poor"": 702.0, ""Squalid"": 561.0, ""Wretched"": 148.0}"
Thimble,Damara,Heliogabalus,766,91323,91,"{'humans': 677, 'halflings': 22, 'dwarves': 22, 'half-elves': 15, 'elves': 7}",52,Wildlife attacks,['Confederacy'],"{'Aristocratic': 0, 'Wealthy': 3, 'Comfortable': 30, 'Modest': 111, 'Poor': 259, 'Squalid': 154, 'Wretched': 8}",0,['[]'],['[]'],,"{'standing_army': 4000, 'mercenary_companies': 'more'}",None,"['Damaran', 'Common', 'Dwarven']","['Ilmater', 'Silvanus', 'Tempus']",1305265,3665,,9.1,36.8,73,0,,[],[],"{""humans"": 677.0, ""halflings"": 22.0, ""dwarves"": 22.0, ""half-elves"": 15.0, ""elves"": 7.0}","{""Aristocratic"": 0.0, ""Wealthy"": 3.0, ""Comfortable"": 30.0, ""Modest"": 111.0, ""Poor"": 259.0, ""Squalid"": 154.0, ""Wretched"": 8.0}"
Tokard,Damara,Heliogabalus,824,120121,120,"{'humans': 752, 'halflings': 23, 'dwarves': 23, 'half-elves': 15, 'elves': 8}",52,Exposure to the elements,['Magocracy'],"{'Aristocratic': 0, 'Wealthy': 1, 'Comfortable': 54, 'Modest': 145, 'Poor': 262, 'Squalid': 197, 'Wretched': 9}",0,['[]'],['[]'],,"{'standing_army': 4000, 'mercenary_companies': 'more'}",None,"['Damaran', 'Common', 'Dwarven']","['Ilmater', 'Silvanus', 'Tempus']",1305265,3665,,18.1,39.3,66,0,,[],[],"{""humans"": 752.0, ""halflings"": 23.0, ""dwarves"": 23.0, ""half-elves"": 15.0, ""elves"": 8.0}","{""Aristocratic"": 0.0, ""Wealthy"": 1.0, ""Comfortable"": 54.0, ""Modest"": 145.0, ""Poor"": 262.0, ""Squalid"": 197.0, ""Wretched"": 9.0}"
Tomrav,Damara,Heliogabalus,459,59057,59,"{'humans': 412, 'halflings': 14, 'dwarves': 14, 'half-elves': 9, 'elves': 4}",56,Starvation,['Monarchy'],"{'Aristocratic': 0, 'Wealthy': 4, 'Comfortable': 21, 'Modest': 67, 'Poor': 146, 'Squalid': 76, 'Wretched': 6}",0,['[]'],['[]'],,"{'standing_army': 4000, 'mercenary_companies': 'more'}",None,"['Damaran', 'Common', 'Dwarven']","['Ilmater', 'Silvanus', 'Tempus']",1305265,3665,,5.1,37.5,91,0,,[],[],"{""humans"": 412.0, ""halflings"": 14.0, ""dwarves"": 14.0, ""half-elves"": 9.0, ""elves"": 4.0}","{""Aristocratic"": 0.0, ""Wealthy"": 4.0, ""Comfortable"": 21.0, ""Modest"": 67.0, ""Poor"": 146.0, ""Squalid"": 76.0, ""Wretched"": 6.0}"
Trailsend,Damara,Heliogabalus,13380,2532078,4133,"{'humans': 12122, 'halflings': 388, 'dwarves': 388, 'half-elves': 267, 'elves': 133}",52,Poison,['Satrapy'],"{'Aristocratic': 37, 'Wealthy': 278, 'Comfortable': 965, 'Modest': 2154, 'Poor': 4362, 'Squalid': 4988, 'Wretched': 897}",16,['[]'],['[]'],,"{'standing_army': 4000, 'mercenary_companies': 'more'}",None,"['Damaran', 'Common', 'Dwarven']","['Ilmater', 'Silvanus', 'Tempus']",1305265,3665,,39.4,28.9,80,0,,[],[],"{""humans"": 12122.0, ""halflings"": 388.0, ""dwarves"": 388.0, ""half-elves"": 267.0, ""elves"": 133.0}","{""Aristocratic"": 37.0, ""Wealthy"": 278.0, ""Comfortable"": 965.0, ""Modest"": 2154.0, ""Poor"": 4362.0, ""Squalid"": 4988.0, ""Wretched"": 897.0}"
Valls,Damara,Heliogabalus,1259,218854,219,"{'humans': 1147, 'halflings': 38, 'dwarves': 35, 'half-elves': 24, 'elves': 12}",52,Magic mishaps,['Confederacy'],"{'Aristocratic': 0, 'Wealthy': 15, 'Comfortable': 91, 'Modest': 242, 'Poor': 394, 'Squalid': 368, 'Wretched': 95}",0,['[]'],['[]'],,"{'standing_army': 4000, 'mercenary_companies': 'more'}",None,"['Damaran', 'Common', 'Dwarven']","['Ilmater', 'Silvanus', 'Tempus']",1305265,3665,,3.5,35.9,89,0,,[],[],"{""humans"": 1147.0, ""halflings"": 38.0, ""dwarves"": 35.0, ""half-elves"": 24.0, ""elves"": 12.0}","{""Aristocratic"": 0.0, ""Wealthy"": 15.0, ""Comfortable"": 91.0, ""Modest"": 242.0, ""Poor"": 394.0, ""Squalid"": 368.0, ""Wretched"": 95.0}"
Virdin,Damara,Heliogabalus,1457,247616,248,"{'humans': 1299, 'halflings': 42, 'dwarves': 42, 'half-elves': 29, 'elves': 14}",49,Work-related accidents,['Democracy'],"{'Aristocratic': 0, 'Wealthy': 24, 'Comfortable': 102, 'Modest': 250, 'Poor': 502, 'Squalid': 280, 'Wretched': 61}",0,['[]'],['[]'],,"{'standing_army': 4000, 'mercenary_companies': 'more'}",None,"['Damaran', 'Common', 'Dwarven']","['Ilmater', 'Silvanus', 'Tempus']",1305265,3665,,5.4,29.1,81,0,,[],[],"{""humans"": 1299.0, ""halflings"": 42.0, ""dwarves"": 42.0, ""half-elves"": 29.0, ""elves"": 14.0}","{""Aristocratic"": 0.0, ""Wealthy"": 24.0, ""Comfortable"": 102.0, ""Modest"": 250.0, ""Poor"": 502.0, ""Squalid"": 280.0, ""Wretched"": 61.0}"
Wassen,Damara,Heliogabalus,244,30550,30,"{'humans': 215, 'halflings': 7, 'dwarves': 7, 'half-elves': 4, 'elves': 2}",54,Starvation,['Confederacy'],"{'Aristocratic': 0, 'Wealthy': 1, 'Comfortable': 12, 'Modest': 34, 'Poor': 76, 'Squalid': 65, 'Wretched': 4}",0,['[]'],['[]'],,"{'standing_army': 4000, 'mercenary_companies': 'more'}",None,"['Damaran', 'Common', 'Dwarven']","['Ilmater', 'Silvanus', 'Tempus']",1305265,3665,,24.7,20.5,84,0,,[],[],"{""humans"": 215.0, ""halflings"": 7.0, ""dwarves"": 7.0, ""half-elves"": 4.0, ""elves"": 2.0}","{""Aristocratic"": 0.0, ""Wealthy"": 1.0, ""Comfortable"": 12.0, ""Modest"": 34.0, ""Poor"": 76.0, ""Squalid"": 65.0, ""Wretched"": 4.0}"
Windless,Damara,Heliogabalus,437,54421,54,"{'humans': 396, 'halflings': 12, 'dwarves': 13, 'half-elves': 8, 'elves': 4}",48,Starvation,['Satrapy'],"{'Aristocratic': 0, 'Wealthy': 3, 'Comfortable': 24, 'Modest': 52, 'Poor': 133, 'Squalid': 105, 'Wretched': 6}",0,['[]'],['[]'],,"{'standing_army': 4000, 'mercenary_companies': 'more'}",None,"['Damaran', 'Common', 'Dwarven']","['Ilmater', 'Silvanus', 'Tempus']",1305265,3665,,15.2,24.3,69,0,,[],[],"{""humans"": 396.0, ""halflings"": 12.0, ""dwarves"": 13.0, ""half-elves"": 8.0, ""elves"": 4.0}","{""Aristocratic"": 0.0, ""Wealthy"": 3.0, ""Comfortable"": 24.0, ""Modest"": 52.0, ""Poor"": 133.0, ""Squalid"": 105.0, ""Wretched"": 6.0}"
Withermeet,Damara,Heliogabalus,100,9307,9,"{'humans': 87, 'halflings': 3, 'dwarves': 3, 'half-elves': 2, 'elves': 1}",55,Poison,['Republic'],"{'Aristocratic': 0, 'Wealthy': 0, 'Comfortable': 4, 'Modest': 9, 'Poor': 34, 'Squalid': 17, 'Wretched': 1}",0,['[]'],['[]'],,"{'standing_army': 4000, 'mercenary_companies': 'more'}",None,"['Damaran', 'Common', 'Dwarven']","['Ilmater', 'Silvanus', 'Tempus']",1305265,3665,,21.1,24.3,80,0,,[],[],"{""humans"": 87.0, ""halflings"": 3.0, ""dwarves"": 3.0, ""half-elves"": 2.0, ""elves"": 1.0}","{""Aristocratic"": 0.0, ""Wealthy"": 0.0, ""Comfortable"": 4.0, ""Modest"": 9.0, ""Poor"": 34.0, ""Squalid"": 17.0, ""Wretched"": 1.0}"
Zarach,Damara,Heliogabalus,544,77854,77,"{'humans': 471, 'halflings': 15, 'dwarves': 15, 'half-elves': 10, 'elves': 5}",52,Work-related accidents,['Matriarchy'],"{'Aristocratic': 0, 'Wealthy': 3, 'Comfortable': 30, 'Modest': 92, 'Poor': 185, 'Squalid': 123, 'Wretched': 7}",0,['[]'],['[]'],,"{'standing_army': 4000, 'mercenary_companies': 'more'}",None,"['Damaran', 'Common', 'Dwarven']","['Ilmater', 'Silvanus', 'Tempus']",1305265,3665,,12.8,39.9,68,0,,[],[],"{""humans"": 471.0, ""halflings"": 15.0, ""dwarves"": 15.0, ""half-elves"": 10.0, ""elves"": 5.0}","{""Aristocratic"": 0.0, ""Wealthy"": 3.0, ""Comfortable"": 30.0, ""Modest"": 92.0, ""Poor"": 185.0, ""Squalid"": 123.0, ""Wretched"": 7.0}"
Halarahh,Halruaa,Halarahh,7909,1368166,1391,"{'humans': 7909, 'dwarves': 0, 'halflings': 0, 'elves': 0, 'half-elves': 0, 'misc.': 0}",48,Bandit attacks,['Meritocracy'],"{'Aristocratic': 0, 'Wealthy': 113, 'Comfortable': 616, 'Modest': 1347, 'Poor': 2446, 'Squalid': 2282, 'Wretched': 585}",0,"[""['electrum'"", ""'gold'"", ""'haerlu wine']""]","[""['exotic magic items'"", ""'jewellery'"", ""'precious metals'"", ""'musical instruments'"", ""'silk']""]",Netyarch Zalathorm Kirkson,"{'Magical defences', 'standing_militia', 'fleet', 'skyships'}",None,"['Common', 'Halruaan', ""{'Dambrathan': 'border regions only'}""]","['Azuth', 'Mystra', 'Savras', 'Shar', 'Velsharoon']",1630206,2635,,59,35.7,85,0,"The Shining South - Tom Prusa, 1993, Shining South - Todd Gamble, 2004","[""['electrum'"", ""'gold'"", ""'haerlu wine']""]","[""['exotic magic items'"", ""'jewellery'"", ""'precious metals'"", ""'musical instruments'"", ""'silk']""]","{""humans"": 7909.0, ""dwarves"": 0.0, ""halflings"": 0.0, ""elves"": 0.0, ""half-elves"": 0.0, ""misc."": 0.0}","{""Aristocratic"": 0.0, ""Wealthy"": 113.0, ""Comfortable"": 616.0, ""Modest"": 1347.0, ""Poor"": 2446.0, ""Squalid"": 2282.0, ""Wretched"": 585.0}"
Achelar,Halruaa,Halarahh,904,100338,100,"{'humans': 882, 'dwarves': 21, 'halflings': 0, 'elves': 0, 'half-elves': 0, 'misc.': 0}",47,Magic mishaps,['Democracy'],"{'Aristocratic': 0, 'Wealthy': 2, 'Comfortable': 51, 'Modest': 92, 'Poor': 275, 'Squalid': 179, 'Wretched': 15}",0,"[""['electrum'"", ""'gold'"", ""'haerlu wine']""]","[""['exotic magic items'"", ""'jewellery'"", ""'precious metals'"", ""'musical instruments'"", ""'silk']""]",Netyarch Zalathorm Kirkson,"{'Magical defences', 'standing_militia', 'fleet', 'skyships'}",None,"['Common', 'Halruaan', ""{'Dambrathan': 'border regions only'}""]","['Azuth', 'Mystra', 'Savras', 'Shar', 'Velsharoon']",1630206,2635,,59.2,31.9,68,0,"The Shining South - Tom Prusa, 1993, Shining South - Todd Gamble, 2004","[""['electrum'"", ""'gold'"", ""'haerlu wine']""]","[""['exotic magic items'"", ""'jewellery'"", ""'precious metals'"", ""'musical instruments'"", ""'silk']""]","{""humans"": 882.0, ""dwarves"": 21.0, ""halflings"": 0.0, ""elves"": 0.0, ""half-elves"": 0.0, ""misc."": 0.0}","{""Aristocratic"": 0.0, ""Wealthy"": 2.0, ""Comfortable"": 51.0, ""Modest"": 92.0, ""Poor"": 275.0, ""Squalid"": 179.0, ""Wretched"": 15.0}"
Alathil,Halruaa,Halarahh,4013,731496,737,"{'humans': 4013, 'dwarves': 0, 'halflings': 0, 'elves': 0, 'half-elves': 0, 'misc.': 0}",47,Starvation,['Confederacy'],"{'Aristocratic': 0, 'Wealthy': 61, 'Comfortable': 304, 'Modest': 792, 'Poor': 1327, 'Squalid': 947, 'Wretched': 200}",0,"[""['electrum'"", ""'gold'"", ""'haerlu wine']""]","[""['exotic magic items'"", ""'jewellery'"", ""'precious metals'"", ""'musical instruments'"", ""'silk']""]",Netyarch Zalathorm Kirkson,"{'Magical defences', 'standing_militia', 'fleet', 'skyships'}",None,"['Common', 'Halruaan', ""{'Dambrathan': 'border regions only'}""]","['Azuth', 'Mystra', 'Savras', 'Shar', 'Velsharoon']",1630206,2635,,52,36.9,80,0,"The Shining South - Tom Prusa, 1993, Shining South - Todd Gamble, 2004","[""['electrum'"", ""'gold'"", ""'haerlu wine']""]","[""['exotic magic items'"", ""'jewellery'"", ""'precious metals'"", ""'musical instruments'"", ""'silk']""]","{""humans"": 4013.0, ""dwarves"": 0.0, ""halflings"": 0.0, ""elves"": 0.0, ""half-elves"": 0.0, ""misc."": 0.0}","{""Aristocratic"": 0.0, ""Wealthy"": 61.0, ""Comfortable"": 304.0, ""Modest"": 792.0, ""Poor"": 1327.0, ""Squalid"": 947.0, ""Wretched"": 200.0}"
Alu,Halruaa,Halarahh,3759,575751,579,"{'humans': 3759, 'dwarves': 0, 'halflings': 0, 'elves': 0, 'half-elves': 0, 'misc.': 0}",49,Bandit attacks,['Feudalism'],"{'Aristocratic': 0, 'Wealthy': 70, 'Comfortable': 242, 'Modest': 496, 'Poor': 1216, 'Squalid': 742, 'Wretched': 276}",0,"[""['electrum'"", ""'gold'"", ""'haerlu wine']""]","[""['exotic magic items'"", ""'jewellery'"", ""'precious metals'"", ""'musical instruments'"", ""'silk']""]",Netyarch Zalathorm Kirkson,"{'Magical defences', 'standing_militia', 'fleet', 'skyships'}",None,"['Common', 'Halruaan', ""{'Dambrathan': 'border regions only'}""]","['Azuth', 'Mystra', 'Savras', 'Shar', 'Velsharoon']",1630206,2635,,53.5,36.9,87,0,"The Shining South - Tom Prusa, 1993, Shining South - Todd Gamble, 2004","[""['electrum'"", ""'gold'"", ""'haerlu wine']""]","[""['exotic magic items'"", ""'jewellery'"", ""'precious metals'"", ""'musical instruments'"", ""'silk']""]","{""humans"": 3759.0, ""dwarves"": 0.0, ""halflings"": 0.0, ""elves"": 0.0, ""half-elves"": 0.0, ""misc."": 0.0}","{""Aristocratic"": 0.0, ""Wealthy"": 70.0, ""Comfortable"": 242.0, ""Modest"": 496.0, ""Poor"": 1216.0, ""Squalid"": 742.0, ""Wretched"": 276.0}"
Aluarim,Halruaa,Halarahh,9015,1534496,1577,"{'humans': 8699, 'dwarves': 0, 'halflings': 0, 'elves': 0, 'half-elves': 0, 'misc.': 315}",48,Starvation,['Hierarchy'],"{'Aristocratic': 1, 'Wealthy': 155, 'Comfortable': 606, 'Modest': 1507, 'Poor': 3007, 'Squalid': 2537, 'Wretched': 293}",2,"[""['electrum'"", ""'gold'"", ""'haerlu wine']""]","[""['exotic magic items'"", ""'jewellery'"", ""'precious metals'"", ""'musical instruments'"", ""'silk']""]",Netyarch Zalathorm Kirkson,"{'Magical defences', 'standing_militia', 'fleet', 'skyships'}",None,"['Common', 'Halruaan', ""{'Dambrathan': 'border regions only'}""]","['Azuth', 'Mystra', 'Savras', 'Shar', 'Velsharoon']",1630206,2635,,50,46,66,0,"The Shining South - Tom Prusa, 1993, Shining South - Todd Gamble, 2004","[""['electrum'"", ""'gold'"", ""'haerlu wine']""]","[""['exotic magic items'"", ""'jewellery'"", ""'precious metals'"", ""'musical instruments'"", ""'silk']""]","{""humans"": 8699.0, ""dwarves"": 0.0, ""halflings"": 0.0, ""elves"": 0.0, ""half-elves"": 0.0, ""misc."": 315.0}","{""Aristocratic"": 1.0, ""Wealthy"": 155.0, ""Comfortable"": 606.0, ""Modest"": 1507.0, ""Poor"": 3007.0, ""Squalid"": 2537.0, ""Wretched"": 293.0}"
Assundath,Halruaa,Halarahh,408,45698,45,"{'humans': 405, 'dwarves': 0, 'halflings': 2, 'elves': 0, 'half-elves': 0, 'misc.': 0}",42,Poison,['Gerontocracy'],"{'Aristocratic': 0, 'Wealthy': 1, 'Comfortable': 22, 'Modest': 39, 'Poor': 141, 'Squalid': 100, 'Wretched': 7}",0,"[""['electrum'"", ""'gold'"", ""'haerlu wine']""]","[""['exotic magic items'"", ""'jewellery'"", ""'precious metals'"", ""'musical instruments'"", ""'silk']""]",Netyarch Zalathorm Kirkson,"{'Magical defences', 'standing_militia', 'fleet', 'skyships'}",None,"['Common', 'Halruaan', ""{'Dambrathan': 'border regions only'}""]","['Azuth', 'Mystra', 'Savras', 'Shar', 'Velsharoon']",1630206,2635,,49.8,41.5,69,0,"The Shining South - Tom Prusa, 1993, Shining South - Todd Gamble, 2004","[""['electrum'"", ""'gold'"", ""'haerlu wine']""]","[""['exotic magic items'"", ""'jewellery'"", ""'precious metals'"", ""'musical instruments'"", ""'silk']""]","{""humans"": 405.0, ""dwarves"": 0.0, ""halflings"": 2.0, ""elves"": 0.0, ""half-elves"": 0.0, ""misc."": 0.0}","{""Aristocratic"": 0.0, ""Wealthy"": 1.0, ""Comfortable"": 22.0, ""Modest"": 39.0, ""Poor"": 141.0, ""Squalid"": 100.0, ""Wretched"": 7.0}"
Bathmé,Halruaa,Halarahh,3916,664446,673,"{'humans': 3641, 'dwarves': 0, 'halflings': 274, 'elves': 0, 'half-elves': 0, 'misc.': 0}",45,Starvation,['Republic'],"{'Aristocratic': 1, 'Wealthy': 46, 'Comfortable': 264, 'Modest': 768, 'Poor': 1254, 'Squalid': 796, 'Wretched': 278}",8,"[""['electrum'"", ""'gold'"", ""'haerlu wine']""]","[""['exotic magic items'"", ""'jewellery'"", ""'precious metals'"", ""'musical instruments'"", ""'silk']""]",Netyarch Zalathorm Kirkson,"{'Magical defences', 'standing_militia', 'fleet', 'skyships'}",None,"['Common', 'Halruaan', ""{'Dambrathan': 'border regions only'}""]","['Azuth', 'Mystra', 'Savras', 'Shar', 'Velsharoon']",1630206,2635,,66.4,46.3,87,0,"The Shining South - Tom Prusa, 1993, Shining South - Todd Gamble, 2004","[""['electrum'"", ""'gold'"", ""'haerlu wine']""]","[""['exotic magic items'"", ""'jewellery'"", ""'precious metals'"", ""'musical instruments'"", ""'silk']""]","{""humans"": 3641.0, ""dwarves"": 0.0, ""halflings"": 274.0, ""elves"": 0.0, ""half-elves"": 0.0, ""misc."": 0.0}","{""Aristocratic"": 1.0, ""Wealthy"": 46.0, ""Comfortable"": 264.0, ""Modest"": 768.0, ""Poor"": 1254.0, ""Squalid"": 796.0, ""Wretched"": 278.0}"
Borah,Halruaa,Halarahh,4614,849866,870,"{'humans': 4609, 'dwarves': 4, 'halflings': 0, 'elves': 0, 'half-elves': 0, 'misc.': 0}",45,Starvation,['Democracy'],"{'Aristocratic': 2, 'Wealthy': 78, 'Comfortable': 292, 'Modest': 1032, 'Poor': 1388, 'Squalid': 1028, 'Wretched': 287}",7,"[""['electrum'"", ""'gold'"", ""'haerlu wine']""]","[""['exotic magic items'"", ""'jewellery'"", ""'precious metals'"", ""'musical instruments'"", ""'silk']""]",Netyarch Zalathorm Kirkson,"{'Magical defences', 'standing_militia', 'fleet', 'skyships'}",None,"['Common', 'Halruaan', ""{'Dambrathan': 'border regions only'}""]","['Azuth', 'Mystra', 'Savras', 'Shar', 'Velsharoon']",1630206,2635,,57.7,46.5,55,0,"The Shining South - Tom Prusa, 1993, Shining South - Todd Gamble, 2004","[""['electrum'"", ""'gold'"", ""'haerlu wine']""]","[""['exotic magic items'"", ""'jewellery'"", ""'precious metals'"", ""'musical instruments'"", ""'silk']""]","{""humans"": 4609.0, ""dwarves"": 4.0, ""halflings"": 0.0, ""elves"": 0.0, ""half-elves"": 0.0, ""misc."": 0.0}","{""Aristocratic"": 2.0, ""Wealthy"": 78.0, ""Comfortable"": 292.0, ""Modest"": 1032.0, ""Poor"": 1388.0, ""Squalid"": 1028.0, ""Wretched"": 287.0}"
Edouura,Halruaa,Halarahh,3994,639115,649,"{'humans': 3994, 'dwarves': 0, 'halflings': 0, 'elves': 0, 'half-elves': 0, 'misc.': 0}",48,Dueling accidents,['Confederacy'],"{'Aristocratic': 1, 'Wealthy': 44, 'Comfortable': 288, 'Modest': 618, 'Poor': 1267, 'Squalid': 1176, 'Wretched': 195}",16,"[""['electrum'"", ""'gold'"", ""'haerlu wine']""]","[""['exotic magic items'"", ""'jewellery'"", ""'precious metals'"", ""'musical instruments'"", ""'silk']""]",Netyarch Zalathorm Kirkson,"{'Magical defences', 'standing_militia', 'fleet', 'skyships'}",None,"['Common', 'Halruaan', ""{'Dambrathan': 'border regions only'}""]","['Azuth', 'Mystra', 'Savras', 'Shar', 'Velsharoon']",1630206,2635,,69.1,39.2,76,0,"The Shining South - Tom Prusa, 1993, Shining South - Todd Gamble, 2004","[""['electrum'"", ""'gold'"", ""'haerlu wine']""]","[""['exotic magic items'"", ""'jewellery'"", ""'precious metals'"", ""'musical instruments'"", ""'silk']""]","{""humans"": 3994.0, ""dwarves"": 0.0, ""halflings"": 0.0, ""elves"": 0.0, ""half-elves"": 0.0, ""misc."": 0.0}","{""Aristocratic"": 1.0, ""Wealthy"": 44.0, ""Comfortable"": 288.0, ""Modest"": 618.0, ""Poor"": 1267.0, ""Squalid"": 1176.0, ""Wretched"": 195.0}"
Elchul,Halruaa,Halarahh,3722,693536,698,"{'humans': 2966, 'dwarves': 0, 'halflings': 755, 'elves': 0, 'half-elves': 0, 'misc.': 0}",55,Old age,['Dictatorship'],"{'Aristocratic': 0, 'Wealthy': 44, 'Comfortable': 230, 'Modest': 923, 'Poor': 1149, 'Squalid': 1113, 'Wretched': 223}",0,"[""['electrum'"", ""'gold'"", ""'haerlu wine']""]","[""['exotic magic items'"", ""'jewellery'"", ""'precious metals'"", ""'musical instruments'"", ""'silk']""]",Netyarch Zalathorm Kirkson,"{'Magical defences', 'standing_militia', 'fleet', 'skyships'}",None,"['Common', 'Halruaan', ""{'Dambrathan': 'border regions only'}""]","['Azuth', 'Mystra', 'Savras', 'Shar', 'Velsharoon']",1630206,2635,,50.5,48.5,69,0,"The Shining South - Tom Prusa, 1993, Shining South - Todd Gamble, 2004","[""['electrum'"", ""'gold'"", ""'haerlu wine']""]","[""['exotic magic items'"", ""'jewellery'"", ""'precious metals'"", ""'musical instruments'"", ""'silk']""]","{""humans"": 2966.0, ""dwarves"": 0.0, ""halflings"": 755.0, ""elves"": 0.0, ""half-elves"": 0.0, ""misc."": 0.0}","{""Aristocratic"": 0.0, ""Wealthy"": 44.0, ""Comfortable"": 230.0, ""Modest"": 923.0, ""Poor"": 1149.0, ""Squalid"": 1113.0, ""Wretched"": 223.0}"
Eru,Halruaa,Halarahh,8485,1365136,1390,"{'humans': 8459, 'dwarves': 0, 'halflings': 0, 'elves': 0, 'half-elves': 0, 'misc.': 25}",46,Starvation,['Confederacy'],"{'Aristocratic': 0, 'Wealthy': 125, 'Comfortable': 566, 'Modest': 1315, 'Poor': 2723, 'Squalid': 2485, 'Wretched': 488}",0,"[""['electrum'"", ""'gold'"", ""'haerlu wine']""]","[""['exotic magic items'"", ""'jewellery'"", ""'precious metals'"", ""'musical instruments'"", ""'silk']""]",Netyarch Zalathorm Kirkson,"{'Magical defences', 'standing_militia', 'fleet', 'skyships'}",None,"['Common', 'Halruaan', ""{'Dambrathan': 'border regions only'}""]","['Azuth', 'Mystra', 'Savras', 'Shar', 'Velsharoon']",1630206,2635,,62.4,33.6,86,0,"The Shining South - Tom Prusa, 1993, Shining South - Todd Gamble, 2004","[""['electrum'"", ""'gold'"", ""'haerlu wine']""]","[""['exotic magic items'"", ""'jewellery'"", ""'precious metals'"", ""'musical instruments'"", ""'silk']""]","{""humans"": 8459.0, ""dwarves"": 0.0, ""halflings"": 0.0, ""elves"": 0.0, ""half-elves"": 0.0, ""misc."": 25.0}","{""Aristocratic"": 0.0, ""Wealthy"": 125.0, ""Comfortable"": 566.0, ""Modest"": 1315.0, ""Poor"": 2723.0, ""Squalid"": 2485.0, ""Wretched"": 488.0}"
Galdel,Halruaa,Halarahh,3809,719926,730,"{'humans': 3809, 'dwarves': 0, 'halflings': 0, 'elves': 0, 'half-elves': 0, 'misc.': 0}",46,Poison,['Patriarchy'],"{'Aristocratic': 1, 'Wealthy': 74, 'Comfortable': 300, 'Modest': 765, 'Poor': 1161, 'Squalid': 692, 'Wretched': 295}",19,"[""['electrum'"", ""'gold'"", ""'haerlu wine']""]","[""['exotic magic items'"", ""'jewellery'"", ""'precious metals'"", ""'musical instruments'"", ""'silk']""]",Netyarch Zalathorm Kirkson,"{'Magical defences', 'standing_militia', 'fleet', 'skyships'}",None,"['Common', 'Halruaan', ""{'Dambrathan': 'border regions only'}""]","['Azuth', 'Mystra', 'Savras', 'Shar', 'Velsharoon']",1630206,2635,,49.9,46.9,93,0,"The Shining South - Tom Prusa, 1993, Shining South - Todd Gamble, 2004","[""['electrum'"", ""'gold'"", ""'haerlu wine']""]","[""['exotic magic items'"", ""'jewellery'"", ""'precious metals'"", ""'musical instruments'"", ""'silk']""]","{""humans"": 3809.0, ""dwarves"": 0.0, ""halflings"": 0.0, ""elves"": 0.0, ""half-elves"": 0.0, ""misc."": 0.0}","{""Aristocratic"": 1.0, ""Wealthy"": 74.0, ""Comfortable"": 300.0, ""Modest"": 765.0, ""Poor"": 1161.0, ""Squalid"": 692.0, ""Wretched"": 295.0}"
Githim,Halruaa,Halarahh,388,52523,52,"{'humans': 388, 'dwarves': 0, 'halflings': 0, 'elves': 0, 'half-elves': 0, 'misc.': 0}",47,Exposure to the elements,['Matriarchy'],"{'Aristocratic': 0, 'Wealthy': 2, 'Comfortable': 17, 'Modest': 66, 'Poor': 135, 'Squalid': 89, 'Wretched': 7}",0,"[""['electrum'"", ""'gold'"", ""'haerlu wine']""]","[""['exotic magic items'"", ""'jewellery'"", ""'precious metals'"", ""'musical instruments'"", ""'silk']""]",Netyarch Zalathorm Kirkson,"{'Magical defences', 'standing_militia', 'fleet', 'skyships'}",None,"['Common', 'Halruaan', ""{'Dambrathan': 'border regions only'}""]","['Azuth', 'Mystra', 'Savras', 'Shar', 'Velsharoon']",1630206,2635,,51,45.1,57,0,"The Shining South - Tom Prusa, 1993, Shining South - Todd Gamble, 2004","[""['electrum'"", ""'gold'"", ""'haerlu wine']""]","[""['exotic magic items'"", ""'jewellery'"", ""'precious metals'"", ""'musical instruments'"", ""'silk']""]","{""humans"": 388.0, ""dwarves"": 0.0, ""halflings"": 0.0, ""elves"": 0.0, ""half-elves"": 0.0, ""misc."": 0.0}","{""Aristocratic"": 0.0, ""Wealthy"": 2.0, ""Comfortable"": 17.0, ""Modest"": 66.0, ""Poor"": 135.0, ""Squalid"": 89.0, ""Wretched"": 7.0}"
Halabar,Halruaa,Halarahh,4003,573816,578,"{'humans': 4003, 'dwarves': 0, 'halflings': 0, 'elves': 0, 'half-elves': 0, 'misc.': 0}",48,Magic mishaps,['Militocracy'],"{'Aristocratic': 0, 'Wealthy': 57, 'Comfortable': 248, 'Modest': 475, 'Poor': 1352, 'Squalid': 1027, 'Wretched': 180}",0,"[""['electrum'"", ""'gold'"", ""'haerlu wine']""]","[""['exotic magic items'"", ""'jewellery'"", ""'precious metals'"", ""'musical instruments'"", ""'silk']""]",Netyarch Zalathorm Kirkson,"{'Magical defences', 'standing_militia', 'fleet', 'skyships'}",None,"['Common', 'Halruaan', ""{'Dambrathan': 'border regions only'}""]","['Azuth', 'Mystra', 'Savras', 'Shar', 'Velsharoon']",1630206,2635,,56.6,40.1,68,0,"The Shining South - Tom Prusa, 1993, Shining South - Todd Gamble, 2004","[""['electrum'"", ""'gold'"", ""'haerlu wine']""]","[""['exotic magic items'"", ""'jewellery'"", ""'precious metals'"", ""'musical instruments'"", ""'silk']""]","{""humans"": 4003.0, ""dwarves"": 0.0, ""halflings"": 0.0, ""elves"": 0.0, ""half-elves"": 0.0, ""misc."": 0.0}","{""Aristocratic"": 0.0, ""Wealthy"": 57.0, ""Comfortable"": 248.0, ""Modest"": 475.0, ""Poor"": 1352.0, ""Squalid"": 1027.0, ""Wretched"": 180.0}"
Halagard,Halruaa,Halarahh,7576,1218114,1254,"{'humans': 7333, 'dwarves': 242, 'halflings': 0, 'elves': 0, 'half-elves': 0, 'misc.': 0}",53,Assassination,['Dictatorship'],"{'Aristocratic': 2, 'Wealthy': 147, 'Comfortable': 507, 'Modest': 1085, 'Poor': 2393, 'Squalid': 1517, 'Wretched': 449}",9,"[""['electrum'"", ""'gold'"", ""'haerlu wine']""]","[""['exotic magic items'"", ""'jewellery'"", ""'precious metals'"", ""'musical instruments'"", ""'silk']""]",Netyarch Zalathorm Kirkson,"{'Magical defences', 'standing_militia', 'fleet', 'skyships'}",None,"['Common', 'Halruaan', ""{'Dambrathan': 'border regions only'}""]","['Azuth', 'Mystra', 'Savras', 'Shar', 'Velsharoon']",1630206,2635,,62.2,38.6,64,0,"The Shining South - Tom Prusa, 1993, Shining South - Todd Gamble, 2004","[""['electrum'"", ""'gold'"", ""'haerlu wine']""]","[""['exotic magic items'"", ""'jewellery'"", ""'precious metals'"", ""'musical instruments'"", ""'silk']""]","{""humans"": 7333.0, ""dwarves"": 242.0, ""halflings"": 0.0, ""elves"": 0.0, ""half-elves"": 0.0, ""misc."": 0.0}","{""Aristocratic"": 2.0, ""Wealthy"": 147.0, ""Comfortable"": 507.0, ""Modest"": 1085.0, ""Poor"": 2393.0, ""Squalid"": 1517.0, ""Wretched"": 449.0}"
Halazé,Halruaa,Halarahh,849,106653,106,"{'humans': 849, 'dwarves': 0, 'halflings': 0, 'elves': 0, 'half-elves': 0, 'misc.': 0}",38,Magic mishaps,['Theocracy'],"{'Aristocratic': 0, 'Wealthy': 1, 'Comfortable': 47, 'Modest': 121, 'Poor': 265, 'Squalid': 202, 'Wretched': 12}",0,"[""['electrum'"", ""'gold'"", ""'haerlu wine']""]","[""['exotic magic items'"", ""'jewellery'"", ""'precious metals'"", ""'musical instruments'"", ""'silk']""]",Netyarch Zalathorm Kirkson,"{'Magical defences', 'standing_militia', 'fleet', 'skyships'}",None,"['Common', 'Halruaan', ""{'Dambrathan': 'border regions only'}""]","['Azuth', 'Mystra', 'Savras', 'Shar', 'Velsharoon']",1630206,2635,,57.8,42.9,60,0,"The Shining South - Tom Prusa, 1993, Shining South - Todd Gamble, 2004","[""['electrum'"", ""'gold'"", ""'haerlu wine']""]","[""['exotic magic items'"", ""'jewellery'"", ""'precious metals'"", ""'musical instruments'"", ""'silk']""]","{""humans"": 849.0, ""dwarves"": 0.0, ""halflings"": 0.0, ""elves"": 0.0, ""half-elves"": 0.0, ""misc."": 0.0}","{""Aristocratic"": 0.0, ""Wealthy"": 1.0, ""Comfortable"": 47.0, ""Modest"": 121.0, ""Poor"": 265.0, ""Squalid"": 202.0, ""Wretched"": 12.0}"
Hamphal,Halruaa,Halarahh,9875,1612606,1695,"{'humans': 5885, 'dwarves': 0, 'halflings': 3989, 'elves': 0, 'half-elves': 0, 'misc.': 0}",57,Poison,['Feudalism'],"{'Aristocratic': 4, 'Wealthy': 165, 'Comfortable': 697, 'Modest': 1419, 'Poor': 3181, 'Squalid': 2689, 'Wretched': 669}",8,"[""['electrum'"", ""'gold'"", ""'haerlu wine']""]","[""['exotic magic items'"", ""'jewellery'"", ""'precious metals'"", ""'musical instruments'"", ""'silk']""]",Netyarch Zalathorm Kirkson,"{'Magical defences', 'standing_militia', 'fleet', 'skyships'}",None,"['Common', 'Halruaan', ""{'Dambrathan': 'border regions only'}""]","['Azuth', 'Mystra', 'Savras', 'Shar', 'Velsharoon']",1630206,2635,,66.8,38.5,73,0,"The Shining South - Tom Prusa, 1993, Shining South - Todd Gamble, 2004","[""['electrum'"", ""'gold'"", ""'haerlu wine']""]","[""['exotic magic items'"", ""'jewellery'"", ""'precious metals'"", ""'musical instruments'"", ""'silk']""]","{""humans"": 5885.0, ""dwarves"": 0.0, ""halflings"": 3989.0, ""elves"": 0.0, ""half-elves"": 0.0, ""misc."": 0.0}","{""Aristocratic"": 4.0, ""Wealthy"": 165.0, ""Comfortable"": 697.0, ""Modest"": 1419.0, ""Poor"": 3181.0, ""Squalid"": 2689.0, ""Wretched"": 669.0}"
Khaerbaal,Halruaa,Halarahh,6950,1081057,1094,"{'humans': 6665, 'dwarves': 83, 'halflings': 0, 'elves': 194, 'half-elves': 0, 'misc.': 0}",56,Old age,['Plutocracy'],"{'Aristocratic': 0, 'Wealthy': 121, 'Comfortable': 492, 'Modest': 912, 'Poor': 2255, 'Squalid': 1308, 'Wretched': 432}",0,"[""['electrum'"", ""'gold'"", ""'haerlu wine']""]","[""['exotic magic items'"", ""'jewellery'"", ""'precious metals'"", ""'musical instruments'"", ""'silk']""]",Netyarch Zalathorm Kirkson,"{'Magical defences', 'standing_militia', 'fleet', 'skyships'}",None,"['Common', 'Halruaan', ""{'Dambrathan': 'border regions only'}""]","['Azuth', 'Mystra', 'Savras', 'Shar', 'Velsharoon']",1630206,2635,,63.6,33.4,82,0,"The Shining South - Tom Prusa, 1993, Shining South - Todd Gamble, 2004","[""['electrum'"", ""'gold'"", ""'haerlu wine']""]","[""['exotic magic items'"", ""'jewellery'"", ""'precious metals'"", ""'musical instruments'"", ""'silk']""]","{""humans"": 6665.0, ""dwarves"": 83.0, ""halflings"": 0.0, ""elves"": 194.0, ""half-elves"": 0.0, ""misc."": 0.0}","{""Aristocratic"": 0.0, ""Wealthy"": 121.0, ""Comfortable"": 492.0, ""Modest"": 912.0, ""Poor"": 2255.0, ""Squalid"": 1308.0, ""Wretched"": 432.0}"
Kithyym,Halruaa,Halarahh,4027,792050,798,"{'humans': 3873, 'dwarves': 4, 'halflings': 52, 'elves': 100, 'half-elves': 0, 'misc.': 0}",58,Bandit attacks,['Satrapy'],"{'Aristocratic': 0, 'Wealthy': 53, 'Comfortable': 295, 'Modest': 990, 'Poor': 1320, 'Squalid': 1140, 'Wretched': 267}",0,"[""['electrum'"", ""'gold'"", ""'haerlu wine']""]","[""['exotic magic items'"", ""'jewellery'"", ""'precious metals'"", ""'musical instruments'"", ""'silk']""]",Netyarch Zalathorm Kirkson,"{'Magical defences', 'standing_militia', 'fleet', 'skyships'}",None,"['Common', 'Halruaan', ""{'Dambrathan': 'border regions only'}""]","['Azuth', 'Mystra', 'Savras', 'Shar', 'Velsharoon']",1630206,2635,,46.3,46.9,57,0,"The Shining South - Tom Prusa, 1993, Shining South - Todd Gamble, 2004","[""['electrum'"", ""'gold'"", ""'haerlu wine']""]","[""['exotic magic items'"", ""'jewellery'"", ""'precious metals'"", ""'musical instruments'"", ""'silk']""]","{""humans"": 3873.0, ""dwarves"": 4.0, ""halflings"": 52.0, ""elves"": 100.0, ""half-elves"": 0.0, ""misc."": 0.0}","{""Aristocratic"": 0.0, ""Wealthy"": 53.0, ""Comfortable"": 295.0, ""Modest"": 990.0, ""Poor"": 1320.0, ""Squalid"": 1140.0, ""Wretched"": 267.0}"
Lath,Halruaa,Halarahh,996,98878,98,"{'humans': 996, 'dwarves': 0, 'halflings': 0, 'elves': 0, 'half-elves': 0, 'misc.': 0}",49,Exposure to the elements,['Matriarchy'],"{'Aristocratic': 0, 'Wealthy': 6, 'Comfortable': 42, 'Modest': 85, 'Poor': 312, 'Squalid': 155, 'Wretched': 18}",0,"[""['electrum'"", ""'gold'"", ""'haerlu wine']""]","[""['exotic magic items'"", ""'jewellery'"", ""'precious metals'"", ""'musical instruments'"", ""'silk']""]",Netyarch Zalathorm Kirkson,"{'Magical defences', 'standing_militia', 'fleet', 'skyships'}",None,"['Common', 'Halruaan', ""{'Dambrathan': 'border regions only'}""]","['Azuth', 'Mystra', 'Savras', 'Shar', 'Velsharoon']",1630206,2635,,67.6,45.4,55,0,"The Shining South - Tom Prusa, 1993, Shining South - Todd Gamble, 2004","[""['electrum'"", ""'gold'"", ""'haerlu wine']""]","[""['exotic magic items'"", ""'jewellery'"", ""'precious metals'"", ""'musical instruments'"", ""'silk']""]","{""humans"": 996.0, ""dwarves"": 0.0, ""halflings"": 0.0, ""elves"": 0.0, ""half-elves"": 0.0, ""misc."": 0.0}","{""Aristocratic"": 0.0, ""Wealthy"": 6.0, ""Comfortable"": 42.0, ""Modest"": 85.0, ""Poor"": 312.0, ""Squalid"": 155.0, ""Wretched"": 18.0}"
Letharr,Halruaa,Halarahh,3545,492275,494,"{'humans': 3534, 'dwarves': 0, 'halflings': 10, 'elves': 0, 'half-elves': 0, 'misc.': 0}",47,Dueling accidents,['Matriarchy'],"{'Aristocratic': 0, 'Wealthy': 48, 'Comfortable': 233, 'Modest': 405, 'Poor': 1102, 'Squalid': 653, 'Wretched': 233}",0,"[""['electrum'"", ""'gold'"", ""'haerlu wine']""]","[""['exotic magic items'"", ""'jewellery'"", ""'precious metals'"", ""'musical instruments'"", ""'silk']""]",Netyarch Zalathorm Kirkson,"{'Magical defences', 'standing_militia', 'fleet', 'skyships'}",None,"['Common', 'Halruaan', ""{'Dambrathan': 'border regions only'}""]","['Azuth', 'Mystra', 'Savras', 'Shar', 'Velsharoon']",1630206,2635,,58.1,35.2,69,0,"The Shining South - Tom Prusa, 1993, Shining South - Todd Gamble, 2004","[""['electrum'"", ""'gold'"", ""'haerlu wine']""]","[""['exotic magic items'"", ""'jewellery'"", ""'precious metals'"", ""'musical instruments'"", ""'silk']""]","{""humans"": 3534.0, ""dwarves"": 0.0, ""halflings"": 10.0, ""elves"": 0.0, ""half-elves"": 0.0, ""misc."": 0.0}","{""Aristocratic"": 0.0, ""Wealthy"": 48.0, ""Comfortable"": 233.0, ""Modest"": 405.0, ""Poor"": 1102.0, ""Squalid"": 653.0, ""Wretched"": 233.0}"
Lhaddas,Halruaa,Halarahh,8482,1580450,1619,"{'humans': 4291, 'dwarves': 4190, 'halflings': 0, 'elves': 0, 'half-elves': 0, 'misc.': 0}",105,Work-related accidents,['Patriarchy'],"{'Aristocratic': 1, 'Wealthy': 131, 'Comfortable': 642, 'Modest': 1767, 'Poor': 2667, 'Squalid': 2116, 'Wretched': 314}",14,"[""['electrum'"", ""'gold'"", ""'haerlu wine']""]","[""['exotic magic items'"", ""'jewellery'"", ""'precious metals'"", ""'musical instruments'"", ""'silk']""]",Netyarch Zalathorm Kirkson,"{'Magical defences', 'standing_militia', 'fleet', 'skyships'}",None,"['Common', 'Halruaan', ""{'Dambrathan': 'border regions only'}""]","['Azuth', 'Mystra', 'Savras', 'Shar', 'Velsharoon']",1630206,2635,,66.1,44.7,93,0,"The Shining South - Tom Prusa, 1993, Shining South - Todd Gamble, 2004","[""['electrum'"", ""'gold'"", ""'haerlu wine']""]","[""['exotic magic items'"", ""'jewellery'"", ""'precious metals'"", ""'musical instruments'"", ""'silk']""]","{""humans"": 4291.0, ""dwarves"": 4190.0, ""halflings"": 0.0, ""elves"": 0.0, ""half-elves"": 0.0, ""misc."": 0.0}","{""Aristocratic"": 1.0, ""Wealthy"": 131.0, ""Comfortable"": 642.0, ""Modest"": 1767.0, ""Poor"": 2667.0, ""Squalid"": 2116.0, ""Wretched"": 314.0}"
Lhair,Halruaa,Halarahh,383,46282,46,"{'humans': 383, 'dwarves': 0, 'halflings': 0, 'elves': 0, 'half-elves': 0, 'misc.': 0}",25,Bandit attacks,['Hierarchy'],"{'Aristocratic': 0, 'Wealthy': 3, 'Comfortable': 26, 'Modest': 27, 'Poor': 131, 'Squalid': 96, 'Wretched': 3}",0,"[""['electrum'"", ""'gold'"", ""'haerlu wine']""]","[""['exotic magic items'"", ""'jewellery'"", ""'precious metals'"", ""'musical instruments'"", ""'silk']""]",Netyarch Zalathorm Kirkson,"{'Magical defences', 'standing_militia', 'fleet', 'skyships'}",None,"['Common', 'Halruaan', ""{'Dambrathan': 'border regions only'}""]","['Azuth', 'Mystra', 'Savras', 'Shar', 'Velsharoon']",1630206,2635,,70,42.1,54,0,"The Shining South - Tom Prusa, 1993, Shining South - Todd Gamble, 2004","[""['electrum'"", ""'gold'"", ""'haerlu wine']""]","[""['exotic magic items'"", ""'jewellery'"", ""'precious metals'"", ""'musical instruments'"", ""'silk']""]","{""humans"": 383.0, ""dwarves"": 0.0, ""halflings"": 0.0, ""elves"": 0.0, ""half-elves"": 0.0, ""misc."": 0.0}","{""Aristocratic"": 0.0, ""Wealthy"": 3.0, ""Comfortable"": 26.0, ""Modest"": 27.0, ""Poor"": 131.0, ""Squalid"": 96.0, ""Wretched"": 3.0}"
Maerass,Halruaa,Halarahh,4185,795262,808,"{'humans': 3779, 'dwarves': 0, 'halflings': 405, 'elves': 0, 'half-elves': 0, 'misc.': 0}",51,Poison,['Gerontocracy'],"{'Aristocratic': 1, 'Wealthy': 72, 'Comfortable': 288, 'Modest': 895, 'Poor': 1452, 'Squalid': 1194, 'Wretched': 330}",6,"[""['electrum'"", ""'gold'"", ""'haerlu wine']""]","[""['exotic magic items'"", ""'jewellery'"", ""'precious metals'"", ""'musical instruments'"", ""'silk']""]",Netyarch Zalathorm Kirkson,"{'Magical defences', 'standing_militia', 'fleet', 'skyships'}",None,"['Common', 'Halruaan', ""{'Dambrathan': 'border regions only'}""]","['Azuth', 'Mystra', 'Savras', 'Shar', 'Velsharoon']",1630206,2635,,45.7,37.3,54,0,"The Shining South - Tom Prusa, 1993, Shining South - Todd Gamble, 2004","[""['electrum'"", ""'gold'"", ""'haerlu wine']""]","[""['exotic magic items'"", ""'jewellery'"", ""'precious metals'"", ""'musical instruments'"", ""'silk']""]","{""humans"": 3779.0, ""dwarves"": 0.0, ""halflings"": 405.0, ""elves"": 0.0, ""half-elves"": 0.0, ""misc."": 0.0}","{""Aristocratic"": 1.0, ""Wealthy"": 72.0, ""Comfortable"": 288.0, ""Modest"": 895.0, ""Poor"": 1452.0, ""Squalid"": 1194.0, ""Wretched"": 330.0}"
Maeruhal,Halruaa,Halarahh,3723,579255,582,"{'humans': 3585, 'dwarves': 137, 'halflings': 0, 'elves': 0, 'half-elves': 0, 'misc.': 0}",52,Poison,['Republic'],"{'Aristocratic': 0, 'Wealthy': 43, 'Comfortable': 235, 'Modest': 609, 'Poor': 1263, 'Squalid': 834, 'Wretched': 289}",0,"[""['electrum'"", ""'gold'"", ""'haerlu wine']""]","[""['exotic magic items'"", ""'jewellery'"", ""'precious metals'"", ""'musical instruments'"", ""'silk']""]",Netyarch Zalathorm Kirkson,"{'Magical defences', 'standing_militia', 'fleet', 'skyships'}",None,"['Common', 'Halruaan', ""{'Dambrathan': 'border regions only'}""]","['Azuth', 'Mystra', 'Savras', 'Shar', 'Velsharoon']",1630206,2635,,53.4,31.6,48,0,"The Shining South - Tom Prusa, 1993, Shining South - Todd Gamble, 2004","[""['electrum'"", ""'gold'"", ""'haerlu wine']""]","[""['exotic magic items'"", ""'jewellery'"", ""'precious metals'"", ""'musical instruments'"", ""'silk']""]","{""humans"": 3585.0, ""dwarves"": 137.0, ""halflings"": 0.0, ""elves"": 0.0, ""half-elves"": 0.0, ""misc."": 0.0}","{""Aristocratic"": 0.0, ""Wealthy"": 43.0, ""Comfortable"": 235.0, ""Modest"": 609.0, ""Poor"": 1263.0, ""Squalid"": 834.0, ""Wretched"": 289.0}"
Maerzalar,Halruaa,Halarahh,9673,1600452,1656,"{'humans': 9595, 'dwarves': 0, 'halflings': 9, 'elves': 29, 'half-elves': 48, 'misc.': 0}",46,Disease,['Matriarchy'],"{'Aristocratic': 2, 'Wealthy': 154, 'Comfortable': 592, 'Modest': 1656, 'Poor': 3296, 'Squalid': 2496, 'Wretched': 557}",10,"[""['electrum'"", ""'gold'"", ""'haerlu wine']""]","[""['exotic magic items'"", ""'jewellery'"", ""'precious metals'"", ""'musical instruments'"", ""'silk']""]",Netyarch Zalathorm Kirkson,"{'Magical defences', 'standing_militia', 'fleet', 'skyships'}",None,"['Common', 'Halruaan', ""{'Dambrathan': 'border regions only'}""]","['Azuth', 'Mystra', 'Savras', 'Shar', 'Velsharoon']",1630206,2635,,54.3,41.5,67,0,"The Shining South - Tom Prusa, 1993, Shining South - Todd Gamble, 2004","[""['electrum'"", ""'gold'"", ""'haerlu wine']""]","[""['exotic magic items'"", ""'jewellery'"", ""'precious metals'"", ""'musical instruments'"", ""'silk']""]","{""humans"": 9595.0, ""dwarves"": 0.0, ""halflings"": 9.0, ""elves"": 29.0, ""half-elves"": 48.0, ""misc."": 0.0}","{""Aristocratic"": 2.0, ""Wealthy"": 154.0, ""Comfortable"": 592.0, ""Modest"": 1656.0, ""Poor"": 3296.0, ""Squalid"": 2496.0, ""Wretched"": 557.0}"
Maezoun,Halruaa,Halarahh,706,110704,110,"{'humans': 468, 'dwarves': 0, 'halflings': 237, 'elves': 0, 'half-elves': 0, 'misc.': 0}",54,Old age,['Matriarchy'],"{'Aristocratic': 0, 'Wealthy': 6, 'Comfortable': 38, 'Modest': 136, 'Poor': 240, 'Squalid': 193, 'Wretched': 8}",0,"[""['electrum'"", ""'gold'"", ""'haerlu wine']""]","[""['exotic magic items'"", ""'jewellery'"", ""'precious metals'"", ""'musical instruments'"", ""'silk']""]",Netyarch Zalathorm Kirkson,"{'Magical defences', 'standing_militia', 'fleet', 'skyships'}",None,"['Common', 'Halruaan', ""{'Dambrathan': 'border regions only'}""]","['Azuth', 'Mystra', 'Savras', 'Shar', 'Velsharoon']",1630206,2635,,60.8,37.2,67,0,"The Shining South - Tom Prusa, 1993, Shining South - Todd Gamble, 2004","[""['electrum'"", ""'gold'"", ""'haerlu wine']""]","[""['exotic magic items'"", ""'jewellery'"", ""'precious metals'"", ""'musical instruments'"", ""'silk']""]","{""humans"": 468.0, ""dwarves"": 0.0, ""halflings"": 237.0, ""elves"": 0.0, ""half-elves"": 0.0, ""misc."": 0.0}","{""Aristocratic"": 0.0, ""Wealthy"": 6.0, ""Comfortable"": 38.0, ""Modest"": 136.0, ""Poor"": 240.0, ""Squalid"": 193.0, ""Wretched"": 8.0}"
Mairb,Halruaa,Halarahh,3842,687477,698,"{'humans': 3730, 'dwarves': 111, 'halflings': 0, 'elves': 0, 'half-elves': 0, 'misc.': 0}",50,Poison,['Republic'],"{'Aristocratic': 1, 'Wealthy': 65, 'Comfortable': 269, 'Modest': 728, 'Poor': 1179, 'Squalid': 1117, 'Wretched': 130}",15,"[""['electrum'"", ""'gold'"", ""'haerlu wine']""]","[""['exotic magic items'"", ""'jewellery'"", ""'precious metals'"", ""'musical instruments'"", ""'silk']""]",Netyarch Zalathorm Kirkson,"{'Magical defences', 'standing_militia', 'fleet', 'skyships'}",None,"['Common', 'Halruaan', ""{'Dambrathan': 'border regions only'}""]","['Azuth', 'Mystra', 'Savras', 'Shar', 'Velsharoon']",1630206,2635,,63.8,40.5,80,0,"The Shining South - Tom Prusa, 1993, Shining South - Todd Gamble, 2004","[""['electrum'"", ""'gold'"", ""'haerlu wine']""]","[""['exotic magic items'"", ""'jewellery'"", ""'precious metals'"", ""'musical instruments'"", ""'silk']""]","{""humans"": 3730.0, ""dwarves"": 111.0, ""halflings"": 0.0, ""elves"": 0.0, ""half-elves"": 0.0, ""misc."": 0.0}","{""Aristocratic"": 1.0, ""Wealthy"": 65.0, ""Comfortable"": 269.0, ""Modest"": 728.0, ""Poor"": 1179.0, ""Squalid"": 1117.0, ""Wretched"": 130.0}"
Martass,Halruaa,Halarahh,3970,620135,624,"{'humans': 3378, 'dwarves': 0, 'halflings': 0, 'elves': 0, 'half-elves': 591, 'misc.': 0}",53,Bandit attacks,['Militocracy'],"{'Aristocratic': 0, 'Wealthy': 52, 'Comfortable': 290, 'Modest': 582, 'Poor': 1218, 'Squalid': 854, 'Wretched': 249}",0,"[""['electrum'"", ""'gold'"", ""'haerlu wine']""]","[""['exotic magic items'"", ""'jewellery'"", ""'precious metals'"", ""'musical instruments'"", ""'silk']""]",Netyarch Zalathorm Kirkson,"{'Magical defences', 'standing_militia', 'fleet', 'skyships'}",None,"['Common', 'Halruaan', ""{'Dambrathan': 'border regions only'}""]","['Azuth', 'Mystra', 'Savras', 'Shar', 'Velsharoon']",1630206,2635,,67.9,36.3,65,0,"The Shining South - Tom Prusa, 1993, Shining South - Todd Gamble, 2004","[""['electrum'"", ""'gold'"", ""'haerlu wine']""]","[""['exotic magic items'"", ""'jewellery'"", ""'precious metals'"", ""'musical instruments'"", ""'silk']""]","{""humans"": 3378.0, ""dwarves"": 0.0, ""halflings"": 0.0, ""elves"": 0.0, ""half-elves"": 591.0, ""misc."": 0.0}","{""Aristocratic"": 0.0, ""Wealthy"": 52.0, ""Comfortable"": 290.0, ""Modest"": 582.0, ""Poor"": 1218.0, ""Squalid"": 854.0, ""Wretched"": 249.0}"
Mithel,Halruaa,Halarahh,403,58217,58,"{'humans': 191, 'dwarves': 211, 'halflings': 0, 'elves': 0, 'half-elves': 0, 'misc.': 0}",112,Bandit attacks,['Dictatorship'],"{'Aristocratic': 0, 'Wealthy': 3, 'Comfortable': 20, 'Modest': 73, 'Poor': 140, 'Squalid': 65, 'Wretched': 7}",0,"[""['electrum'"", ""'gold'"", ""'haerlu wine']""]","[""['exotic magic items'"", ""'jewellery'"", ""'precious metals'"", ""'musical instruments'"", ""'silk']""]",Netyarch Zalathorm Kirkson,"{'Magical defences', 'standing_militia', 'fleet', 'skyships'}",None,"['Common', 'Halruaan', ""{'Dambrathan': 'border regions only'}""]","['Azuth', 'Mystra', 'Savras', 'Shar', 'Velsharoon']",1630206,2635,,51.9,34.7,68,0,"The Shining South - Tom Prusa, 1993, Shining South - Todd Gamble, 2004","[""['electrum'"", ""'gold'"", ""'haerlu wine']""]","[""['exotic magic items'"", ""'jewellery'"", ""'precious metals'"", ""'musical instruments'"", ""'silk']""]","{""humans"": 191.0, ""dwarves"": 211.0, ""halflings"": 0.0, ""elves"": 0.0, ""half-elves"": 0.0, ""misc."": 0.0}","{""Aristocratic"": 0.0, ""Wealthy"": 3.0, ""Comfortable"": 20.0, ""Modest"": 73.0, ""Poor"": 140.0, ""Squalid"": 65.0, ""Wretched"": 7.0}"
Mithtar,Halruaa,Halarahh,39960,8151983,33382,"{'humans': 39920, 'dwarves': 0, 'halflings': 0, 'elves': 0, 'half-elves': 0, 'misc.': 39}",48,Assassination,['Oligarchy'],"{'Aristocratic': 195, 'Wealthy': 746, 'Comfortable': 4152, 'Modest': 5440, 'Poor': 13509, 'Squalid': 9544, 'Wretched': 2526}",4,"[""['electrum'"", ""'gold'"", ""'haerlu wine']""]","[""['exotic magic items'"", ""'jewellery'"", ""'precious metals'"", ""'musical instruments'"", ""'silk']""]",Netyarch Zalathorm Kirkson,"{'Magical defences', 'standing_militia', 'fleet', 'skyships'}",guilds,"['Common', 'Halruaan', ""{'Dambrathan': 'border regions only'}""]","['Azuth', 'Mystra', 'Savras', 'Shar', 'Velsharoon']",1630206,2635,,64.1,44.2,53,0,"The Shining South - Tom Prusa, 1993, Shining South - Todd Gamble, 2004","[""['electrum'"", ""'gold'"", ""'haerlu wine']""]","[""['exotic magic items'"", ""'jewellery'"", ""'precious metals'"", ""'musical instruments'"", ""'silk']""]","{""humans"": 39920.0, ""dwarves"": 0.0, ""halflings"": 0.0, ""elves"": 0.0, ""half-elves"": 0.0, ""misc."": 39.0}","{""Aristocratic"": 195.0, ""Wealthy"": 746.0, ""Comfortable"": 4152.0, ""Modest"": 5440.0, ""Poor"": 13509.0, ""Squalid"": 9544.0, ""Wretched"": 2526.0}"
Nishtul,Halruaa,Halarahh,380,57597,57,"{'humans': 242, 'dwarves': 137, 'halflings': 0, 'elves': 0, 'half-elves': 0, 'misc.': 0}",94,Old age,['Hierarchy'],"{'Aristocratic': 0, 'Wealthy': 1, 'Comfortable': 22, 'Modest': 74, 'Poor': 130, 'Squalid': 98, 'Wretched': 5}",0,"[""['electrum'"", ""'gold'"", ""'haerlu wine']""]","[""['exotic magic items'"", ""'jewellery'"", ""'precious metals'"", ""'musical instruments'"", ""'silk']""]",Netyarch Zalathorm Kirkson,"{'Magical defences', 'standing_militia', 'fleet', 'skyships'}",None,"['Common', 'Halruaan', ""{'Dambrathan': 'border regions only'}""]","['Azuth', 'Mystra', 'Savras', 'Shar', 'Velsharoon']",1630206,2635,,58,35.9,66,0,"The Shining South - Tom Prusa, 1993, Shining South - Todd Gamble, 2004","[""['electrum'"", ""'gold'"", ""'haerlu wine']""]","[""['exotic magic items'"", ""'jewellery'"", ""'precious metals'"", ""'musical instruments'"", ""'silk']""]","{""humans"": 242.0, ""dwarves"": 137.0, ""halflings"": 0.0, ""elves"": 0.0, ""half-elves"": 0.0, ""misc."": 0.0}","{""Aristocratic"": 0.0, ""Wealthy"": 1.0, ""Comfortable"": 22.0, ""Modest"": 74.0, ""Poor"": 130.0, ""Squalid"": 98.0, ""Wretched"": 5.0}"
Nuulatha,Halruaa,Halarahh,679,106470,106,"{'humans': 332, 'dwarves': 346, 'halflings': 0, 'elves': 0, 'half-elves': 0, 'misc.': 0}",108,Bandit attacks,['Republic'],"{'Aristocratic': 0, 'Wealthy': 4, 'Comfortable': 46, 'Modest': 123, 'Poor': 222, 'Squalid': 163, 'Wretched': 8}",0,"[""['electrum'"", ""'gold'"", ""'haerlu wine']""]","[""['exotic magic items'"", ""'jewellery'"", ""'precious metals'"", ""'musical instruments'"", ""'silk']""]",Netyarch Zalathorm Kirkson,"{'Magical defences', 'standing_militia', 'fleet', 'skyships'}",None,"['Common', 'Halruaan', ""{'Dambrathan': 'border regions only'}""]","['Azuth', 'Mystra', 'Savras', 'Shar', 'Velsharoon']",1630206,2635,,66.8,39.9,67,0,"The Shining South - Tom Prusa, 1993, Shining South - Todd Gamble, 2004","[""['electrum'"", ""'gold'"", ""'haerlu wine']""]","[""['exotic magic items'"", ""'jewellery'"", ""'precious metals'"", ""'musical instruments'"", ""'silk']""]","{""humans"": 332.0, ""dwarves"": 346.0, ""halflings"": 0.0, ""elves"": 0.0, ""half-elves"": 0.0, ""misc."": 0.0}","{""Aristocratic"": 0.0, ""Wealthy"": 4.0, ""Comfortable"": 46.0, ""Modest"": 123.0, ""Poor"": 222.0, ""Squalid"": 163.0, ""Wretched"": 8.0}"
Orbedal,Halruaa,Halarahh,4005,589511,594,"{'humans': 3536, 'dwarves': 468, 'halflings': 0, 'elves': 0, 'half-elves': 0, 'misc.': 0}",61,Magic mishaps,['Dictatorship'],"{'Aristocratic': 0, 'Wealthy': 51, 'Comfortable': 258, 'Modest': 514, 'Poor': 1380, 'Squalid': 1051, 'Wretched': 212}",0,"[""['electrum'"", ""'gold'"", ""'haerlu wine']""]","[""['exotic magic items'"", ""'jewellery'"", ""'precious metals'"", ""'musical instruments'"", ""'silk']""]",Netyarch Zalathorm Kirkson,"{'Magical defences', 'standing_militia', 'fleet', 'skyships'}",None,"['Common', 'Halruaan', ""{'Dambrathan': 'border regions only'}""]","['Azuth', 'Mystra', 'Savras', 'Shar', 'Velsharoon']",1630206,2635,,58.8,43.5,90,0,"The Shining South - Tom Prusa, 1993, Shining South - Todd Gamble, 2004","[""['electrum'"", ""'gold'"", ""'haerlu wine']""]","[""['exotic magic items'"", ""'jewellery'"", ""'precious metals'"", ""'musical instruments'"", ""'silk']""]","{""humans"": 3536.0, ""dwarves"": 468.0, ""halflings"": 0.0, ""elves"": 0.0, ""half-elves"": 0.0, ""misc."": 0.0}","{""Aristocratic"": 0.0, ""Wealthy"": 51.0, ""Comfortable"": 258.0, ""Modest"": 514.0, ""Poor"": 1380.0, ""Squalid"": 1051.0, ""Wretched"": 212.0}"
Rulasuu,Halruaa,Halarahh,3805,707552,717,"{'humans': 3595, 'dwarves': 15, 'halflings': 0, 'elves': 0, 'half-elves': 190, 'misc.': 0}",52,Magic mishaps,['Oligarchy'],"{'Aristocratic': 1, 'Wealthy': 51, 'Comfortable': 257, 'Modest': 887, 'Poor': 1194, 'Squalid': 847, 'Wretched': 238}",6,"[""['electrum'"", ""'gold'"", ""'haerlu wine']""]","[""['exotic magic items'"", ""'jewellery'"", ""'precious metals'"", ""'musical instruments'"", ""'silk']""]",Netyarch Zalathorm Kirkson,"{'Magical defences', 'standing_militia', 'fleet', 'skyships'}",None,"['Common', 'Halruaan', ""{'Dambrathan': 'border regions only'}""]","['Azuth', 'Mystra', 'Savras', 'Shar', 'Velsharoon']",1630206,2635,,46.7,48.5,65,0,"The Shining South - Tom Prusa, 1993, Shining South - Todd Gamble, 2004","[""['electrum'"", ""'gold'"", ""'haerlu wine']""]","[""['exotic magic items'"", ""'jewellery'"", ""'precious metals'"", ""'musical instruments'"", ""'silk']""]","{""humans"": 3595.0, ""dwarves"": 15.0, ""halflings"": 0.0, ""elves"": 0.0, ""half-elves"": 190.0, ""misc."": 0.0}","{""Aristocratic"": 1.0, ""Wealthy"": 51.0, ""Comfortable"": 257.0, ""Modest"": 887.0, ""Poor"": 1194.0, ""Squalid"": 847.0, ""Wretched"": 238.0}"
Rwamphaler,Halruaa,Halarahh,392,42267,42,"{'humans': 392, 'dwarves': 0, 'halflings': 0, 'elves': 0, 'half-elves': 0, 'misc.': 0}",47,Assassination,['Satrapy'],"{'Aristocratic': 0, 'Wealthy': 2, 'Comfortable': 22, 'Modest': 28, 'Poor': 131, 'Squalid': 96, 'Wretched': 6}",0,"[""['electrum'"", ""'gold'"", ""'haerlu wine']""]","[""['exotic magic items'"", ""'jewellery'"", ""'precious metals'"", ""'musical instruments'"", ""'silk']""]",Netyarch Zalathorm Kirkson,"{'Magical defences', 'standing_militia', 'fleet', 'skyships'}",None,"['Common', 'Halruaan', ""{'Dambrathan': 'border regions only'}""]","['Azuth', 'Mystra', 'Savras', 'Shar', 'Velsharoon']",1630206,2635,,48,48.9,69,0,"The Shining South - Tom Prusa, 1993, Shining South - Todd Gamble, 2004","[""['electrum'"", ""'gold'"", ""'haerlu wine']""]","[""['exotic magic items'"", ""'jewellery'"", ""'precious metals'"", ""'musical instruments'"", ""'silk']""]","{""humans"": 392.0, ""dwarves"": 0.0, ""halflings"": 0.0, ""elves"": 0.0, ""half-elves"": 0.0, ""misc."": 0.0}","{""Aristocratic"": 0.0, ""Wealthy"": 2.0, ""Comfortable"": 22.0, ""Modest"": 28.0, ""Poor"": 131.0, ""Squalid"": 96.0, ""Wretched"": 6.0}"
Salhantar,Halruaa,Halarahh,3661,644517,649,"{'humans': 3661, 'dwarves': 0, 'halflings': 0, 'elves': 0, 'half-elves': 0, 'misc.': 0}",49,Bandit attacks,['Monarchy'],"{'Aristocratic': 0, 'Wealthy': 71, 'Comfortable': 228, 'Modest': 701, 'Poor': 1190, 'Squalid': 868, 'Wretched': 139}",0,"[""['electrum'"", ""'gold'"", ""'haerlu wine']""]","[""['exotic magic items'"", ""'jewellery'"", ""'precious metals'"", ""'musical instruments'"", ""'silk']""]",Netyarch Zalathorm Kirkson,"{'Magical defences', 'standing_militia', 'fleet', 'skyships'}",None,"['Common', 'Halruaan', ""{'Dambrathan': 'border regions only'}""]","['Azuth', 'Mystra', 'Savras', 'Shar', 'Velsharoon']",1630206,2635,,61.7,33.2,64,0,"The Shining South - Tom Prusa, 1993, Shining South - Todd Gamble, 2004","[""['electrum'"", ""'gold'"", ""'haerlu wine']""]","[""['exotic magic items'"", ""'jewellery'"", ""'precious metals'"", ""'musical instruments'"", ""'silk']""]","{""humans"": 3661.0, ""dwarves"": 0.0, ""halflings"": 0.0, ""elves"": 0.0, ""half-elves"": 0.0, ""misc."": 0.0}","{""Aristocratic"": 0.0, ""Wealthy"": 71.0, ""Comfortable"": 228.0, ""Modest"": 701.0, ""Poor"": 1190.0, ""Squalid"": 868.0, ""Wretched"": 139.0}"
Ssorsil,Halruaa,Halarahh,3814,698719,708,"{'humans': 2429, 'dwarves': 1384, 'halflings': 0, 'elves': 0, 'half-elves': 0, 'misc.': 0}",93,Exposure to the elements,['Dictatorship'],"{'Aristocratic': 1, 'Wealthy': 63, 'Comfortable': 262, 'Modest': 794, 'Poor': 1280, 'Squalid': 783, 'Wretched': 220}",5,"[""['electrum'"", ""'gold'"", ""'haerlu wine']""]","[""['exotic magic items'"", ""'jewellery'"", ""'precious metals'"", ""'musical instruments'"", ""'silk']""]",Netyarch Zalathorm Kirkson,"{'Magical defences', 'standing_militia', 'fleet', 'skyships'}",None,"['Common', 'Halruaan', ""{'Dambrathan': 'border regions only'}""]","['Azuth', 'Mystra', 'Savras', 'Shar', 'Velsharoon']",1630206,2635,,48.7,43.4,66,0,"The Shining South - Tom Prusa, 1993, Shining South - Todd Gamble, 2004","[""['electrum'"", ""'gold'"", ""'haerlu wine']""]","[""['exotic magic items'"", ""'jewellery'"", ""'precious metals'"", ""'musical instruments'"", ""'silk']""]","{""humans"": 2429.0, ""dwarves"": 1384.0, ""halflings"": 0.0, ""elves"": 0.0, ""half-elves"": 0.0, ""misc."": 0.0}","{""Aristocratic"": 1.0, ""Wealthy"": 63.0, ""Comfortable"": 262.0, ""Modest"": 794.0, ""Poor"": 1280.0, ""Squalid"": 783.0, ""Wretched"": 220.0}"
Sulaziir,Halruaa,Halarahh,8935,1359844,1390,"{'humans': 7371, 'dwarves': 1563, 'halflings': 0, 'elves': 0, 'half-elves': 0, 'misc.': 0}",70,Magic mishaps,['Confederacy'],"{'Aristocratic': 1, 'Wealthy': 115, 'Comfortable': 693, 'Modest': 1121, 'Poor': 2789, 'Squalid': 1908, 'Wretched': 380}",7,"[""['electrum'"", ""'gold'"", ""'haerlu wine']""]","[""['exotic magic items'"", ""'jewellery'"", ""'precious metals'"", ""'musical instruments'"", ""'silk']""]",Netyarch Zalathorm Kirkson,"{'Magical defences', 'standing_militia', 'fleet', 'skyships'}",None,"['Common', 'Halruaan', ""{'Dambrathan': 'border regions only'}""]","['Azuth', 'Mystra', 'Savras', 'Shar', 'Velsharoon']",1630206,2635,,64.8,47.3,88,0,"The Shining South - Tom Prusa, 1993, Shining South - Todd Gamble, 2004","[""['electrum'"", ""'gold'"", ""'haerlu wine']""]","[""['exotic magic items'"", ""'jewellery'"", ""'precious metals'"", ""'musical instruments'"", ""'silk']""]","{""humans"": 7371.0, ""dwarves"": 1563.0, ""halflings"": 0.0, ""elves"": 0.0, ""half-elves"": 0.0, ""misc."": 0.0}","{""Aristocratic"": 1.0, ""Wealthy"": 115.0, ""Comfortable"": 693.0, ""Modest"": 1121.0, ""Poor"": 2789.0, ""Squalid"": 1908.0, ""Wretched"": 380.0}"
Talathgard,Halruaa,Halarahh,209,21936,21,"{'humans': 209, 'dwarves': 0, 'halflings': 0, 'elves': 0, 'half-elves': 0, 'misc.': 0}",46,Bandit attacks,['Matriarchy'],"{'Aristocratic': 0, 'Wealthy': 1, 'Comfortable': 11, 'Modest': 16, 'Poor': 69, 'Squalid': 43, 'Wretched': 2}",0,"[""['electrum'"", ""'gold'"", ""'haerlu wine']""]","[""['exotic magic items'"", ""'jewellery'"", ""'precious metals'"", ""'musical instruments'"", ""'silk']""]",Netyarch Zalathorm Kirkson,"{'Magical defences', 'standing_militia', 'fleet', 'skyships'}",None,"['Common', 'Halruaan', ""{'Dambrathan': 'border regions only'}""]","['Azuth', 'Mystra', 'Savras', 'Shar', 'Velsharoon']",1630206,2635,,48,41.2,68,0,"The Shining South - Tom Prusa, 1993, Shining South - Todd Gamble, 2004","[""['electrum'"", ""'gold'"", ""'haerlu wine']""]","[""['exotic magic items'"", ""'jewellery'"", ""'precious metals'"", ""'musical instruments'"", ""'silk']""]","{""humans"": 209.0, ""dwarves"": 0.0, ""halflings"": 0.0, ""elves"": 0.0, ""half-elves"": 0.0, ""misc."": 0.0}","{""Aristocratic"": 0.0, ""Wealthy"": 1.0, ""Comfortable"": 11.0, ""Modest"": 16.0, ""Poor"": 69.0, ""Squalid"": 43.0, ""Wretched"": 2.0}"
Thilzoun,Halruaa,Halarahh,3939,623237,632,"{'humans': 3939, 'dwarves': 0, 'halflings': 0, 'elves': 0, 'half-elves': 0, 'misc.': 0}",48,Bandit attacks,['Republic'],"{'Aristocratic': 1, 'Wealthy': 44, 'Comfortable': 294, 'Modest': 597, 'Poor': 1190, 'Squalid': 985, 'Wretched': 152}",4,"[""['electrum'"", ""'gold'"", ""'haerlu wine']""]","[""['exotic magic items'"", ""'jewellery'"", ""'precious metals'"", ""'musical instruments'"", ""'silk']""]",Netyarch Zalathorm Kirkson,"{'Magical defences', 'standing_militia', 'fleet', 'skyships'}",None,"['Common', 'Halruaan', ""{'Dambrathan': 'border regions only'}""]","['Azuth', 'Mystra', 'Savras', 'Shar', 'Velsharoon']",1630206,2635,,57.6,47.2,89,0,"The Shining South - Tom Prusa, 1993, Shining South - Todd Gamble, 2004","[""['electrum'"", ""'gold'"", ""'haerlu wine']""]","[""['exotic magic items'"", ""'jewellery'"", ""'precious metals'"", ""'musical instruments'"", ""'silk']""]","{""humans"": 3939.0, ""dwarves"": 0.0, ""halflings"": 0.0, ""elves"": 0.0, ""half-elves"": 0.0, ""misc."": 0.0}","{""Aristocratic"": 1.0, ""Wealthy"": 44.0, ""Comfortable"": 294.0, ""Modest"": 597.0, ""Poor"": 1190.0, ""Squalid"": 985.0, ""Wretched"": 152.0}"
Thom,Halruaa,Halarahh,9214,1725282,1772,"{'humans': 9214, 'dwarves': 0, 'halflings': 0, 'elves': 0, 'half-elves': 0, 'misc.': 0}",46,Disease,['Magocracy'],"{'Aristocratic': 1, 'Wealthy': 142, 'Comfortable': 583, 'Modest': 2163, 'Poor': 2794, 'Squalid': 2610, 'Wretched': 350}",6,"[""['electrum'"", ""'gold'"", ""'haerlu wine']""]","[""['exotic magic items'"", ""'jewellery'"", ""'precious metals'"", ""'musical instruments'"", ""'silk']""]",Netyarch Zalathorm Kirkson,"{'Magical defences', 'standing_militia', 'fleet', 'skyships'}",None,"['Common', 'Halruaan', ""{'Dambrathan': 'border regions only'}""]","['Azuth', 'Mystra', 'Savras', 'Shar', 'Velsharoon']",1630206,2635,,62.2,37.7,84,0,"The Shining South - Tom Prusa, 1993, Shining South - Todd Gamble, 2004","[""['electrum'"", ""'gold'"", ""'haerlu wine']""]","[""['exotic magic items'"", ""'jewellery'"", ""'precious metals'"", ""'musical instruments'"", ""'silk']""]","{""humans"": 9214.0, ""dwarves"": 0.0, ""halflings"": 0.0, ""elves"": 0.0, ""half-elves"": 0.0, ""misc."": 0.0}","{""Aristocratic"": 1.0, ""Wealthy"": 142.0, ""Comfortable"": 583.0, ""Modest"": 2163.0, ""Poor"": 2794.0, ""Squalid"": 2610.0, ""Wretched"": 350.0}"
Yaulazna,Halruaa,Halarahh,424,51976,51,"{'humans': 398, 'dwarves': 25, 'halflings': 0, 'elves': 0, 'half-elves': 0, 'misc.': 0}",58,Exposure to the elements,['Plutocracy'],"{'Aristocratic': 0, 'Wealthy': 0, 'Comfortable': 19, 'Modest': 69, 'Poor': 140, 'Squalid': 74, 'Wretched': 4}",0,"[""['electrum'"", ""'gold'"", ""'haerlu wine']""]","[""['exotic magic items'"", ""'jewellery'"", ""'precious metals'"", ""'musical instruments'"", ""'silk']""]",Netyarch Zalathorm Kirkson,"{'Magical defences', 'standing_militia', 'fleet', 'skyships'}",None,"['Common', 'Halruaan', ""{'Dambrathan': 'border regions only'}""]","['Azuth', 'Mystra', 'Savras', 'Shar', 'Velsharoon']",1630206,2635,,51.7,48.6,68,0,"The Shining South - Tom Prusa, 1993, Shining South - Todd Gamble, 2004","[""['electrum'"", ""'gold'"", ""'haerlu wine']""]","[""['exotic magic items'"", ""'jewellery'"", ""'precious metals'"", ""'musical instruments'"", ""'silk']""]","{""humans"": 398.0, ""dwarves"": 25.0, ""halflings"": 0.0, ""elves"": 0.0, ""half-elves"": 0.0, ""misc."": 0.0}","{""Aristocratic"": 0.0, ""Wealthy"": 0.0, ""Comfortable"": 19.0, ""Modest"": 69.0, ""Poor"": 140.0, ""Squalid"": 74.0, ""Wretched"": 4.0}"
Zalazuu,Halruaa,Halarahh,4798,729927,735,"{'humans': 4798, 'dwarves': 0, 'halflings': 0, 'elves': 0, 'half-elves': 0, 'misc.': 0}",49,Disease,['Confederacy'],"{'Aristocratic': 0, 'Wealthy': 67, 'Comfortable': 361, 'Modest': 618, 'Poor': 1459, 'Squalid': 1000, 'Wretched': 340}",0,"[""['electrum'"", ""'gold'"", ""'haerlu wine']""]","[""['exotic magic items'"", ""'jewellery'"", ""'precious metals'"", ""'musical instruments'"", ""'silk']""]",Netyarch Zalathorm Kirkson,"{'Magical defences', 'standing_militia', 'fleet', 'skyships'}",None,"['Common', 'Halruaan', ""{'Dambrathan': 'border regions only'}""]","['Azuth', 'Mystra', 'Savras', 'Shar', 'Velsharoon']",1630206,2635,,60.7,39.1,84,0,"The Shining South - Tom Prusa, 1993, Shining South - Todd Gamble, 2004","[""['electrum'"", ""'gold'"", ""'haerlu wine']""]","[""['exotic magic items'"", ""'jewellery'"", ""'precious metals'"", ""'musical instruments'"", ""'silk']""]","{""humans"": 4798.0, ""dwarves"": 0.0, ""halflings"": 0.0, ""elves"": 0.0, ""half-elves"": 0.0, ""misc."": 0.0}","{""Aristocratic"": 0.0, ""Wealthy"": 67.0, ""Comfortable"": 361.0, ""Modest"": 618.0, ""Poor"": 1459.0, ""Squalid"": 1000.0, ""Wretched"": 340.0}"
Zhal,Halruaa,Halarahh,394,52231,52,"{'humans': 372, 'dwarves': 0, 'halflings': 0, 'elves': 0, 'half-elves': 21, 'misc.': 0}",51,Old age,['Magocracy'],"{'Aristocratic': 0, 'Wealthy': 3, 'Comfortable': 20, 'Modest': 59, 'Poor': 131, 'Squalid': 59, 'Wretched': 6}",0,"[""['electrum'"", ""'gold'"", ""'haerlu wine']""]","[""['exotic magic items'"", ""'jewellery'"", ""'precious metals'"", ""'musical instruments'"", ""'silk']""]",Netyarch Zalathorm Kirkson,"{'Magical defences', 'standing_militia', 'fleet', 'skyships'}",None,"['Common', 'Halruaan', ""{'Dambrathan': 'border regions only'}""]","['Azuth', 'Mystra', 'Savras', 'Shar', 'Velsharoon']",1630206,2635,,54.8,30.6,68,0,"The Shining South - Tom Prusa, 1993, Shining South - Todd Gamble, 2004","[""['electrum'"", ""'gold'"", ""'haerlu wine']""]","[""['exotic magic items'"", ""'jewellery'"", ""'precious metals'"", ""'musical instruments'"", ""'silk']""]","{""humans"": 372.0, ""dwarves"": 0.0, ""halflings"": 0.0, ""elves"": 0.0, ""half-elves"": 21.0, ""misc."": 0.0}","{""Aristocratic"": 0.0, ""Wealthy"": 3.0, ""Comfortable"": 20.0, ""Modest"": 59.0, ""Poor"": 131.0, ""Squalid"": 59.0, ""Wretched"": 6.0}"
Zoundar,Halruaa,Halarahh,909,125304,125,"{'humans': 549, 'dwarves': 0, 'halflings': 0, 'elves': 359, 'half-elves': 0, 'misc.': 0}",170,Exposure to the elements,['Satrapy'],"{'Aristocratic': 0, 'Wealthy': 4, 'Comfortable': 37, 'Modest': 169, 'Poor': 301, 'Squalid': 241, 'Wretched': 9}",0,"[""['electrum'"", ""'gold'"", ""'haerlu wine']""]","[""['exotic magic items'"", ""'jewellery'"", ""'precious metals'"", ""'musical instruments'"", ""'silk']""]",Netyarch Zalathorm Kirkson,"{'Magical defences', 'standing_militia', 'fleet', 'skyships'}",None,"['Common', 'Halruaan', ""{'Dambrathan': 'border regions only'}""]","['Azuth', 'Mystra', 'Savras', 'Shar', 'Velsharoon']",1630206,2635,,68.7,30.2,79,0,"The Shining South - Tom Prusa, 1993, Shining South - Todd Gamble, 2004","[""['electrum'"", ""'gold'"", ""'haerlu wine']""]","[""['exotic magic items'"", ""'jewellery'"", ""'precious metals'"", ""'musical instruments'"", ""'silk']""]","{""humans"": 549.0, ""dwarves"": 0.0, ""halflings"": 0.0, ""elves"": 359.0, ""half-elves"": 0.0, ""misc."": 0.0}","{""Aristocratic"": 0.0, ""Wealthy"": 4.0, ""Comfortable"": 37.0, ""Modest"": 169.0, ""Poor"": 301.0, ""Squalid"": 241.0, ""Wretched"": 9.0}"
Zzuntal,Halruaa,Halarahh,3775,597103,600,"{'humans': 3646, 'dwarves': 0, 'halflings': 128, 'elves': 0, 'half-elves': 0, 'misc.': 0}",49,Starvation,['Patriarchy'],"{'Aristocratic': 0, 'Wealthy': 51, 'Comfortable': 299, 'Modest': 500, 'Poor': 1318, 'Squalid': 703, 'Wretched': 138}",0,"[""['electrum'"", ""'gold'"", ""'haerlu wine']""]","[""['exotic magic items'"", ""'jewellery'"", ""'precious metals'"", ""'musical instruments'"", ""'silk']""]",Netyarch Zalathorm Kirkson,"{'Magical defences', 'standing_militia', 'fleet', 'skyships'}",None,"['Common', 'Halruaan', ""{'Dambrathan': 'border regions only'}""]","['Azuth', 'Mystra', 'Savras', 'Shar', 'Velsharoon']",1630206,2635,,52.5,40.1,83,0,"The Shining South - Tom Prusa, 1993, Shining South - Todd Gamble, 2004","[""['electrum'"", ""'gold'"", ""'haerlu wine']""]","[""['exotic magic items'"", ""'jewellery'"", ""'precious metals'"", ""'musical instruments'"", ""'silk']""]","{""humans"": 3646.0, ""dwarves"": 0.0, ""halflings"": 128.0, ""elves"": 0.0, ""half-elves"": 0.0, ""misc."": 0.0}","{""Aristocratic"": 0.0, ""Wealthy"": 51.0, ""Comfortable"": 299.0, ""Modest"": 500.0, ""Poor"": 1318.0, ""Squalid"": 703.0, ""Wretched"": 138.0}"
Lyrabar,Impiltur,Lyrabar,49028,9143469,22298,"{'humans': 49028, 'dwarves': 0, 'halflings': 0, 'misc.': 0}",45,Disease,['Theocracy'],"{'Aristocratic': 80, 'Wealthy': 652, 'Comfortable': 5707, 'Modest': 5171, 'Poor': 16610, 'Squalid': 17356, 'Wretched': 2454}",14,"[""['gems'"", ""'bloodstone'"", ""'gold'"", ""'iron'"", ""'silver'"", ""'trade goods from damara and earthfast']""]","[""['exotic goods'"", ""'fruit'"", ""'shipbuilders'"", ""'tea'"", ""'vegetables'"", ""'wood products']""]","{'monarch': 'King Imbrar II', 'heir': 'King Imbrar II', 'regent': 'Queen Regent Sambryl', 'council': 'The Lords of Imphras II'}","['The Warswords', 'The Most Holy Order of the Sacred Shrike', 'The Triadic Knights', 'The Swordpoints']",guilds,"['Common', 'Damaran']","['Ilmater', 'Selûne', 'Torm', 'Tymora', 'Tyr', 'Valkur', 'Waukeen']",1168875,57428,,51.4,38.2,61,0,"The Bloodstone Lands - Bob Salvatore, 1989, Impiltur: The Forgotten Kingdom - George Krashos, Dragon #346, August 2006, The Grand History of the Realms - Brian R. James, Ed Greenwood, George Krashos, Eric L. Boyd, Thomas Costa, 2007","[""['gems'"", ""'bloodstone'"", ""'gold'"", ""'iron'"", ""'silver'"", ""'trade goods from damara and earthfast']""]","[""['exotic goods'"", ""'fruit'"", ""'shipbuilders'"", ""'tea'"", ""'vegetables'"", ""'wood products']""]","{""humans"": 49028.0, ""dwarves"": 0.0, ""halflings"": 0.0, ""misc."": 0.0}","{""Aristocratic"": 80.0, ""Wealthy"": 652.0, ""Comfortable"": 5707.0, ""Modest"": 5171.0, ""Poor"": 16610.0, ""Squalid"": 17356.0, ""Wretched"": 2454.0}"
Arn’s Cove,Impiltur,Lyrabar,976,126545,126,"{'humans': 976, 'dwarves': 0, 'halflings': 0, 'misc.': 0}",46,Old age,['Patriarchy'],"{'Aristocratic': 0, 'Wealthy': 6, 'Comfortable': 40, 'Modest': 159, 'Poor': 319, 'Squalid': 199, 'Wretched': 16}",0,"[""['gems'"", ""'bloodstone'"", ""'gold'"", ""'iron'"", ""'silver'"", ""'trade goods from damara and earthfast']""]","[""['exotic goods'"", ""'fruit'"", ""'shipbuilders'"", ""'tea'"", ""'vegetables'"", ""'wood products']""]","{'monarch': 'King Imbrar II', 'heir': 'King Imbrar II', 'regent': 'Queen Regent Sambryl', 'council': 'The Lords of Imphras II'}","['The Warswords', 'The Most Holy Order of the Sacred Shrike', 'The Triadic Knights', 'The Swordpoints']",None,"['Common', 'Damaran']","['Ilmater', 'Selûne', 'Torm', 'Tymora', 'Tyr', 'Valkur', 'Waukeen']",1168875,57428,,59.9,42,60,0,"The Bloodstone Lands - Bob Salvatore, 1989, Impiltur: The Forgotten Kingdom - George Krashos, Dragon #346, August 2006, The Grand History of the Realms - Brian R. James, Ed Greenwood, George Krashos, Eric L. Boyd, Thomas Costa, 2007","[""['gems'"", ""'bloodstone'"", ""'gold'"", ""'iron'"", ""'silver'"", ""'trade goods from damara and earthfast']""]","[""['exotic goods'"", ""'fruit'"", ""'shipbuilders'"", ""'tea'"", ""'vegetables'"", ""'wood products']""]","{""humans"": 976.0, ""dwarves"": 0.0, ""halflings"": 0.0, ""misc."": 0.0}","{""Aristocratic"": 0.0, ""Wealthy"": 6.0, ""Comfortable"": 40.0, ""Modest"": 159.0, ""Poor"": 319.0, ""Squalid"": 199.0, ""Wretched"": 16.0}"
Bay Town,Impiltur,Lyrabar,1679,337406,338,"{'humans': 1679, 'dwarves': 0, 'halflings': 0, 'misc.': 0}",45,Bandit attacks,['Dictatorship'],"{'Aristocratic': 0, 'Wealthy': 27, 'Comfortable': 126, 'Modest': 416, 'Poor': 520, 'Squalid': 444, 'Wretched': 120}",0,"[""['gems'"", ""'bloodstone'"", ""'gold'"", ""'iron'"", ""'silver'"", ""'trade goods from damara and earthfast']""]","[""['exotic goods'"", ""'fruit'"", ""'shipbuilders'"", ""'tea'"", ""'vegetables'"", ""'wood products']""]","{'monarch': 'King Imbrar II', 'heir': 'King Imbrar II', 'regent': 'Queen Regent Sambryl', 'council': 'The Lords of Imphras II'}","['The Warswords', 'The Most Holy Order of the Sacred Shrike', 'The Triadic Knights', 'The Swordpoints']",None,"['Common', 'Damaran']","['Ilmater', 'Selûne', 'Torm', 'Tymora', 'Tyr', 'Valkur', 'Waukeen']",1168875,57428,,46.9,35.5,84,0,"The Bloodstone Lands - Bob Salvatore, 1989, Impiltur: The Forgotten Kingdom - George Krashos, Dragon #346, August 2006, The Grand History of the Realms - Brian R. James, Ed Greenwood, George Krashos, Eric L. Boyd, Thomas Costa, 2007","[""['gems'"", ""'bloodstone'"", ""'gold'"", ""'iron'"", ""'silver'"", ""'trade goods from damara and earthfast']""]","[""['exotic goods'"", ""'fruit'"", ""'shipbuilders'"", ""'tea'"", ""'vegetables'"", ""'wood products']""]","{""humans"": 1679.0, ""dwarves"": 0.0, ""halflings"": 0.0, ""misc."": 0.0}","{""Aristocratic"": 0.0, ""Wealthy"": 27.0, ""Comfortable"": 126.0, ""Modest"": 416.0, ""Poor"": 520.0, ""Squalid"": 444.0, ""Wretched"": 120.0}"
Borgar’s Mill,Impiltur,Lyrabar,474,43143,43,"{'humans': 474, 'dwarves': 0, 'halflings': 0, 'misc.': 0}",45,Old age,['Plutocracy'],"{'Aristocratic': 0, 'Wealthy': 1, 'Comfortable': 20, 'Modest': 35, 'Poor': 154, 'Squalid': 84, 'Wretched': 7}",0,"[""['gems'"", ""'bloodstone'"", ""'gold'"", ""'iron'"", ""'silver'"", ""'trade goods from damara and earthfast']""]","[""['exotic goods'"", ""'fruit'"", ""'shipbuilders'"", ""'tea'"", ""'vegetables'"", ""'wood products']""]","{'monarch': 'King Imbrar II', 'heir': 'King Imbrar II', 'regent': 'Queen Regent Sambryl', 'council': 'The Lords of Imphras II'}","['The Warswords', 'The Most Holy Order of the Sacred Shrike', 'The Triadic Knights', 'The Swordpoints']",None,"['Common', 'Damaran']","['Ilmater', 'Selûne', 'Torm', 'Tymora', 'Tyr', 'Valkur', 'Waukeen']",1168875,57428,,65.3,46.3,65,0,"The Bloodstone Lands - Bob Salvatore, 1989, Impiltur: The Forgotten Kingdom - George Krashos, Dragon #346, August 2006, The Grand History of the Realms - Brian R. James, Ed Greenwood, George Krashos, Eric L. Boyd, Thomas Costa, 2007","[""['gems'"", ""'bloodstone'"", ""'gold'"", ""'iron'"", ""'silver'"", ""'trade goods from damara and earthfast']""]","[""['exotic goods'"", ""'fruit'"", ""'shipbuilders'"", ""'tea'"", ""'vegetables'"", ""'wood products']""]","{""humans"": 474.0, ""dwarves"": 0.0, ""halflings"": 0.0, ""misc."": 0.0}","{""Aristocratic"": 0.0, ""Wealthy"": 1.0, ""Comfortable"": 20.0, ""Modest"": 35.0, ""Poor"": 154.0, ""Squalid"": 84.0, ""Wretched"": 7.0}"
Cairnpur,Impiltur,Lyrabar,612,81066,81,"{'humans': 612, 'dwarves': 0, 'halflings': 0, 'misc.': 0}",46,Disease,['Plutocracy'],"{'Aristocratic': 0, 'Wealthy': 1, 'Comfortable': 37, 'Modest': 92, 'Poor': 190, 'Squalid': 141, 'Wretched': 9}",0,"[""['gems'"", ""'bloodstone'"", ""'gold'"", ""'iron'"", ""'silver'"", ""'trade goods from damara and earthfast']""]","[""['exotic goods'"", ""'fruit'"", ""'shipbuilders'"", ""'tea'"", ""'vegetables'"", ""'wood products']""]","{'monarch': 'King Imbrar II', 'heir': 'King Imbrar II', 'regent': 'Queen Regent Sambryl', 'council': 'The Lords of Imphras II'}","['The Warswords', 'The Most Holy Order of the Sacred Shrike', 'The Triadic Knights', 'The Swordpoints']",None,"['Common', 'Damaran']","['Ilmater', 'Selûne', 'Torm', 'Tymora', 'Tyr', 'Valkur', 'Waukeen']",1168875,57428,,57.2,40.5,56,0,"The Bloodstone Lands - Bob Salvatore, 1989, Impiltur: The Forgotten Kingdom - George Krashos, Dragon #346, August 2006, The Grand History of the Realms - Brian R. James, Ed Greenwood, George Krashos, Eric L. Boyd, Thomas Costa, 2007","[""['gems'"", ""'bloodstone'"", ""'gold'"", ""'iron'"", ""'silver'"", ""'trade goods from damara and earthfast']""]","[""['exotic goods'"", ""'fruit'"", ""'shipbuilders'"", ""'tea'"", ""'vegetables'"", ""'wood products']""]","{""humans"": 612.0, ""dwarves"": 0.0, ""halflings"": 0.0, ""misc."": 0.0}","{""Aristocratic"": 0.0, ""Wealthy"": 1.0, ""Comfortable"": 37.0, ""Modest"": 92.0, ""Poor"": 190.0, ""Squalid"": 141.0, ""Wretched"": 9.0}"
Dilpur,Impiltur,Lyrabar,13881,2630409,5056,"{'humans': 13881, 'dwarves': 0, 'halflings': 0, 'misc.': 0}",47,Disease,['Theocracy'],"{'Aristocratic': 57, 'Wealthy': 172, 'Comfortable': 1258, 'Modest': 2013, 'Poor': 4587, 'Squalid': 5022, 'Wretched': 889}",16,"[""['gems'"", ""'bloodstone'"", ""'gold'"", ""'iron'"", ""'silver'"", ""'trade goods from damara and earthfast']""]","[""['exotic goods'"", ""'fruit'"", ""'shipbuilders'"", ""'tea'"", ""'vegetables'"", ""'wood products']""]","{'monarch': 'King Imbrar II', 'heir': 'King Imbrar II', 'regent': 'Queen Regent Sambryl', 'council': 'The Lords of Imphras II'}","['The Warswords', 'The Most Holy Order of the Sacred Shrike', 'The Triadic Knights', 'The Swordpoints']",None,"['Common', 'Damaran']","['Ilmater', 'Selûne', 'Torm', 'Tymora', 'Tyr', 'Valkur', 'Waukeen']",1168875,57428,,52.5,43,90,0,"The Bloodstone Lands - Bob Salvatore, 1989, Impiltur: The Forgotten Kingdom - George Krashos, Dragon #346, August 2006, The Grand History of the Realms - Brian R. James, Ed Greenwood, George Krashos, Eric L. Boyd, Thomas Costa, 2007","[""['gems'"", ""'bloodstone'"", ""'gold'"", ""'iron'"", ""'silver'"", ""'trade goods from damara and earthfast']""]","[""['exotic goods'"", ""'fruit'"", ""'shipbuilders'"", ""'tea'"", ""'vegetables'"", ""'wood products']""]","{""humans"": 13881.0, ""dwarves"": 0.0, ""halflings"": 0.0, ""misc."": 0.0}","{""Aristocratic"": 57.0, ""Wealthy"": 172.0, ""Comfortable"": 1258.0, ""Modest"": 2013.0, ""Poor"": 4587.0, ""Squalid"": 5022.0, ""Wretched"": 889.0}"
Filur,Impiltur,Lyrabar,602,74204,74,"{'humans': 601, 'dwarves': 0, 'halflings': 0, 'misc.': 0}",46,Poison,['Satrapy'],"{'Aristocratic': 0, 'Wealthy': 4, 'Comfortable': 26, 'Modest': 82, 'Poor': 180, 'Squalid': 173, 'Wretched': 9}",0,"[""['gems'"", ""'bloodstone'"", ""'gold'"", ""'iron'"", ""'silver'"", ""'trade goods from damara and earthfast']""]","[""['exotic goods'"", ""'fruit'"", ""'shipbuilders'"", ""'tea'"", ""'vegetables'"", ""'wood products']""]","{'monarch': 'King Imbrar II', 'heir': 'King Imbrar II', 'regent': 'Queen Regent Sambryl', 'council': 'The Lords of Imphras II'}","['The Warswords', 'The Most Holy Order of the Sacred Shrike', 'The Triadic Knights', 'The Swordpoints']",None,"['Common', 'Damaran']","['Ilmater', 'Selûne', 'Torm', 'Tymora', 'Tyr', 'Valkur', 'Waukeen']",1168875,57428,,46.6,34.7,74,0,"The Bloodstone Lands - Bob Salvatore, 1989, Impiltur: The Forgotten Kingdom - George Krashos, Dragon #346, August 2006, The Grand History of the Realms - Brian R. James, Ed Greenwood, George Krashos, Eric L. Boyd, Thomas Costa, 2007","[""['gems'"", ""'bloodstone'"", ""'gold'"", ""'iron'"", ""'silver'"", ""'trade goods from damara and earthfast']""]","[""['exotic goods'"", ""'fruit'"", ""'shipbuilders'"", ""'tea'"", ""'vegetables'"", ""'wood products']""]","{""humans"": 601.0, ""dwarves"": 0.0, ""halflings"": 0.0, ""misc."": 0.0}","{""Aristocratic"": 0.0, ""Wealthy"": 4.0, ""Comfortable"": 26.0, ""Modest"": 82.0, ""Poor"": 180.0, ""Squalid"": 173.0, ""Wretched"": 9.0}"
Guidodale,Impiltur,Lyrabar,5782,1001158,1029,"{'humans': 5782, 'dwarves': 0, 'halflings': 0, 'misc.': 0}",47,Exposure to the elements,['Plutocracy'],"{'Aristocratic': 2, 'Wealthy': 110, 'Comfortable': 449, 'Modest': 844, 'Poor': 1889, 'Squalid': 1631, 'Wretched': 459}",5,"[""['gems'"", ""'bloodstone'"", ""'gold'"", ""'iron'"", ""'silver'"", ""'trade goods from damara and earthfast']""]","[""['exotic goods'"", ""'fruit'"", ""'shipbuilders'"", ""'tea'"", ""'vegetables'"", ""'wood products']""]","{'monarch': 'King Imbrar II', 'heir': 'King Imbrar II', 'regent': 'Queen Regent Sambryl', 'council': 'The Lords of Imphras II'}","['The Warswords', 'The Most Holy Order of the Sacred Shrike', 'The Triadic Knights', 'The Swordpoints']",None,"['Common', 'Damaran']","['Ilmater', 'Selûne', 'Torm', 'Tymora', 'Tyr', 'Valkur', 'Waukeen']",1168875,57428,,57.5,42.3,76,0,"The Bloodstone Lands - Bob Salvatore, 1989, Impiltur: The Forgotten Kingdom - George Krashos, Dragon #346, August 2006, The Grand History of the Realms - Brian R. James, Ed Greenwood, George Krashos, Eric L. Boyd, Thomas Costa, 2007","[""['gems'"", ""'bloodstone'"", ""'gold'"", ""'iron'"", ""'silver'"", ""'trade goods from damara and earthfast']""]","[""['exotic goods'"", ""'fruit'"", ""'shipbuilders'"", ""'tea'"", ""'vegetables'"", ""'wood products']""]","{""humans"": 5782.0, ""dwarves"": 0.0, ""halflings"": 0.0, ""misc."": 0.0}","{""Aristocratic"": 2.0, ""Wealthy"": 110.0, ""Comfortable"": 449.0, ""Modest"": 844.0, ""Poor"": 1889.0, ""Squalid"": 1631.0, ""Wretched"": 459.0}"
Hlammach,Impiltur,Lyrabar,34149,6115137,16828,"{'humans': 33909, 'dwarves': 136, 'halflings': 102, 'misc.': 0}",46,Disease,['Monarchy'],"{'Aristocratic': 106, 'Wealthy': 421, 'Comfortable': 3432, 'Modest': 3714, 'Poor': 11162, 'Squalid': 11994, 'Wretched': 2838}",19,"[""['gems'"", ""'bloodstone'"", ""'gold'"", ""'iron'"", ""'silver'"", ""'trade goods from damara and earthfast']""]","[""['exotic goods'"", ""'fruit'"", ""'shipbuilders'"", ""'tea'"", ""'vegetables'"", ""'wood products']""]","{'monarch': 'King Imbrar II', 'heir': 'King Imbrar II', 'regent': 'Queen Regent Sambryl', 'council': 'The Lords of Imphras II'}","['The Warswords', 'The Most Holy Order of the Sacred Shrike', 'The Triadic Knights', 'The Swordpoints']",guilds,"['Common', 'Damaran']","['Ilmater', 'Selûne', 'Torm', 'Tymora', 'Tyr', 'Valkur', 'Waukeen']",1168875,57428,,60.3,41,93,0,"The Bloodstone Lands - Bob Salvatore, 1989, Impiltur: The Forgotten Kingdom - George Krashos, Dragon #346, August 2006, The Grand History of the Realms - Brian R. James, Ed Greenwood, George Krashos, Eric L. Boyd, Thomas Costa, 2007","[""['gems'"", ""'bloodstone'"", ""'gold'"", ""'iron'"", ""'silver'"", ""'trade goods from damara and earthfast']""]","[""['exotic goods'"", ""'fruit'"", ""'shipbuilders'"", ""'tea'"", ""'vegetables'"", ""'wood products']""]","{""humans"": 33909.0, ""dwarves"": 136.0, ""halflings"": 102.0, ""misc."": 0.0}","{""Aristocratic"": 106.0, ""Wealthy"": 421.0, ""Comfortable"": 3432.0, ""Modest"": 3714.0, ""Poor"": 11162.0, ""Squalid"": 11994.0, ""Wretched"": 2838.0}"
Ilmwatch,Impiltur,Lyrabar,544,76029,76,"{'humans': 8, 'dwarves': 0, 'halflings': 535, 'misc.': 0}",70,Magic mishaps,['Democracy'],"{'Aristocratic': 0, 'Wealthy': 3, 'Comfortable': 27, 'Modest': 100, 'Poor': 163, 'Squalid': 97, 'Wretched': 10}",0,"[""['gems'"", ""'bloodstone'"", ""'gold'"", ""'iron'"", ""'silver'"", ""'trade goods from damara and earthfast']""]","[""['exotic goods'"", ""'fruit'"", ""'shipbuilders'"", ""'tea'"", ""'vegetables'"", ""'wood products']""]","{'monarch': 'King Imbrar II', 'heir': 'King Imbrar II', 'regent': 'Queen Regent Sambryl', 'council': 'The Lords of Imphras II'}","['The Warswords', 'The Most Holy Order of the Sacred Shrike', 'The Triadic Knights', 'The Swordpoints']",None,"['Common', 'Damaran']","['Ilmater', 'Selûne', 'Torm', 'Tymora', 'Tyr', 'Valkur', 'Waukeen']",1168875,57428,,67.1,40.5,94,0,"The Bloodstone Lands - Bob Salvatore, 1989, Impiltur: The Forgotten Kingdom - George Krashos, Dragon #346, August 2006, The Grand History of the Realms - Brian R. James, Ed Greenwood, George Krashos, Eric L. Boyd, Thomas Costa, 2007","[""['gems'"", ""'bloodstone'"", ""'gold'"", ""'iron'"", ""'silver'"", ""'trade goods from damara and earthfast']""]","[""['exotic goods'"", ""'fruit'"", ""'shipbuilders'"", ""'tea'"", ""'vegetables'"", ""'wood products']""]","{""humans"": 8.0, ""dwarves"": 0.0, ""halflings"": 535.0, ""misc."": 0.0}","{""Aristocratic"": 0.0, ""Wealthy"": 3.0, ""Comfortable"": 27.0, ""Modest"": 100.0, ""Poor"": 163.0, ""Squalid"": 97.0, ""Wretched"": 10.0}"
Kielbast,Impiltur,Lyrabar,861,123114,123,"{'humans': 859, 'dwarves': 1, 'halflings': 0, 'misc.': 0}",47,Poison,['Hierarchy'],"{'Aristocratic': 0, 'Wealthy': 0, 'Comfortable': 51, 'Modest': 159, 'Poor': 279, 'Squalid': 205, 'Wretched': 16}",0,"[""['gems'"", ""'bloodstone'"", ""'gold'"", ""'iron'"", ""'silver'"", ""'trade goods from damara and earthfast']""]","[""['exotic goods'"", ""'fruit'"", ""'shipbuilders'"", ""'tea'"", ""'vegetables'"", ""'wood products']""]","{'monarch': 'King Imbrar II', 'heir': 'King Imbrar II', 'regent': 'Queen Regent Sambryl', 'council': 'The Lords of Imphras II'}","['The Warswords', 'The Most Holy Order of the Sacred Shrike', 'The Triadic Knights', 'The Swordpoints']",None,"['Common', 'Damaran']","['Ilmater', 'Selûne', 'Torm', 'Tymora', 'Tyr', 'Valkur', 'Waukeen']",1168875,57428,,45.4,47.1,45,0,"The Bloodstone Lands - Bob Salvatore, 1989, Impiltur: The Forgotten Kingdom - George Krashos, Dragon #346, August 2006, The Grand History of the Realms - Brian R. James, Ed Greenwood, George Krashos, Eric L. Boyd, Thomas Costa, 2007","[""['gems'"", ""'bloodstone'"", ""'gold'"", ""'iron'"", ""'silver'"", ""'trade goods from damara and earthfast']""]","[""['exotic goods'"", ""'fruit'"", ""'shipbuilders'"", ""'tea'"", ""'vegetables'"", ""'wood products']""]","{""humans"": 859.0, ""dwarves"": 1.0, ""halflings"": 0.0, ""misc."": 0.0}","{""Aristocratic"": 0.0, ""Wealthy"": 0.0, ""Comfortable"": 51.0, ""Modest"": 159.0, ""Poor"": 279.0, ""Squalid"": 205.0, ""Wretched"": 16.0}"
Laviguer,Impiltur,Lyrabar,566,58473,58,"{'humans': 562, 'dwarves': 3, 'halflings': 0, 'misc.': 0}",47,Disease,['Plutocracy'],"{'Aristocratic': 0, 'Wealthy': 0, 'Comfortable': 30, 'Modest': 56, 'Poor': 174, 'Squalid': 94, 'Wretched': 8}",0,"[""['gems'"", ""'bloodstone'"", ""'gold'"", ""'iron'"", ""'silver'"", ""'trade goods from damara and earthfast']""]","[""['exotic goods'"", ""'fruit'"", ""'shipbuilders'"", ""'tea'"", ""'vegetables'"", ""'wood products']""]","{'monarch': 'King Imbrar II', 'heir': 'King Imbrar II', 'regent': 'Queen Regent Sambryl', 'council': 'The Lords of Imphras II'}","['The Warswords', 'The Most Holy Order of the Sacred Shrike', 'The Triadic Knights', 'The Swordpoints']",None,"['Common', 'Damaran']","['Ilmater', 'Selûne', 'Torm', 'Tymora', 'Tyr', 'Valkur', 'Waukeen']",1168875,57428,,62.6,33.8,60,0,"The Bloodstone Lands - Bob Salvatore, 1989, Impiltur: The Forgotten Kingdom - George Krashos, Dragon #346, August 2006, The Grand History of the Realms - Brian R. James, Ed Greenwood, George Krashos, Eric L. Boyd, Thomas Costa, 2007","[""['gems'"", ""'bloodstone'"", ""'gold'"", ""'iron'"", ""'silver'"", ""'trade goods from damara and earthfast']""]","[""['exotic goods'"", ""'fruit'"", ""'shipbuilders'"", ""'tea'"", ""'vegetables'"", ""'wood products']""]","{""humans"": 562.0, ""dwarves"": 3.0, ""halflings"": 0.0, ""misc."": 0.0}","{""Aristocratic"": 0.0, ""Wealthy"": 0.0, ""Comfortable"": 30.0, ""Modest"": 56.0, ""Poor"": 174.0, ""Squalid"": 94.0, ""Wretched"": 8.0}"
Lenchford,Impiltur,Lyrabar,573,60444,60,"{'humans': 285, 'dwarves': 0, 'halflings': 287, 'misc.': 0}",58,Poison,['Gerontocracy'],"{'Aristocratic': 0, 'Wealthy': 5, 'Comfortable': 25, 'Modest': 52, 'Poor': 175, 'Squalid': 86, 'Wretched': 10}",0,"[""['gems'"", ""'bloodstone'"", ""'gold'"", ""'iron'"", ""'silver'"", ""'trade goods from damara and earthfast']""]","[""['exotic goods'"", ""'fruit'"", ""'shipbuilders'"", ""'tea'"", ""'vegetables'"", ""'wood products']""]","{'monarch': 'King Imbrar II', 'heir': 'King Imbrar II', 'regent': 'Queen Regent Sambryl', 'council': 'The Lords of Imphras II'}","['The Warswords', 'The Most Holy Order of the Sacred Shrike', 'The Triadic Knights', 'The Swordpoints']",None,"['Common', 'Damaran']","['Ilmater', 'Selûne', 'Torm', 'Tymora', 'Tyr', 'Valkur', 'Waukeen']",1168875,57428,,49.4,43.5,60,0,"The Bloodstone Lands - Bob Salvatore, 1989, Impiltur: The Forgotten Kingdom - George Krashos, Dragon #346, August 2006, The Grand History of the Realms - Brian R. James, Ed Greenwood, George Krashos, Eric L. Boyd, Thomas Costa, 2007","[""['gems'"", ""'bloodstone'"", ""'gold'"", ""'iron'"", ""'silver'"", ""'trade goods from damara and earthfast']""]","[""['exotic goods'"", ""'fruit'"", ""'shipbuilders'"", ""'tea'"", ""'vegetables'"", ""'wood products']""]","{""humans"": 285.0, ""dwarves"": 0.0, ""halflings"": 287.0, ""misc."": 0.0}","{""Aristocratic"": 0.0, ""Wealthy"": 5.0, ""Comfortable"": 25.0, ""Modest"": 52.0, ""Poor"": 175.0, ""Squalid"": 86.0, ""Wretched"": 10.0}"
Maracrath,Impiltur,Lyrabar,9441,1468760,1531,"{'humans': 3766, 'dwarves': 1170, 'halflings': 4503, 'misc.': 0}",74,Work-related accidents,['Satrapy'],"{'Aristocratic': 3, 'Wealthy': 152, 'Comfortable': 580, 'Modest': 1368, 'Poor': 2991, 'Squalid': 2598, 'Wretched': 459}",4,"[""['gems'"", ""'bloodstone'"", ""'gold'"", ""'iron'"", ""'silver'"", ""'trade goods from damara and earthfast']""]","[""['exotic goods'"", ""'fruit'"", ""'shipbuilders'"", ""'tea'"", ""'vegetables'"", ""'wood products']""]","{'monarch': 'King Imbrar II', 'heir': 'King Imbrar II', 'regent': 'Queen Regent Sambryl', 'council': 'The Lords of Imphras II'}","['The Warswords', 'The Most Holy Order of the Sacred Shrike', 'The Triadic Knights', 'The Swordpoints']",None,"['Common', 'Damaran']","['Ilmater', 'Selûne', 'Torm', 'Tymora', 'Tyr', 'Valkur', 'Waukeen']",1168875,57428,,57.3,37.9,90,0,"The Bloodstone Lands - Bob Salvatore, 1989, Impiltur: The Forgotten Kingdom - George Krashos, Dragon #346, August 2006, The Grand History of the Realms - Brian R. James, Ed Greenwood, George Krashos, Eric L. Boyd, Thomas Costa, 2007","[""['gems'"", ""'bloodstone'"", ""'gold'"", ""'iron'"", ""'silver'"", ""'trade goods from damara and earthfast']""]","[""['exotic goods'"", ""'fruit'"", ""'shipbuilders'"", ""'tea'"", ""'vegetables'"", ""'wood products']""]","{""humans"": 3766.0, ""dwarves"": 1170.0, ""halflings"": 4503.0, ""misc."": 0.0}","{""Aristocratic"": 3.0, ""Wealthy"": 152.0, ""Comfortable"": 580.0, ""Modest"": 1368.0, ""Poor"": 2991.0, ""Squalid"": 2598.0, ""Wretched"": 459.0}"
Mulltown,Impiltur,Lyrabar,258,39493,39,"{'humans': 258, 'dwarves': 0, 'halflings': 0, 'misc.': 0}",42,Bandit attacks,['Militocracy'],"{'Aristocratic': 0, 'Wealthy': 2, 'Comfortable': 17, 'Modest': 45, 'Poor': 80, 'Squalid': 52, 'Wretched': 3}",0,"[""['gems'"", ""'bloodstone'"", ""'gold'"", ""'iron'"", ""'silver'"", ""'trade goods from damara and earthfast']""]","[""['exotic goods'"", ""'fruit'"", ""'shipbuilders'"", ""'tea'"", ""'vegetables'"", ""'wood products']""]","{'monarch': 'King Imbrar II', 'heir': 'King Imbrar II', 'regent': 'Queen Regent Sambryl', 'council': 'The Lords of Imphras II'}","['The Warswords', 'The Most Holy Order of the Sacred Shrike', 'The Triadic Knights', 'The Swordpoints']",None,"['Common', 'Damaran']","['Ilmater', 'Selûne', 'Torm', 'Tymora', 'Tyr', 'Valkur', 'Waukeen']",1168875,57428,,47.9,39,62,0,"The Bloodstone Lands - Bob Salvatore, 1989, Impiltur: The Forgotten Kingdom - George Krashos, Dragon #346, August 2006, The Grand History of the Realms - Brian R. James, Ed Greenwood, George Krashos, Eric L. Boyd, Thomas Costa, 2007","[""['gems'"", ""'bloodstone'"", ""'gold'"", ""'iron'"", ""'silver'"", ""'trade goods from damara and earthfast']""]","[""['exotic goods'"", ""'fruit'"", ""'shipbuilders'"", ""'tea'"", ""'vegetables'"", ""'wood products']""]","{""humans"": 258.0, ""dwarves"": 0.0, ""halflings"": 0.0, ""misc."": 0.0}","{""Aristocratic"": 0.0, ""Wealthy"": 2.0, ""Comfortable"": 17.0, ""Modest"": 45.0, ""Poor"": 80.0, ""Squalid"": 52.0, ""Wretched"": 3.0}"
New Moranay,Impiltur,Lyrabar,1365,262033,262,"{'humans': 742, 'dwarves': 622, 'halflings': 0, 'misc.': 0}",102,Magic mishaps,['Militocracy'],"{'Aristocratic': 0, 'Wealthy': 14, 'Comfortable': 106, 'Modest': 336, 'Poor': 415, 'Squalid': 309, 'Wretched': 106}",0,"[""['gems'"", ""'bloodstone'"", ""'gold'"", ""'iron'"", ""'silver'"", ""'trade goods from damara and earthfast']""]","[""['exotic goods'"", ""'fruit'"", ""'shipbuilders'"", ""'tea'"", ""'vegetables'"", ""'wood products']""]","{'monarch': 'King Imbrar II', 'heir': 'King Imbrar II', 'regent': 'Queen Regent Sambryl', 'council': 'The Lords of Imphras II'}","['The Warswords', 'The Most Holy Order of the Sacred Shrike', 'The Triadic Knights', 'The Swordpoints']",None,"['Common', 'Damaran']","['Ilmater', 'Selûne', 'Torm', 'Tymora', 'Tyr', 'Valkur', 'Waukeen']",1168875,57428,,57.1,37.2,59,0,"The Bloodstone Lands - Bob Salvatore, 1989, Impiltur: The Forgotten Kingdom - George Krashos, Dragon #346, August 2006, The Grand History of the Realms - Brian R. James, Ed Greenwood, George Krashos, Eric L. Boyd, Thomas Costa, 2007","[""['gems'"", ""'bloodstone'"", ""'gold'"", ""'iron'"", ""'silver'"", ""'trade goods from damara and earthfast']""]","[""['exotic goods'"", ""'fruit'"", ""'shipbuilders'"", ""'tea'"", ""'vegetables'"", ""'wood products']""]","{""humans"": 742.0, ""dwarves"": 622.0, ""halflings"": 0.0, ""misc."": 0.0}","{""Aristocratic"": 0.0, ""Wealthy"": 14.0, ""Comfortable"": 106.0, ""Modest"": 336.0, ""Poor"": 415.0, ""Squalid"": 309.0, ""Wretched"": 106.0}"
New Sarshel,Impiltur,Lyrabar,1443,245280,245,"{'humans': 1443, 'dwarves': 0, 'halflings': 0, 'misc.': 0}",47,Dueling accidents,['Monarchy'],"{'Aristocratic': 0, 'Wealthy': 24, 'Comfortable': 93, 'Modest': 249, 'Poor': 501, 'Squalid': 408, 'Wretched': 111}",0,"[""['gems'"", ""'bloodstone'"", ""'gold'"", ""'iron'"", ""'silver'"", ""'trade goods from damara and earthfast']""]","[""['exotic goods'"", ""'fruit'"", ""'shipbuilders'"", ""'tea'"", ""'vegetables'"", ""'wood products']""]","{'monarch': 'King Imbrar II', 'heir': 'King Imbrar II', 'regent': 'Queen Regent Sambryl', 'council': 'The Lords of Imphras II'}","['The Warswords', 'The Most Holy Order of the Sacred Shrike', 'The Triadic Knights', 'The Swordpoints']",None,"['Common', 'Damaran']","['Ilmater', 'Selûne', 'Torm', 'Tymora', 'Tyr', 'Valkur', 'Waukeen']",1168875,57428,,45.6,49.4,64,0,"The Bloodstone Lands - Bob Salvatore, 1989, Impiltur: The Forgotten Kingdom - George Krashos, Dragon #346, August 2006, The Grand History of the Realms - Brian R. James, Ed Greenwood, George Krashos, Eric L. Boyd, Thomas Costa, 2007","[""['gems'"", ""'bloodstone'"", ""'gold'"", ""'iron'"", ""'silver'"", ""'trade goods from damara and earthfast']""]","[""['exotic goods'"", ""'fruit'"", ""'shipbuilders'"", ""'tea'"", ""'vegetables'"", ""'wood products']""]","{""humans"": 1443.0, ""dwarves"": 0.0, ""halflings"": 0.0, ""misc."": 0.0}","{""Aristocratic"": 0.0, ""Wealthy"": 24.0, ""Comfortable"": 93.0, ""Modest"": 249.0, ""Poor"": 501.0, ""Squalid"": 408.0, ""Wretched"": 111.0}"
Outentown,Impiltur,Lyrabar,80,8687,8,"{'humans': 79, 'dwarves': 0, 'halflings': 0, 'misc.': 0}",47,Accidental falls,['Confederacy'],"{'Aristocratic': 0, 'Wealthy': 0, 'Comfortable': 7, 'Modest': 3, 'Poor': 25, 'Squalid': 18, 'Wretched': 0}",0,"[""['gems'"", ""'bloodstone'"", ""'gold'"", ""'iron'"", ""'silver'"", ""'trade goods from damara and earthfast']""]","[""['exotic goods'"", ""'fruit'"", ""'shipbuilders'"", ""'tea'"", ""'vegetables'"", ""'wood products']""]","{'monarch': 'King Imbrar II', 'heir': 'King Imbrar II', 'regent': 'Queen Regent Sambryl', 'council': 'The Lords of Imphras II'}","['The Warswords', 'The Most Holy Order of the Sacred Shrike', 'The Triadic Knights', 'The Swordpoints']",None,"['Common', 'Damaran']","['Ilmater', 'Selûne', 'Torm', 'Tymora', 'Tyr', 'Valkur', 'Waukeen']",1168875,57428,,52.4,30.9,82,0,"The Bloodstone Lands - Bob Salvatore, 1989, Impiltur: The Forgotten Kingdom - George Krashos, Dragon #346, August 2006, The Grand History of the Realms - Brian R. James, Ed Greenwood, George Krashos, Eric L. Boyd, Thomas Costa, 2007","[""['gems'"", ""'bloodstone'"", ""'gold'"", ""'iron'"", ""'silver'"", ""'trade goods from damara and earthfast']""]","[""['exotic goods'"", ""'fruit'"", ""'shipbuilders'"", ""'tea'"", ""'vegetables'"", ""'wood products']""]","{""humans"": 79.0, ""dwarves"": 0.0, ""halflings"": 0.0, ""misc."": 0.0}","{""Aristocratic"": 0.0, ""Wealthy"": 0.0, ""Comfortable"": 7.0, ""Modest"": 3.0, ""Poor"": 25.0, ""Squalid"": 18.0, ""Wretched"": 0.0}"
Pick ‘n’ Axe,Impiltur,Lyrabar,585,65225,65,"{'humans': 557, 'dwarves': 0, 'halflings': 27, 'misc.': 0}",47,Old age,['Bureaucracy'],"{'Aristocratic': 0, 'Wealthy': 0, 'Comfortable': 33, 'Modest': 66, 'Poor': 188, 'Squalid': 91, 'Wretched': 8}",0,"[""['gems'"", ""'bloodstone'"", ""'gold'"", ""'iron'"", ""'silver'"", ""'trade goods from damara and earthfast']""]","[""['exotic goods'"", ""'fruit'"", ""'shipbuilders'"", ""'tea'"", ""'vegetables'"", ""'wood products']""]","{'monarch': 'King Imbrar II', 'heir': 'King Imbrar II', 'regent': 'Queen Regent Sambryl', 'council': 'The Lords of Imphras II'}","['The Warswords', 'The Most Holy Order of the Sacred Shrike', 'The Triadic Knights', 'The Swordpoints']",None,"['Common', 'Damaran']","['Ilmater', 'Selûne', 'Torm', 'Tymora', 'Tyr', 'Valkur', 'Waukeen']",1168875,57428,,51.3,31.4,93,0,"The Bloodstone Lands - Bob Salvatore, 1989, Impiltur: The Forgotten Kingdom - George Krashos, Dragon #346, August 2006, The Grand History of the Realms - Brian R. James, Ed Greenwood, George Krashos, Eric L. Boyd, Thomas Costa, 2007","[""['gems'"", ""'bloodstone'"", ""'gold'"", ""'iron'"", ""'silver'"", ""'trade goods from damara and earthfast']""]","[""['exotic goods'"", ""'fruit'"", ""'shipbuilders'"", ""'tea'"", ""'vegetables'"", ""'wood products']""]","{""humans"": 557.0, ""dwarves"": 0.0, ""halflings"": 27.0, ""misc."": 0.0}","{""Aristocratic"": 0.0, ""Wealthy"": 0.0, ""Comfortable"": 33.0, ""Modest"": 66.0, ""Poor"": 188.0, ""Squalid"": 91.0, ""Wretched"": 8.0}"
Red Bluffs,Impiltur,Lyrabar,5715,887059,901,"{'humans': 5715, 'dwarves': 0, 'halflings': 0, 'misc.': 0}",46,Bandit attacks,['Meritocracy'],"{'Aristocratic': 1, 'Wealthy': 64, 'Comfortable': 389, 'Modest': 911, 'Poor': 1840, 'Squalid': 1073, 'Wretched': 436}",3,"[""['gems'"", ""'bloodstone'"", ""'gold'"", ""'iron'"", ""'silver'"", ""'trade goods from damara and earthfast']""]","[""['exotic goods'"", ""'fruit'"", ""'shipbuilders'"", ""'tea'"", ""'vegetables'"", ""'wood products']""]","{'monarch': 'King Imbrar II', 'heir': 'King Imbrar II', 'regent': 'Queen Regent Sambryl', 'council': 'The Lords of Imphras II'}","['The Warswords', 'The Most Holy Order of the Sacred Shrike', 'The Triadic Knights', 'The Swordpoints']",None,"['Common', 'Damaran']","['Ilmater', 'Selûne', 'Torm', 'Tymora', 'Tyr', 'Valkur', 'Waukeen']",1168875,57428,,58.4,47.6,76,0,"The Bloodstone Lands - Bob Salvatore, 1989, Impiltur: The Forgotten Kingdom - George Krashos, Dragon #346, August 2006, The Grand History of the Realms - Brian R. James, Ed Greenwood, George Krashos, Eric L. Boyd, Thomas Costa, 2007","[""['gems'"", ""'bloodstone'"", ""'gold'"", ""'iron'"", ""'silver'"", ""'trade goods from damara and earthfast']""]","[""['exotic goods'"", ""'fruit'"", ""'shipbuilders'"", ""'tea'"", ""'vegetables'"", ""'wood products']""]","{""humans"": 5715.0, ""dwarves"": 0.0, ""halflings"": 0.0, ""misc."": 0.0}","{""Aristocratic"": 1.0, ""Wealthy"": 64.0, ""Comfortable"": 389.0, ""Modest"": 911.0, ""Poor"": 1840.0, ""Squalid"": 1073.0, ""Wretched"": 436.0}"
Relgar’s Ford,Impiltur,Lyrabar,586,80373,80,"{'humans': 492, 'dwarves': 91, 'halflings': 2, 'misc.': 0}",62,Disease,['Republic'],"{'Aristocratic': 0, 'Wealthy': 4, 'Comfortable': 38, 'Modest': 76, 'Poor': 197, 'Squalid': 128, 'Wretched': 9}",0,"[""['gems'"", ""'bloodstone'"", ""'gold'"", ""'iron'"", ""'silver'"", ""'trade goods from damara and earthfast']""]","[""['exotic goods'"", ""'fruit'"", ""'shipbuilders'"", ""'tea'"", ""'vegetables'"", ""'wood products']""]","{'monarch': 'King Imbrar II', 'heir': 'King Imbrar II', 'regent': 'Queen Regent Sambryl', 'council': 'The Lords of Imphras II'}","['The Warswords', 'The Most Holy Order of the Sacred Shrike', 'The Triadic Knights', 'The Swordpoints']",None,"['Common', 'Damaran']","['Ilmater', 'Selûne', 'Torm', 'Tymora', 'Tyr', 'Valkur', 'Waukeen']",1168875,57428,,58.1,34.6,94,0,"The Bloodstone Lands - Bob Salvatore, 1989, Impiltur: The Forgotten Kingdom - George Krashos, Dragon #346, August 2006, The Grand History of the Realms - Brian R. James, Ed Greenwood, George Krashos, Eric L. Boyd, Thomas Costa, 2007","[""['gems'"", ""'bloodstone'"", ""'gold'"", ""'iron'"", ""'silver'"", ""'trade goods from damara and earthfast']""]","[""['exotic goods'"", ""'fruit'"", ""'shipbuilders'"", ""'tea'"", ""'vegetables'"", ""'wood products']""]","{""humans"": 492.0, ""dwarves"": 91.0, ""halflings"": 2.0, ""misc."": 0.0}","{""Aristocratic"": 0.0, ""Wealthy"": 4.0, ""Comfortable"": 38.0, ""Modest"": 76.0, ""Poor"": 197.0, ""Squalid"": 128.0, ""Wretched"": 9.0}"
Sarshel,Impiltur,Lyrabar,599,79351,79,"{'humans': 594, 'dwarves': 4, 'halflings': 0, 'misc.': 0}",48,Old age,['Monarchy'],"{'Aristocratic': 0, 'Wealthy': 1, 'Comfortable': 41, 'Modest': 83, 'Poor': 183, 'Squalid': 118, 'Wretched': 7}",0,"[""['gems'"", ""'bloodstone'"", ""'gold'"", ""'iron'"", ""'silver'"", ""'trade goods from damara and earthfast']""]","[""['exotic goods'"", ""'fruit'"", ""'shipbuilders'"", ""'tea'"", ""'vegetables'"", ""'wood products']""]","{'monarch': 'King Imbrar II', 'heir': 'King Imbrar II', 'regent': 'Queen Regent Sambryl', 'council': 'The Lords of Imphras II'}","['The Warswords', 'The Most Holy Order of the Sacred Shrike', 'The Triadic Knights', 'The Swordpoints']",None,"['Common', 'Damaran']","['Ilmater', 'Selûne', 'Torm', 'Tymora', 'Tyr', 'Valkur', 'Waukeen']",1168875,57428,,50.8,46,83,0,"The Bloodstone Lands - Bob Salvatore, 1989, Impiltur: The Forgotten Kingdom - George Krashos, Dragon #346, August 2006, The Grand History of the Realms - Brian R. James, Ed Greenwood, George Krashos, Eric L. Boyd, Thomas Costa, 2007","[""['gems'"", ""'bloodstone'"", ""'gold'"", ""'iron'"", ""'silver'"", ""'trade goods from damara and earthfast']""]","[""['exotic goods'"", ""'fruit'"", ""'shipbuilders'"", ""'tea'"", ""'vegetables'"", ""'wood products']""]","{""humans"": 594.0, ""dwarves"": 4.0, ""halflings"": 0.0, ""misc."": 0.0}","{""Aristocratic"": 0.0, ""Wealthy"": 1.0, ""Comfortable"": 41.0, ""Modest"": 83.0, ""Poor"": 183.0, ""Squalid"": 118.0, ""Wretched"": 7.0}"
Songhal,Impiltur,Lyrabar,830,116106,116,"{'humans': 830, 'dwarves': 0, 'halflings': 0, 'misc.': 0}",42,Wildlife attacks,['Hierarchy'],"{'Aristocratic': 0, 'Wealthy': 4, 'Comfortable': 55, 'Modest': 121, 'Poor': 263, 'Squalid': 185, 'Wretched': 10}",0,"[""['gems'"", ""'bloodstone'"", ""'gold'"", ""'iron'"", ""'silver'"", ""'trade goods from damara and earthfast']""]","[""['exotic goods'"", ""'fruit'"", ""'shipbuilders'"", ""'tea'"", ""'vegetables'"", ""'wood products']""]","{'monarch': 'King Imbrar II', 'heir': 'King Imbrar II', 'regent': 'Queen Regent Sambryl', 'council': 'The Lords of Imphras II'}","['The Warswords', 'The Most Holy Order of the Sacred Shrike', 'The Triadic Knights', 'The Swordpoints']",None,"['Common', 'Damaran']","['Ilmater', 'Selûne', 'Torm', 'Tymora', 'Tyr', 'Valkur', 'Waukeen']",1168875,57428,,47.7,47.4,89,0,"The Bloodstone Lands - Bob Salvatore, 1989, Impiltur: The Forgotten Kingdom - George Krashos, Dragon #346, August 2006, The Grand History of the Realms - Brian R. James, Ed Greenwood, George Krashos, Eric L. Boyd, Thomas Costa, 2007","[""['gems'"", ""'bloodstone'"", ""'gold'"", ""'iron'"", ""'silver'"", ""'trade goods from damara and earthfast']""]","[""['exotic goods'"", ""'fruit'"", ""'shipbuilders'"", ""'tea'"", ""'vegetables'"", ""'wood products']""]","{""humans"": 830.0, ""dwarves"": 0.0, ""halflings"": 0.0, ""misc."": 0.0}","{""Aristocratic"": 0.0, ""Wealthy"": 4.0, ""Comfortable"": 55.0, ""Modest"": 121.0, ""Poor"": 263.0, ""Squalid"": 185.0, ""Wretched"": 10.0}"
Thelnam,Impiltur,Lyrabar,588,70408,70,"{'humans': 588, 'dwarves': 0, 'halflings': 0, 'misc.': 0}",45,Old age,['Dictatorship'],"{'Aristocratic': 0, 'Wealthy': 4, 'Comfortable': 30, 'Modest': 67, 'Poor': 189, 'Squalid': 121, 'Wretched': 7}",0,"[""['gems'"", ""'bloodstone'"", ""'gold'"", ""'iron'"", ""'silver'"", ""'trade goods from damara and earthfast']""]","[""['exotic goods'"", ""'fruit'"", ""'shipbuilders'"", ""'tea'"", ""'vegetables'"", ""'wood products']""]","{'monarch': 'King Imbrar II', 'heir': 'King Imbrar II', 'regent': 'Queen Regent Sambryl', 'council': 'The Lords of Imphras II'}","['The Warswords', 'The Most Holy Order of the Sacred Shrike', 'The Triadic Knights', 'The Swordpoints']",None,"['Common', 'Damaran']","['Ilmater', 'Selûne', 'Torm', 'Tymora', 'Tyr', 'Valkur', 'Waukeen']",1168875,57428,,56,35,83,0,"The Bloodstone Lands - Bob Salvatore, 1989, Impiltur: The Forgotten Kingdom - George Krashos, Dragon #346, August 2006, The Grand History of the Realms - Brian R. James, Ed Greenwood, George Krashos, Eric L. Boyd, Thomas Costa, 2007","[""['gems'"", ""'bloodstone'"", ""'gold'"", ""'iron'"", ""'silver'"", ""'trade goods from damara and earthfast']""]","[""['exotic goods'"", ""'fruit'"", ""'shipbuilders'"", ""'tea'"", ""'vegetables'"", ""'wood products']""]","{""humans"": 588.0, ""dwarves"": 0.0, ""halflings"": 0.0, ""misc."": 0.0}","{""Aristocratic"": 0.0, ""Wealthy"": 4.0, ""Comfortable"": 30.0, ""Modest"": 67.0, ""Poor"": 189.0, ""Squalid"": 121.0, ""Wretched"": 7.0}"
Three Horns,Impiltur,Lyrabar,95,7555,7,"{'humans': 95, 'dwarves': 0, 'halflings': 0, 'misc.': 0}",43,Wildlife attacks,['Militocracy'],"{'Aristocratic': 0, 'Wealthy': 0, 'Comfortable': 1, 'Modest': 11, 'Poor': 32, 'Squalid': 13, 'Wretched': 0}",0,"[""['gems'"", ""'bloodstone'"", ""'gold'"", ""'iron'"", ""'silver'"", ""'trade goods from damara and earthfast']""]","[""['exotic goods'"", ""'fruit'"", ""'shipbuilders'"", ""'tea'"", ""'vegetables'"", ""'wood products']""]","{'monarch': 'King Imbrar II', 'heir': 'King Imbrar II', 'regent': 'Queen Regent Sambryl', 'council': 'The Lords of Imphras II'}","['The Warswords', 'The Most Holy Order of the Sacred Shrike', 'The Triadic Knights', 'The Swordpoints']",None,"['Common', 'Damaran']","['Ilmater', 'Selûne', 'Torm', 'Tymora', 'Tyr', 'Valkur', 'Waukeen']",1168875,57428,,62.4,39.3,76,0,"The Bloodstone Lands - Bob Salvatore, 1989, Impiltur: The Forgotten Kingdom - George Krashos, Dragon #346, August 2006, The Grand History of the Realms - Brian R. James, Ed Greenwood, George Krashos, Eric L. Boyd, Thomas Costa, 2007","[""['gems'"", ""'bloodstone'"", ""'gold'"", ""'iron'"", ""'silver'"", ""'trade goods from damara and earthfast']""]","[""['exotic goods'"", ""'fruit'"", ""'shipbuilders'"", ""'tea'"", ""'vegetables'"", ""'wood products']""]","{""humans"": 95.0, ""dwarves"": 0.0, ""halflings"": 0.0, ""misc."": 0.0}","{""Aristocratic"": 0.0, ""Wealthy"": 0.0, ""Comfortable"": 1.0, ""Modest"": 11.0, ""Poor"": 32.0, ""Squalid"": 13.0, ""Wretched"": 0.0}"
Timbertown,Impiltur,Lyrabar,159,20367,20,"{'humans': 151, 'dwarves': 7, 'halflings': 0, 'misc.': 0}",49,Poison,['Monarchy'],"{'Aristocratic': 0, 'Wealthy': 1, 'Comfortable': 10, 'Modest': 18, 'Poor': 55, 'Squalid': 28, 'Wretched': 2}",0,"[""['gems'"", ""'bloodstone'"", ""'gold'"", ""'iron'"", ""'silver'"", ""'trade goods from damara and earthfast']""]","[""['exotic goods'"", ""'fruit'"", ""'shipbuilders'"", ""'tea'"", ""'vegetables'"", ""'wood products']""]","{'monarch': 'King Imbrar II', 'heir': 'King Imbrar II', 'regent': 'Queen Regent Sambryl', 'council': 'The Lords of Imphras II'}","['The Warswords', 'The Most Holy Order of the Sacred Shrike', 'The Triadic Knights', 'The Swordpoints']",None,"['Common', 'Damaran']","['Ilmater', 'Selûne', 'Torm', 'Tymora', 'Tyr', 'Valkur', 'Waukeen']",1168875,57428,,46.6,39.7,76,0,"The Bloodstone Lands - Bob Salvatore, 1989, Impiltur: The Forgotten Kingdom - George Krashos, Dragon #346, August 2006, The Grand History of the Realms - Brian R. James, Ed Greenwood, George Krashos, Eric L. Boyd, Thomas Costa, 2007","[""['gems'"", ""'bloodstone'"", ""'gold'"", ""'iron'"", ""'silver'"", ""'trade goods from damara and earthfast']""]","[""['exotic goods'"", ""'fruit'"", ""'shipbuilders'"", ""'tea'"", ""'vegetables'"", ""'wood products']""]","{""humans"": 151.0, ""dwarves"": 7.0, ""halflings"": 0.0, ""misc."": 0.0}","{""Aristocratic"": 0.0, ""Wealthy"": 1.0, ""Comfortable"": 10.0, ""Modest"": 18.0, ""Poor"": 55.0, ""Squalid"": 28.0, ""Wretched"": 2.0}"
Vordric Dun,Impiltur,Lyrabar,587,68364,68,"{'humans': 587, 'dwarves': 0, 'halflings': 0, 'misc.': 0}",46,Work-related accidents,['Dictatorship'],"{'Aristocratic': 0, 'Wealthy': 2, 'Comfortable': 31, 'Modest': 64, 'Poor': 181, 'Squalid': 171, 'Wretched': 8}",0,"[""['gems'"", ""'bloodstone'"", ""'gold'"", ""'iron'"", ""'silver'"", ""'trade goods from damara and earthfast']""]","[""['exotic goods'"", ""'fruit'"", ""'shipbuilders'"", ""'tea'"", ""'vegetables'"", ""'wood products']""]","{'monarch': 'King Imbrar II', 'heir': 'King Imbrar II', 'regent': 'Queen Regent Sambryl', 'council': 'The Lords of Imphras II'}","['The Warswords', 'The Most Holy Order of the Sacred Shrike', 'The Triadic Knights', 'The Swordpoints']",None,"['Common', 'Damaran']","['Ilmater', 'Selûne', 'Torm', 'Tymora', 'Tyr', 'Valkur', 'Waukeen']",1168875,57428,,57.5,34.6,73,0,"The Bloodstone Lands - Bob Salvatore, 1989, Impiltur: The Forgotten Kingdom - George Krashos, Dragon #346, August 2006, The Grand History of the Realms - Brian R. James, Ed Greenwood, George Krashos, Eric L. Boyd, Thomas Costa, 2007","[""['gems'"", ""'bloodstone'"", ""'gold'"", ""'iron'"", ""'silver'"", ""'trade goods from damara and earthfast']""]","[""['exotic goods'"", ""'fruit'"", ""'shipbuilders'"", ""'tea'"", ""'vegetables'"", ""'wood products']""]","{""humans"": 587.0, ""dwarves"": 0.0, ""halflings"": 0.0, ""misc."": 0.0}","{""Aristocratic"": 0.0, ""Wealthy"": 2.0, ""Comfortable"": 31.0, ""Modest"": 64.0, ""Poor"": 181.0, ""Squalid"": 171.0, ""Wretched"": 8.0}"
Caer Callidyrr,Moonshae,Caer Callidyrr,1151,211444,211,"{'humans': 1118, 'halflings': 0, 'elves': 0, 'dwarves': 0, 'half-elves': 0, 'misc.': 32}",50,Magic mishaps,['Republic'],"{'Aristocratic': 0, 'Wealthy': 17, 'Comfortable': 77, 'Modest': 260, 'Poor': 350, 'Squalid': 273, 'Wretched': 53}",0,"[""['armour'"", ""'rose-gold'"", ""'timber'"", ""'weapons']""]","[""['coal'"", ""'horses'"", ""'minor magical items'"", ""'ore'"", ""'parchment'"", ""'silk']""]",{'name': 'High Queen Alicia Kendrick'},Various local militias,None,"['Aquan', 'Chondathan', 'Common', 'Dwarven', 'Elven', 'Giant', 'Illuskan', 'Sylvan']","['The Earthmother', 'Chauntea', 'Tempus']",1347449,6412,74169,84.5,59.3,71,0,"Moonshae (Douglas Niles, 1987), Halls of the High King (Ed Greenwood, 1990), Backdrop: The Moonshae Isles (Shawn Merwin, Dungeon #196, 2011)","[""['armour'"", ""'rose-gold'"", ""'timber'"", ""'weapons']""]","[""['coal'"", ""'horses'"", ""'minor magical items'"", ""'ore'"", ""'parchment'"", ""'silk']""]","{""humans"": 1118.0, ""halflings"": 0.0, ""elves"": 0.0, ""dwarves"": 0.0, ""half-elves"": 0.0, ""misc."": 32.0}","{""Aristocratic"": 0.0, ""Wealthy"": 17.0, ""Comfortable"": 77.0, ""Modest"": 260.0, ""Poor"": 350.0, ""Squalid"": 273.0, ""Wretched"": 53.0}"
Aithelar,Moonshae,Caer Callidyrr,849,102966,103,"{'humans': 849, 'halflings': 0, 'elves': 0, 'dwarves': 0, 'half-elves': 0, 'misc.': 0}",47,Magic mishaps,['Autocracy'],"{'Aristocratic': 0, 'Wealthy': 8, 'Comfortable': 39, 'Modest': 96, 'Poor': 265, 'Squalid': 231, 'Wretched': 14}",0,"[""['armour'"", ""'rose-gold'"", ""'timber'"", ""'weapons']""]","[""['coal'"", ""'horses'"", ""'minor magical items'"", ""'ore'"", ""'parchment'"", ""'silk']""]",{'name': 'High Queen Alicia Kendrick'},Various local militias,None,"['Aquan', 'Chondathan', 'Common', 'Dwarven', 'Elven', 'Giant', 'Illuskan', 'Sylvan']","['The Earthmother', 'Chauntea', 'Tempus']",1347449,6412,74169,68.4,48.9,74,0,"Moonshae (Douglas Niles, 1987), Halls of the High King (Ed Greenwood, 1990), Backdrop: The Moonshae Isles (Shawn Merwin, Dungeon #196, 2011)","[""['armour'"", ""'rose-gold'"", ""'timber'"", ""'weapons']""]","[""['coal'"", ""'horses'"", ""'minor magical items'"", ""'ore'"", ""'parchment'"", ""'silk']""]","{""humans"": 849.0, ""halflings"": 0.0, ""elves"": 0.0, ""dwarves"": 0.0, ""half-elves"": 0.0, ""misc."": 0.0}","{""Aristocratic"": 0.0, ""Wealthy"": 8.0, ""Comfortable"": 39.0, ""Modest"": 96.0, ""Poor"": 265.0, ""Squalid"": 231.0, ""Wretched"": 14.0}"
Blackstone,Moonshae,Caer Callidyrr,864,119428,119,"{'humans': 818, 'halflings': 0, 'elves': 45, 'dwarves': 0, 'half-elves': 0, 'misc.': 0}",63,Wildlife attacks,['Confederacy'],"{'Aristocratic': 0, 'Wealthy': 6, 'Comfortable': 40, 'Modest': 147, 'Poor': 267, 'Squalid': 228, 'Wretched': 10}",0,"[""['armour'"", ""'rose-gold'"", ""'timber'"", ""'weapons']""]","[""['coal'"", ""'horses'"", ""'minor magical items'"", ""'ore'"", ""'parchment'"", ""'silk']""]",{'name': 'High Queen Alicia Kendrick'},Various local militias,None,"['Aquan', 'Chondathan', 'Common', 'Dwarven', 'Elven', 'Giant', 'Illuskan', 'Sylvan']","['The Earthmother', 'Chauntea', 'Tempus']",1347449,6412,74169,85.3,58.5,91,0,"Moonshae (Douglas Niles, 1987), Halls of the High King (Ed Greenwood, 1990), Backdrop: The Moonshae Isles (Shawn Merwin, Dungeon #196, 2011)","[""['armour'"", ""'rose-gold'"", ""'timber'"", ""'weapons']""]","[""['coal'"", ""'horses'"", ""'minor magical items'"", ""'ore'"", ""'parchment'"", ""'silk']""]","{""humans"": 818.0, ""halflings"": 0.0, ""elves"": 45.0, ""dwarves"": 0.0, ""half-elves"": 0.0, ""misc."": 0.0}","{""Aristocratic"": 0.0, ""Wealthy"": 6.0, ""Comfortable"": 40.0, ""Modest"": 147.0, ""Poor"": 267.0, ""Squalid"": 228.0, ""Wretched"": 10.0}"
Blythe,Moonshae,Caer Callidyrr,651,90848,90,"{'humans': 421, 'halflings': 0, 'elves': 229, 'dwarves': 0, 'half-elves': 0, 'misc.': 0}",160,Assassination,['Dictatorship'],"{'Aristocratic': 0, 'Wealthy': 1, 'Comfortable': 31, 'Modest': 130, 'Poor': 208, 'Squalid': 113, 'Wretched': 7}",0,"[""['armour'"", ""'rose-gold'"", ""'timber'"", ""'weapons']""]","[""['coal'"", ""'horses'"", ""'minor magical items'"", ""'ore'"", ""'parchment'"", ""'silk']""]",{'name': 'High Queen Alicia Kendrick'},Various local militias,None,"['Aquan', 'Chondathan', 'Common', 'Dwarven', 'Elven', 'Giant', 'Illuskan', 'Sylvan']","['The Earthmother', 'Chauntea', 'Tempus']",1347449,6412,74169,72.8,52.7,72,0,"Moonshae (Douglas Niles, 1987), Halls of the High King (Ed Greenwood, 1990), Backdrop: The Moonshae Isles (Shawn Merwin, Dungeon #196, 2011)","[""['armour'"", ""'rose-gold'"", ""'timber'"", ""'weapons']""]","[""['coal'"", ""'horses'"", ""'minor magical items'"", ""'ore'"", ""'parchment'"", ""'silk']""]","{""humans"": 421.0, ""halflings"": 0.0, ""elves"": 229.0, ""dwarves"": 0.0, ""half-elves"": 0.0, ""misc."": 0.0}","{""Aristocratic"": 0.0, ""Wealthy"": 1.0, ""Comfortable"": 31.0, ""Modest"": 130.0, ""Poor"": 208.0, ""Squalid"": 113.0, ""Wretched"": 7.0}"
Borth,Moonshae,Caer Callidyrr,94,8541,8,"{'humans': 94, 'halflings': 0, 'elves': 0, 'dwarves': 0, 'half-elves': 0, 'misc.': 0}",51,Old age,['Theocracy'],"{'Aristocratic': 0, 'Wealthy': 0, 'Comfortable': 4, 'Modest': 8, 'Poor': 29, 'Squalid': 16, 'Wretched': 0}",0,"[""['armour'"", ""'rose-gold'"", ""'timber'"", ""'weapons']""]","[""['coal'"", ""'horses'"", ""'minor magical items'"", ""'ore'"", ""'parchment'"", ""'silk']""]",{'name': 'High Queen Alicia Kendrick'},Various local militias,None,"['Aquan', 'Chondathan', 'Common', 'Dwarven', 'Elven', 'Giant', 'Illuskan', 'Sylvan']","['The Earthmother', 'Chauntea', 'Tempus']",1347449,6412,74169,74,62.6,83,0,"Moonshae (Douglas Niles, 1987), Halls of the High King (Ed Greenwood, 1990), Backdrop: The Moonshae Isles (Shawn Merwin, Dungeon #196, 2011)","[""['armour'"", ""'rose-gold'"", ""'timber'"", ""'weapons']""]","[""['coal'"", ""'horses'"", ""'minor magical items'"", ""'ore'"", ""'parchment'"", ""'silk']""]","{""humans"": 94.0, ""halflings"": 0.0, ""elves"": 0.0, ""dwarves"": 0.0, ""half-elves"": 0.0, ""misc."": 0.0}","{""Aristocratic"": 0.0, ""Wealthy"": 0.0, ""Comfortable"": 4.0, ""Modest"": 8.0, ""Poor"": 29.0, ""Squalid"": 16.0, ""Wretched"": 0.0}"
Bounty,Moonshae,Caer Callidyrr,957,86724,86,"{'humans': 956, 'halflings': 0, 'elves': 0, 'dwarves': 0, 'half-elves': 0, 'misc.': 0}",48,Old age,['Matriarchy'],"{'Aristocratic': 0, 'Wealthy': 0, 'Comfortable': 41, 'Modest': 75, 'Poor': 324, 'Squalid': 158, 'Wretched': 10}",0,"[""['armour'"", ""'rose-gold'"", ""'timber'"", ""'weapons']""]","[""['coal'"", ""'horses'"", ""'minor magical items'"", ""'ore'"", ""'parchment'"", ""'silk']""]",{'name': 'High Queen Alicia Kendrick'},Various local militias,None,"['Aquan', 'Chondathan', 'Common', 'Dwarven', 'Elven', 'Giant', 'Illuskan', 'Sylvan']","['The Earthmother', 'Chauntea', 'Tempus']",1347449,6412,74169,87.4,46.7,80,0,"Moonshae (Douglas Niles, 1987), Halls of the High King (Ed Greenwood, 1990), Backdrop: The Moonshae Isles (Shawn Merwin, Dungeon #196, 2011)","[""['armour'"", ""'rose-gold'"", ""'timber'"", ""'weapons']""]","[""['coal'"", ""'horses'"", ""'minor magical items'"", ""'ore'"", ""'parchment'"", ""'silk']""]","{""humans"": 956.0, ""halflings"": 0.0, ""elves"": 0.0, ""dwarves"": 0.0, ""half-elves"": 0.0, ""misc."": 0.0}","{""Aristocratic"": 0.0, ""Wealthy"": 0.0, ""Comfortable"": 41.0, ""Modest"": 75.0, ""Poor"": 324.0, ""Squalid"": 158.0, ""Wretched"": 10.0}"
Brannoch,Moonshae,Caer Callidyrr,851,107784,107,"{'humans': 851, 'halflings': 0, 'elves': 0, 'dwarves': 0, 'half-elves': 0, 'misc.': 0}",48,Magic mishaps,['Hierarchy'],"{'Aristocratic': 0, 'Wealthy': 6, 'Comfortable': 51, 'Modest': 103, 'Poor': 267, 'Squalid': 129, 'Wretched': 10}",0,"[""['armour'"", ""'rose-gold'"", ""'timber'"", ""'weapons']""]","[""['coal'"", ""'horses'"", ""'minor magical items'"", ""'ore'"", ""'parchment'"", ""'silk']""]",{'name': 'High Queen Alicia Kendrick'},Various local militias,None,"['Aquan', 'Chondathan', 'Common', 'Dwarven', 'Elven', 'Giant', 'Illuskan', 'Sylvan']","['The Earthmother', 'Chauntea', 'Tempus']",1347449,6412,74169,90,60.7,58,0,"Moonshae (Douglas Niles, 1987), Halls of the High King (Ed Greenwood, 1990), Backdrop: The Moonshae Isles (Shawn Merwin, Dungeon #196, 2011)","[""['armour'"", ""'rose-gold'"", ""'timber'"", ""'weapons']""]","[""['coal'"", ""'horses'"", ""'minor magical items'"", ""'ore'"", ""'parchment'"", ""'silk']""]","{""humans"": 851.0, ""halflings"": 0.0, ""elves"": 0.0, ""dwarves"": 0.0, ""half-elves"": 0.0, ""misc."": 0.0}","{""Aristocratic"": 0.0, ""Wealthy"": 6.0, ""Comfortable"": 51.0, ""Modest"": 103.0, ""Poor"": 267.0, ""Squalid"": 129.0, ""Wretched"": 10.0}"
Bray,Moonshae,Caer Callidyrr,1549,247470,248,"{'humans': 1549, 'halflings': 0, 'elves': 0, 'dwarves': 0, 'half-elves': 0, 'misc.': 0}",46,Disease,['Democracy'],"{'Aristocratic': 0, 'Wealthy': 15, 'Comfortable': 102, 'Modest': 270, 'Poor': 517, 'Squalid': 406, 'Wretched': 120}",0,"[""['armour'"", ""'rose-gold'"", ""'timber'"", ""'weapons']""]","[""['coal'"", ""'horses'"", ""'minor magical items'"", ""'ore'"", ""'parchment'"", ""'silk']""]",{'name': 'High Queen Alicia Kendrick'},Various local militias,None,"['Aquan', 'Chondathan', 'Common', 'Dwarven', 'Elven', 'Giant', 'Illuskan', 'Sylvan']","['The Earthmother', 'Chauntea', 'Tempus']",1347449,6412,74169,72.2,61.4,59,0,"Moonshae (Douglas Niles, 1987), Halls of the High King (Ed Greenwood, 1990), Backdrop: The Moonshae Isles (Shawn Merwin, Dungeon #196, 2011)","[""['armour'"", ""'rose-gold'"", ""'timber'"", ""'weapons']""]","[""['coal'"", ""'horses'"", ""'minor magical items'"", ""'ore'"", ""'parchment'"", ""'silk']""]","{""humans"": 1549.0, ""halflings"": 0.0, ""elves"": 0.0, ""dwarves"": 0.0, ""half-elves"": 0.0, ""misc."": 0.0}","{""Aristocratic"": 0.0, ""Wealthy"": 15.0, ""Comfortable"": 102.0, ""Modest"": 270.0, ""Poor"": 517.0, ""Squalid"": 406.0, ""Wretched"": 120.0}"
Cambro,Moonshae,Caer Callidyrr,715,98258,98,"{'humans': 165, 'halflings': 35, 'elves': 513, 'dwarves': 0, 'half-elves': 0, 'misc.': 0}",274,Exposure to the elements,['Confederacy'],"{'Aristocratic': 0, 'Wealthy': 6, 'Comfortable': 39, 'Modest': 110, 'Poor': 224, 'Squalid': 124, 'Wretched': 14}",0,"[""['armour'"", ""'rose-gold'"", ""'timber'"", ""'weapons']""]","[""['coal'"", ""'horses'"", ""'minor magical items'"", ""'ore'"", ""'parchment'"", ""'silk']""]",{'name': 'High Queen Alicia Kendrick'},Various local militias,None,"['Aquan', 'Chondathan', 'Common', 'Dwarven', 'Elven', 'Giant', 'Illuskan', 'Sylvan']","['The Earthmother', 'Chauntea', 'Tempus']",1347449,6412,74169,85.6,45.3,81,0,"Moonshae (Douglas Niles, 1987), Halls of the High King (Ed Greenwood, 1990), Backdrop: The Moonshae Isles (Shawn Merwin, Dungeon #196, 2011)","[""['armour'"", ""'rose-gold'"", ""'timber'"", ""'weapons']""]","[""['coal'"", ""'horses'"", ""'minor magical items'"", ""'ore'"", ""'parchment'"", ""'silk']""]","{""humans"": 165.0, ""halflings"": 35.0, ""elves"": 513.0, ""dwarves"": 0.0, ""half-elves"": 0.0, ""misc."": 0.0}","{""Aristocratic"": 0.0, ""Wealthy"": 6.0, ""Comfortable"": 39.0, ""Modest"": 110.0, ""Poor"": 224.0, ""Squalid"": 124.0, ""Wretched"": 14.0}"
Caer Corwell,Moonshae,Caer Callidyrr,563,68912,68,"{'humans': 563, 'halflings': 0, 'elves': 0, 'dwarves': 0, 'half-elves': 0, 'misc.': 0}",51,Wildlife attacks,['Matriarchy'],"{'Aristocratic': 0, 'Wealthy': 1, 'Comfortable': 27, 'Modest': 81, 'Poor': 171, 'Squalid': 156, 'Wretched': 10}",0,"[""['armour'"", ""'rose-gold'"", ""'timber'"", ""'weapons']""]","[""['coal'"", ""'horses'"", ""'minor magical items'"", ""'ore'"", ""'parchment'"", ""'silk']""]",{'name': 'High Queen Alicia Kendrick'},Various local militias,None,"['Aquan', 'Chondathan', 'Common', 'Dwarven', 'Elven', 'Giant', 'Illuskan', 'Sylvan']","['The Earthmother', 'Chauntea', 'Tempus']",1347449,6412,74169,79.6,57.9,80,0,"Moonshae (Douglas Niles, 1987), Halls of the High King (Ed Greenwood, 1990), Backdrop: The Moonshae Isles (Shawn Merwin, Dungeon #196, 2011)","[""['armour'"", ""'rose-gold'"", ""'timber'"", ""'weapons']""]","[""['coal'"", ""'horses'"", ""'minor magical items'"", ""'ore'"", ""'parchment'"", ""'silk']""]","{""humans"": 563.0, ""halflings"": 0.0, ""elves"": 0.0, ""dwarves"": 0.0, ""half-elves"": 0.0, ""misc."": 0.0}","{""Aristocratic"": 0.0, ""Wealthy"": 1.0, ""Comfortable"": 27.0, ""Modest"": 81.0, ""Poor"": 171.0, ""Squalid"": 156.0, ""Wretched"": 10.0}"
Caer Moray,Moonshae,Caer Callidyrr,1087,168265,168,"{'humans': 605, 'halflings': 90, 'elves': 0, 'dwarves': 392, 'half-elves': 0, 'misc.': 0}",91,Dueling accidents,['Gerontocracy'],"{'Aristocratic': 0, 'Wealthy': 14, 'Comfortable': 76, 'Modest': 151, 'Poor': 361, 'Squalid': 298, 'Wretched': 84}",0,"[""['armour'"", ""'rose-gold'"", ""'timber'"", ""'weapons']""]","[""['coal'"", ""'horses'"", ""'minor magical items'"", ""'ore'"", ""'parchment'"", ""'silk']""]",{'name': 'High Queen Alicia Kendrick'},Various local militias,None,"['Aquan', 'Chondathan', 'Common', 'Dwarven', 'Elven', 'Giant', 'Illuskan', 'Sylvan']","['The Earthmother', 'Chauntea', 'Tempus']",1347449,6412,74169,75.1,64.7,73,0,"Moonshae (Douglas Niles, 1987), Halls of the High King (Ed Greenwood, 1990), Backdrop: The Moonshae Isles (Shawn Merwin, Dungeon #196, 2011)","[""['armour'"", ""'rose-gold'"", ""'timber'"", ""'weapons']""]","[""['coal'"", ""'horses'"", ""'minor magical items'"", ""'ore'"", ""'parchment'"", ""'silk']""]","{""humans"": 605.0, ""halflings"": 90.0, ""elves"": 0.0, ""dwarves"": 392.0, ""half-elves"": 0.0, ""misc."": 0.0}","{""Aristocratic"": 0.0, ""Wealthy"": 14.0, ""Comfortable"": 76.0, ""Modest"": 151.0, ""Poor"": 361.0, ""Squalid"": 298.0, ""Wretched"": 84.0}"
Caer Westphal,Moonshae,Caer Callidyrr,536,75190,75,"{'humans': 536, 'halflings': 0, 'elves': 0, 'dwarves': 0, 'half-elves': 0, 'misc.': 0}",48,Assassination,['Confederacy'],"{'Aristocratic': 0, 'Wealthy': 4, 'Comfortable': 26, 'Modest': 90, 'Poor': 173, 'Squalid': 134, 'Wretched': 9}",0,"[""['armour'"", ""'rose-gold'"", ""'timber'"", ""'weapons']""]","[""['coal'"", ""'horses'"", ""'minor magical items'"", ""'ore'"", ""'parchment'"", ""'silk']""]",{'name': 'High Queen Alicia Kendrick'},Various local militias,None,"['Aquan', 'Chondathan', 'Common', 'Dwarven', 'Elven', 'Giant', 'Illuskan', 'Sylvan']","['The Earthmother', 'Chauntea', 'Tempus']",1347449,6412,74169,81.7,52.4,66,0,"Moonshae (Douglas Niles, 1987), Halls of the High King (Ed Greenwood, 1990), Backdrop: The Moonshae Isles (Shawn Merwin, Dungeon #196, 2011)","[""['armour'"", ""'rose-gold'"", ""'timber'"", ""'weapons']""]","[""['coal'"", ""'horses'"", ""'minor magical items'"", ""'ore'"", ""'parchment'"", ""'silk']""]","{""humans"": 536.0, ""halflings"": 0.0, ""elves"": 0.0, ""dwarves"": 0.0, ""half-elves"": 0.0, ""misc."": 0.0}","{""Aristocratic"": 0.0, ""Wealthy"": 4.0, ""Comfortable"": 26.0, ""Modest"": 90.0, ""Poor"": 173.0, ""Squalid"": 134.0, ""Wretched"": 9.0}"
Caervu,Moonshae,Caer Callidyrr,88,12921,12,"{'humans': 62, 'halflings': 25, 'elves': 0, 'dwarves': 0, 'half-elves': 0, 'misc.': 0}",57,Exposure to the elements,['Matriarchy'],"{'Aristocratic': 0, 'Wealthy': 0, 'Comfortable': 7, 'Modest': 14, 'Poor': 28, 'Squalid': 18, 'Wretched': 0}",0,"[""['armour'"", ""'rose-gold'"", ""'timber'"", ""'weapons']""]","[""['coal'"", ""'horses'"", ""'minor magical items'"", ""'ore'"", ""'parchment'"", ""'silk']""]",{'name': 'High Queen Alicia Kendrick'},Various local militias,None,"['Aquan', 'Chondathan', 'Common', 'Dwarven', 'Elven', 'Giant', 'Illuskan', 'Sylvan']","['The Earthmother', 'Chauntea', 'Tempus']",1347449,6412,74169,74,46.1,70,0,"Moonshae (Douglas Niles, 1987), Halls of the High King (Ed Greenwood, 1990), Backdrop: The Moonshae Isles (Shawn Merwin, Dungeon #196, 2011)","[""['armour'"", ""'rose-gold'"", ""'timber'"", ""'weapons']""]","[""['coal'"", ""'horses'"", ""'minor magical items'"", ""'ore'"", ""'parchment'"", ""'silk']""]","{""humans"": 62.0, ""halflings"": 25.0, ""elves"": 0.0, ""dwarves"": 0.0, ""half-elves"": 0.0, ""misc."": 0.0}","{""Aristocratic"": 0.0, ""Wealthy"": 0.0, ""Comfortable"": 7.0, ""Modest"": 14.0, ""Poor"": 28.0, ""Squalid"": 18.0, ""Wretched"": 0.0}"
Cobh,Moonshae,Caer Callidyrr,197,22995,22,"{'humans': 186, 'halflings': 0, 'elves': 10, 'dwarves': 0, 'half-elves': 0, 'misc.': 0}",63,Wildlife attacks,['Patriarchy'],"{'Aristocratic': 0, 'Wealthy': 0, 'Comfortable': 12, 'Modest': 23, 'Poor': 63, 'Squalid': 34, 'Wretched': 2}",0,"[""['armour'"", ""'rose-gold'"", ""'timber'"", ""'weapons']""]","[""['coal'"", ""'horses'"", ""'minor magical items'"", ""'ore'"", ""'parchment'"", ""'silk']""]",{'name': 'High Queen Alicia Kendrick'},Various local militias,None,"['Aquan', 'Chondathan', 'Common', 'Dwarven', 'Elven', 'Giant', 'Illuskan', 'Sylvan']","['The Earthmother', 'Chauntea', 'Tempus']",1347449,6412,74169,89.1,52,80,0,"Moonshae (Douglas Niles, 1987), Halls of the High King (Ed Greenwood, 1990), Backdrop: The Moonshae Isles (Shawn Merwin, Dungeon #196, 2011)","[""['armour'"", ""'rose-gold'"", ""'timber'"", ""'weapons']""]","[""['coal'"", ""'horses'"", ""'minor magical items'"", ""'ore'"", ""'parchment'"", ""'silk']""]","{""humans"": 186.0, ""halflings"": 0.0, ""elves"": 10.0, ""dwarves"": 0.0, ""half-elves"": 0.0, ""misc."": 0.0}","{""Aristocratic"": 0.0, ""Wealthy"": 0.0, ""Comfortable"": 12.0, ""Modest"": 23.0, ""Poor"": 63.0, ""Squalid"": 34.0, ""Wretched"": 2.0}"
Codfin,Moonshae,Caer Callidyrr,1141,181113,181,"{'humans': 953, 'halflings': 0, 'elves': 0, 'dwarves': 0, 'half-elves': 187, 'misc.': 0}",56,Magic mishaps,['Militocracy'],"{'Aristocratic': 0, 'Wealthy': 21, 'Comfortable': 71, 'Modest': 172, 'Poor': 387, 'Squalid': 208, 'Wretched': 63}",0,"[""['armour'"", ""'rose-gold'"", ""'timber'"", ""'weapons']""]","[""['coal'"", ""'horses'"", ""'minor magical items'"", ""'ore'"", ""'parchment'"", ""'silk']""]",{'name': 'High Queen Alicia Kendrick'},Various local militias,None,"['Aquan', 'Chondathan', 'Common', 'Dwarven', 'Elven', 'Giant', 'Illuskan', 'Sylvan']","['The Earthmother', 'Chauntea', 'Tempus']",1347449,6412,74169,89.5,60.1,57,0,"Moonshae (Douglas Niles, 1987), Halls of the High King (Ed Greenwood, 1990), Backdrop: The Moonshae Isles (Shawn Merwin, Dungeon #196, 2011)","[""['armour'"", ""'rose-gold'"", ""'timber'"", ""'weapons']""]","[""['coal'"", ""'horses'"", ""'minor magical items'"", ""'ore'"", ""'parchment'"", ""'silk']""]","{""humans"": 953.0, ""halflings"": 0.0, ""elves"": 0.0, ""dwarves"": 0.0, ""half-elves"": 187.0, ""misc."": 0.0}","{""Aristocratic"": 0.0, ""Wealthy"": 21.0, ""Comfortable"": 71.0, ""Modest"": 172.0, ""Poor"": 387.0, ""Squalid"": 208.0, ""Wretched"": 63.0}"
Codscove,Moonshae,Caer Callidyrr,805,94936,95,"{'humans': 591, 'halflings': 0, 'elves': 213, 'dwarves': 0, 'half-elves': 0, 'misc.': 0}",129,Bandit attacks,['Plutocracy'],"{'Aristocratic': 0, 'Wealthy': 4, 'Comfortable': 45, 'Modest': 84, 'Poor': 260, 'Squalid': 181, 'Wretched': 13}",0,"[""['armour'"", ""'rose-gold'"", ""'timber'"", ""'weapons']""]","[""['coal'"", ""'horses'"", ""'minor magical items'"", ""'ore'"", ""'parchment'"", ""'silk']""]",{'name': 'High Queen Alicia Kendrick'},Various local militias,None,"['Aquan', 'Chondathan', 'Common', 'Dwarven', 'Elven', 'Giant', 'Illuskan', 'Sylvan']","['The Earthmother', 'Chauntea', 'Tempus']",1347449,6412,74169,84.2,45.1,60,0,"Moonshae (Douglas Niles, 1987), Halls of the High King (Ed Greenwood, 1990), Backdrop: The Moonshae Isles (Shawn Merwin, Dungeon #196, 2011)","[""['armour'"", ""'rose-gold'"", ""'timber'"", ""'weapons']""]","[""['coal'"", ""'horses'"", ""'minor magical items'"", ""'ore'"", ""'parchment'"", ""'silk']""]","{""humans"": 591.0, ""halflings"": 0.0, ""elves"": 213.0, ""dwarves"": 0.0, ""half-elves"": 0.0, ""misc."": 0.0}","{""Aristocratic"": 0.0, ""Wealthy"": 4.0, ""Comfortable"": 45.0, ""Modest"": 84.0, ""Poor"": 260.0, ""Squalid"": 181.0, ""Wretched"": 13.0}"
Doncastle,Moonshae,Caer Callidyrr,85,9490,9,"{'humans': 84, 'halflings': 0, 'elves': 0, 'dwarves': 0, 'half-elves': 0, 'misc.': 0}",48,Poisonous plants,['Plutocracy'],"{'Aristocratic': 0, 'Wealthy': 0, 'Comfortable': 7, 'Modest': 4, 'Poor': 28, 'Squalid': 24, 'Wretched': 0}",0,"[""['armour'"", ""'rose-gold'"", ""'timber'"", ""'weapons']""]","[""['coal'"", ""'horses'"", ""'minor magical items'"", ""'ore'"", ""'parchment'"", ""'silk']""]",{'name': 'High Queen Alicia Kendrick'},Various local militias,None,"['Aquan', 'Chondathan', 'Common', 'Dwarven', 'Elven', 'Giant', 'Illuskan', 'Sylvan']","['The Earthmother', 'Chauntea', 'Tempus']",1347449,6412,74169,85.9,53.3,69,0,"Moonshae (Douglas Niles, 1987), Halls of the High King (Ed Greenwood, 1990), Backdrop: The Moonshae Isles (Shawn Merwin, Dungeon #196, 2011)","[""['armour'"", ""'rose-gold'"", ""'timber'"", ""'weapons']""]","[""['coal'"", ""'horses'"", ""'minor magical items'"", ""'ore'"", ""'parchment'"", ""'silk']""]","{""humans"": 84.0, ""halflings"": 0.0, ""elves"": 0.0, ""dwarves"": 0.0, ""half-elves"": 0.0, ""misc."": 0.0}","{""Aristocratic"": 0.0, ""Wealthy"": 0.0, ""Comfortable"": 7.0, ""Modest"": 4.0, ""Poor"": 28.0, ""Squalid"": 24.0, ""Wretched"": 0.0}"
Dorset,Moonshae,Caer Callidyrr,359,40442,40,"{'humans': 292, 'halflings': 66, 'elves': 0, 'dwarves': 0, 'half-elves': 0, 'misc.': 0}",54,Old age,['Republic'],"{'Aristocratic': 0, 'Wealthy': 0, 'Comfortable': 20, 'Modest': 42, 'Poor': 109, 'Squalid': 70, 'Wretched': 4}",0,"[""['armour'"", ""'rose-gold'"", ""'timber'"", ""'weapons']""]","[""['coal'"", ""'horses'"", ""'minor magical items'"", ""'ore'"", ""'parchment'"", ""'silk']""]",{'name': 'High Queen Alicia Kendrick'},Various local militias,None,"['Aquan', 'Chondathan', 'Common', 'Dwarven', 'Elven', 'Giant', 'Illuskan', 'Sylvan']","['The Earthmother', 'Chauntea', 'Tempus']",1347449,6412,74169,78.4,55.5,72,0,"Moonshae (Douglas Niles, 1987), Halls of the High King (Ed Greenwood, 1990), Backdrop: The Moonshae Isles (Shawn Merwin, Dungeon #196, 2011)","[""['armour'"", ""'rose-gold'"", ""'timber'"", ""'weapons']""]","[""['coal'"", ""'horses'"", ""'minor magical items'"", ""'ore'"", ""'parchment'"", ""'silk']""]","{""humans"": 292.0, ""halflings"": 66.0, ""elves"": 0.0, ""dwarves"": 0.0, ""half-elves"": 0.0, ""misc."": 0.0}","{""Aristocratic"": 0.0, ""Wealthy"": 0.0, ""Comfortable"": 20.0, ""Modest"": 42.0, ""Poor"": 109.0, ""Squalid"": 70.0, ""Wretched"": 4.0}"
Dultann,Moonshae,Caer Callidyrr,1291,199290,199,"{'humans': 1291, 'halflings': 0, 'elves': 0, 'dwarves': 0, 'half-elves': 0, 'misc.': 0}",49,Dueling accidents,['Satrapy'],"{'Aristocratic': 0, 'Wealthy': 23, 'Comfortable': 81, 'Modest': 184, 'Poor': 420, 'Squalid': 240, 'Wretched': 72}",0,"[""['armour'"", ""'rose-gold'"", ""'timber'"", ""'weapons']""]","[""['coal'"", ""'horses'"", ""'minor magical items'"", ""'ore'"", ""'parchment'"", ""'silk']""]",{'name': 'High Queen Alicia Kendrick'},Various local militias,None,"['Aquan', 'Chondathan', 'Common', 'Dwarven', 'Elven', 'Giant', 'Illuskan', 'Sylvan']","['The Earthmother', 'Chauntea', 'Tempus']",1347449,6412,74169,71.2,51.2,96,0,"Moonshae (Douglas Niles, 1987), Halls of the High King (Ed Greenwood, 1990), Backdrop: The Moonshae Isles (Shawn Merwin, Dungeon #196, 2011)","[""['armour'"", ""'rose-gold'"", ""'timber'"", ""'weapons']""]","[""['coal'"", ""'horses'"", ""'minor magical items'"", ""'ore'"", ""'parchment'"", ""'silk']""]","{""humans"": 1291.0, ""halflings"": 0.0, ""elves"": 0.0, ""dwarves"": 0.0, ""half-elves"": 0.0, ""misc."": 0.0}","{""Aristocratic"": 0.0, ""Wealthy"": 23.0, ""Comfortable"": 81.0, ""Modest"": 184.0, ""Poor"": 420.0, ""Squalid"": 240.0, ""Wretched"": 72.0}"
Dynnatt,Moonshae,Caer Callidyrr,535,72233,72,"{'humans': 533, 'halflings': 0, 'elves': 0, 'dwarves': 0, 'half-elves': 0, 'misc.': 0}",44,Old age,['Republic'],"{'Aristocratic': 0, 'Wealthy': 2, 'Comfortable': 22, 'Modest': 99, 'Poor': 172, 'Squalid': 125, 'Wretched': 5}",0,"[""['armour'"", ""'rose-gold'"", ""'timber'"", ""'weapons']""]","[""['coal'"", ""'horses'"", ""'minor magical items'"", ""'ore'"", ""'parchment'"", ""'silk']""]",{'name': 'High Queen Alicia Kendrick'},Various local militias,None,"['Aquan', 'Chondathan', 'Common', 'Dwarven', 'Elven', 'Giant', 'Illuskan', 'Sylvan']","['The Earthmother', 'Chauntea', 'Tempus']",1347449,6412,74169,68.4,57.9,81,0,"Moonshae (Douglas Niles, 1987), Halls of the High King (Ed Greenwood, 1990), Backdrop: The Moonshae Isles (Shawn Merwin, Dungeon #196, 2011)","[""['armour'"", ""'rose-gold'"", ""'timber'"", ""'weapons']""]","[""['coal'"", ""'horses'"", ""'minor magical items'"", ""'ore'"", ""'parchment'"", ""'silk']""]","{""humans"": 533.0, ""halflings"": 0.0, ""elves"": 0.0, ""dwarves"": 0.0, ""half-elves"": 0.0, ""misc."": 0.0}","{""Aristocratic"": 0.0, ""Wealthy"": 2.0, ""Comfortable"": 22.0, ""Modest"": 99.0, ""Poor"": 172.0, ""Squalid"": 125.0, ""Wretched"": 5.0}"
Dynnegall,Moonshae,Caer Callidyrr,916,140488,140,"{'humans': 576, 'halflings': 0, 'elves': 339, 'dwarves': 0, 'half-elves': 0, 'misc.': 0}",163,Poison,['Hierarchy'],"{'Aristocratic': 0, 'Wealthy': 6, 'Comfortable': 56, 'Modest': 167, 'Poor': 274, 'Squalid': 271, 'Wretched': 14}",0,"[""['armour'"", ""'rose-gold'"", ""'timber'"", ""'weapons']""]","[""['coal'"", ""'horses'"", ""'minor magical items'"", ""'ore'"", ""'parchment'"", ""'silk']""]",{'name': 'High Queen Alicia Kendrick'},Various local militias,None,"['Aquan', 'Chondathan', 'Common', 'Dwarven', 'Elven', 'Giant', 'Illuskan', 'Sylvan']","['The Earthmother', 'Chauntea', 'Tempus']",1347449,6412,74169,88.7,51.4,68,0,"Moonshae (Douglas Niles, 1987), Halls of the High King (Ed Greenwood, 1990), Backdrop: The Moonshae Isles (Shawn Merwin, Dungeon #196, 2011)","[""['armour'"", ""'rose-gold'"", ""'timber'"", ""'weapons']""]","[""['coal'"", ""'horses'"", ""'minor magical items'"", ""'ore'"", ""'parchment'"", ""'silk']""]","{""humans"": 576.0, ""halflings"": 0.0, ""elves"": 339.0, ""dwarves"": 0.0, ""half-elves"": 0.0, ""misc."": 0.0}","{""Aristocratic"": 0.0, ""Wealthy"": 6.0, ""Comfortable"": 56.0, ""Modest"": 167.0, ""Poor"": 274.0, ""Squalid"": 271.0, ""Wretched"": 14.0}"
Elyssyrr,Moonshae,Caer Callidyrr,321,39456,39,"{'humans': 321, 'halflings': 0, 'elves': 0, 'dwarves': 0, 'half-elves': 0, 'misc.': 0}",47,Starvation,['Satrapy'],"{'Aristocratic': 0, 'Wealthy': 2, 'Comfortable': 18, 'Modest': 35, 'Poor': 100, 'Squalid': 91, 'Wretched': 6}",0,"[""['armour'"", ""'rose-gold'"", ""'timber'"", ""'weapons']""]","[""['coal'"", ""'horses'"", ""'minor magical items'"", ""'ore'"", ""'parchment'"", ""'silk']""]",{'name': 'High Queen Alicia Kendrick'},Various local militias,None,"['Aquan', 'Chondathan', 'Common', 'Dwarven', 'Elven', 'Giant', 'Illuskan', 'Sylvan']","['The Earthmother', 'Chauntea', 'Tempus']",1347449,6412,74169,74.4,63.2,74,0,"Moonshae (Douglas Niles, 1987), Halls of the High King (Ed Greenwood, 1990), Backdrop: The Moonshae Isles (Shawn Merwin, Dungeon #196, 2011)","[""['armour'"", ""'rose-gold'"", ""'timber'"", ""'weapons']""]","[""['coal'"", ""'horses'"", ""'minor magical items'"", ""'ore'"", ""'parchment'"", ""'silk']""]","{""humans"": 321.0, ""halflings"": 0.0, ""elves"": 0.0, ""dwarves"": 0.0, ""half-elves"": 0.0, ""misc."": 0.0}","{""Aristocratic"": 0.0, ""Wealthy"": 2.0, ""Comfortable"": 18.0, ""Modest"": 35.0, ""Poor"": 100.0, ""Squalid"": 91.0, ""Wretched"": 6.0}"
Farview,Moonshae,Caer Callidyrr,1024,146949,147,"{'humans': 1021, 'halflings': 0, 'elves': 0, 'dwarves': 2, 'half-elves': 0, 'misc.': 0}",45,Assassination,['Kleptocracy'],"{'Aristocratic': 0, 'Wealthy': 16, 'Comfortable': 71, 'Modest': 105, 'Poor': 330, 'Squalid': 256, 'Wretched': 39}",0,"[""['armour'"", ""'rose-gold'"", ""'timber'"", ""'weapons']""]","[""['coal'"", ""'horses'"", ""'minor magical items'"", ""'ore'"", ""'parchment'"", ""'silk']""]",{'name': 'High Queen Alicia Kendrick'},Various local militias,None,"['Aquan', 'Chondathan', 'Common', 'Dwarven', 'Elven', 'Giant', 'Illuskan', 'Sylvan']","['The Earthmother', 'Chauntea', 'Tempus']",1347449,6412,74169,69.7,63.5,68,0,"Moonshae (Douglas Niles, 1987), Halls of the High King (Ed Greenwood, 1990), Backdrop: The Moonshae Isles (Shawn Merwin, Dungeon #196, 2011)","[""['armour'"", ""'rose-gold'"", ""'timber'"", ""'weapons']""]","[""['coal'"", ""'horses'"", ""'minor magical items'"", ""'ore'"", ""'parchment'"", ""'silk']""]","{""humans"": 1021.0, ""halflings"": 0.0, ""elves"": 0.0, ""dwarves"": 2.0, ""half-elves"": 0.0, ""misc."": 0.0}","{""Aristocratic"": 0.0, ""Wealthy"": 16.0, ""Comfortable"": 71.0, ""Modest"": 105.0, ""Poor"": 330.0, ""Squalid"": 256.0, ""Wretched"": 39.0}"
Fenton,Moonshae,Caer Callidyrr,751,105850,105,"{'humans': 751, 'halflings': 0, 'elves': 0, 'dwarves': 0, 'half-elves': 0, 'misc.': 0}",48,Disease,['Confederacy'],"{'Aristocratic': 0, 'Wealthy': 7, 'Comfortable': 39, 'Modest': 122, 'Poor': 242, 'Squalid': 136, 'Wretched': 12}",0,"[""['armour'"", ""'rose-gold'"", ""'timber'"", ""'weapons']""]","[""['coal'"", ""'horses'"", ""'minor magical items'"", ""'ore'"", ""'parchment'"", ""'silk']""]",{'name': 'High Queen Alicia Kendrick'},Various local militias,None,"['Aquan', 'Chondathan', 'Common', 'Dwarven', 'Elven', 'Giant', 'Illuskan', 'Sylvan']","['The Earthmother', 'Chauntea', 'Tempus']",1347449,6412,74169,68.1,64.3,73,0,"Moonshae (Douglas Niles, 1987), Halls of the High King (Ed Greenwood, 1990), Backdrop: The Moonshae Isles (Shawn Merwin, Dungeon #196, 2011)","[""['armour'"", ""'rose-gold'"", ""'timber'"", ""'weapons']""]","[""['coal'"", ""'horses'"", ""'minor magical items'"", ""'ore'"", ""'parchment'"", ""'silk']""]","{""humans"": 751.0, ""halflings"": 0.0, ""elves"": 0.0, ""dwarves"": 0.0, ""half-elves"": 0.0, ""misc."": 0.0}","{""Aristocratic"": 0.0, ""Wealthy"": 7.0, ""Comfortable"": 39.0, ""Modest"": 122.0, ""Poor"": 242.0, ""Squalid"": 136.0, ""Wretched"": 12.0}"
Grady,Moonshae,Caer Callidyrr,1196,214328,214,"{'humans': 1196, 'halflings': 0, 'elves': 0, 'dwarves': 0, 'half-elves': 0, 'misc.': 0}",44,Dueling accidents,['Feudalism'],"{'Aristocratic': 0, 'Wealthy': 18, 'Comfortable': 76, 'Modest': 263, 'Poor': 380, 'Squalid': 242, 'Wretched': 48}",0,"[""['armour'"", ""'rose-gold'"", ""'timber'"", ""'weapons']""]","[""['coal'"", ""'horses'"", ""'minor magical items'"", ""'ore'"", ""'parchment'"", ""'silk']""]",{'name': 'High Queen Alicia Kendrick'},Various local militias,None,"['Aquan', 'Chondathan', 'Common', 'Dwarven', 'Elven', 'Giant', 'Illuskan', 'Sylvan']","['The Earthmother', 'Chauntea', 'Tempus']",1347449,6412,74169,69.9,64.9,84,0,"Moonshae (Douglas Niles, 1987), Halls of the High King (Ed Greenwood, 1990), Backdrop: The Moonshae Isles (Shawn Merwin, Dungeon #196, 2011)","[""['armour'"", ""'rose-gold'"", ""'timber'"", ""'weapons']""]","[""['coal'"", ""'horses'"", ""'minor magical items'"", ""'ore'"", ""'parchment'"", ""'silk']""]","{""humans"": 1196.0, ""halflings"": 0.0, ""elves"": 0.0, ""dwarves"": 0.0, ""half-elves"": 0.0, ""misc."": 0.0}","{""Aristocratic"": 0.0, ""Wealthy"": 18.0, ""Comfortable"": 76.0, ""Modest"": 263.0, ""Poor"": 380.0, ""Squalid"": 242.0, ""Wretched"": 48.0}"
Graystone,Moonshae,Caer Callidyrr,1720,260610,261,"{'humans': 1362, 'halflings': 357, 'elves': 0, 'dwarves': 0, 'half-elves': 0, 'misc.': 0}",54,Exposure to the elements,['Militocracy'],"{'Aristocratic': 0, 'Wealthy': 22, 'Comfortable': 106, 'Modest': 272, 'Poor': 539, 'Squalid': 342, 'Wretched': 85}",0,"[""['armour'"", ""'rose-gold'"", ""'timber'"", ""'weapons']""]","[""['coal'"", ""'horses'"", ""'minor magical items'"", ""'ore'"", ""'parchment'"", ""'silk']""]",{'name': 'High Queen Alicia Kendrick'},Various local militias,None,"['Aquan', 'Chondathan', 'Common', 'Dwarven', 'Elven', 'Giant', 'Illuskan', 'Sylvan']","['The Earthmother', 'Chauntea', 'Tempus']",1347449,6412,74169,72.6,50.7,88,0,"Moonshae (Douglas Niles, 1987), Halls of the High King (Ed Greenwood, 1990), Backdrop: The Moonshae Isles (Shawn Merwin, Dungeon #196, 2011)","[""['armour'"", ""'rose-gold'"", ""'timber'"", ""'weapons']""]","[""['coal'"", ""'horses'"", ""'minor magical items'"", ""'ore'"", ""'parchment'"", ""'silk']""]","{""humans"": 1362.0, ""halflings"": 357.0, ""elves"": 0.0, ""dwarves"": 0.0, ""half-elves"": 0.0, ""misc."": 0.0}","{""Aristocratic"": 0.0, ""Wealthy"": 22.0, ""Comfortable"": 106.0, ""Modest"": 272.0, ""Poor"": 539.0, ""Squalid"": 342.0, ""Wretched"": 85.0}"
Grimstad,Moonshae,Caer Callidyrr,667,86286,86,"{'humans': 334, 'halflings': 0, 'elves': 0, 'dwarves': 0, 'half-elves': 331, 'misc.': 0}",69,Work-related accidents,['Dictatorship'],"{'Aristocratic': 0, 'Wealthy': 6, 'Comfortable': 36, 'Modest': 85, 'Poor': 220, 'Squalid': 114, 'Wretched': 11}",0,"[""['armour'"", ""'rose-gold'"", ""'timber'"", ""'weapons']""]","[""['coal'"", ""'horses'"", ""'minor magical items'"", ""'ore'"", ""'parchment'"", ""'silk']""]",{'name': 'High Queen Alicia Kendrick'},Various local militias,None,"['Aquan', 'Chondathan', 'Common', 'Dwarven', 'Elven', 'Giant', 'Illuskan', 'Sylvan']","['The Earthmother', 'Chauntea', 'Tempus']",1347449,6412,74169,73.3,50.3,70,0,"Moonshae (Douglas Niles, 1987), Halls of the High King (Ed Greenwood, 1990), Backdrop: The Moonshae Isles (Shawn Merwin, Dungeon #196, 2011)","[""['armour'"", ""'rose-gold'"", ""'timber'"", ""'weapons']""]","[""['coal'"", ""'horses'"", ""'minor magical items'"", ""'ore'"", ""'parchment'"", ""'silk']""]","{""humans"": 334.0, ""halflings"": 0.0, ""elves"": 0.0, ""dwarves"": 0.0, ""half-elves"": 331.0, ""misc."": 0.0}","{""Aristocratic"": 0.0, ""Wealthy"": 6.0, ""Comfortable"": 36.0, ""Modest"": 85.0, ""Poor"": 220.0, ""Squalid"": 114.0, ""Wretched"": 11.0}"
Harloch,Moonshae,Caer Callidyrr,1122,198304,198,"{'humans': 935, 'halflings': 0, 'elves': 186, 'dwarves': 0, 'half-elves': 0, 'misc.': 0}",97,Exposure to the elements,['Dictatorship'],"{'Aristocratic': 0, 'Wealthy': 15, 'Comfortable': 88, 'Modest': 207, 'Poor': 369, 'Squalid': 265, 'Wretched': 78}",0,"[""['armour'"", ""'rose-gold'"", ""'timber'"", ""'weapons']""]","[""['coal'"", ""'horses'"", ""'minor magical items'"", ""'ore'"", ""'parchment'"", ""'silk']""]",{'name': 'High Queen Alicia Kendrick'},Various local militias,None,"['Aquan', 'Chondathan', 'Common', 'Dwarven', 'Elven', 'Giant', 'Illuskan', 'Sylvan']","['The Earthmother', 'Chauntea', 'Tempus']",1347449,6412,74169,88.5,60.8,71,0,"Moonshae (Douglas Niles, 1987), Halls of the High King (Ed Greenwood, 1990), Backdrop: The Moonshae Isles (Shawn Merwin, Dungeon #196, 2011)","[""['armour'"", ""'rose-gold'"", ""'timber'"", ""'weapons']""]","[""['coal'"", ""'horses'"", ""'minor magical items'"", ""'ore'"", ""'parchment'"", ""'silk']""]","{""humans"": 935.0, ""halflings"": 0.0, ""elves"": 186.0, ""dwarves"": 0.0, ""half-elves"": 0.0, ""misc."": 0.0}","{""Aristocratic"": 0.0, ""Wealthy"": 15.0, ""Comfortable"": 88.0, ""Modest"": 207.0, ""Poor"": 369.0, ""Squalid"": 265.0, ""Wretched"": 78.0}"
Hickorydale,Moonshae,Caer Callidyrr,1174,203743,204,"{'humans': 986, 'halflings': 184, 'elves': 0, 'dwarves': 3, 'half-elves': 0, 'misc.': 0}",52,Disease,['Bureaucracy'],"{'Aristocratic': 0, 'Wealthy': 11, 'Comfortable': 90, 'Modest': 234, 'Poor': 387, 'Squalid': 228, 'Wretched': 42}",0,"[""['armour'"", ""'rose-gold'"", ""'timber'"", ""'weapons']""]","[""['coal'"", ""'horses'"", ""'minor magical items'"", ""'ore'"", ""'parchment'"", ""'silk']""]",{'name': 'High Queen Alicia Kendrick'},Various local militias,None,"['Aquan', 'Chondathan', 'Common', 'Dwarven', 'Elven', 'Giant', 'Illuskan', 'Sylvan']","['The Earthmother', 'Chauntea', 'Tempus']",1347449,6412,74169,67.7,63.6,76,0,"Moonshae (Douglas Niles, 1987), Halls of the High King (Ed Greenwood, 1990), Backdrop: The Moonshae Isles (Shawn Merwin, Dungeon #196, 2011)","[""['armour'"", ""'rose-gold'"", ""'timber'"", ""'weapons']""]","[""['coal'"", ""'horses'"", ""'minor magical items'"", ""'ore'"", ""'parchment'"", ""'silk']""]","{""humans"": 986.0, ""halflings"": 184.0, ""elves"": 0.0, ""dwarves"": 3.0, ""half-elves"": 0.0, ""misc."": 0.0}","{""Aristocratic"": 0.0, ""Wealthy"": 11.0, ""Comfortable"": 90.0, ""Modest"": 234.0, ""Poor"": 387.0, ""Squalid"": 228.0, ""Wretched"": 42.0}"
Horsa,Moonshae,Caer Callidyrr,4645,874065,882,"{'humans': 4645, 'halflings': 0, 'elves': 0, 'dwarves': 0, 'half-elves': 0, 'misc.': 0}",44,Exposure to the elements,['Satrapy'],"{'Aristocratic': 0, 'Wealthy': 57, 'Comfortable': 341, 'Modest': 1054, 'Poor': 1494, 'Squalid': 1319, 'Wretched': 183}",0,"[""['armour'"", ""'rose-gold'"", ""'timber'"", ""'weapons']""]","[""['coal'"", ""'horses'"", ""'minor magical items'"", ""'ore'"", ""'parchment'"", ""'silk']""]",{'name': 'High Queen Alicia Kendrick'},Various local militias,None,"['Aquan', 'Chondathan', 'Common', 'Dwarven', 'Elven', 'Giant', 'Illuskan', 'Sylvan']","['The Earthmother', 'Chauntea', 'Tempus']",1347449,6412,74169,72,60.5,67,0,"Moonshae (Douglas Niles, 1987), Halls of the High King (Ed Greenwood, 1990), Backdrop: The Moonshae Isles (Shawn Merwin, Dungeon #196, 2011)","[""['armour'"", ""'rose-gold'"", ""'timber'"", ""'weapons']""]","[""['coal'"", ""'horses'"", ""'minor magical items'"", ""'ore'"", ""'parchment'"", ""'silk']""]","{""humans"": 4645.0, ""halflings"": 0.0, ""elves"": 0.0, ""dwarves"": 0.0, ""half-elves"": 0.0, ""misc."": 0.0}","{""Aristocratic"": 0.0, ""Wealthy"": 57.0, ""Comfortable"": 341.0, ""Modest"": 1054.0, ""Poor"": 1494.0, ""Squalid"": 1319.0, ""Wretched"": 183.0}"
Horst,Moonshae,Caer Callidyrr,426,56246,56,"{'humans': 423, 'halflings': 2, 'elves': 0, 'dwarves': 0, 'half-elves': 0, 'misc.': 0}",47,Wildlife attacks,['Autocracy'],"{'Aristocratic': 0, 'Wealthy': 0, 'Comfortable': 26, 'Modest': 68, 'Poor': 137, 'Squalid': 67, 'Wretched': 5}",0,"[""['armour'"", ""'rose-gold'"", ""'timber'"", ""'weapons']""]","[""['coal'"", ""'horses'"", ""'minor magical items'"", ""'ore'"", ""'parchment'"", ""'silk']""]",{'name': 'High Queen Alicia Kendrick'},Various local militias,None,"['Aquan', 'Chondathan', 'Common', 'Dwarven', 'Elven', 'Giant', 'Illuskan', 'Sylvan']","['The Earthmother', 'Chauntea', 'Tempus']",1347449,6412,74169,80.9,48.8,51,0,"Moonshae (Douglas Niles, 1987), Halls of the High King (Ed Greenwood, 1990), Backdrop: The Moonshae Isles (Shawn Merwin, Dungeon #196, 2011)","[""['armour'"", ""'rose-gold'"", ""'timber'"", ""'weapons']""]","[""['coal'"", ""'horses'"", ""'minor magical items'"", ""'ore'"", ""'parchment'"", ""'silk']""]","{""humans"": 423.0, ""halflings"": 2.0, ""elves"": 0.0, ""dwarves"": 0.0, ""half-elves"": 0.0, ""misc."": 0.0}","{""Aristocratic"": 0.0, ""Wealthy"": 0.0, ""Comfortable"": 26.0, ""Modest"": 68.0, ""Poor"": 137.0, ""Squalid"": 67.0, ""Wretched"": 5.0}"
Highhome,Moonshae,Caer Callidyrr,90,8176,8,"{'humans': 90, 'halflings': 0, 'elves': 0, 'dwarves': 0, 'half-elves': 0, 'misc.': 0}",48,Exposure to the elements,['Kleptocracy'],"{'Aristocratic': 0, 'Wealthy': 0, 'Comfortable': 4, 'Modest': 7, 'Poor': 29, 'Squalid': 16, 'Wretched': 0}",0,"[""['armour'"", ""'rose-gold'"", ""'timber'"", ""'weapons']""]","[""['coal'"", ""'horses'"", ""'minor magical items'"", ""'ore'"", ""'parchment'"", ""'silk']""]",{'name': 'High Queen Alicia Kendrick'},Various local militias,None,"['Aquan', 'Chondathan', 'Common', 'Dwarven', 'Elven', 'Giant', 'Illuskan', 'Sylvan']","['The Earthmother', 'Chauntea', 'Tempus']",1347449,6412,74169,66.2,45.2,47,0,"Moonshae (Douglas Niles, 1987), Halls of the High King (Ed Greenwood, 1990), Backdrop: The Moonshae Isles (Shawn Merwin, Dungeon #196, 2011)","[""['armour'"", ""'rose-gold'"", ""'timber'"", ""'weapons']""]","[""['coal'"", ""'horses'"", ""'minor magical items'"", ""'ore'"", ""'parchment'"", ""'silk']""]","{""humans"": 90.0, ""halflings"": 0.0, ""elves"": 0.0, ""dwarves"": 0.0, ""half-elves"": 0.0, ""misc."": 0.0}","{""Aristocratic"": 0.0, ""Wealthy"": 0.0, ""Comfortable"": 4.0, ""Modest"": 7.0, ""Poor"": 29.0, ""Squalid"": 16.0, ""Wretched"": 0.0}"
Highrock,Moonshae,Caer Callidyrr,385,54823,54,"{'humans': 385, 'halflings': 0, 'elves': 0, 'dwarves': 0, 'half-elves': 0, 'misc.': 0}",50,Starvation,['Plutocracy'],"{'Aristocratic': 0, 'Wealthy': 3, 'Comfortable': 24, 'Modest': 59, 'Poor': 124, 'Squalid': 64, 'Wretched': 4}",0,"[""['armour'"", ""'rose-gold'"", ""'timber'"", ""'weapons']""]","[""['coal'"", ""'horses'"", ""'minor magical items'"", ""'ore'"", ""'parchment'"", ""'silk']""]",{'name': 'High Queen Alicia Kendrick'},Various local militias,None,"['Aquan', 'Chondathan', 'Common', 'Dwarven', 'Elven', 'Giant', 'Illuskan', 'Sylvan']","['The Earthmother', 'Chauntea', 'Tempus']",1347449,6412,74169,67.2,50.8,49,0,"Moonshae (Douglas Niles, 1987), Halls of the High King (Ed Greenwood, 1990), Backdrop: The Moonshae Isles (Shawn Merwin, Dungeon #196, 2011)","[""['armour'"", ""'rose-gold'"", ""'timber'"", ""'weapons']""]","[""['coal'"", ""'horses'"", ""'minor magical items'"", ""'ore'"", ""'parchment'"", ""'silk']""]","{""humans"": 385.0, ""halflings"": 0.0, ""elves"": 0.0, ""dwarves"": 0.0, ""half-elves"": 0.0, ""misc."": 0.0}","{""Aristocratic"": 0.0, ""Wealthy"": 3.0, ""Comfortable"": 24.0, ""Modest"": 59.0, ""Poor"": 124.0, ""Squalid"": 64.0, ""Wretched"": 4.0}"
Holyhead,Moonshae,Caer Callidyrr,1362,197319,197,"{'humans': 1360, 'halflings': 0, 'elves': 0, 'dwarves': 0, 'half-elves': 0, 'misc.': 1}",48,Assassination,['Confederacy'],"{'Aristocratic': 0, 'Wealthy': 24, 'Comfortable': 92, 'Modest': 139, 'Poor': 424, 'Squalid': 368, 'Wretched': 44}",0,"[""['armour'"", ""'rose-gold'"", ""'timber'"", ""'weapons']""]","[""['coal'"", ""'horses'"", ""'minor magical items'"", ""'ore'"", ""'parchment'"", ""'silk']""]",{'name': 'High Queen Alicia Kendrick'},Various local militias,None,"['Aquan', 'Chondathan', 'Common', 'Dwarven', 'Elven', 'Giant', 'Illuskan', 'Sylvan']","['The Earthmother', 'Chauntea', 'Tempus']",1347449,6412,74169,76.6,64.8,47,0,"Moonshae (Douglas Niles, 1987), Halls of the High King (Ed Greenwood, 1990), Backdrop: The Moonshae Isles (Shawn Merwin, Dungeon #196, 2011)","[""['armour'"", ""'rose-gold'"", ""'timber'"", ""'weapons']""]","[""['coal'"", ""'horses'"", ""'minor magical items'"", ""'ore'"", ""'parchment'"", ""'silk']""]","{""humans"": 1360.0, ""halflings"": 0.0, ""elves"": 0.0, ""dwarves"": 0.0, ""half-elves"": 0.0, ""misc."": 1.0}","{""Aristocratic"": 0.0, ""Wealthy"": 24.0, ""Comfortable"": 92.0, ""Modest"": 139.0, ""Poor"": 424.0, ""Squalid"": 368.0, ""Wretched"": 44.0}"
Horstall,Moonshae,Caer Callidyrr,694,88658,88,"{'humans': 64, 'halflings': 147, 'elves': 0, 'dwarves': 0, 'half-elves': 481, 'misc.': 0}",82,Disease,['Matriarchy'],"{'Aristocratic': 0, 'Wealthy': 1, 'Comfortable': 46, 'Modest': 88, 'Poor': 236, 'Squalid': 117, 'Wretched': 8}",0,"[""['armour'"", ""'rose-gold'"", ""'timber'"", ""'weapons']""]","[""['coal'"", ""'horses'"", ""'minor magical items'"", ""'ore'"", ""'parchment'"", ""'silk']""]",{'name': 'High Queen Alicia Kendrick'},Various local militias,None,"['Aquan', 'Chondathan', 'Common', 'Dwarven', 'Elven', 'Giant', 'Illuskan', 'Sylvan']","['The Earthmother', 'Chauntea', 'Tempus']",1347449,6412,74169,83.5,64.6,64,0,"Moonshae (Douglas Niles, 1987), Halls of the High King (Ed Greenwood, 1990), Backdrop: The Moonshae Isles (Shawn Merwin, Dungeon #196, 2011)","[""['armour'"", ""'rose-gold'"", ""'timber'"", ""'weapons']""]","[""['coal'"", ""'horses'"", ""'minor magical items'"", ""'ore'"", ""'parchment'"", ""'silk']""]","{""humans"": 64.0, ""halflings"": 147.0, ""elves"": 0.0, ""dwarves"": 0.0, ""half-elves"": 481.0, ""misc."": 0.0}","{""Aristocratic"": 0.0, ""Wealthy"": 1.0, ""Comfortable"": 46.0, ""Modest"": 88.0, ""Poor"": 236.0, ""Squalid"": 117.0, ""Wretched"": 8.0}"
Hyoclaatl,Moonshae,Caer Callidyrr,12106,2356002,4349,"{'humans': 11537, 'halflings': 544, 'elves': 0, 'dwarves': 12, 'half-elves': 0, 'misc.': 0}",49,Dueling accidents,['Republic'],"{'Aristocratic': 53, 'Wealthy': 265, 'Comfortable': 1099, 'Modest': 1597, 'Poor': 4126, 'Squalid': 2446, 'Wretched': 1146}",17,"[""['armour'"", ""'rose-gold'"", ""'timber'"", ""'weapons']""]","[""['coal'"", ""'horses'"", ""'minor magical items'"", ""'ore'"", ""'parchment'"", ""'silk']""]",{'name': 'High Queen Alicia Kendrick'},Various local militias,None,"['Aquan', 'Chondathan', 'Common', 'Dwarven', 'Elven', 'Giant', 'Illuskan', 'Sylvan']","['The Earthmother', 'Chauntea', 'Tempus']",1347449,6412,74169,84.4,57.2,71,0,"Moonshae (Douglas Niles, 1987), Halls of the High King (Ed Greenwood, 1990), Backdrop: The Moonshae Isles (Shawn Merwin, Dungeon #196, 2011)","[""['armour'"", ""'rose-gold'"", ""'timber'"", ""'weapons']""]","[""['coal'"", ""'horses'"", ""'minor magical items'"", ""'ore'"", ""'parchment'"", ""'silk']""]","{""humans"": 11537.0, ""halflings"": 544.0, ""elves"": 0.0, ""dwarves"": 12.0, ""half-elves"": 0.0, ""misc."": 0.0}","{""Aristocratic"": 53.0, ""Wealthy"": 265.0, ""Comfortable"": 1099.0, ""Modest"": 1597.0, ""Poor"": 4126.0, ""Squalid"": 2446.0, ""Wretched"": 1146.0}"
Kingsbay,Moonshae,Caer Callidyrr,808,98732,98,"{'humans': 656, 'halflings': 13, 'elves': 0, 'dwarves': 137, 'half-elves': 0, 'misc.': 0}",66,Exposure to the elements,['Oligarchy'],"{'Aristocratic': 0, 'Wealthy': 2, 'Comfortable': 44, 'Modest': 97, 'Poor': 269, 'Squalid': 237, 'Wretched': 8}",0,"[""['armour'"", ""'rose-gold'"", ""'timber'"", ""'weapons']""]","[""['coal'"", ""'horses'"", ""'minor magical items'"", ""'ore'"", ""'parchment'"", ""'silk']""]",{'name': 'High Queen Alicia Kendrick'},Various local militias,None,"['Aquan', 'Chondathan', 'Common', 'Dwarven', 'Elven', 'Giant', 'Illuskan', 'Sylvan']","['The Earthmother', 'Chauntea', 'Tempus']",1347449,6412,74169,80.3,59.5,56,0,"Moonshae (Douglas Niles, 1987), Halls of the High King (Ed Greenwood, 1990), Backdrop: The Moonshae Isles (Shawn Merwin, Dungeon #196, 2011)","[""['armour'"", ""'rose-gold'"", ""'timber'"", ""'weapons']""]","[""['coal'"", ""'horses'"", ""'minor magical items'"", ""'ore'"", ""'parchment'"", ""'silk']""]","{""humans"": 656.0, ""halflings"": 13.0, ""elves"": 0.0, ""dwarves"": 137.0, ""half-elves"": 0.0, ""misc."": 0.0}","{""Aristocratic"": 0.0, ""Wealthy"": 2.0, ""Comfortable"": 44.0, ""Modest"": 97.0, ""Poor"": 269.0, ""Squalid"": 237.0, ""Wretched"": 8.0}"
Koart,Moonshae,Caer Callidyrr,1646,265172,265,"{'humans': 1555, 'halflings': 90, 'elves': 0, 'dwarves': 0, 'half-elves': 0, 'misc.': 0}",48,Dueling accidents,['Kleptocracy'],"{'Aristocratic': 0, 'Wealthy': 28, 'Comfortable': 119, 'Modest': 235, 'Poor': 542, 'Squalid': 331, 'Wretched': 51}",0,"[""['armour'"", ""'rose-gold'"", ""'timber'"", ""'weapons']""]","[""['coal'"", ""'horses'"", ""'minor magical items'"", ""'ore'"", ""'parchment'"", ""'silk']""]",{'name': 'High Queen Alicia Kendrick'},Various local militias,None,"['Aquan', 'Chondathan', 'Common', 'Dwarven', 'Elven', 'Giant', 'Illuskan', 'Sylvan']","['The Earthmother', 'Chauntea', 'Tempus']",1347449,6412,74169,71.9,63.8,57,0,"Moonshae (Douglas Niles, 1987), Halls of the High King (Ed Greenwood, 1990), Backdrop: The Moonshae Isles (Shawn Merwin, Dungeon #196, 2011)","[""['armour'"", ""'rose-gold'"", ""'timber'"", ""'weapons']""]","[""['coal'"", ""'horses'"", ""'minor magical items'"", ""'ore'"", ""'parchment'"", ""'silk']""]","{""humans"": 1555.0, ""halflings"": 90.0, ""elves"": 0.0, ""dwarves"": 0.0, ""half-elves"": 0.0, ""misc."": 0.0}","{""Aristocratic"": 0.0, ""Wealthy"": 28.0, ""Comfortable"": 119.0, ""Modest"": 235.0, ""Poor"": 542.0, ""Squalid"": 331.0, ""Wretched"": 51.0}"
Kork,Moonshae,Caer Callidyrr,1521,246594,247,"{'humans': 1521, 'halflings': 0, 'elves': 0, 'dwarves': 0, 'half-elves': 0, 'misc.': 0}",49,Dueling accidents,['Patriarchy'],"{'Aristocratic': 0, 'Wealthy': 18, 'Comfortable': 114, 'Modest': 225, 'Poor': 529, 'Squalid': 448, 'Wretched': 84}",0,"[""['armour'"", ""'rose-gold'"", ""'timber'"", ""'weapons']""]","[""['coal'"", ""'horses'"", ""'minor magical items'"", ""'ore'"", ""'parchment'"", ""'silk']""]",{'name': 'High Queen Alicia Kendrick'},Various local militias,None,"['Aquan', 'Chondathan', 'Common', 'Dwarven', 'Elven', 'Giant', 'Illuskan', 'Sylvan']","['The Earthmother', 'Chauntea', 'Tempus']",1347449,6412,74169,82.5,54.5,63,0,"Moonshae (Douglas Niles, 1987), Halls of the High King (Ed Greenwood, 1990), Backdrop: The Moonshae Isles (Shawn Merwin, Dungeon #196, 2011)","[""['armour'"", ""'rose-gold'"", ""'timber'"", ""'weapons']""]","[""['coal'"", ""'horses'"", ""'minor magical items'"", ""'ore'"", ""'parchment'"", ""'silk']""]","{""humans"": 1521.0, ""halflings"": 0.0, ""elves"": 0.0, ""dwarves"": 0.0, ""half-elves"": 0.0, ""misc."": 0.0}","{""Aristocratic"": 0.0, ""Wealthy"": 18.0, ""Comfortable"": 114.0, ""Modest"": 225.0, ""Poor"": 529.0, ""Squalid"": 448.0, ""Wretched"": 84.0}"
Kythyss,Moonshae,Caer Callidyrr,1643,223745,224,"{'humans': 1643, 'halflings': 0, 'elves': 0, 'dwarves': 0, 'half-elves': 0, 'misc.': 0}",42,Dueling accidents,['Monarchy'],"{'Aristocratic': 0, 'Wealthy': 16, 'Comfortable': 120, 'Modest': 169, 'Poor': 524, 'Squalid': 352, 'Wretched': 123}",0,"[""['armour'"", ""'rose-gold'"", ""'timber'"", ""'weapons']""]","[""['coal'"", ""'horses'"", ""'minor magical items'"", ""'ore'"", ""'parchment'"", ""'silk']""]",{'name': 'High Queen Alicia Kendrick'},Various local militias,None,"['Aquan', 'Chondathan', 'Common', 'Dwarven', 'Elven', 'Giant', 'Illuskan', 'Sylvan']","['The Earthmother', 'Chauntea', 'Tempus']",1347449,6412,74169,76.1,62.9,66,0,"Moonshae (Douglas Niles, 1987), Halls of the High King (Ed Greenwood, 1990), Backdrop: The Moonshae Isles (Shawn Merwin, Dungeon #196, 2011)","[""['armour'"", ""'rose-gold'"", ""'timber'"", ""'weapons']""]","[""['coal'"", ""'horses'"", ""'minor magical items'"", ""'ore'"", ""'parchment'"", ""'silk']""]","{""humans"": 1643.0, ""halflings"": 0.0, ""elves"": 0.0, ""dwarves"": 0.0, ""half-elves"": 0.0, ""misc."": 0.0}","{""Aristocratic"": 0.0, ""Wealthy"": 16.0, ""Comfortable"": 120.0, ""Modest"": 169.0, ""Poor"": 524.0, ""Squalid"": 352.0, ""Wretched"": 123.0}"
Lehigh,Moonshae,Caer Callidyrr,519,75920,75,"{'humans': 318, 'halflings': 9, 'elves': 0, 'dwarves': 190, 'half-elves': 0, 'misc.': 0}",90,Exposure to the elements,['Monarchy'],"{'Aristocratic': 0, 'Wealthy': 3, 'Comfortable': 28, 'Modest': 94, 'Poor': 157, 'Squalid': 146, 'Wretched': 7}",0,"[""['armour'"", ""'rose-gold'"", ""'timber'"", ""'weapons']""]","[""['coal'"", ""'horses'"", ""'minor magical items'"", ""'ore'"", ""'parchment'"", ""'silk']""]",{'name': 'High Queen Alicia Kendrick'},Various local militias,None,"['Aquan', 'Chondathan', 'Common', 'Dwarven', 'Elven', 'Giant', 'Illuskan', 'Sylvan']","['The Earthmother', 'Chauntea', 'Tempus']",1347449,6412,74169,81.3,60.5,51,0,"Moonshae (Douglas Niles, 1987), Halls of the High King (Ed Greenwood, 1990), Backdrop: The Moonshae Isles (Shawn Merwin, Dungeon #196, 2011)","[""['armour'"", ""'rose-gold'"", ""'timber'"", ""'weapons']""]","[""['coal'"", ""'horses'"", ""'minor magical items'"", ""'ore'"", ""'parchment'"", ""'silk']""]","{""humans"": 318.0, ""halflings"": 9.0, ""elves"": 0.0, ""dwarves"": 190.0, ""half-elves"": 0.0, ""misc."": 0.0}","{""Aristocratic"": 0.0, ""Wealthy"": 3.0, ""Comfortable"": 28.0, ""Modest"": 94.0, ""Poor"": 157.0, ""Squalid"": 146.0, ""Wretched"": 7.0}"
Llandrain,Moonshae,Caer Callidyrr,1479,253383,253,"{'humans': 1479, 'halflings': 0, 'elves': 0, 'dwarves': 0, 'half-elves': 0, 'misc.': 0}",49,Exposure to the elements,['Militocracy'],"{'Aristocratic': 0, 'Wealthy': 23, 'Comfortable': 116, 'Modest': 242, 'Poor': 482, 'Squalid': 318, 'Wretched': 111}",0,"[""['armour'"", ""'rose-gold'"", ""'timber'"", ""'weapons']""]","[""['coal'"", ""'horses'"", ""'minor magical items'"", ""'ore'"", ""'parchment'"", ""'silk']""]",{'name': 'High Queen Alicia Kendrick'},Various local militias,None,"['Aquan', 'Chondathan', 'Common', 'Dwarven', 'Elven', 'Giant', 'Illuskan', 'Sylvan']","['The Earthmother', 'Chauntea', 'Tempus']",1347449,6412,74169,86.1,50,72,0,"Moonshae (Douglas Niles, 1987), Halls of the High King (Ed Greenwood, 1990), Backdrop: The Moonshae Isles (Shawn Merwin, Dungeon #196, 2011)","[""['armour'"", ""'rose-gold'"", ""'timber'"", ""'weapons']""]","[""['coal'"", ""'horses'"", ""'minor magical items'"", ""'ore'"", ""'parchment'"", ""'silk']""]","{""humans"": 1479.0, ""halflings"": 0.0, ""elves"": 0.0, ""dwarves"": 0.0, ""half-elves"": 0.0, ""misc."": 0.0}","{""Aristocratic"": 0.0, ""Wealthy"": 23.0, ""Comfortable"": 116.0, ""Modest"": 242.0, ""Poor"": 482.0, ""Squalid"": 318.0, ""Wretched"": 111.0}"
Llewellyn,Moonshae,Caer Callidyrr,686,75336,75,"{'humans': 206, 'halflings': 463, 'elves': 17, 'dwarves': 0, 'half-elves': 0, 'misc.': 0}",67,Starvation,['Feudalism'],"{'Aristocratic': 0, 'Wealthy': 1, 'Comfortable': 37, 'Modest': 69, 'Poor': 215, 'Squalid': 164, 'Wretched': 12}",0,"[""['armour'"", ""'rose-gold'"", ""'timber'"", ""'weapons']""]","[""['coal'"", ""'horses'"", ""'minor magical items'"", ""'ore'"", ""'parchment'"", ""'silk']""]",{'name': 'High Queen Alicia Kendrick'},Various local militias,None,"['Aquan', 'Chondathan', 'Common', 'Dwarven', 'Elven', 'Giant', 'Illuskan', 'Sylvan']","['The Earthmother', 'Chauntea', 'Tempus']",1347449,6412,74169,88.9,52.3,77,0,"Moonshae (Douglas Niles, 1987), Halls of the High King (Ed Greenwood, 1990), Backdrop: The Moonshae Isles (Shawn Merwin, Dungeon #196, 2011)","[""['armour'"", ""'rose-gold'"", ""'timber'"", ""'weapons']""]","[""['coal'"", ""'horses'"", ""'minor magical items'"", ""'ore'"", ""'parchment'"", ""'silk']""]","{""humans"": 206.0, ""halflings"": 463.0, ""elves"": 17.0, ""dwarves"": 0.0, ""half-elves"": 0.0, ""misc."": 0.0}","{""Aristocratic"": 0.0, ""Wealthy"": 1.0, ""Comfortable"": 37.0, ""Modest"": 69.0, ""Poor"": 215.0, ""Squalid"": 164.0, ""Wretched"": 12.0}"
Lowhill,Moonshae,Caer Callidyrr,13473,2371222,3073,"{'humans': 13473, 'halflings': 0, 'elves': 0, 'dwarves': 0, 'half-elves': 0, 'misc.': 0}",47,Exposure to the elements,['Republic'],"{'Aristocratic': 16, 'Wealthy': 226, 'Comfortable': 1208, 'Modest': 1791, 'Poor': 4450, 'Squalid': 3355, 'Wretched': 1056}",17,"[""['armour'"", ""'rose-gold'"", ""'timber'"", ""'weapons']""]","[""['coal'"", ""'horses'"", ""'minor magical items'"", ""'ore'"", ""'parchment'"", ""'silk']""]",{'name': 'High Queen Alicia Kendrick'},Various local militias,None,"['Aquan', 'Chondathan', 'Common', 'Dwarven', 'Elven', 'Giant', 'Illuskan', 'Sylvan']","['The Earthmother', 'Chauntea', 'Tempus']",1347449,6412,74169,70.6,55.1,77,0,"Moonshae (Douglas Niles, 1987), Halls of the High King (Ed Greenwood, 1990), Backdrop: The Moonshae Isles (Shawn Merwin, Dungeon #196, 2011)","[""['armour'"", ""'rose-gold'"", ""'timber'"", ""'weapons']""]","[""['coal'"", ""'horses'"", ""'minor magical items'"", ""'ore'"", ""'parchment'"", ""'silk']""]","{""humans"": 13473.0, ""halflings"": 0.0, ""elves"": 0.0, ""dwarves"": 0.0, ""half-elves"": 0.0, ""misc."": 0.0}","{""Aristocratic"": 16.0, ""Wealthy"": 226.0, ""Comfortable"": 1208.0, ""Modest"": 1791.0, ""Poor"": 4450.0, ""Squalid"": 3355.0, ""Wretched"": 1056.0}"
MacSheehan,Moonshae,Caer Callidyrr,1239,223891,224,"{'humans': 792, 'halflings': 3, 'elves': 0, 'dwarves': 0, 'half-elves': 0, 'misc.': 442}",42,Exposure to the elements,['Plutocracy'],"{'Aristocratic': 0, 'Wealthy': 18, 'Comfortable': 84, 'Modest': 261, 'Poor': 402, 'Squalid': 320, 'Wretched': 46}",0,"[""['armour'"", ""'rose-gold'"", ""'timber'"", ""'weapons']""]","[""['coal'"", ""'horses'"", ""'minor magical items'"", ""'ore'"", ""'parchment'"", ""'silk']""]",{'name': 'High Queen Alicia Kendrick'},Various local militias,None,"['Aquan', 'Chondathan', 'Common', 'Dwarven', 'Elven', 'Giant', 'Illuskan', 'Sylvan']","['The Earthmother', 'Chauntea', 'Tempus']",1347449,6412,74169,82.2,51.4,84,0,"Moonshae (Douglas Niles, 1987), Halls of the High King (Ed Greenwood, 1990), Backdrop: The Moonshae Isles (Shawn Merwin, Dungeon #196, 2011)","[""['armour'"", ""'rose-gold'"", ""'timber'"", ""'weapons']""]","[""['coal'"", ""'horses'"", ""'minor magical items'"", ""'ore'"", ""'parchment'"", ""'silk']""]","{""humans"": 792.0, ""halflings"": 3.0, ""elves"": 0.0, ""dwarves"": 0.0, ""half-elves"": 0.0, ""misc."": 442.0}","{""Aristocratic"": 0.0, ""Wealthy"": 18.0, ""Comfortable"": 84.0, ""Modest"": 261.0, ""Poor"": 402.0, ""Squalid"": 320.0, ""Wretched"": 46.0}"
Manger,Moonshae,Caer Callidyrr,1037,174214,174,"{'humans': 1032, 'halflings': 4, 'elves': 0, 'dwarves': 0, 'half-elves': 0, 'misc.': 0}",48,Poison,['Bureaucracy'],"{'Aristocratic': 0, 'Wealthy': 15, 'Comfortable': 65, 'Modest': 200, 'Poor': 315, 'Squalid': 243, 'Wretched': 42}",0,"[""['armour'"", ""'rose-gold'"", ""'timber'"", ""'weapons']""]","[""['coal'"", ""'horses'"", ""'minor magical items'"", ""'ore'"", ""'parchment'"", ""'silk']""]",{'name': 'High Queen Alicia Kendrick'},Various local militias,None,"['Aquan', 'Chondathan', 'Common', 'Dwarven', 'Elven', 'Giant', 'Illuskan', 'Sylvan']","['The Earthmother', 'Chauntea', 'Tempus']",1347449,6412,74169,85.2,59.5,59,0,"Moonshae (Douglas Niles, 1987), Halls of the High King (Ed Greenwood, 1990), Backdrop: The Moonshae Isles (Shawn Merwin, Dungeon #196, 2011)","[""['armour'"", ""'rose-gold'"", ""'timber'"", ""'weapons']""]","[""['coal'"", ""'horses'"", ""'minor magical items'"", ""'ore'"", ""'parchment'"", ""'silk']""]","{""humans"": 1032.0, ""halflings"": 4.0, ""elves"": 0.0, ""dwarves"": 0.0, ""half-elves"": 0.0, ""misc."": 0.0}","{""Aristocratic"": 0.0, ""Wealthy"": 15.0, ""Comfortable"": 65.0, ""Modest"": 200.0, ""Poor"": 315.0, ""Squalid"": 243.0, ""Wretched"": 42.0}"
Myrrdale,Moonshae,Caer Callidyrr,401,49494,49,"{'humans': 340, 'halflings': 0, 'elves': 60, 'dwarves': 0, 'half-elves': 0, 'misc.': 0}",96,Old age,['Gerontocracy'],"{'Aristocratic': 0, 'Wealthy': 2, 'Comfortable': 25, 'Modest': 41, 'Poor': 132, 'Squalid': 102, 'Wretched': 6}",0,"[""['armour'"", ""'rose-gold'"", ""'timber'"", ""'weapons']""]","[""['coal'"", ""'horses'"", ""'minor magical items'"", ""'ore'"", ""'parchment'"", ""'silk']""]",{'name': 'High Queen Alicia Kendrick'},Various local militias,None,"['Aquan', 'Chondathan', 'Common', 'Dwarven', 'Elven', 'Giant', 'Illuskan', 'Sylvan']","['The Earthmother', 'Chauntea', 'Tempus']",1347449,6412,74169,73.2,58.4,90,0,"Moonshae (Douglas Niles, 1987), Halls of the High King (Ed Greenwood, 1990), Backdrop: The Moonshae Isles (Shawn Merwin, Dungeon #196, 2011)","[""['armour'"", ""'rose-gold'"", ""'timber'"", ""'weapons']""]","[""['coal'"", ""'horses'"", ""'minor magical items'"", ""'ore'"", ""'parchment'"", ""'silk']""]","{""humans"": 340.0, ""halflings"": 0.0, ""elves"": 60.0, ""dwarves"": 0.0, ""half-elves"": 0.0, ""misc."": 0.0}","{""Aristocratic"": 0.0, ""Wealthy"": 2.0, ""Comfortable"": 25.0, ""Modest"": 41.0, ""Poor"": 132.0, ""Squalid"": 102.0, ""Wretched"": 6.0}"
Ogden,Moonshae,Caer Callidyrr,1753,243418,244,"{'humans': 1751, 'halflings': 0, 'elves': 0, 'dwarves': 1, 'half-elves': 0, 'misc.': 0}",49,Bandit attacks,['Feudalism'],"{'Aristocratic': 0, 'Wealthy': 23, 'Comfortable': 106, 'Modest': 208, 'Poor': 591, 'Squalid': 367, 'Wretched': 103}",0,"[""['armour'"", ""'rose-gold'"", ""'timber'"", ""'weapons']""]","[""['coal'"", ""'horses'"", ""'minor magical items'"", ""'ore'"", ""'parchment'"", ""'silk']""]",{'name': 'High Queen Alicia Kendrick'},Various local militias,None,"['Aquan', 'Chondathan', 'Common', 'Dwarven', 'Elven', 'Giant', 'Illuskan', 'Sylvan']","['The Earthmother', 'Chauntea', 'Tempus']",1347449,6412,74169,69.9,63.5,79,0,"Moonshae (Douglas Niles, 1987), Halls of the High King (Ed Greenwood, 1990), Backdrop: The Moonshae Isles (Shawn Merwin, Dungeon #196, 2011)","[""['armour'"", ""'rose-gold'"", ""'timber'"", ""'weapons']""]","[""['coal'"", ""'horses'"", ""'minor magical items'"", ""'ore'"", ""'parchment'"", ""'silk']""]","{""humans"": 1751.0, ""halflings"": 0.0, ""elves"": 0.0, ""dwarves"": 1.0, ""half-elves"": 0.0, ""misc."": 0.0}","{""Aristocratic"": 0.0, ""Wealthy"": 23.0, ""Comfortable"": 106.0, ""Modest"": 208.0, ""Poor"": 591.0, ""Squalid"": 367.0, ""Wretched"": 103.0}"
O’Malley,Moonshae,Caer Callidyrr,1527,243601,244,"{'humans': 1527, 'halflings': 0, 'elves': 0, 'dwarves': 0, 'half-elves': 0, 'misc.': 0}",44,Work-related accidents,['Militocracy'],"{'Aristocratic': 0, 'Wealthy': 15, 'Comfortable': 113, 'Modest': 255, 'Poor': 463, 'Squalid': 338, 'Wretched': 55}",0,"[""['armour'"", ""'rose-gold'"", ""'timber'"", ""'weapons']""]","[""['coal'"", ""'horses'"", ""'minor magical items'"", ""'ore'"", ""'parchment'"", ""'silk']""]",{'name': 'High Queen Alicia Kendrick'},Various local militias,None,"['Aquan', 'Chondathan', 'Common', 'Dwarven', 'Elven', 'Giant', 'Illuskan', 'Sylvan']","['The Earthmother', 'Chauntea', 'Tempus']",1347449,6412,74169,82.7,49.7,83,0,"Moonshae (Douglas Niles, 1987), Halls of the High King (Ed Greenwood, 1990), Backdrop: The Moonshae Isles (Shawn Merwin, Dungeon #196, 2011)","[""['armour'"", ""'rose-gold'"", ""'timber'"", ""'weapons']""]","[""['coal'"", ""'horses'"", ""'minor magical items'"", ""'ore'"", ""'parchment'"", ""'silk']""]","{""humans"": 1527.0, ""halflings"": 0.0, ""elves"": 0.0, ""dwarves"": 0.0, ""half-elves"": 0.0, ""misc."": 0.0}","{""Aristocratic"": 0.0, ""Wealthy"": 15.0, ""Comfortable"": 113.0, ""Modest"": 255.0, ""Poor"": 463.0, ""Squalid"": 338.0, ""Wretched"": 55.0}"
Pembroke,Moonshae,Caer Callidyrr,498,57414,57,"{'humans': 497, 'halflings': 0, 'elves': 0, 'dwarves': 0, 'half-elves': 0, 'misc.': 0}",47,Assassination,['Democracy'],"{'Aristocratic': 0, 'Wealthy': 4, 'Comfortable': 24, 'Modest': 48, 'Poor': 162, 'Squalid': 129, 'Wretched': 9}",0,"[""['armour'"", ""'rose-gold'"", ""'timber'"", ""'weapons']""]","[""['coal'"", ""'horses'"", ""'minor magical items'"", ""'ore'"", ""'parchment'"", ""'silk']""]",{'name': 'High Queen Alicia Kendrick'},Various local militias,None,"['Aquan', 'Chondathan', 'Common', 'Dwarven', 'Elven', 'Giant', 'Illuskan', 'Sylvan']","['The Earthmother', 'Chauntea', 'Tempus']",1347449,6412,74169,66.3,45.7,59,0,"Moonshae (Douglas Niles, 1987), Halls of the High King (Ed Greenwood, 1990), Backdrop: The Moonshae Isles (Shawn Merwin, Dungeon #196, 2011)","[""['armour'"", ""'rose-gold'"", ""'timber'"", ""'weapons']""]","[""['coal'"", ""'horses'"", ""'minor magical items'"", ""'ore'"", ""'parchment'"", ""'silk']""]","{""humans"": 497.0, ""halflings"": 0.0, ""elves"": 0.0, ""dwarves"": 0.0, ""half-elves"": 0.0, ""misc."": 0.0}","{""Aristocratic"": 0.0, ""Wealthy"": 4.0, ""Comfortable"": 24.0, ""Modest"": 48.0, ""Poor"": 162.0, ""Squalid"": 129.0, ""Wretched"": 9.0}"
Pengram,Moonshae,Caer Callidyrr,1100,163958,164,"{'humans': 161, 'halflings': 59, 'elves': 880, 'dwarves': 0, 'half-elves': 0, 'misc.': 0}",298,Magic mishaps,['Bureaucracy'],"{'Aristocratic': 0, 'Wealthy': 11, 'Comfortable': 76, 'Modest': 157, 'Poor': 365, 'Squalid': 232, 'Wretched': 37}",0,"[""['armour'"", ""'rose-gold'"", ""'timber'"", ""'weapons']""]","[""['coal'"", ""'horses'"", ""'minor magical items'"", ""'ore'"", ""'parchment'"", ""'silk']""]",{'name': 'High Queen Alicia Kendrick'},Various local militias,None,"['Aquan', 'Chondathan', 'Common', 'Dwarven', 'Elven', 'Giant', 'Illuskan', 'Sylvan']","['The Earthmother', 'Chauntea', 'Tempus']",1347449,6412,74169,75.9,50.9,60,0,"Moonshae (Douglas Niles, 1987), Halls of the High King (Ed Greenwood, 1990), Backdrop: The Moonshae Isles (Shawn Merwin, Dungeon #196, 2011)","[""['armour'"", ""'rose-gold'"", ""'timber'"", ""'weapons']""]","[""['coal'"", ""'horses'"", ""'minor magical items'"", ""'ore'"", ""'parchment'"", ""'silk']""]","{""humans"": 161.0, ""halflings"": 59.0, ""elves"": 880.0, ""dwarves"": 0.0, ""half-elves"": 0.0, ""misc."": 0.0}","{""Aristocratic"": 0.0, ""Wealthy"": 11.0, ""Comfortable"": 76.0, ""Modest"": 157.0, ""Poor"": 365.0, ""Squalid"": 232.0, ""Wretched"": 37.0}"
Pontswain,Moonshae,Caer Callidyrr,897,112091,112,"{'humans': 820, 'halflings': 20, 'elves': 0, 'dwarves': 0, 'half-elves': 1, 'misc.': 52}",50,Wildlife attacks,['Confederacy'],"{'Aristocratic': 0, 'Wealthy': 6, 'Comfortable': 52, 'Modest': 98, 'Poor': 304, 'Squalid': 203, 'Wretched': 9}",0,"[""['armour'"", ""'rose-gold'"", ""'timber'"", ""'weapons']""]","[""['coal'"", ""'horses'"", ""'minor magical items'"", ""'ore'"", ""'parchment'"", ""'silk']""]",{'name': 'High Queen Alicia Kendrick'},Various local militias,None,"['Aquan', 'Chondathan', 'Common', 'Dwarven', 'Elven', 'Giant', 'Illuskan', 'Sylvan']","['The Earthmother', 'Chauntea', 'Tempus']",1347449,6412,74169,86,60.8,71,0,"Moonshae (Douglas Niles, 1987), Halls of the High King (Ed Greenwood, 1990), Backdrop: The Moonshae Isles (Shawn Merwin, Dungeon #196, 2011)","[""['armour'"", ""'rose-gold'"", ""'timber'"", ""'weapons']""]","[""['coal'"", ""'horses'"", ""'minor magical items'"", ""'ore'"", ""'parchment'"", ""'silk']""]","{""humans"": 820.0, ""halflings"": 20.0, ""elves"": 0.0, ""dwarves"": 0.0, ""half-elves"": 1.0, ""misc."": 52.0}","{""Aristocratic"": 0.0, ""Wealthy"": 6.0, ""Comfortable"": 52.0, ""Modest"": 98.0, ""Poor"": 304.0, ""Squalid"": 203.0, ""Wretched"": 9.0}"
Regents Field,Moonshae,Caer Callidyrr,682,87308,87,"{'humans': 643, 'halflings': 0, 'elves': 0, 'dwarves': 0, 'half-elves': 0, 'misc.': 38}",48,Work-related accidents,['Confederacy'],"{'Aristocratic': 0, 'Wealthy': 1, 'Comfortable': 33, 'Modest': 111, 'Poor': 224, 'Squalid': 134, 'Wretched': 8}",0,"[""['armour'"", ""'rose-gold'"", ""'timber'"", ""'weapons']""]","[""['coal'"", ""'horses'"", ""'minor magical items'"", ""'ore'"", ""'parchment'"", ""'silk']""]",{'name': 'High Queen Alicia Kendrick'},Various local militias,None,"['Aquan', 'Chondathan', 'Common', 'Dwarven', 'Elven', 'Giant', 'Illuskan', 'Sylvan']","['The Earthmother', 'Chauntea', 'Tempus']",1347449,6412,74169,76,55.1,69,0,"Moonshae (Douglas Niles, 1987), Halls of the High King (Ed Greenwood, 1990), Backdrop: The Moonshae Isles (Shawn Merwin, Dungeon #196, 2011)","[""['armour'"", ""'rose-gold'"", ""'timber'"", ""'weapons']""]","[""['coal'"", ""'horses'"", ""'minor magical items'"", ""'ore'"", ""'parchment'"", ""'silk']""]","{""humans"": 643.0, ""halflings"": 0.0, ""elves"": 0.0, ""dwarves"": 0.0, ""half-elves"": 0.0, ""misc."": 38.0}","{""Aristocratic"": 0.0, ""Wealthy"": 1.0, ""Comfortable"": 33.0, ""Modest"": 111.0, ""Poor"": 224.0, ""Squalid"": 134.0, ""Wretched"": 8.0}"
Storaad,Moonshae,Caer Callidyrr,1180,197355,197,"{'humans': 1178, 'halflings': 0, 'elves': 0, 'dwarves': 0, 'half-elves': 0, 'misc.': 0}",49,Work-related accidents,['Matriarchy'],"{'Aristocratic': 0, 'Wealthy': 23, 'Comfortable': 94, 'Modest': 160, 'Poor': 365, 'Squalid': 277, 'Wretched': 42}",0,"[""['armour'"", ""'rose-gold'"", ""'timber'"", ""'weapons']""]","[""['coal'"", ""'horses'"", ""'minor magical items'"", ""'ore'"", ""'parchment'"", ""'silk']""]",{'name': 'High Queen Alicia Kendrick'},Various local militias,None,"['Aquan', 'Chondathan', 'Common', 'Dwarven', 'Elven', 'Giant', 'Illuskan', 'Sylvan']","['The Earthmother', 'Chauntea', 'Tempus']",1347449,6412,74169,71.7,55.9,71,0,"Moonshae (Douglas Niles, 1987), Halls of the High King (Ed Greenwood, 1990), Backdrop: The Moonshae Isles (Shawn Merwin, Dungeon #196, 2011)","[""['armour'"", ""'rose-gold'"", ""'timber'"", ""'weapons']""]","[""['coal'"", ""'horses'"", ""'minor magical items'"", ""'ore'"", ""'parchment'"", ""'silk']""]","{""humans"": 1178.0, ""halflings"": 0.0, ""elves"": 0.0, ""dwarves"": 0.0, ""half-elves"": 0.0, ""misc."": 0.0}","{""Aristocratic"": 0.0, ""Wealthy"": 23.0, ""Comfortable"": 94.0, ""Modest"": 160.0, ""Poor"": 365.0, ""Squalid"": 277.0, ""Wretched"": 42.0}"
Tetauctaa,Moonshae,Caer Callidyrr,1695,281378,282,"{'humans': 1695, 'halflings': 0, 'elves': 0, 'dwarves': 0, 'half-elves': 0, 'misc.': 0}",47,Exposure to the elements,['Autocracy'],"{'Aristocratic': 0, 'Wealthy': 20, 'Comfortable': 131, 'Modest': 293, 'Poor': 523, 'Squalid': 313, 'Wretched': 133}",0,"[""['armour'"", ""'rose-gold'"", ""'timber'"", ""'weapons']""]","[""['coal'"", ""'horses'"", ""'minor magical items'"", ""'ore'"", ""'parchment'"", ""'silk']""]",{'name': 'High Queen Alicia Kendrick'},Various local militias,None,"['Aquan', 'Chondathan', 'Common', 'Dwarven', 'Elven', 'Giant', 'Illuskan', 'Sylvan']","['The Earthmother', 'Chauntea', 'Tempus']",1347449,6412,74169,85.1,61.5,58,0,"Moonshae (Douglas Niles, 1987), Halls of the High King (Ed Greenwood, 1990), Backdrop: The Moonshae Isles (Shawn Merwin, Dungeon #196, 2011)","[""['armour'"", ""'rose-gold'"", ""'timber'"", ""'weapons']""]","[""['coal'"", ""'horses'"", ""'minor magical items'"", ""'ore'"", ""'parchment'"", ""'silk']""]","{""humans"": 1695.0, ""halflings"": 0.0, ""elves"": 0.0, ""dwarves"": 0.0, ""half-elves"": 0.0, ""misc."": 0.0}","{""Aristocratic"": 0.0, ""Wealthy"": 20.0, ""Comfortable"": 131.0, ""Modest"": 293.0, ""Poor"": 523.0, ""Squalid"": 313.0, ""Wretched"": 133.0}"
Thorndyke,Moonshae,Caer Callidyrr,390,43398,43,"{'humans': 390, 'halflings': 0, 'elves': 0, 'dwarves': 0, 'half-elves': 0, 'misc.': 0}",48,Exposure to the elements,['Feudalism'],"{'Aristocratic': 0, 'Wealthy': 3, 'Comfortable': 16, 'Modest': 41, 'Poor': 120, 'Squalid': 99, 'Wretched': 6}",0,"[""['armour'"", ""'rose-gold'"", ""'timber'"", ""'weapons']""]","[""['coal'"", ""'horses'"", ""'minor magical items'"", ""'ore'"", ""'parchment'"", ""'silk']""]",{'name': 'High Queen Alicia Kendrick'},Various local militias,None,"['Aquan', 'Chondathan', 'Common', 'Dwarven', 'Elven', 'Giant', 'Illuskan', 'Sylvan']","['The Earthmother', 'Chauntea', 'Tempus']",1347449,6412,74169,65.4,64.9,69,0,"Moonshae (Douglas Niles, 1987), Halls of the High King (Ed Greenwood, 1990), Backdrop: The Moonshae Isles (Shawn Merwin, Dungeon #196, 2011)","[""['armour'"", ""'rose-gold'"", ""'timber'"", ""'weapons']""]","[""['coal'"", ""'horses'"", ""'minor magical items'"", ""'ore'"", ""'parchment'"", ""'silk']""]","{""humans"": 390.0, ""halflings"": 0.0, ""elves"": 0.0, ""dwarves"": 0.0, ""half-elves"": 0.0, ""misc."": 0.0}","{""Aristocratic"": 0.0, ""Wealthy"": 3.0, ""Comfortable"": 16.0, ""Modest"": 41.0, ""Poor"": 120.0, ""Squalid"": 99.0, ""Wretched"": 6.0}"
White Rock,Moonshae,Caer Callidyrr,784,81833,81,"{'humans': 784, 'halflings': 0, 'elves': 0, 'dwarves': 0, 'half-elves': 0, 'misc.': 0}",46,Starvation,['Confederacy'],"{'Aristocratic': 0, 'Wealthy': 0, 'Comfortable': 37, 'Modest': 84, 'Poor': 260, 'Squalid': 142, 'Wretched': 11}",0,"[""['armour'"", ""'rose-gold'"", ""'timber'"", ""'weapons']""]","[""['coal'"", ""'horses'"", ""'minor magical items'"", ""'ore'"", ""'parchment'"", ""'silk']""]",{'name': 'High Queen Alicia Kendrick'},Various local militias,None,"['Aquan', 'Chondathan', 'Common', 'Dwarven', 'Elven', 'Giant', 'Illuskan', 'Sylvan']","['The Earthmother', 'Chauntea', 'Tempus']",1347449,6412,74169,88.8,62.8,87,0,"Moonshae (Douglas Niles, 1987), Halls of the High King (Ed Greenwood, 1990), Backdrop: The Moonshae Isles (Shawn Merwin, Dungeon #196, 2011)","[""['armour'"", ""'rose-gold'"", ""'timber'"", ""'weapons']""]","[""['coal'"", ""'horses'"", ""'minor magical items'"", ""'ore'"", ""'parchment'"", ""'silk']""]","{""humans"": 784.0, ""halflings"": 0.0, ""elves"": 0.0, ""dwarves"": 0.0, ""half-elves"": 0.0, ""misc."": 0.0}","{""Aristocratic"": 0.0, ""Wealthy"": 0.0, ""Comfortable"": 37.0, ""Modest"": 84.0, ""Poor"": 260.0, ""Squalid"": 142.0, ""Wretched"": 11.0}"
Wyngate,Moonshae,Caer Callidyrr,708,81979,81,"{'humans': 705, 'halflings': 0, 'elves': 0, 'dwarves': 0, 'half-elves': 0, 'misc.': 2}",45,Disease,['Gerontocracy'],"{'Aristocratic': 0, 'Wealthy': 2, 'Comfortable': 47, 'Modest': 62, 'Poor': 232, 'Squalid': 142, 'Wretched': 14}",0,"[""['armour'"", ""'rose-gold'"", ""'timber'"", ""'weapons']""]","[""['coal'"", ""'horses'"", ""'minor magical items'"", ""'ore'"", ""'parchment'"", ""'silk']""]",{'name': 'High Queen Alicia Kendrick'},Various local militias,None,"['Aquan', 'Chondathan', 'Common', 'Dwarven', 'Elven', 'Giant', 'Illuskan', 'Sylvan']","['The Earthmother', 'Chauntea', 'Tempus']",1347449,6412,74169,79.7,56.3,49,0,"Moonshae (Douglas Niles, 1987), Halls of the High King (Ed Greenwood, 1990), Backdrop: The Moonshae Isles (Shawn Merwin, Dungeon #196, 2011)","[""['armour'"", ""'rose-gold'"", ""'timber'"", ""'weapons']""]","[""['coal'"", ""'horses'"", ""'minor magical items'"", ""'ore'"", ""'parchment'"", ""'silk']""]","{""humans"": 705.0, ""halflings"": 0.0, ""elves"": 0.0, ""dwarves"": 0.0, ""half-elves"": 0.0, ""misc."": 2.0}","{""Aristocratic"": 0.0, ""Wealthy"": 2.0, ""Comfortable"": 47.0, ""Modest"": 62.0, ""Poor"": 232.0, ""Squalid"": 142.0, ""Wretched"": 14.0}"
Selpir,Nimbral,Selpir,4534,771318,785,"{'humans': 1831, 'half-elves': 2702}",69,Dueling accidents,['Satrapy'],"{'Aristocratic': 1, 'Wealthy': 82, 'Comfortable': 350, 'Modest': 651, 'Poor': 1456, 'Squalid': 1330, 'Wretched': 279}",0,['[]'],['[]'],The Nimbral Lords,The Knights of the Flying Hunt (airborne cavalry),None,"['Common', 'Halruaan']","['Deneir', 'Lurue']",56235,5,42424,50.6,43.7,61,0,"The Realm of Nimbral (Ed Greenwood, Wizards of the Coast website, archived here, 2004)",[],[],"{""humans"": 1831.0, ""half-elves"": 2702.0}","{""Aristocratic"": 1.0, ""Wealthy"": 82.0, ""Comfortable"": 350.0, ""Modest"": 651.0, ""Poor"": 1456.0, ""Squalid"": 1330.0, ""Wretched"": 279.0}"
Arevar,Nimbral,Selpir,418,45187,45,"{'humans': 417, 'half-elves': 0}",48,Bandit attacks,['Confederacy'],"{'Aristocratic': 0, 'Wealthy': 0, 'Comfortable': 19, 'Modest': 49, 'Poor': 132, 'Squalid': 104, 'Wretched': 6}",0,['[]'],['[]'],The Nimbral Lords,The Knights of the Flying Hunt (airborne cavalry),None,"['Common', 'Halruaan']","['Deneir', 'Lurue']",56235,5,42424,45.3,34.3,53,0,"The Realm of Nimbral (Ed Greenwood, Wizards of the Coast website, archived here, 2004)",[],[],"{""humans"": 417.0, ""half-elves"": 0.0}","{""Aristocratic"": 0.0, ""Wealthy"": 0.0, ""Comfortable"": 19.0, ""Modest"": 49.0, ""Poor"": 132.0, ""Squalid"": 104.0, ""Wretched"": 6.0}"
Bromtor,Nimbral,Selpir,320,50552,50,"{'humans': 320, 'half-elves': 0}",48,Poison,['Republic'],"{'Aristocratic': 0, 'Wealthy': 2, 'Comfortable': 20, 'Modest': 62, 'Poor': 111, 'Squalid': 63, 'Wretched': 3}",0,['[]'],['[]'],The Nimbral Lords,The Knights of the Flying Hunt (airborne cavalry),None,"['Common', 'Halruaan']","['Deneir', 'Lurue']",56235,5,42424,60.3,38.2,76,0,"The Realm of Nimbral (Ed Greenwood, Wizards of the Coast website, archived here, 2004)",[],[],"{""humans"": 320.0, ""half-elves"": 0.0}","{""Aristocratic"": 0.0, ""Wealthy"": 2.0, ""Comfortable"": 20.0, ""Modest"": 62.0, ""Poor"": 111.0, ""Squalid"": 63.0, ""Wretched"": 3.0}"
Curstallyon,Nimbral,Selpir,420,42413,42,"{'humans': 403, 'half-elves': 16}",29,Assassination,['Satrapy'],"{'Aristocratic': 0, 'Wealthy': 2, 'Comfortable': 19, 'Modest': 38, 'Poor': 127, 'Squalid': 68, 'Wretched': 6}",0,['[]'],['[]'],The Nimbral Lords,The Knights of the Flying Hunt (airborne cavalry),None,"['Common', 'Halruaan']","['Deneir', 'Lurue']",56235,5,42424,59.9,33.6,82,0,"The Realm of Nimbral (Ed Greenwood, Wizards of the Coast website, archived here, 2004)",[],[],"{""humans"": 403.0, ""half-elves"": 16.0}","{""Aristocratic"": 0.0, ""Wealthy"": 2.0, ""Comfortable"": 19.0, ""Modest"": 38.0, ""Poor"": 127.0, ""Squalid"": 68.0, ""Wretched"": 6.0}"
Esdul,Nimbral,Selpir,4268,653459,662,"{'humans': 4268, 'half-elves': 0}",44,Magic mishaps,['Oligarchy'],"{'Aristocratic': 1, 'Wealthy': 63, 'Comfortable': 269, 'Modest': 622, 'Poor': 1451, 'Squalid': 781, 'Wretched': 334}",0,['[]'],['[]'],The Nimbral Lords,The Knights of the Flying Hunt (airborne cavalry),None,"['Common', 'Halruaan']","['Deneir', 'Lurue']",56235,5,42424,50.5,46.1,71,0,"The Realm of Nimbral (Ed Greenwood, Wizards of the Coast website, archived here, 2004)",[],[],"{""humans"": 4268.0, ""half-elves"": 0.0}","{""Aristocratic"": 1.0, ""Wealthy"": 63.0, ""Comfortable"": 269.0, ""Modest"": 622.0, ""Poor"": 1451.0, ""Squalid"": 781.0, ""Wretched"": 334.0}"
Nimith,Nimbral,Selpir,448,48910,48,"{'humans': 445, 'half-elves': 2}",42,Assassination,['Autocracy'],"{'Aristocratic': 0, 'Wealthy': 3, 'Comfortable': 19, 'Modest': 49, 'Poor': 136, 'Squalid': 78, 'Wretched': 4}",0,['[]'],['[]'],The Nimbral Lords,The Knights of the Flying Hunt (airborne cavalry),None,"['Common', 'Halruaan']","['Deneir', 'Lurue']",56235,5,42424,60.3,35.3,52,0,"The Realm of Nimbral (Ed Greenwood, Wizards of the Coast website, archived here, 2004)",[],[],"{""humans"": 445.0, ""half-elves"": 2.0}","{""Aristocratic"": 0.0, ""Wealthy"": 3.0, ""Comfortable"": 19.0, ""Modest"": 49.0, ""Poor"": 136.0, ""Squalid"": 78.0, ""Wretched"": 4.0}"
Nimsur,Nimbral,Selpir,4301,687623,692,"{'humans': 4301, 'half-elves': 0}",44,Poison,['Patriarchy'],"{'Aristocratic': 0, 'Wealthy': 68, 'Comfortable': 295, 'Modest': 648, 'Poor': 1425, 'Squalid': 889, 'Wretched': 207}",0,['[]'],['[]'],The Nimbral Lords,The Knights of the Flying Hunt (airborne cavalry),None,"['Common', 'Halruaan']","['Deneir', 'Lurue']",56235,5,42424,52.6,34.8,73,0,"The Realm of Nimbral (Ed Greenwood, Wizards of the Coast website, archived here, 2004)",[],[],"{""humans"": 4301.0, ""half-elves"": 0.0}","{""Aristocratic"": 0.0, ""Wealthy"": 68.0, ""Comfortable"": 295.0, ""Modest"": 648.0, ""Poor"": 1425.0, ""Squalid"": 889.0, ""Wretched"": 207.0}"
Ormen,Nimbral,Selpir,338,38288,38,"{'humans': 338, 'half-elves': 0}",48,Bandit attacks,['Oligarchy'],"{'Aristocratic': 0, 'Wealthy': 0, 'Comfortable': 15, 'Modest': 49, 'Poor': 103, 'Squalid': 53, 'Wretched': 5}",0,['[]'],['[]'],The Nimbral Lords,The Knights of the Flying Hunt (airborne cavalry),None,"['Common', 'Halruaan']","['Deneir', 'Lurue']",56235,5,42424,58.1,41.5,89,0,"The Realm of Nimbral (Ed Greenwood, Wizards of the Coast website, archived here, 2004)",[],[],"{""humans"": 338.0, ""half-elves"": 0.0}","{""Aristocratic"": 0.0, ""Wealthy"": 0.0, ""Comfortable"": 15.0, ""Modest"": 49.0, ""Poor"": 103.0, ""Squalid"": 53.0, ""Wretched"": 5.0}"
Rauthaven,Nimbral,Selpir,4316,772194,779,"{'humans': 4316, 'half-elves': 0}",43,Bandit attacks,['Bureaucracy'],"{'Aristocratic': 0, 'Wealthy': 55, 'Comfortable': 337, 'Modest': 824, 'Poor': 1365, 'Squalid': 1246, 'Wretched': 219}",0,['[]'],['[]'],The Nimbral Lords,The Knights of the Flying Hunt (airborne cavalry),None,"['Common', 'Halruaan']","['Deneir', 'Lurue']",56235,5,42424,65.5,44.5,80,0,"The Realm of Nimbral (Ed Greenwood, Wizards of the Coast website, archived here, 2004)",[],[],"{""humans"": 4316.0, ""half-elves"": 0.0}","{""Aristocratic"": 0.0, ""Wealthy"": 55.0, ""Comfortable"": 337.0, ""Modest"": 824.0, ""Poor"": 1365.0, ""Squalid"": 1246.0, ""Wretched"": 219.0}"
Sombor,Nimbral,Selpir,566,75774,75,"{'humans': 566, 'half-elves': 0}",47,Wildlife attacks,['Democracy'],"{'Aristocratic': 0, 'Wealthy': 1, 'Comfortable': 28, 'Modest': 103, 'Poor': 177, 'Squalid': 92, 'Wretched': 6}",0,['[]'],['[]'],The Nimbral Lords,The Knights of the Flying Hunt (airborne cavalry),None,"['Common', 'Halruaan']","['Deneir', 'Lurue']",56235,5,42424,60.8,34,71,0,"The Realm of Nimbral (Ed Greenwood, Wizards of the Coast website, archived here, 2004)",[],[],"{""humans"": 566.0, ""half-elves"": 0.0}","{""Aristocratic"": 0.0, ""Wealthy"": 1.0, ""Comfortable"": 28.0, ""Modest"": 103.0, ""Poor"": 177.0, ""Squalid"": 92.0, ""Wretched"": 6.0}"
Suthaven,Nimbral,Selpir,143,15695,15,"{'humans': 139, 'half-elves': 3}",49,Exposure to the elements,['Patriarchy'],"{'Aristocratic': 0, 'Wealthy': 1, 'Comfortable': 6, 'Modest': 14, 'Poor': 47, 'Squalid': 36, 'Wretched': 1}",0,['[]'],['[]'],The Nimbral Lords,The Knights of the Flying Hunt (airborne cavalry),None,"['Common', 'Halruaan']","['Deneir', 'Lurue']",56235,5,42424,50.4,33.3,56,0,"The Realm of Nimbral (Ed Greenwood, Wizards of the Coast website, archived here, 2004)",[],[],"{""humans"": 139.0, ""half-elves"": 3.0}","{""Aristocratic"": 0.0, ""Wealthy"": 1.0, ""Comfortable"": 6.0, ""Modest"": 14.0, ""Poor"": 47.0, ""Squalid"": 36.0, ""Wretched"": 1.0}"
Tethmor,Nimbral,Selpir,4431,674556,679,"{'humans': 4431, 'half-elves': 0}",47,Assassination,['Confederacy'],"{'Aristocratic': 0, 'Wealthy': 48, 'Comfortable': 305, 'Modest': 651, 'Poor': 1435, 'Squalid': 1081, 'Wretched': 232}",0,['[]'],['[]'],The Nimbral Lords,The Knights of the Flying Hunt (airborne cavalry),None,"['Common', 'Halruaan']","['Deneir', 'Lurue']",56235,5,42424,65.2,47.4,63,0,"The Realm of Nimbral (Ed Greenwood, Wizards of the Coast website, archived here, 2004)",[],[],"{""humans"": 4431.0, ""half-elves"": 0.0}","{""Aristocratic"": 0.0, ""Wealthy"": 48.0, ""Comfortable"": 305.0, ""Modest"": 651.0, ""Poor"": 1435.0, ""Squalid"": 1081.0, ""Wretched"": 232.0}"
Vindal,Nimbral,Selpir,179,24272,24,"{'humans': 179, 'half-elves': 0}",48,Disease,['Dictatorship'],"{'Aristocratic': 0, 'Wealthy': 1, 'Comfortable': 11, 'Modest': 25, 'Poor': 53, 'Squalid': 49, 'Wretched': 2}",0,['[]'],['[]'],The Nimbral Lords,The Knights of the Flying Hunt (airborne cavalry),None,"['Common', 'Halruaan']","['Deneir', 'Lurue']",56235,5,42424,65.3,36.4,78,0,"The Realm of Nimbral (Ed Greenwood, Wizards of the Coast website, archived here, 2004)",[],[],"{""humans"": 179.0, ""half-elves"": 0.0}","{""Aristocratic"": 0.0, ""Wealthy"": 1.0, ""Comfortable"": 11.0, ""Modest"": 25.0, ""Poor"": 53.0, ""Squalid"": 49.0, ""Wretched"": 2.0}"
Ordulin,Sembia,Ordulin,37559,6344430,11627,"{'humans': 37559, 'halflings': 0, 'misc.': 0}",40,Dueling accidents,['Dictatorship'],"{'Aristocratic': 42, 'Wealthy': 708, 'Comfortable': 2815, 'Modest': 4770, 'Poor': 12057, 'Squalid': 13186, 'Wretched': 3596}",11,"[""['books'"", ""'food'"", ""'livestock'"", ""'pottery'"", ""'spiced sausage'"", ""'silk'"", ""'weapons'"", ""'wine']""]",,Overmaster Elduth Yarmmaster,Silver Ravens,guilds,"['Common', 'Chondathan']","['Loviatar', 'Shar', 'Sune', 'Tymora', 'Waukeen']",2433274,19694,88630,62.1,36.1,60,1,"Pirates of the Fallen Stars (Curtis Scott, 1992), Forgotten Realms Campaign Setting, 2nd Edition (Jeff Grubb, Ed Greenwood, Julia Martin, 1993), Sea of Fallen Stars (Steven E. Schend, 1999), Forgotten Realms Campaign Setting, 3rd Edition (Ed Greenwood, Sean K. Reynolds, Skip Williams, Rob Heinsoo, 2001)","[""['books'"", ""'food'"", ""'livestock'"", ""'pottery'"", ""'spiced sausage'"", ""'silk'"", ""'weapons'"", ""'wine']""]",[],"{""humans"": 37559.0, ""halflings"": 0.0, ""misc."": 0.0}","{""Aristocratic"": 42.0, ""Wealthy"": 708.0, ""Comfortable"": 2815.0, ""Modest"": 4770.0, ""Poor"": 12057.0, ""Squalid"": 13186.0, ""Wretched"": 3596.0}"
Daerlun,Sembia,Ordulin,52028,8204579,10324,"{'humans': 52028, 'halflings': 0, 'misc.': 0}",39,Disease,['Dictatorship'],"{'Aristocratic': 4, 'Wealthy': 888, 'Comfortable': 3821, 'Modest': 6787, 'Poor': 16807, 'Squalid': 10959, 'Wretched': 4179}",15,"[""['books'"", ""'food'"", ""'livestock'"", ""'pottery'"", ""'spiced sausage'"", ""'silk'"", ""'weapons'"", ""'wine']""]",,Overmaster Elduth Yarmmaster,Silver Ravens,guilds,"['Common', 'Chondathan']","['Loviatar', 'Shar', 'Sune', 'Tymora', 'Waukeen']",2433274,19694,88630,50.4,35.3,71,0,"Pirates of the Fallen Stars (Curtis Scott, 1992), Forgotten Realms Campaign Setting, 2nd Edition (Jeff Grubb, Ed Greenwood, Julia Martin, 1993), Sea of Fallen Stars (Steven E. Schend, 1999), Forgotten Realms Campaign Setting, 3rd Edition (Ed Greenwood, Sean K. Reynolds, Skip Williams, Rob Heinsoo, 2001)","[""['books'"", ""'food'"", ""'livestock'"", ""'pottery'"", ""'spiced sausage'"", ""'silk'"", ""'weapons'"", ""'wine']""]",[],"{""humans"": 52028.0, ""halflings"": 0.0, ""misc."": 0.0}","{""Aristocratic"": 4.0, ""Wealthy"": 888.0, ""Comfortable"": 3821.0, ""Modest"": 6787.0, ""Poor"": 16807.0, ""Squalid"": 10959.0, ""Wretched"": 4179.0}"
Huddagh,Sembia,Ordulin,6957,1080509,1101,"{'humans': 6838, 'halflings': 118, 'misc.': 0}",43,Dueling accidents,['Meritocracy'],"{'Aristocratic': 1, 'Wealthy': 73, 'Comfortable': 422, 'Modest': 1180, 'Poor': 2319, 'Squalid': 1705, 'Wretched': 415}",9,"[""['books'"", ""'food'"", ""'livestock'"", ""'pottery'"", ""'spiced sausage'"", ""'silk'"", ""'weapons'"", ""'wine']""]",,Overmaster Elduth Yarmmaster,Silver Ravens,None,"['Common', 'Chondathan']","['Loviatar', 'Shar', 'Sune', 'Tymora', 'Waukeen']",2433274,19694,88630,52.1,42.2,93,1,"Pirates of the Fallen Stars (Curtis Scott, 1992), Forgotten Realms Campaign Setting, 2nd Edition (Jeff Grubb, Ed Greenwood, Julia Martin, 1993), Sea of Fallen Stars (Steven E. Schend, 1999), Forgotten Realms Campaign Setting, 3rd Edition (Ed Greenwood, Sean K. Reynolds, Skip Williams, Rob Heinsoo, 2001)","[""['books'"", ""'food'"", ""'livestock'"", ""'pottery'"", ""'spiced sausage'"", ""'silk'"", ""'weapons'"", ""'wine']""]",[],"{""humans"": 6838.0, ""halflings"": 118.0, ""misc."": 0.0}","{""Aristocratic"": 1.0, ""Wealthy"": 73.0, ""Comfortable"": 422.0, ""Modest"": 1180.0, ""Poor"": 2319.0, ""Squalid"": 1705.0, ""Wretched"": 415.0}"
Kulta,Sembia,Ordulin,7314,1373823,1405,"{'humans': 7314, 'halflings': 0, 'misc.': 0}",37,Disease,['Republic'],"{'Aristocratic': 1, 'Wealthy': 92, 'Comfortable': 544, 'Modest': 1636, 'Poor': 2214, 'Squalid': 2191, 'Wretched': 558}",3,"[""['books'"", ""'food'"", ""'livestock'"", ""'pottery'"", ""'spiced sausage'"", ""'silk'"", ""'weapons'"", ""'wine']""]",,Overmaster Elduth Yarmmaster,Silver Ravens,None,"['Common', 'Chondathan']","['Loviatar', 'Shar', 'Sune', 'Tymora', 'Waukeen']",2433274,19694,88630,54.2,48.5,63,1,"Pirates of the Fallen Stars (Curtis Scott, 1992), Forgotten Realms Campaign Setting, 2nd Edition (Jeff Grubb, Ed Greenwood, Julia Martin, 1993), Sea of Fallen Stars (Steven E. Schend, 1999), Forgotten Realms Campaign Setting, 3rd Edition (Ed Greenwood, Sean K. Reynolds, Skip Williams, Rob Heinsoo, 2001)","[""['books'"", ""'food'"", ""'livestock'"", ""'pottery'"", ""'spiced sausage'"", ""'silk'"", ""'weapons'"", ""'wine']""]",[],"{""humans"": 7314.0, ""halflings"": 0.0, ""misc."": 0.0}","{""Aristocratic"": 1.0, ""Wealthy"": 92.0, ""Comfortable"": 544.0, ""Modest"": 1636.0, ""Poor"": 2214.0, ""Squalid"": 2191.0, ""Wretched"": 558.0}"
Mulhessen,Sembia,Ordulin,26542,4105848,6982,"{'humans': 26542, 'halflings': 0, 'misc.': 0}",39,Old age,['Bureaucracy'],"{'Aristocratic': 40, 'Wealthy': 328, 'Comfortable': 1876, 'Modest': 3356, 'Poor': 8758, 'Squalid': 6773, 'Wretched': 1426}",11,"[""['books'"", ""'food'"", ""'livestock'"", ""'pottery'"", ""'spiced sausage'"", ""'silk'"", ""'weapons'"", ""'wine']""]",,Overmaster Elduth Yarmmaster,Silver Ravens,guilds,"['Common', 'Chondathan']","['Loviatar', 'Shar', 'Sune', 'Tymora', 'Waukeen']",2433274,19694,88630,51.3,34.9,72,1,"Pirates of the Fallen Stars (Curtis Scott, 1992), Forgotten Realms Campaign Setting, 2nd Edition (Jeff Grubb, Ed Greenwood, Julia Martin, 1993), Sea of Fallen Stars (Steven E. Schend, 1999), Forgotten Realms Campaign Setting, 3rd Edition (Ed Greenwood, Sean K. Reynolds, Skip Williams, Rob Heinsoo, 2001)","[""['books'"", ""'food'"", ""'livestock'"", ""'pottery'"", ""'spiced sausage'"", ""'silk'"", ""'weapons'"", ""'wine']""]",[],"{""humans"": 26542.0, ""halflings"": 0.0, ""misc."": 0.0}","{""Aristocratic"": 40.0, ""Wealthy"": 328.0, ""Comfortable"": 1876.0, ""Modest"": 3356.0, ""Poor"": 8758.0, ""Squalid"": 6773.0, ""Wretched"": 1426.0}"
Saerb,Sembia,Ordulin,27139,5046453,9656,"{'humans': 26053, 'halflings': 1085, 'misc.': 0}",37,Poison,['Dictatorship'],"{'Aristocratic': 50, 'Wealthy': 697, 'Comfortable': 2061, 'Modest': 3657, 'Poor': 9107, 'Squalid': 9375, 'Wretched': 2327}",12,"[""['books'"", ""'food'"", ""'livestock'"", ""'pottery'"", ""'spiced sausage'"", ""'silk'"", ""'weapons'"", ""'wine']""]",,Overmaster Elduth Yarmmaster,Silver Ravens,guilds,"['Common', 'Chondathan']","['Loviatar', 'Shar', 'Sune', 'Tymora', 'Waukeen']",2433274,19694,88630,62.5,37.2,72,0,"Pirates of the Fallen Stars (Curtis Scott, 1992), Forgotten Realms Campaign Setting, 2nd Edition (Jeff Grubb, Ed Greenwood, Julia Martin, 1993), Sea of Fallen Stars (Steven E. Schend, 1999), Forgotten Realms Campaign Setting, 3rd Edition (Ed Greenwood, Sean K. Reynolds, Skip Williams, Rob Heinsoo, 2001)","[""['books'"", ""'food'"", ""'livestock'"", ""'pottery'"", ""'spiced sausage'"", ""'silk'"", ""'weapons'"", ""'wine']""]",[],"{""humans"": 26053.0, ""halflings"": 1085.0, ""misc."": 0.0}","{""Aristocratic"": 50.0, ""Wealthy"": 697.0, ""Comfortable"": 2061.0, ""Modest"": 3657.0, ""Poor"": 9107.0, ""Squalid"": 9375.0, ""Wretched"": 2327.0}"
Saerloon,Sembia,Ordulin,57120,14202004,37070,"{'humans': 57120, 'halflings': 0, 'misc.': 0}",40,Work-related accidents,['Satrapy'],"{'Aristocratic': 82, 'Wealthy': 1697, 'Comfortable': 7395, 'Modest': 10578, 'Poor': 19143, 'Squalid': 21050, 'Wretched': 3135}",12,"[""['books'"", ""'food'"", ""'livestock'"", ""'pottery'"", ""'spiced sausage'"", ""'silk'"", ""'weapons'"", ""'wine']""]",,Overmaster Elduth Yarmmaster,Silver Ravens,guilds,"['Common', 'Chondathan']","['Loviatar', 'Shar', 'Sune', 'Tymora', 'Waukeen']",2433274,19694,88630,63.2,37.9,61,0,"Pirates of the Fallen Stars (Curtis Scott, 1992), Forgotten Realms Campaign Setting, 2nd Edition (Jeff Grubb, Ed Greenwood, Julia Martin, 1993), Sea of Fallen Stars (Steven E. Schend, 1999), Forgotten Realms Campaign Setting, 3rd Edition (Ed Greenwood, Sean K. Reynolds, Skip Williams, Rob Heinsoo, 2001)","[""['books'"", ""'food'"", ""'livestock'"", ""'pottery'"", ""'spiced sausage'"", ""'silk'"", ""'weapons'"", ""'wine']""]",[],"{""humans"": 57120.0, ""halflings"": 0.0, ""misc."": 0.0}","{""Aristocratic"": 82.0, ""Wealthy"": 1697.0, ""Comfortable"": 7395.0, ""Modest"": 10578.0, ""Poor"": 19143.0, ""Squalid"": 21050.0, ""Wretched"": 3135.0}"
Selgaunt,Sembia,Ordulin,56790,12537385,46273,"{'humans': 56790, 'halflings': 0, 'misc.': 0}",41,Magic mishaps,['Hierarchy'],"{'Aristocratic': 158, 'Wealthy': 1099, 'Comfortable': 7183, 'Modest': 8238, 'Poor': 18297, 'Squalid': 21096, 'Wretched': 4364}",12,"[""['books'"", ""'food'"", ""'livestock'"", ""'pottery'"", ""'spiced sausage'"", ""'silk'"", ""'weapons'"", ""'wine']""]",,Overmaster Elduth Yarmmaster,Silver Ravens,guilds,"['Common', 'Chondathan']","['Loviatar', 'Shar', 'Sune', 'Tymora', 'Waukeen']",2433274,19694,88630,68.4,43.5,85,0,"Pirates of the Fallen Stars (Curtis Scott, 1992), Forgotten Realms Campaign Setting, 2nd Edition (Jeff Grubb, Ed Greenwood, Julia Martin, 1993), Sea of Fallen Stars (Steven E. Schend, 1999), Forgotten Realms Campaign Setting, 3rd Edition (Ed Greenwood, Sean K. Reynolds, Skip Williams, Rob Heinsoo, 2001)","[""['books'"", ""'food'"", ""'livestock'"", ""'pottery'"", ""'spiced sausage'"", ""'silk'"", ""'weapons'"", ""'wine']""]",[],"{""humans"": 56790.0, ""halflings"": 0.0, ""misc."": 0.0}","{""Aristocratic"": 158.0, ""Wealthy"": 1099.0, ""Comfortable"": 7183.0, ""Modest"": 8238.0, ""Poor"": 18297.0, ""Squalid"": 21096.0, ""Wretched"": 4364.0}"
Surd,Sembia,Ordulin,26230,6006184,12424,"{'humans': 26230, 'halflings': 0, 'misc.': 0}",41,Wagon Accident,['Militocracy'],"{'Aristocratic': 60, 'Wealthy': 716, 'Comfortable': 2547, 'Modest': 5091, 'Poor': 9176, 'Squalid': 9711, 'Wretched': 1365}",4,"[""['books'"", ""'food'"", ""'livestock'"", ""'pottery'"", ""'spiced sausage'"", ""'silk'"", ""'weapons'"", ""'wine']""]",,Overmaster Elduth Yarmmaster,Silver Ravens,guilds,"['Common', 'Chondathan']","['Loviatar', 'Shar', 'Sune', 'Tymora', 'Waukeen']",2433274,19694,88630,52.1,50,92,0,"Pirates of the Fallen Stars (Curtis Scott, 1992), Forgotten Realms Campaign Setting, 2nd Edition (Jeff Grubb, Ed Greenwood, Julia Martin, 1993), Sea of Fallen Stars (Steven E. Schend, 1999), Forgotten Realms Campaign Setting, 3rd Edition (Ed Greenwood, Sean K. Reynolds, Skip Williams, Rob Heinsoo, 2001)","[""['books'"", ""'food'"", ""'livestock'"", ""'pottery'"", ""'spiced sausage'"", ""'silk'"", ""'weapons'"", ""'wine']""]",[],"{""humans"": 26230.0, ""halflings"": 0.0, ""misc."": 0.0}","{""Aristocratic"": 60.0, ""Wealthy"": 716.0, ""Comfortable"": 2547.0, ""Modest"": 5091.0, ""Poor"": 9176.0, ""Squalid"": 9711.0, ""Wretched"": 1365.0}"
Tulbegh,Sembia,Ordulin,27791,5711556,11803,"{'humans': 27735, 'halflings': 55, 'misc.': 0}",42,Disease,['Meritocracy'],"{'Aristocratic': 59, 'Wealthy': 769, 'Comfortable': 2760, 'Modest': 3624, 'Poor': 8957, 'Squalid': 10467, 'Wretched': 1784}",15,"[""['books'"", ""'food'"", ""'livestock'"", ""'pottery'"", ""'spiced sausage'"", ""'silk'"", ""'weapons'"", ""'wine']""]",,Overmaster Elduth Yarmmaster,Silver Ravens,guilds,"['Common', 'Chondathan']","['Loviatar', 'Shar', 'Sune', 'Tymora', 'Waukeen']",2433274,19694,88630,54.9,46.6,66,1,"Pirates of the Fallen Stars (Curtis Scott, 1992), Forgotten Realms Campaign Setting, 2nd Edition (Jeff Grubb, Ed Greenwood, Julia Martin, 1993), Sea of Fallen Stars (Steven E. Schend, 1999), Forgotten Realms Campaign Setting, 3rd Edition (Ed Greenwood, Sean K. Reynolds, Skip Williams, Rob Heinsoo, 2001)","[""['books'"", ""'food'"", ""'livestock'"", ""'pottery'"", ""'spiced sausage'"", ""'silk'"", ""'weapons'"", ""'wine']""]",[],"{""humans"": 27735.0, ""halflings"": 55.0, ""misc."": 0.0}","{""Aristocratic"": 59.0, ""Wealthy"": 769.0, ""Comfortable"": 2760.0, ""Modest"": 3624.0, ""Poor"": 8957.0, ""Squalid"": 10467.0, ""Wretched"": 1784.0}"
Uarhold,Sembia,Ordulin,7395,1256184,1302,"{'humans': 7395, 'halflings': 0, 'misc.': 0}",38,Magic mishaps,['Plutocracy'],"{'Aristocratic': 3, 'Wealthy': 117, 'Comfortable': 543, 'Modest': 1183, 'Poor': 2516, 'Squalid': 1714, 'Wretched': 547}",14,"[""['books'"", ""'food'"", ""'livestock'"", ""'pottery'"", ""'spiced sausage'"", ""'silk'"", ""'weapons'"", ""'wine']""]",,Overmaster Elduth Yarmmaster,Silver Ravens,None,"['Common', 'Chondathan']","['Loviatar', 'Shar', 'Sune', 'Tymora', 'Waukeen']",2433274,19694,88630,69.6,33.8,84,1,"Pirates of the Fallen Stars (Curtis Scott, 1992), Forgotten Realms Campaign Setting, 2nd Edition (Jeff Grubb, Ed Greenwood, Julia Martin, 1993), Sea of Fallen Stars (Steven E. Schend, 1999), Forgotten Realms Campaign Setting, 3rd Edition (Ed Greenwood, Sean K. Reynolds, Skip Williams, Rob Heinsoo, 2001)","[""['books'"", ""'food'"", ""'livestock'"", ""'pottery'"", ""'spiced sausage'"", ""'silk'"", ""'weapons'"", ""'wine']""]",[],"{""humans"": 7395.0, ""halflings"": 0.0, ""misc."": 0.0}","{""Aristocratic"": 3.0, ""Wealthy"": 117.0, ""Comfortable"": 543.0, ""Modest"": 1183.0, ""Poor"": 2516.0, ""Squalid"": 1714.0, ""Wretched"": 547.0}"
Urmlaspyr,Sembia,Ordulin,5647,840595,863,"{'humans': 5647, 'halflings': 0, 'misc.': 0}",38,Starvation,['Kleptocracy'],"{'Aristocratic': 2, 'Wealthy': 86, 'Comfortable': 376, 'Modest': 661, 'Poor': 1801, 'Squalid': 1658, 'Wretched': 195}",19,"[""['books'"", ""'food'"", ""'livestock'"", ""'pottery'"", ""'spiced sausage'"", ""'silk'"", ""'weapons'"", ""'wine']""]",,Overmaster Elduth Yarmmaster,Silver Ravens,None,"['Common', 'Chondathan']","['Loviatar', 'Shar', 'Sune', 'Tymora', 'Waukeen']",2433274,19694,88630,67.4,31.5,83,1,"Pirates of the Fallen Stars (Curtis Scott, 1992), Forgotten Realms Campaign Setting, 2nd Edition (Jeff Grubb, Ed Greenwood, Julia Martin, 1993), Sea of Fallen Stars (Steven E. Schend, 1999), Forgotten Realms Campaign Setting, 3rd Edition (Ed Greenwood, Sean K. Reynolds, Skip Williams, Rob Heinsoo, 2001)","[""['books'"", ""'food'"", ""'livestock'"", ""'pottery'"", ""'spiced sausage'"", ""'silk'"", ""'weapons'"", ""'wine']""]",[],"{""humans"": 5647.0, ""halflings"": 0.0, ""misc."": 0.0}","{""Aristocratic"": 2.0, ""Wealthy"": 86.0, ""Comfortable"": 376.0, ""Modest"": 661.0, ""Poor"": 1801.0, ""Squalid"": 1658.0, ""Wretched"": 195.0}"
Yhaunn,Sembia,Ordulin,19399,3668067,5484,"{'humans': 19399, 'halflings': 0, 'misc.': 0}",40,Exposure to the elements,['Matriarchy'],"{'Aristocratic': 27, 'Wealthy': 314, 'Comfortable': 2319, 'Modest': 2117, 'Poor': 5908, 'Squalid': 5869, 'Wretched': 1081}",14,"[""['books'"", ""'food'"", ""'livestock'"", ""'pottery'"", ""'spiced sausage'"", ""'silk'"", ""'weapons'"", ""'wine']""]",,Overmaster Elduth Yarmmaster,Silver Ravens,guilds,"['Common', 'Chondathan']","['Loviatar', 'Shar', 'Sune', 'Tymora', 'Waukeen']",2433274,19694,88630,59.3,37.3,72,0,"Pirates of the Fallen Stars (Curtis Scott, 1992), Forgotten Realms Campaign Setting, 2nd Edition (Jeff Grubb, Ed Greenwood, Julia Martin, 1993), Sea of Fallen Stars (Steven E. Schend, 1999), Forgotten Realms Campaign Setting, 3rd Edition (Ed Greenwood, Sean K. Reynolds, Skip Williams, Rob Heinsoo, 2001)","[""['books'"", ""'food'"", ""'livestock'"", ""'pottery'"", ""'spiced sausage'"", ""'silk'"", ""'weapons'"", ""'wine']""]",[],"{""humans"": 19399.0, ""halflings"": 0.0, ""misc."": 0.0}","{""Aristocratic"": 27.0, ""Wealthy"": 314.0, ""Comfortable"": 2319.0, ""Modest"": 2117.0, ""Poor"": 5908.0, ""Squalid"": 5869.0, ""Wretched"": 1081.0}"
Yuthgalaunt,Sembia,Ordulin,2899,480486,483,"{'humans': 2899, 'halflings': 0, 'misc.': 0}",37,Disease,['Feudalism'],"{'Aristocratic': 0, 'Wealthy': 41, 'Comfortable': 174, 'Modest': 549, 'Poor': 934, 'Squalid': 686, 'Wretched': 226}",0,"[""['books'"", ""'food'"", ""'livestock'"", ""'pottery'"", ""'spiced sausage'"", ""'silk'"", ""'weapons'"", ""'wine']""]",,Overmaster Elduth Yarmmaster,Silver Ravens,None,"['Common', 'Chondathan']","['Loviatar', 'Shar', 'Sune', 'Tymora', 'Waukeen']",2433274,19694,88630,63.3,37.1,65,0,"Pirates of the Fallen Stars (Curtis Scott, 1992), Forgotten Realms Campaign Setting, 2nd Edition (Jeff Grubb, Ed Greenwood, Julia Martin, 1993), Sea of Fallen Stars (Steven E. Schend, 1999), Forgotten Realms Campaign Setting, 3rd Edition (Ed Greenwood, Sean K. Reynolds, Skip Williams, Rob Heinsoo, 2001)","[""['books'"", ""'food'"", ""'livestock'"", ""'pottery'"", ""'spiced sausage'"", ""'silk'"", ""'weapons'"", ""'wine']""]",[],"{""humans"": 2899.0, ""halflings"": 0.0, ""misc."": 0.0}","{""Aristocratic"": 0.0, ""Wealthy"": 41.0, ""Comfortable"": 174.0, ""Modest"": 549.0, ""Poor"": 934.0, ""Squalid"": 686.0, ""Wretched"": 226.0}"
Sundice,Sossal,Sundice,1910,293752,294,"{'humans': 1738, 'halflings': 55, 'dwarves': 59, 'half-elves': 38, 'elves': 19}",53,Poison,['Meritocracy'],"{'Aristocratic': 0, 'Wealthy': 29, 'Comfortable': 114, 'Modest': 302, 'Poor': 577, 'Squalid': 434, 'Wretched': 80}",0,"[""['dwarven weapons'"", ""'silver'"", ""'various kinds of meat']""]","[""['fine wooden furniture'"", ""'furs'"", ""'gold'"", ""'seal meat']""]",The Circle of the Frozen Sun (druidic order),Local militias,None,"['Common', 'Uluik', 'Sossrim', 'Skaevrym']",['Auril (benign aspect)'],15232,3,363151,20.4,36.7,64,0,"Dwarves Deep (Ed Greenwood, 1990), The Great Glacier (Rick Swan, 1992), Warriors and Priests of the Realms (John Terra, 1996), Forgotten Realms Campaign Setting, 3rd Edition (Ed Greenwood, Sean K. Reynolds, Skip Williams, Rob Heinsoo, 2001), The Grand History of the Realms (Brian R. James, Ed Greenwood, 2007)","[""['dwarven weapons'"", ""'silver'"", ""'various kinds of meat']""]","[""['fine wooden furniture'"", ""'furs'"", ""'gold'"", ""'seal meat']""]","{""humans"": 1738.0, ""halflings"": 55.0, ""dwarves"": 59.0, ""half-elves"": 38.0, ""elves"": 19.0}","{""Aristocratic"": 0.0, ""Wealthy"": 29.0, ""Comfortable"": 114.0, ""Modest"": 302.0, ""Poor"": 577.0, ""Squalid"": 434.0, ""Wretched"": 80.0}"
Sundice,Sossal,Sundice,7480,1096679,1119,"{'humans': 6530, 'halflings': 224, 'dwarves': 224, 'half-elves': 142, 'elves': 74}",55,Assassination,['Dictatorship'],"{'Aristocratic': 1, 'Wealthy': 99, 'Comfortable': 502, 'Modest': 945, 'Poor': 2423, 'Squalid': 1650, 'Wretched': 395}",0,"[""['dwarven weapons'"", ""'silver'"", ""'various kinds of meat']""]","[""['fine wooden furniture'"", ""'furs'"", ""'gold'"", ""'seal meat']""]",The Circle of the Frozen Sun (druidic order),Local militias,None,"['Common', 'Uluik', 'Sossrim', 'Skaevrym']",['Auril (benign aspect)'],15232,3,363151,28.8,29.6,77,0,"Dwarves Deep (Ed Greenwood, 1990), The Great Glacier (Rick Swan, 1992), Warriors and Priests of the Realms (John Terra, 1996), Forgotten Realms Campaign Setting, 3rd Edition (Ed Greenwood, Sean K. Reynolds, Skip Williams, Rob Heinsoo, 2001), The Grand History of the Realms (Brian R. James, Ed Greenwood, 2007)","[""['dwarven weapons'"", ""'silver'"", ""'various kinds of meat']""]","[""['fine wooden furniture'"", ""'furs'"", ""'gold'"", ""'seal meat']""]","{""humans"": 6530.0, ""halflings"": 224.0, ""dwarves"": 224.0, ""half-elves"": 142.0, ""elves"": 74.0}","{""Aristocratic"": 1.0, ""Wealthy"": 99.0, ""Comfortable"": 502.0, ""Modest"": 945.0, ""Poor"": 2423.0, ""Squalid"": 1650.0, ""Wretched"": 395.0}"
Dharvil,Sossal,Sundice,1935,385367,386,"{'humans': 1689, 'halflings': 58, 'dwarves': 58, 'half-elves': 38, 'elves': 19}",49,Bandit attacks,['Plutocracy'],"{'Aristocratic': 0, 'Wealthy': 36, 'Comfortable': 129, 'Modest': 467, 'Poor': 673, 'Squalid': 522, 'Wretched': 58}",0,"[""['dwarven weapons'"", ""'silver'"", ""'various kinds of meat']""]","[""['fine wooden furniture'"", ""'furs'"", ""'gold'"", ""'seal meat']""]",The Circle of the Frozen Sun (druidic order),Local militias,None,"['Common', 'Uluik', 'Sossrim', 'Skaevrym']",['Auril (benign aspect)'],15232,3,363151,26.5,25.4,79,0,"Dwarves Deep (Ed Greenwood, 1990), The Great Glacier (Rick Swan, 1992), Warriors and Priests of the Realms (John Terra, 1996), Forgotten Realms Campaign Setting, 3rd Edition (Ed Greenwood, Sean K. Reynolds, Skip Williams, Rob Heinsoo, 2001), The Grand History of the Realms (Brian R. James, Ed Greenwood, 2007)","[""['dwarven weapons'"", ""'silver'"", ""'various kinds of meat']""]","[""['fine wooden furniture'"", ""'furs'"", ""'gold'"", ""'seal meat']""]","{""humans"": 1689.0, ""halflings"": 58.0, ""dwarves"": 58.0, ""half-elves"": 38.0, ""elves"": 19.0}","{""Aristocratic"": 0.0, ""Wealthy"": 36.0, ""Comfortable"": 129.0, ""Modest"": 467.0, ""Poor"": 673.0, ""Squalid"": 522.0, ""Wretched"": 58.0}"
Naupau,Sossal,Sundice,977,103258,103,"{'humans': 875, 'halflings': 28, 'dwarves': 28, 'half-elves': 19, 'elves': 9}",53,Poison,['Monarchy'],"{'Aristocratic': 0, 'Wealthy': 1, 'Comfortable': 40, 'Modest': 102, 'Poor': 341, 'Squalid': 287, 'Wretched': 10}",0,"[""['dwarven weapons'"", ""'silver'"", ""'various kinds of meat']""]","[""['fine wooden furniture'"", ""'furs'"", ""'gold'"", ""'seal meat']""]",The Circle of the Frozen Sun (druidic order),Local militias,None,"['Common', 'Uluik', 'Sossrim', 'Skaevrym']",['Auril (benign aspect)'],15232,3,363151,28.3,23.7,49,0,"Dwarves Deep (Ed Greenwood, 1990), The Great Glacier (Rick Swan, 1992), Warriors and Priests of the Realms (John Terra, 1996), Forgotten Realms Campaign Setting, 3rd Edition (Ed Greenwood, Sean K. Reynolds, Skip Williams, Rob Heinsoo, 2001), The Grand History of the Realms (Brian R. James, Ed Greenwood, 2007)","[""['dwarven weapons'"", ""'silver'"", ""'various kinds of meat']""]","[""['fine wooden furniture'"", ""'furs'"", ""'gold'"", ""'seal meat']""]","{""humans"": 875.0, ""halflings"": 28.0, ""dwarves"": 28.0, ""half-elves"": 19.0, ""elves"": 9.0}","{""Aristocratic"": 0.0, ""Wealthy"": 1.0, ""Comfortable"": 40.0, ""Modest"": 102.0, ""Poor"": 341.0, ""Squalid"": 287.0, ""Wretched"": 10.0}"
Shannath,Sossal,Sundice,1498,260208,260,"{'humans': 1366, 'halflings': 44, 'dwarves': 42, 'half-elves': 29, 'elves': 14}",53,Old age,['Magocracy'],"{'Aristocratic': 0, 'Wealthy': 18, 'Comfortable': 102, 'Modest': 311, 'Poor': 451, 'Squalid': 357, 'Wretched': 66}",0,"[""['dwarven weapons'"", ""'silver'"", ""'various kinds of meat']""]","[""['fine wooden furniture'"", ""'furs'"", ""'gold'"", ""'seal meat']""]",The Circle of the Frozen Sun (druidic order),Local militias,None,"['Common', 'Uluik', 'Sossrim', 'Skaevrym']",['Auril (benign aspect)'],15232,3,363151,38.4,22,68,0,"Dwarves Deep (Ed Greenwood, 1990), The Great Glacier (Rick Swan, 1992), Warriors and Priests of the Realms (John Terra, 1996), Forgotten Realms Campaign Setting, 3rd Edition (Ed Greenwood, Sean K. Reynolds, Skip Williams, Rob Heinsoo, 2001), The Grand History of the Realms (Brian R. James, Ed Greenwood, 2007)","[""['dwarven weapons'"", ""'silver'"", ""'various kinds of meat']""]","[""['fine wooden furniture'"", ""'furs'"", ""'gold'"", ""'seal meat']""]","{""humans"": 1366.0, ""halflings"": 44.0, ""dwarves"": 42.0, ""half-elves"": 29.0, ""elves"": 14.0}","{""Aristocratic"": 0.0, ""Wealthy"": 18.0, ""Comfortable"": 102.0, ""Modest"": 311.0, ""Poor"": 451.0, ""Squalid"": 357.0, ""Wretched"": 66.0}"
Uldfest,Sossal,Sundice,1432,268822,269,"{'humans': 1265, 'halflings': 41, 'dwarves': 41, 'half-elves': 28, 'elves': 14}",56,Exposure to the elements,['Autocracy'],"{'Aristocratic': 0, 'Wealthy': 17, 'Comfortable': 108, 'Modest': 326, 'Poor': 500, 'Squalid': 265, 'Wretched': 66}",0,"[""['dwarven weapons'"", ""'silver'"", ""'various kinds of meat']""]","[""['fine wooden furniture'"", ""'furs'"", ""'gold'"", ""'seal meat']""]",The Circle of the Frozen Sun (druidic order),Local militias,None,"['Common', 'Uluik', 'Sossrim', 'Skaevrym']",['Auril (benign aspect)'],15232,3,363151,16.8,34.7,68,0,"Dwarves Deep (Ed Greenwood, 1990), The Great Glacier (Rick Swan, 1992), Warriors and Priests of the Realms (John Terra, 1996), Forgotten Realms Campaign Setting, 3rd Edition (Ed Greenwood, Sean K. Reynolds, Skip Williams, Rob Heinsoo, 2001), The Grand History of the Realms (Brian R. James, Ed Greenwood, 2007)","[""['dwarven weapons'"", ""'silver'"", ""'various kinds of meat']""]","[""['fine wooden furniture'"", ""'furs'"", ""'gold'"", ""'seal meat']""]","{""humans"": 1265.0, ""halflings"": 41.0, ""dwarves"": 41.0, ""half-elves"": 28.0, ""elves"": 14.0}","{""Aristocratic"": 0.0, ""Wealthy"": 17.0, ""Comfortable"": 108.0, ""Modest"": 326.0, ""Poor"": 500.0, ""Squalid"": 265.0, ""Wretched"": 66.0}"
Darromar,Tethyr,Darromar,67416,11826401,29884,"{'humans': 61753, 'halflings': 5662, 'elves': 0, 'misc.': 0}",38,Dueling accidents,['Feudalism'],"{'Aristocratic': 82, 'Wealthy': 746, 'Comfortable': 5367, 'Modest': 11383, 'Poor': 21285, 'Squalid': 22231, 'Wretched': 3882}",12,"[""['ambergris'"", ""'carpets'"", ""'cheese'"", ""'cloth'"", ""'fish'"", ""'fruit'"", ""'livestock'"", ""'nuts'"", ""'pearls'"", ""'pipeweed'"", ""'rugs'"", ""'silk'"", ""'tea'"", ""'vegetables'"", ""'wine'"", ""'whale oil']""]","[""['magic items'"", ""'mercenaries'"", ""'spices'"", ""'weapons']""]",Queen Zaranda Star Rhindaun and King-Consort Haedrak Rhindaun III,"The Royal Army of Tethyr, the Royal Navy of Tethyr, various mercenary companies",guilds,"['Common', 'Chondathan', 'Alzhedo']","['Chauntea', 'Eldath', 'Helm', 'Ilmater', 'the Seldarine (in the Forest of Tethir)', 'Siamorphe', 'Silvanus', 'Torm', 'Tyr']",3717965,235431,425497,55.4,31.5,49,1,"Empires of the Sands (1988), Lands of Intrigue (1997)","[""['ambergris'"", ""'carpets'"", ""'cheese'"", ""'cloth'"", ""'fish'"", ""'fruit'"", ""'livestock'"", ""'nuts'"", ""'pearls'"", ""'pipeweed'"", ""'rugs'"", ""'silk'"", ""'tea'"", ""'vegetables'"", ""'wine'"", ""'whale oil']""]","[""['magic items'"", ""'mercenaries'"", ""'spices'"", ""'weapons']""]","{""humans"": 61753.0, ""halflings"": 5662.0, ""elves"": 0.0, ""misc."": 0.0}","{""Aristocratic"": 82.0, ""Wealthy"": 746.0, ""Comfortable"": 5367.0, ""Modest"": 11383.0, ""Poor"": 21285.0, ""Squalid"": 22231.0, ""Wretched"": 3882.0}"
Abbor,Tethyr,Darromar,94,14417,14,"{'humans': 72, 'halflings': 12, 'elves': 9, 'misc.': 0}",73,Accidental falls,['Oligarchy'],"{'Aristocratic': 0, 'Wealthy': 0, 'Comfortable': 8, 'Modest': 15, 'Poor': 29, 'Squalid': 27, 'Wretched': 0}",0,"[""['ambergris'"", ""'carpets'"", ""'cheese'"", ""'cloth'"", ""'fish'"", ""'fruit'"", ""'livestock'"", ""'nuts'"", ""'pearls'"", ""'pipeweed'"", ""'rugs'"", ""'silk'"", ""'tea'"", ""'vegetables'"", ""'wine'"", ""'whale oil']""]","[""['magic items'"", ""'mercenaries'"", ""'spices'"", ""'weapons']""]",Queen Zaranda Star Rhindaun and King-Consort Haedrak Rhindaun III,"The Royal Army of Tethyr, the Royal Navy of Tethyr, various mercenary companies",None,"['Common', 'Chondathan', 'Alzhedo']","['Chauntea', 'Eldath', 'Helm', 'Ilmater', 'the Seldarine (in the Forest of Tethir)', 'Siamorphe', 'Silvanus', 'Torm', 'Tyr']",3717965,235431,425497,62.9,41.3,77,1,"Empires of the Sands (1988), Lands of Intrigue (1997)","[""['ambergris'"", ""'carpets'"", ""'cheese'"", ""'cloth'"", ""'fish'"", ""'fruit'"", ""'livestock'"", ""'nuts'"", ""'pearls'"", ""'pipeweed'"", ""'rugs'"", ""'silk'"", ""'tea'"", ""'vegetables'"", ""'wine'"", ""'whale oil']""]","[""['magic items'"", ""'mercenaries'"", ""'spices'"", ""'weapons']""]","{""humans"": 72.0, ""halflings"": 12.0, ""elves"": 9.0, ""misc."": 0.0}","{""Aristocratic"": 0.0, ""Wealthy"": 0.0, ""Comfortable"": 8.0, ""Modest"": 15.0, ""Poor"": 29.0, ""Squalid"": 27.0, ""Wretched"": 0.0}"
Banshivale,Tethyr,Darromar,768,107894,107,"{'humans': 768, 'halflings': 0, 'elves': 0, 'misc.': 0}",36,Disease,['Democracy'],"{'Aristocratic': 0, 'Wealthy': 6, 'Comfortable': 50, 'Modest': 105, 'Poor': 268, 'Squalid': 130, 'Wretched': 9}",0,"[""['ambergris'"", ""'carpets'"", ""'cheese'"", ""'cloth'"", ""'fish'"", ""'fruit'"", ""'livestock'"", ""'nuts'"", ""'pearls'"", ""'pipeweed'"", ""'rugs'"", ""'silk'"", ""'tea'"", ""'vegetables'"", ""'wine'"", ""'whale oil']""]","[""['magic items'"", ""'mercenaries'"", ""'spices'"", ""'weapons']""]",Queen Zaranda Star Rhindaun and King-Consort Haedrak Rhindaun III,"The Royal Army of Tethyr, the Royal Navy of Tethyr, various mercenary companies",None,"['Common', 'Chondathan', 'Alzhedo']","['Chauntea', 'Eldath', 'Helm', 'Ilmater', 'the Seldarine (in the Forest of Tethir)', 'Siamorphe', 'Silvanus', 'Torm', 'Tyr']",3717965,235431,425497,59.1,39.6,71,1,"Empires of the Sands (1988), Lands of Intrigue (1997)","[""['ambergris'"", ""'carpets'"", ""'cheese'"", ""'cloth'"", ""'fish'"", ""'fruit'"", ""'livestock'"", ""'nuts'"", ""'pearls'"", ""'pipeweed'"", ""'rugs'"", ""'silk'"", ""'tea'"", ""'vegetables'"", ""'wine'"", ""'whale oil']""]","[""['magic items'"", ""'mercenaries'"", ""'spices'"", ""'weapons']""]","{""humans"": 768.0, ""halflings"": 0.0, ""elves"": 0.0, ""misc."": 0.0}","{""Aristocratic"": 0.0, ""Wealthy"": 6.0, ""Comfortable"": 50.0, ""Modest"": 105.0, ""Poor"": 268.0, ""Squalid"": 130.0, ""Wretched"": 9.0}"
Barrowsmorn,Tethyr,Darromar,757,98294,98,"{'humans': 645, 'halflings': 34, 'elves': 74, 'misc.': 2}",73,Assassination,['Gerontocracy'],"{'Aristocratic': 0, 'Wealthy': 2, 'Comfortable': 43, 'Modest': 105, 'Poor': 264, 'Squalid': 175, 'Wretched': 13}",0,"[""['ambergris'"", ""'carpets'"", ""'cheese'"", ""'cloth'"", ""'fish'"", ""'fruit'"", ""'livestock'"", ""'nuts'"", ""'pearls'"", ""'pipeweed'"", ""'rugs'"", ""'silk'"", ""'tea'"", ""'vegetables'"", ""'wine'"", ""'whale oil']""]","[""['magic items'"", ""'mercenaries'"", ""'spices'"", ""'weapons']""]",Queen Zaranda Star Rhindaun and King-Consort Haedrak Rhindaun III,"The Royal Army of Tethyr, the Royal Navy of Tethyr, various mercenary companies",None,"['Common', 'Chondathan', 'Alzhedo']","['Chauntea', 'Eldath', 'Helm', 'Ilmater', 'the Seldarine (in the Forest of Tethir)', 'Siamorphe', 'Silvanus', 'Torm', 'Tyr']",3717965,235431,425497,65.5,38.9,72,0,"Empires of the Sands (1988), Lands of Intrigue (1997)","[""['ambergris'"", ""'carpets'"", ""'cheese'"", ""'cloth'"", ""'fish'"", ""'fruit'"", ""'livestock'"", ""'nuts'"", ""'pearls'"", ""'pipeweed'"", ""'rugs'"", ""'silk'"", ""'tea'"", ""'vegetables'"", ""'wine'"", ""'whale oil']""]","[""['magic items'"", ""'mercenaries'"", ""'spices'"", ""'weapons']""]","{""humans"": 645.0, ""halflings"": 34.0, ""elves"": 74.0, ""misc."": 2.0}","{""Aristocratic"": 0.0, ""Wealthy"": 2.0, ""Comfortable"": 43.0, ""Modest"": 105.0, ""Poor"": 264.0, ""Squalid"": 175.0, ""Wretched"": 13.0}"
Brost,Tethyr,Darromar,712,80008,80,"{'humans': 605, 'halflings': 106, 'elves': 0, 'misc.': 0}",39,Bandit attacks,['Republic'],"{'Aristocratic': 0, 'Wealthy': 4, 'Comfortable': 29, 'Modest': 83, 'Poor': 236, 'Squalid': 150, 'Wretched': 12}",0,"[""['ambergris'"", ""'carpets'"", ""'cheese'"", ""'cloth'"", ""'fish'"", ""'fruit'"", ""'livestock'"", ""'nuts'"", ""'pearls'"", ""'pipeweed'"", ""'rugs'"", ""'silk'"", ""'tea'"", ""'vegetables'"", ""'wine'"", ""'whale oil']""]","[""['magic items'"", ""'mercenaries'"", ""'spices'"", ""'weapons']""]",Queen Zaranda Star Rhindaun and King-Consort Haedrak Rhindaun III,"The Royal Army of Tethyr, the Royal Navy of Tethyr, various mercenary companies",None,"['Common', 'Chondathan', 'Alzhedo']","['Chauntea', 'Eldath', 'Helm', 'Ilmater', 'the Seldarine (in the Forest of Tethir)', 'Siamorphe', 'Silvanus', 'Torm', 'Tyr']",3717965,235431,425497,59.8,32.3,76,0,"Empires of the Sands (1988), Lands of Intrigue (1997)","[""['ambergris'"", ""'carpets'"", ""'cheese'"", ""'cloth'"", ""'fish'"", ""'fruit'"", ""'livestock'"", ""'nuts'"", ""'pearls'"", ""'pipeweed'"", ""'rugs'"", ""'silk'"", ""'tea'"", ""'vegetables'"", ""'wine'"", ""'whale oil']""]","[""['magic items'"", ""'mercenaries'"", ""'spices'"", ""'weapons']""]","{""humans"": 605.0, ""halflings"": 106.0, ""elves"": 0.0, ""misc."": 0.0}","{""Aristocratic"": 0.0, ""Wealthy"": 4.0, ""Comfortable"": 29.0, ""Modest"": 83.0, ""Poor"": 236.0, ""Squalid"": 150.0, ""Wretched"": 12.0}"
Cayr Thalwood,Tethyr,Darromar,300,46355,46,"{'humans': 7, 'halflings': 292, 'elves': 0, 'misc.': 0}",57,Disease,['Democracy'],"{'Aristocratic': 0, 'Wealthy': 0, 'Comfortable': 20, 'Modest': 59, 'Poor': 104, 'Squalid': 72, 'Wretched': 5}",0,"[""['ambergris'"", ""'carpets'"", ""'cheese'"", ""'cloth'"", ""'fish'"", ""'fruit'"", ""'livestock'"", ""'nuts'"", ""'pearls'"", ""'pipeweed'"", ""'rugs'"", ""'silk'"", ""'tea'"", ""'vegetables'"", ""'wine'"", ""'whale oil']""]","[""['magic items'"", ""'mercenaries'"", ""'spices'"", ""'weapons']""]",Queen Zaranda Star Rhindaun and King-Consort Haedrak Rhindaun III,"The Royal Army of Tethyr, the Royal Navy of Tethyr, various mercenary companies",None,"['Common', 'Chondathan', 'Alzhedo']","['Chauntea', 'Eldath', 'Helm', 'Ilmater', 'the Seldarine (in the Forest of Tethir)', 'Siamorphe', 'Silvanus', 'Torm', 'Tyr']",3717965,235431,425497,64.5,48.2,75,1,"Empires of the Sands (1988), Lands of Intrigue (1997)","[""['ambergris'"", ""'carpets'"", ""'cheese'"", ""'cloth'"", ""'fish'"", ""'fruit'"", ""'livestock'"", ""'nuts'"", ""'pearls'"", ""'pipeweed'"", ""'rugs'"", ""'silk'"", ""'tea'"", ""'vegetables'"", ""'wine'"", ""'whale oil']""]","[""['magic items'"", ""'mercenaries'"", ""'spices'"", ""'weapons']""]","{""humans"": 7.0, ""halflings"": 292.0, ""elves"": 0.0, ""misc."": 0.0}","{""Aristocratic"": 0.0, ""Wealthy"": 0.0, ""Comfortable"": 20.0, ""Modest"": 59.0, ""Poor"": 104.0, ""Squalid"": 72.0, ""Wretched"": 5.0}"
Colbertann,Tethyr,Darromar,580,80081,80,"{'humans': 257, 'halflings': 89, 'elves': 232, 'misc.': 0}",169,Poison,['Oligarchy'],"{'Aristocratic': 0, 'Wealthy': 2, 'Comfortable': 32, 'Modest': 98, 'Poor': 185, 'Squalid': 124, 'Wretched': 8}",0,"[""['ambergris'"", ""'carpets'"", ""'cheese'"", ""'cloth'"", ""'fish'"", ""'fruit'"", ""'livestock'"", ""'nuts'"", ""'pearls'"", ""'pipeweed'"", ""'rugs'"", ""'silk'"", ""'tea'"", ""'vegetables'"", ""'wine'"", ""'whale oil']""]","[""['magic items'"", ""'mercenaries'"", ""'spices'"", ""'weapons']""]",Queen Zaranda Star Rhindaun and King-Consort Haedrak Rhindaun III,"The Royal Army of Tethyr, the Royal Navy of Tethyr, various mercenary companies",None,"['Common', 'Chondathan', 'Alzhedo']","['Chauntea', 'Eldath', 'Helm', 'Ilmater', 'the Seldarine (in the Forest of Tethir)', 'Siamorphe', 'Silvanus', 'Torm', 'Tyr']",3717965,235431,425497,63.3,46.1,86,0,"Empires of the Sands (1988), Lands of Intrigue (1997)","[""['ambergris'"", ""'carpets'"", ""'cheese'"", ""'cloth'"", ""'fish'"", ""'fruit'"", ""'livestock'"", ""'nuts'"", ""'pearls'"", ""'pipeweed'"", ""'rugs'"", ""'silk'"", ""'tea'"", ""'vegetables'"", ""'wine'"", ""'whale oil']""]","[""['magic items'"", ""'mercenaries'"", ""'spices'"", ""'weapons']""]","{""humans"": 257.0, ""halflings"": 89.0, ""elves"": 232.0, ""misc."": 0.0}","{""Aristocratic"": 0.0, ""Wealthy"": 2.0, ""Comfortable"": 32.0, ""Modest"": 98.0, ""Poor"": 185.0, ""Squalid"": 124.0, ""Wretched"": 8.0}"
Daraqadim,Tethyr,Darromar,737,97418,97,"{'humans': 720, 'halflings': 16, 'elves': 0, 'misc.': 0}",41,Wildlife attacks,['Patriarchy'],"{'Aristocratic': 0, 'Wealthy': 2, 'Comfortable': 33, 'Modest': 133, 'Poor': 235, 'Squalid': 129, 'Wretched': 9}",0,"[""['ambergris'"", ""'carpets'"", ""'cheese'"", ""'cloth'"", ""'fish'"", ""'fruit'"", ""'livestock'"", ""'nuts'"", ""'pearls'"", ""'pipeweed'"", ""'rugs'"", ""'silk'"", ""'tea'"", ""'vegetables'"", ""'wine'"", ""'whale oil']""]","[""['magic items'"", ""'mercenaries'"", ""'spices'"", ""'weapons']""]",Queen Zaranda Star Rhindaun and King-Consort Haedrak Rhindaun III,"The Royal Army of Tethyr, the Royal Navy of Tethyr, various mercenary companies",None,"['Common', 'Chondathan', 'Alzhedo']","['Chauntea', 'Eldath', 'Helm', 'Ilmater', 'the Seldarine (in the Forest of Tethir)', 'Siamorphe', 'Silvanus', 'Torm', 'Tyr']",3717965,235431,425497,63.8,46.1,61,1,"Empires of the Sands (1988), Lands of Intrigue (1997)","[""['ambergris'"", ""'carpets'"", ""'cheese'"", ""'cloth'"", ""'fish'"", ""'fruit'"", ""'livestock'"", ""'nuts'"", ""'pearls'"", ""'pipeweed'"", ""'rugs'"", ""'silk'"", ""'tea'"", ""'vegetables'"", ""'wine'"", ""'whale oil']""]","[""['magic items'"", ""'mercenaries'"", ""'spices'"", ""'weapons']""]","{""humans"": 720.0, ""halflings"": 16.0, ""elves"": 0.0, ""misc."": 0.0}","{""Aristocratic"": 0.0, ""Wealthy"": 2.0, ""Comfortable"": 33.0, ""Modest"": 133.0, ""Poor"": 235.0, ""Squalid"": 129.0, ""Wretched"": 9.0}"
Dunod,Tethyr,Darromar,136,12629,12,"{'humans': 131, 'halflings': 4, 'elves': 0, 'misc.': 0}",40,Disease,['Dictatorship'],"{'Aristocratic': 0, 'Wealthy': 0, 'Comfortable': 6, 'Modest': 10, 'Poor': 46, 'Squalid': 34, 'Wretched': 1}",0,"[""['ambergris'"", ""'carpets'"", ""'cheese'"", ""'cloth'"", ""'fish'"", ""'fruit'"", ""'livestock'"", ""'nuts'"", ""'pearls'"", ""'pipeweed'"", ""'rugs'"", ""'silk'"", ""'tea'"", ""'vegetables'"", ""'wine'"", ""'whale oil']""]","[""['magic items'"", ""'mercenaries'"", ""'spices'"", ""'weapons']""]",Queen Zaranda Star Rhindaun and King-Consort Haedrak Rhindaun III,"The Royal Army of Tethyr, the Royal Navy of Tethyr, various mercenary companies",None,"['Common', 'Chondathan', 'Alzhedo']","['Chauntea', 'Eldath', 'Helm', 'Ilmater', 'the Seldarine (in the Forest of Tethir)', 'Siamorphe', 'Silvanus', 'Torm', 'Tyr']",3717965,235431,425497,45.4,46.4,80,1,"Empires of the Sands (1988), Lands of Intrigue (1997)","[""['ambergris'"", ""'carpets'"", ""'cheese'"", ""'cloth'"", ""'fish'"", ""'fruit'"", ""'livestock'"", ""'nuts'"", ""'pearls'"", ""'pipeweed'"", ""'rugs'"", ""'silk'"", ""'tea'"", ""'vegetables'"", ""'wine'"", ""'whale oil']""]","[""['magic items'"", ""'mercenaries'"", ""'spices'"", ""'weapons']""]","{""humans"": 131.0, ""halflings"": 4.0, ""elves"": 0.0, ""misc."": 0.0}","{""Aristocratic"": 0.0, ""Wealthy"": 0.0, ""Comfortable"": 6.0, ""Modest"": 10.0, ""Poor"": 46.0, ""Squalid"": 34.0, ""Wretched"": 1.0}"
Elbencourt,Tethyr,Darromar,825,100046,100,"{'humans': 726, 'halflings': 99, 'elves': 0, 'misc.': 0}",43,Starvation,['Feudalism'],"{'Aristocratic': 0, 'Wealthy': 2, 'Comfortable': 55, 'Modest': 86, 'Poor': 271, 'Squalid': 159, 'Wretched': 8}",0,"[""['ambergris'"", ""'carpets'"", ""'cheese'"", ""'cloth'"", ""'fish'"", ""'fruit'"", ""'livestock'"", ""'nuts'"", ""'pearls'"", ""'pipeweed'"", ""'rugs'"", ""'silk'"", ""'tea'"", ""'vegetables'"", ""'wine'"", ""'whale oil']""]","[""['magic items'"", ""'mercenaries'"", ""'spices'"", ""'weapons']""]",Queen Zaranda Star Rhindaun and King-Consort Haedrak Rhindaun III,"The Royal Army of Tethyr, the Royal Navy of Tethyr, various mercenary companies",None,"['Common', 'Chondathan', 'Alzhedo']","['Chauntea', 'Eldath', 'Helm', 'Ilmater', 'the Seldarine (in the Forest of Tethir)', 'Siamorphe', 'Silvanus', 'Torm', 'Tyr']",3717965,235431,425497,58.4,47.3,62,0,"Empires of the Sands (1988), Lands of Intrigue (1997)","[""['ambergris'"", ""'carpets'"", ""'cheese'"", ""'cloth'"", ""'fish'"", ""'fruit'"", ""'livestock'"", ""'nuts'"", ""'pearls'"", ""'pipeweed'"", ""'rugs'"", ""'silk'"", ""'tea'"", ""'vegetables'"", ""'wine'"", ""'whale oil']""]","[""['magic items'"", ""'mercenaries'"", ""'spices'"", ""'weapons']""]","{""humans"": 726.0, ""halflings"": 99.0, ""elves"": 0.0, ""misc."": 0.0}","{""Aristocratic"": 0.0, ""Wealthy"": 2.0, ""Comfortable"": 55.0, ""Modest"": 86.0, ""Poor"": 271.0, ""Squalid"": 159.0, ""Wretched"": 8.0}"
Fort Agis,Tethyr,Darromar,331,46026,46,"{'humans': 320, 'halflings': 10, 'elves': 0, 'misc.': 0}",38,Magic mishaps,['Confederacy'],"{'Aristocratic': 0, 'Wealthy': 2, 'Comfortable': 16, 'Modest': 55, 'Poor': 108, 'Squalid': 95, 'Wretched': 4}",0,"[""['ambergris'"", ""'carpets'"", ""'cheese'"", ""'cloth'"", ""'fish'"", ""'fruit'"", ""'livestock'"", ""'nuts'"", ""'pearls'"", ""'pipeweed'"", ""'rugs'"", ""'silk'"", ""'tea'"", ""'vegetables'"", ""'wine'"", ""'whale oil']""]","[""['magic items'"", ""'mercenaries'"", ""'spices'"", ""'weapons']""]",Queen Zaranda Star Rhindaun and King-Consort Haedrak Rhindaun III,"The Royal Army of Tethyr, the Royal Navy of Tethyr, various mercenary companies",None,"['Common', 'Chondathan', 'Alzhedo']","['Chauntea', 'Eldath', 'Helm', 'Ilmater', 'the Seldarine (in the Forest of Tethir)', 'Siamorphe', 'Silvanus', 'Torm', 'Tyr']",3717965,235431,425497,45.3,47.6,91,1,"Empires of the Sands (1988), Lands of Intrigue (1997)","[""['ambergris'"", ""'carpets'"", ""'cheese'"", ""'cloth'"", ""'fish'"", ""'fruit'"", ""'livestock'"", ""'nuts'"", ""'pearls'"", ""'pipeweed'"", ""'rugs'"", ""'silk'"", ""'tea'"", ""'vegetables'"", ""'wine'"", ""'whale oil']""]","[""['magic items'"", ""'mercenaries'"", ""'spices'"", ""'weapons']""]","{""humans"": 320.0, ""halflings"": 10.0, ""elves"": 0.0, ""misc."": 0.0}","{""Aristocratic"": 0.0, ""Wealthy"": 2.0, ""Comfortable"": 16.0, ""Modest"": 55.0, ""Poor"": 108.0, ""Squalid"": 95.0, ""Wretched"": 4.0}"
Fort Calim,Tethyr,Darromar,760,102601,102,"{'humans': 734, 'halflings': 25, 'elves': 0, 'misc.': 0}",36,Exposure to the elements,['Magocracy'],"{'Aristocratic': 0, 'Wealthy': 1, 'Comfortable': 36, 'Modest': 141, 'Poor': 238, 'Squalid': 165, 'Wretched': 7}",0,"[""['ambergris'"", ""'carpets'"", ""'cheese'"", ""'cloth'"", ""'fish'"", ""'fruit'"", ""'livestock'"", ""'nuts'"", ""'pearls'"", ""'pipeweed'"", ""'rugs'"", ""'silk'"", ""'tea'"", ""'vegetables'"", ""'wine'"", ""'whale oil']""]","[""['magic items'"", ""'mercenaries'"", ""'spices'"", ""'weapons']""]",Queen Zaranda Star Rhindaun and King-Consort Haedrak Rhindaun III,"The Royal Army of Tethyr, the Royal Navy of Tethyr, various mercenary companies",None,"['Common', 'Chondathan', 'Alzhedo']","['Chauntea', 'Eldath', 'Helm', 'Ilmater', 'the Seldarine (in the Forest of Tethir)', 'Siamorphe', 'Silvanus', 'Torm', 'Tyr']",3717965,235431,425497,66,42,62,1,"Empires of the Sands (1988), Lands of Intrigue (1997)","[""['ambergris'"", ""'carpets'"", ""'cheese'"", ""'cloth'"", ""'fish'"", ""'fruit'"", ""'livestock'"", ""'nuts'"", ""'pearls'"", ""'pipeweed'"", ""'rugs'"", ""'silk'"", ""'tea'"", ""'vegetables'"", ""'wine'"", ""'whale oil']""]","[""['magic items'"", ""'mercenaries'"", ""'spices'"", ""'weapons']""]","{""humans"": 734.0, ""halflings"": 25.0, ""elves"": 0.0, ""misc."": 0.0}","{""Aristocratic"": 0.0, ""Wealthy"": 1.0, ""Comfortable"": 36.0, ""Modest"": 141.0, ""Poor"": 238.0, ""Squalid"": 165.0, ""Wretched"": 7.0}"
Fort Teqlar,Tethyr,Darromar,315,32740,32,"{'humans': 307, 'halflings': 7, 'elves': 0, 'misc.': 0}",38,Wildlife attacks,['Kleptocracy'],"{'Aristocratic': 0, 'Wealthy': 2, 'Comfortable': 14, 'Modest': 28, 'Poor': 103, 'Squalid': 51, 'Wretched': 5}",0,"[""['ambergris'"", ""'carpets'"", ""'cheese'"", ""'cloth'"", ""'fish'"", ""'fruit'"", ""'livestock'"", ""'nuts'"", ""'pearls'"", ""'pipeweed'"", ""'rugs'"", ""'silk'"", ""'tea'"", ""'vegetables'"", ""'wine'"", ""'whale oil']""]","[""['magic items'"", ""'mercenaries'"", ""'spices'"", ""'weapons']""]",Queen Zaranda Star Rhindaun and King-Consort Haedrak Rhindaun III,"The Royal Army of Tethyr, the Royal Navy of Tethyr, various mercenary companies",None,"['Common', 'Chondathan', 'Alzhedo']","['Chauntea', 'Eldath', 'Helm', 'Ilmater', 'the Seldarine (in the Forest of Tethir)', 'Siamorphe', 'Silvanus', 'Torm', 'Tyr']",3717965,235431,425497,61.7,34,80,1,"Empires of the Sands (1988), Lands of Intrigue (1997)","[""['ambergris'"", ""'carpets'"", ""'cheese'"", ""'cloth'"", ""'fish'"", ""'fruit'"", ""'livestock'"", ""'nuts'"", ""'pearls'"", ""'pipeweed'"", ""'rugs'"", ""'silk'"", ""'tea'"", ""'vegetables'"", ""'wine'"", ""'whale oil']""]","[""['magic items'"", ""'mercenaries'"", ""'spices'"", ""'weapons']""]","{""humans"": 307.0, ""halflings"": 7.0, ""elves"": 0.0, ""misc."": 0.0}","{""Aristocratic"": 0.0, ""Wealthy"": 2.0, ""Comfortable"": 14.0, ""Modest"": 28.0, ""Poor"": 103.0, ""Squalid"": 51.0, ""Wretched"": 5.0}"
Grapton,Tethyr,Darromar,971,108113,108,"{'humans': 166, 'halflings': 804, 'elves': 0, 'misc.': 0}",59,Work-related accidents,['Militocracy'],"{'Aristocratic': 0, 'Wealthy': 4, 'Comfortable': 44, 'Modest': 110, 'Poor': 320, 'Squalid': 182, 'Wretched': 15}",0,"[""['ambergris'"", ""'carpets'"", ""'cheese'"", ""'cloth'"", ""'fish'"", ""'fruit'"", ""'livestock'"", ""'nuts'"", ""'pearls'"", ""'pipeweed'"", ""'rugs'"", ""'silk'"", ""'tea'"", ""'vegetables'"", ""'wine'"", ""'whale oil']""]","[""['magic items'"", ""'mercenaries'"", ""'spices'"", ""'weapons']""]",Queen Zaranda Star Rhindaun and King-Consort Haedrak Rhindaun III,"The Royal Army of Tethyr, the Royal Navy of Tethyr, various mercenary companies",None,"['Common', 'Chondathan', 'Alzhedo']","['Chauntea', 'Eldath', 'Helm', 'Ilmater', 'the Seldarine (in the Forest of Tethir)', 'Siamorphe', 'Silvanus', 'Torm', 'Tyr']",3717965,235431,425497,49.8,48.7,68,1,"Empires of the Sands (1988), Lands of Intrigue (1997)","[""['ambergris'"", ""'carpets'"", ""'cheese'"", ""'cloth'"", ""'fish'"", ""'fruit'"", ""'livestock'"", ""'nuts'"", ""'pearls'"", ""'pipeweed'"", ""'rugs'"", ""'silk'"", ""'tea'"", ""'vegetables'"", ""'wine'"", ""'whale oil']""]","[""['magic items'"", ""'mercenaries'"", ""'spices'"", ""'weapons']""]","{""humans"": 166.0, ""halflings"": 804.0, ""elves"": 0.0, ""misc."": 0.0}","{""Aristocratic"": 0.0, ""Wealthy"": 4.0, ""Comfortable"": 44.0, ""Modest"": 110.0, ""Poor"": 320.0, ""Squalid"": 182.0, ""Wretched"": 15.0}"
Hostim,Tethyr,Darromar,770,111434,111,"{'humans': 718, 'halflings': 51, 'elves': 0, 'misc.': 0}",31,Assassination,['Theocracy'],"{'Aristocratic': 0, 'Wealthy': 1, 'Comfortable': 49, 'Modest': 138, 'Poor': 239, 'Squalid': 175, 'Wretched': 10}",0,"[""['ambergris'"", ""'carpets'"", ""'cheese'"", ""'cloth'"", ""'fish'"", ""'fruit'"", ""'livestock'"", ""'nuts'"", ""'pearls'"", ""'pipeweed'"", ""'rugs'"", ""'silk'"", ""'tea'"", ""'vegetables'"", ""'wine'"", ""'whale oil']""]","[""['magic items'"", ""'mercenaries'"", ""'spices'"", ""'weapons']""]",Queen Zaranda Star Rhindaun and King-Consort Haedrak Rhindaun III,"The Royal Army of Tethyr, the Royal Navy of Tethyr, various mercenary companies",None,"['Common', 'Chondathan', 'Alzhedo']","['Chauntea', 'Eldath', 'Helm', 'Ilmater', 'the Seldarine (in the Forest of Tethir)', 'Siamorphe', 'Silvanus', 'Torm', 'Tyr']",3717965,235431,425497,61.8,33.6,83,0,"Empires of the Sands (1988), Lands of Intrigue (1997)","[""['ambergris'"", ""'carpets'"", ""'cheese'"", ""'cloth'"", ""'fish'"", ""'fruit'"", ""'livestock'"", ""'nuts'"", ""'pearls'"", ""'pipeweed'"", ""'rugs'"", ""'silk'"", ""'tea'"", ""'vegetables'"", ""'wine'"", ""'whale oil']""]","[""['magic items'"", ""'mercenaries'"", ""'spices'"", ""'weapons']""]","{""humans"": 718.0, ""halflings"": 51.0, ""elves"": 0.0, ""misc."": 0.0}","{""Aristocratic"": 0.0, ""Wealthy"": 1.0, ""Comfortable"": 49.0, ""Modest"": 138.0, ""Poor"": 239.0, ""Squalid"": 175.0, ""Wretched"": 10.0}"
Ithal Pass,Tethyr,Darromar,816,93513,93,"{'humans': 816, 'halflings': 0, 'elves': 0, 'misc.': 0}",30,Disease,['Militocracy'],"{'Aristocratic': 0, 'Wealthy': 1, 'Comfortable': 38, 'Modest': 112, 'Poor': 253, 'Squalid': 136, 'Wretched': 10}",0,"[""['ambergris'"", ""'carpets'"", ""'cheese'"", ""'cloth'"", ""'fish'"", ""'fruit'"", ""'livestock'"", ""'nuts'"", ""'pearls'"", ""'pipeweed'"", ""'rugs'"", ""'silk'"", ""'tea'"", ""'vegetables'"", ""'wine'"", ""'whale oil']""]","[""['magic items'"", ""'mercenaries'"", ""'spices'"", ""'weapons']""]",Queen Zaranda Star Rhindaun and King-Consort Haedrak Rhindaun III,"The Royal Army of Tethyr, the Royal Navy of Tethyr, various mercenary companies",None,"['Common', 'Chondathan', 'Alzhedo']","['Chauntea', 'Eldath', 'Helm', 'Ilmater', 'the Seldarine (in the Forest of Tethir)', 'Siamorphe', 'Silvanus', 'Torm', 'Tyr']",3717965,235431,425497,52.5,37,70,1,"Empires of the Sands (1988), Lands of Intrigue (1997)","[""['ambergris'"", ""'carpets'"", ""'cheese'"", ""'cloth'"", ""'fish'"", ""'fruit'"", ""'livestock'"", ""'nuts'"", ""'pearls'"", ""'pipeweed'"", ""'rugs'"", ""'silk'"", ""'tea'"", ""'vegetables'"", ""'wine'"", ""'whale oil']""]","[""['magic items'"", ""'mercenaries'"", ""'spices'"", ""'weapons']""]","{""humans"": 816.0, ""halflings"": 0.0, ""elves"": 0.0, ""misc."": 0.0}","{""Aristocratic"": 0.0, ""Wealthy"": 1.0, ""Comfortable"": 38.0, ""Modest"": 112.0, ""Poor"": 253.0, ""Squalid"": 136.0, ""Wretched"": 10.0}"
Jhaansciim,Tethyr,Darromar,803,81504,81,"{'humans': 774, 'halflings': 26, 'elves': 0, 'misc.': 1}",39,Assassination,['Bureaucracy'],"{'Aristocratic': 0, 'Wealthy': 1, 'Comfortable': 41, 'Modest': 65, 'Poor': 251, 'Squalid': 221, 'Wretched': 13}",0,"[""['ambergris'"", ""'carpets'"", ""'cheese'"", ""'cloth'"", ""'fish'"", ""'fruit'"", ""'livestock'"", ""'nuts'"", ""'pearls'"", ""'pipeweed'"", ""'rugs'"", ""'silk'"", ""'tea'"", ""'vegetables'"", ""'wine'"", ""'whale oil']""]","[""['magic items'"", ""'mercenaries'"", ""'spices'"", ""'weapons']""]",Queen Zaranda Star Rhindaun and King-Consort Haedrak Rhindaun III,"The Royal Army of Tethyr, the Royal Navy of Tethyr, various mercenary companies",None,"['Common', 'Chondathan', 'Alzhedo']","['Chauntea', 'Eldath', 'Helm', 'Ilmater', 'the Seldarine (in the Forest of Tethir)', 'Siamorphe', 'Silvanus', 'Torm', 'Tyr']",3717965,235431,425497,52.6,49.7,70,0,"Empires of the Sands (1988), Lands of Intrigue (1997)","[""['ambergris'"", ""'carpets'"", ""'cheese'"", ""'cloth'"", ""'fish'"", ""'fruit'"", ""'livestock'"", ""'nuts'"", ""'pearls'"", ""'pipeweed'"", ""'rugs'"", ""'silk'"", ""'tea'"", ""'vegetables'"", ""'wine'"", ""'whale oil']""]","[""['magic items'"", ""'mercenaries'"", ""'spices'"", ""'weapons']""]","{""humans"": 774.0, ""halflings"": 26.0, ""elves"": 0.0, ""misc."": 1.0}","{""Aristocratic"": 0.0, ""Wealthy"": 1.0, ""Comfortable"": 41.0, ""Modest"": 65.0, ""Poor"": 251.0, ""Squalid"": 221.0, ""Wretched"": 13.0}"
Khanall,Tethyr,Darromar,8030,1151648,1203,"{'humans': 8005, 'halflings': 24, 'elves': 0, 'misc.': 0}",32,Disease,['Theocracy'],"{'Aristocratic': 4, 'Wealthy': 81, 'Comfortable': 492, 'Modest': 1054, 'Poor': 2694, 'Squalid': 2144, 'Wretched': 325}",3,"[""['ambergris'"", ""'carpets'"", ""'cheese'"", ""'cloth'"", ""'fish'"", ""'fruit'"", ""'livestock'"", ""'nuts'"", ""'pearls'"", ""'pipeweed'"", ""'rugs'"", ""'silk'"", ""'tea'"", ""'vegetables'"", ""'wine'"", ""'whale oil']""]","[""['magic items'"", ""'mercenaries'"", ""'spices'"", ""'weapons']""]",Queen Zaranda Star Rhindaun and King-Consort Haedrak Rhindaun III,"The Royal Army of Tethyr, the Royal Navy of Tethyr, various mercenary companies",None,"['Common', 'Chondathan', 'Alzhedo']","['Chauntea', 'Eldath', 'Helm', 'Ilmater', 'the Seldarine (in the Forest of Tethir)', 'Siamorphe', 'Silvanus', 'Torm', 'Tyr']",3717965,235431,425497,69.2,48.8,83,1,"Empires of the Sands (1988), Lands of Intrigue (1997)","[""['ambergris'"", ""'carpets'"", ""'cheese'"", ""'cloth'"", ""'fish'"", ""'fruit'"", ""'livestock'"", ""'nuts'"", ""'pearls'"", ""'pipeweed'"", ""'rugs'"", ""'silk'"", ""'tea'"", ""'vegetables'"", ""'wine'"", ""'whale oil']""]","[""['magic items'"", ""'mercenaries'"", ""'spices'"", ""'weapons']""]","{""humans"": 8005.0, ""halflings"": 24.0, ""elves"": 0.0, ""misc."": 0.0}","{""Aristocratic"": 4.0, ""Wealthy"": 81.0, ""Comfortable"": 492.0, ""Modest"": 1054.0, ""Poor"": 2694.0, ""Squalid"": 2144.0, ""Wretched"": 325.0}"
Kirgard,Tethyr,Darromar,6884,1102555,1124,"{'humans': 6884, 'halflings': 0, 'elves': 0, 'misc.': 0}",39,Dueling accidents,['Dictatorship'],"{'Aristocratic': 1, 'Wealthy': 93, 'Comfortable': 464, 'Modest': 1091, 'Poor': 2337, 'Squalid': 1523, 'Wretched': 218}",17,"[""['ambergris'"", ""'carpets'"", ""'cheese'"", ""'cloth'"", ""'fish'"", ""'fruit'"", ""'livestock'"", ""'nuts'"", ""'pearls'"", ""'pipeweed'"", ""'rugs'"", ""'silk'"", ""'tea'"", ""'vegetables'"", ""'wine'"", ""'whale oil']""]","[""['magic items'"", ""'mercenaries'"", ""'spices'"", ""'weapons']""]",Queen Zaranda Star Rhindaun and King-Consort Haedrak Rhindaun III,"The Royal Army of Tethyr, the Royal Navy of Tethyr, various mercenary companies",None,"['Common', 'Chondathan', 'Alzhedo']","['Chauntea', 'Eldath', 'Helm', 'Ilmater', 'the Seldarine (in the Forest of Tethir)', 'Siamorphe', 'Silvanus', 'Torm', 'Tyr']",3717965,235431,425497,64.8,37.6,55,0,"Empires of the Sands (1988), Lands of Intrigue (1997)","[""['ambergris'"", ""'carpets'"", ""'cheese'"", ""'cloth'"", ""'fish'"", ""'fruit'"", ""'livestock'"", ""'nuts'"", ""'pearls'"", ""'pipeweed'"", ""'rugs'"", ""'silk'"", ""'tea'"", ""'vegetables'"", ""'wine'"", ""'whale oil']""]","[""['magic items'"", ""'mercenaries'"", ""'spices'"", ""'weapons']""]","{""humans"": 6884.0, ""halflings"": 0.0, ""elves"": 0.0, ""misc."": 0.0}","{""Aristocratic"": 1.0, ""Wealthy"": 93.0, ""Comfortable"": 464.0, ""Modest"": 1091.0, ""Poor"": 2337.0, ""Squalid"": 1523.0, ""Wretched"": 218.0}"
Krennasar,Tethyr,Darromar,729,69131,69,"{'humans': 673, 'halflings': 55, 'elves': 0, 'misc.': 0}",41,Exposure to the elements,['Magocracy'],"{'Aristocratic': 0, 'Wealthy': 1, 'Comfortable': 30, 'Modest': 62, 'Poor': 238, 'Squalid': 158, 'Wretched': 10}",0,"[""['ambergris'"", ""'carpets'"", ""'cheese'"", ""'cloth'"", ""'fish'"", ""'fruit'"", ""'livestock'"", ""'nuts'"", ""'pearls'"", ""'pipeweed'"", ""'rugs'"", ""'silk'"", ""'tea'"", ""'vegetables'"", ""'wine'"", ""'whale oil']""]","[""['magic items'"", ""'mercenaries'"", ""'spices'"", ""'weapons']""]",Queen Zaranda Star Rhindaun and King-Consort Haedrak Rhindaun III,"The Royal Army of Tethyr, the Royal Navy of Tethyr, various mercenary companies",None,"['Common', 'Chondathan', 'Alzhedo']","['Chauntea', 'Eldath', 'Helm', 'Ilmater', 'the Seldarine (in the Forest of Tethir)', 'Siamorphe', 'Silvanus', 'Torm', 'Tyr']",3717965,235431,425497,64.6,41.8,70,0,"Empires of the Sands (1988), Lands of Intrigue (1997)","[""['ambergris'"", ""'carpets'"", ""'cheese'"", ""'cloth'"", ""'fish'"", ""'fruit'"", ""'livestock'"", ""'nuts'"", ""'pearls'"", ""'pipeweed'"", ""'rugs'"", ""'silk'"", ""'tea'"", ""'vegetables'"", ""'wine'"", ""'whale oil']""]","[""['magic items'"", ""'mercenaries'"", ""'spices'"", ""'weapons']""]","{""humans"": 673.0, ""halflings"": 55.0, ""elves"": 0.0, ""misc."": 0.0}","{""Aristocratic"": 0.0, ""Wealthy"": 1.0, ""Comfortable"": 30.0, ""Modest"": 62.0, ""Poor"": 238.0, ""Squalid"": 158.0, ""Wretched"": 10.0}"
Kzelter,Tethyr,Darromar,9386,1559973,1609,"{'humans': 9048, 'halflings': 0, 'elves': 337, 'misc.': 0}",44,Assassination,['Democracy'],"{'Aristocratic': 2, 'Wealthy': 126, 'Comfortable': 588, 'Modest': 1723, 'Poor': 3230, 'Squalid': 2049, 'Wretched': 349}",12,"[""['ambergris'"", ""'carpets'"", ""'cheese'"", ""'cloth'"", ""'fish'"", ""'fruit'"", ""'livestock'"", ""'nuts'"", ""'pearls'"", ""'pipeweed'"", ""'rugs'"", ""'silk'"", ""'tea'"", ""'vegetables'"", ""'wine'"", ""'whale oil']""]","[""['magic items'"", ""'mercenaries'"", ""'spices'"", ""'weapons']""]",Queen Zaranda Star Rhindaun and King-Consort Haedrak Rhindaun III,"The Royal Army of Tethyr, the Royal Navy of Tethyr, various mercenary companies",None,"['Common', 'Chondathan', 'Alzhedo']","['Chauntea', 'Eldath', 'Helm', 'Ilmater', 'the Seldarine (in the Forest of Tethir)', 'Siamorphe', 'Silvanus', 'Torm', 'Tyr']",3717965,235431,425497,69.8,48.3,53,0,"Empires of the Sands (1988), Lands of Intrigue (1997)","[""['ambergris'"", ""'carpets'"", ""'cheese'"", ""'cloth'"", ""'fish'"", ""'fruit'"", ""'livestock'"", ""'nuts'"", ""'pearls'"", ""'pipeweed'"", ""'rugs'"", ""'silk'"", ""'tea'"", ""'vegetables'"", ""'wine'"", ""'whale oil']""]","[""['magic items'"", ""'mercenaries'"", ""'spices'"", ""'weapons']""]","{""humans"": 9048.0, ""halflings"": 0.0, ""elves"": 337.0, ""misc."": 0.0}","{""Aristocratic"": 2.0, ""Wealthy"": 126.0, ""Comfortable"": 588.0, ""Modest"": 1723.0, ""Poor"": 3230.0, ""Squalid"": 2049.0, ""Wretched"": 349.0}"
Lhestyn’s Hearth,Tethyr,Darromar,3797,527936,535,"{'humans': 2631, 'halflings': 1165, 'elves': 0, 'misc.': 0}",44,Disease,['Theocracy'],"{'Aristocratic': 1, 'Wealthy': 43, 'Comfortable': 269, 'Modest': 415, 'Poor': 1162, 'Squalid': 790, 'Wretched': 279}",10,"[""['ambergris'"", ""'carpets'"", ""'cheese'"", ""'cloth'"", ""'fish'"", ""'fruit'"", ""'livestock'"", ""'nuts'"", ""'pearls'"", ""'pipeweed'"", ""'rugs'"", ""'silk'"", ""'tea'"", ""'vegetables'"", ""'wine'"", ""'whale oil']""]","[""['magic items'"", ""'mercenaries'"", ""'spices'"", ""'weapons']""]",Queen Zaranda Star Rhindaun and King-Consort Haedrak Rhindaun III,"The Royal Army of Tethyr, the Royal Navy of Tethyr, various mercenary companies",None,"['Common', 'Chondathan', 'Alzhedo']","['Chauntea', 'Eldath', 'Helm', 'Ilmater', 'the Seldarine (in the Forest of Tethir)', 'Siamorphe', 'Silvanus', 'Torm', 'Tyr']",3717965,235431,425497,52.8,40.5,62,1,"Empires of the Sands (1988), Lands of Intrigue (1997)","[""['ambergris'"", ""'carpets'"", ""'cheese'"", ""'cloth'"", ""'fish'"", ""'fruit'"", ""'livestock'"", ""'nuts'"", ""'pearls'"", ""'pipeweed'"", ""'rugs'"", ""'silk'"", ""'tea'"", ""'vegetables'"", ""'wine'"", ""'whale oil']""]","[""['magic items'"", ""'mercenaries'"", ""'spices'"", ""'weapons']""]","{""humans"": 2631.0, ""halflings"": 1165.0, ""elves"": 0.0, ""misc."": 0.0}","{""Aristocratic"": 1.0, ""Wealthy"": 43.0, ""Comfortable"": 269.0, ""Modest"": 415.0, ""Poor"": 1162.0, ""Squalid"": 790.0, ""Wretched"": 279.0}"
Loranse,Tethyr,Darromar,7714,1353091,1373,"{'humans': 563, 'halflings': 7150, 'elves': 0, 'misc.': 0}",61,Assassination,['Magocracy'],"{'Aristocratic': 0, 'Wealthy': 152, 'Comfortable': 598, 'Modest': 1274, 'Poor': 2386, 'Squalid': 1519, 'Wretched': 593}",0,"[""['ambergris'"", ""'carpets'"", ""'cheese'"", ""'cloth'"", ""'fish'"", ""'fruit'"", ""'livestock'"", ""'nuts'"", ""'pearls'"", ""'pipeweed'"", ""'rugs'"", ""'silk'"", ""'tea'"", ""'vegetables'"", ""'wine'"", ""'whale oil']""]","[""['magic items'"", ""'mercenaries'"", ""'spices'"", ""'weapons']""]",Queen Zaranda Star Rhindaun and King-Consort Haedrak Rhindaun III,"The Royal Army of Tethyr, the Royal Navy of Tethyr, various mercenary companies",None,"['Common', 'Chondathan', 'Alzhedo']","['Chauntea', 'Eldath', 'Helm', 'Ilmater', 'the Seldarine (in the Forest of Tethir)', 'Siamorphe', 'Silvanus', 'Torm', 'Tyr']",3717965,235431,425497,57.4,30.5,81,1,"Empires of the Sands (1988), Lands of Intrigue (1997)","[""['ambergris'"", ""'carpets'"", ""'cheese'"", ""'cloth'"", ""'fish'"", ""'fruit'"", ""'livestock'"", ""'nuts'"", ""'pearls'"", ""'pipeweed'"", ""'rugs'"", ""'silk'"", ""'tea'"", ""'vegetables'"", ""'wine'"", ""'whale oil']""]","[""['magic items'"", ""'mercenaries'"", ""'spices'"", ""'weapons']""]","{""humans"": 563.0, ""halflings"": 7150.0, ""elves"": 0.0, ""misc."": 0.0}","{""Aristocratic"": 0.0, ""Wealthy"": 152.0, ""Comfortable"": 598.0, ""Modest"": 1274.0, ""Poor"": 2386.0, ""Squalid"": 1519.0, ""Wretched"": 593.0}"
Lyllburg,Tethyr,Darromar,740,97674,97,"{'humans': 601, 'halflings': 138, 'elves': 0, 'misc.': 0}",37,Old age,['Hierarchy'],"{'Aristocratic': 0, 'Wealthy': 1, 'Comfortable': 37, 'Modest': 128, 'Poor': 232, 'Squalid': 152, 'Wretched': 8}",0,"[""['ambergris'"", ""'carpets'"", ""'cheese'"", ""'cloth'"", ""'fish'"", ""'fruit'"", ""'livestock'"", ""'nuts'"", ""'pearls'"", ""'pipeweed'"", ""'rugs'"", ""'silk'"", ""'tea'"", ""'vegetables'"", ""'wine'"", ""'whale oil']""]","[""['magic items'"", ""'mercenaries'"", ""'spices'"", ""'weapons']""]",Queen Zaranda Star Rhindaun and King-Consort Haedrak Rhindaun III,"The Royal Army of Tethyr, the Royal Navy of Tethyr, various mercenary companies",None,"['Common', 'Chondathan', 'Alzhedo']","['Chauntea', 'Eldath', 'Helm', 'Ilmater', 'the Seldarine (in the Forest of Tethir)', 'Siamorphe', 'Silvanus', 'Torm', 'Tyr']",3717965,235431,425497,54.2,47.3,60,0,"Empires of the Sands (1988), Lands of Intrigue (1997)","[""['ambergris'"", ""'carpets'"", ""'cheese'"", ""'cloth'"", ""'fish'"", ""'fruit'"", ""'livestock'"", ""'nuts'"", ""'pearls'"", ""'pipeweed'"", ""'rugs'"", ""'silk'"", ""'tea'"", ""'vegetables'"", ""'wine'"", ""'whale oil']""]","[""['magic items'"", ""'mercenaries'"", ""'spices'"", ""'weapons']""]","{""humans"": 601.0, ""halflings"": 138.0, ""elves"": 0.0, ""misc."": 0.0}","{""Aristocratic"": 0.0, ""Wealthy"": 1.0, ""Comfortable"": 37.0, ""Modest"": 128.0, ""Poor"": 232.0, ""Squalid"": 152.0, ""Wretched"": 8.0}"
Marakir,Tethyr,Darromar,7654,1476023,1498,"{'humans': 7654, 'halflings': 0, 'elves': 0, 'misc.': 0}",37,Poison,['Confederacy'],"{'Aristocratic': 0, 'Wealthy': 141, 'Comfortable': 593, 'Modest': 1603, 'Poor': 2657, 'Squalid': 1595, 'Wretched': 346}",0,"[""['ambergris'"", ""'carpets'"", ""'cheese'"", ""'cloth'"", ""'fish'"", ""'fruit'"", ""'livestock'"", ""'nuts'"", ""'pearls'"", ""'pipeweed'"", ""'rugs'"", ""'silk'"", ""'tea'"", ""'vegetables'"", ""'wine'"", ""'whale oil']""]","[""['magic items'"", ""'mercenaries'"", ""'spices'"", ""'weapons']""]",Queen Zaranda Star Rhindaun and King-Consort Haedrak Rhindaun III,"The Royal Army of Tethyr, the Royal Navy of Tethyr, various mercenary companies",None,"['Common', 'Chondathan', 'Alzhedo']","['Chauntea', 'Eldath', 'Helm', 'Ilmater', 'the Seldarine (in the Forest of Tethir)', 'Siamorphe', 'Silvanus', 'Torm', 'Tyr']",3717965,235431,425497,61,45,81,0,"Empires of the Sands (1988), Lands of Intrigue (1997)","[""['ambergris'"", ""'carpets'"", ""'cheese'"", ""'cloth'"", ""'fish'"", ""'fruit'"", ""'livestock'"", ""'nuts'"", ""'pearls'"", ""'pipeweed'"", ""'rugs'"", ""'silk'"", ""'tea'"", ""'vegetables'"", ""'wine'"", ""'whale oil']""]","[""['magic items'"", ""'mercenaries'"", ""'spices'"", ""'weapons']""]","{""humans"": 7654.0, ""halflings"": 0.0, ""elves"": 0.0, ""misc."": 0.0}","{""Aristocratic"": 0.0, ""Wealthy"": 141.0, ""Comfortable"": 593.0, ""Modest"": 1603.0, ""Poor"": 2657.0, ""Squalid"": 1595.0, ""Wretched"": 346.0}"
Maratimmir,Tethyr,Darromar,7601,1397694,1446,"{'humans': 7562, 'halflings': 15, 'elves': 22, 'misc.': 0}",39,Assassination,['Confederacy'],"{'Aristocratic': 3, 'Wealthy': 106, 'Comfortable': 536, 'Modest': 1690, 'Poor': 2333, 'Squalid': 1467, 'Wretched': 450}",6,"[""['ambergris'"", ""'carpets'"", ""'cheese'"", ""'cloth'"", ""'fish'"", ""'fruit'"", ""'livestock'"", ""'nuts'"", ""'pearls'"", ""'pipeweed'"", ""'rugs'"", ""'silk'"", ""'tea'"", ""'vegetables'"", ""'wine'"", ""'whale oil']""]","[""['magic items'"", ""'mercenaries'"", ""'spices'"", ""'weapons']""]",Queen Zaranda Star Rhindaun and King-Consort Haedrak Rhindaun III,"The Royal Army of Tethyr, the Royal Navy of Tethyr, various mercenary companies",None,"['Common', 'Chondathan', 'Alzhedo']","['Chauntea', 'Eldath', 'Helm', 'Ilmater', 'the Seldarine (in the Forest of Tethir)', 'Siamorphe', 'Silvanus', 'Torm', 'Tyr']",3717965,235431,425497,55.8,47.9,46,0,"Empires of the Sands (1988), Lands of Intrigue (1997)","[""['ambergris'"", ""'carpets'"", ""'cheese'"", ""'cloth'"", ""'fish'"", ""'fruit'"", ""'livestock'"", ""'nuts'"", ""'pearls'"", ""'pipeweed'"", ""'rugs'"", ""'silk'"", ""'tea'"", ""'vegetables'"", ""'wine'"", ""'whale oil']""]","[""['magic items'"", ""'mercenaries'"", ""'spices'"", ""'weapons']""]","{""humans"": 7562.0, ""halflings"": 15.0, ""elves"": 22.0, ""misc."": 0.0}","{""Aristocratic"": 3.0, ""Wealthy"": 106.0, ""Comfortable"": 536.0, ""Modest"": 1690.0, ""Poor"": 2333.0, ""Squalid"": 1467.0, ""Wretched"": 450.0}"
Masamount,Tethyr,Darromar,862,121508,121,"{'humans': 555, 'halflings': 306, 'elves': 0, 'misc.': 0}",39,Starvation,['Patriarchy'],"{'Aristocratic': 0, 'Wealthy': 2, 'Comfortable': 39, 'Modest': 171, 'Poor': 283, 'Squalid': 193, 'Wretched': 9}",0,"[""['ambergris'"", ""'carpets'"", ""'cheese'"", ""'cloth'"", ""'fish'"", ""'fruit'"", ""'livestock'"", ""'nuts'"", ""'pearls'"", ""'pipeweed'"", ""'rugs'"", ""'silk'"", ""'tea'"", ""'vegetables'"", ""'wine'"", ""'whale oil']""]","[""['magic items'"", ""'mercenaries'"", ""'spices'"", ""'weapons']""]",Queen Zaranda Star Rhindaun and King-Consort Haedrak Rhindaun III,"The Royal Army of Tethyr, the Royal Navy of Tethyr, various mercenary companies",None,"['Common', 'Chondathan', 'Alzhedo']","['Chauntea', 'Eldath', 'Helm', 'Ilmater', 'the Seldarine (in the Forest of Tethir)', 'Siamorphe', 'Silvanus', 'Torm', 'Tyr']",3717965,235431,425497,69,39.6,82,1,"Empires of the Sands (1988), Lands of Intrigue (1997)","[""['ambergris'"", ""'carpets'"", ""'cheese'"", ""'cloth'"", ""'fish'"", ""'fruit'"", ""'livestock'"", ""'nuts'"", ""'pearls'"", ""'pipeweed'"", ""'rugs'"", ""'silk'"", ""'tea'"", ""'vegetables'"", ""'wine'"", ""'whale oil']""]","[""['magic items'"", ""'mercenaries'"", ""'spices'"", ""'weapons']""]","{""humans"": 555.0, ""halflings"": 306.0, ""elves"": 0.0, ""misc."": 0.0}","{""Aristocratic"": 0.0, ""Wealthy"": 2.0, ""Comfortable"": 39.0, ""Modest"": 171.0, ""Poor"": 283.0, ""Squalid"": 193.0, ""Wretched"": 9.0}"
Monguldarath,Tethyr,Darromar,7096,1182381,1225,"{'humans': 2618, 'halflings': 2029, 'elves': 2448, 'misc.': 0}",152,Bandit attacks,['Dictatorship'],"{'Aristocratic': 3, 'Wealthy': 93, 'Comfortable': 533, 'Modest': 1127, 'Poor': 2288, 'Squalid': 1868, 'Wretched': 223}",15,"[""['ambergris'"", ""'carpets'"", ""'cheese'"", ""'cloth'"", ""'fish'"", ""'fruit'"", ""'livestock'"", ""'nuts'"", ""'pearls'"", ""'pipeweed'"", ""'rugs'"", ""'silk'"", ""'tea'"", ""'vegetables'"", ""'wine'"", ""'whale oil']""]","[""['magic items'"", ""'mercenaries'"", ""'spices'"", ""'weapons']""]",Queen Zaranda Star Rhindaun and King-Consort Haedrak Rhindaun III,"The Royal Army of Tethyr, the Royal Navy of Tethyr, various mercenary companies",None,"['Common', 'Chondathan', 'Alzhedo']","['Chauntea', 'Eldath', 'Helm', 'Ilmater', 'the Seldarine (in the Forest of Tethir)', 'Siamorphe', 'Silvanus', 'Torm', 'Tyr']",3717965,235431,425497,62.5,31.5,60,0,"Empires of the Sands (1988), Lands of Intrigue (1997)","[""['ambergris'"", ""'carpets'"", ""'cheese'"", ""'cloth'"", ""'fish'"", ""'fruit'"", ""'livestock'"", ""'nuts'"", ""'pearls'"", ""'pipeweed'"", ""'rugs'"", ""'silk'"", ""'tea'"", ""'vegetables'"", ""'wine'"", ""'whale oil']""]","[""['magic items'"", ""'mercenaries'"", ""'spices'"", ""'weapons']""]","{""humans"": 2618.0, ""halflings"": 2029.0, ""elves"": 2448.0, ""misc."": 0.0}","{""Aristocratic"": 3.0, ""Wealthy"": 93.0, ""Comfortable"": 533.0, ""Modest"": 1127.0, ""Poor"": 2288.0, ""Squalid"": 1868.0, ""Wretched"": 223.0}"
Morninggold Keep,Tethyr,Darromar,10692,2384326,4413,"{'humans': 10692, 'halflings': 0, 'elves': 0, 'misc.': 0}",38,Work-related accidents,['Patriarchy'],"{'Aristocratic': 53, 'Wealthy': 159, 'Comfortable': 1086, 'Modest': 2079, 'Poor': 3576, 'Squalid': 4002, 'Wretched': 984}",1,"[""['ambergris'"", ""'carpets'"", ""'cheese'"", ""'cloth'"", ""'fish'"", ""'fruit'"", ""'livestock'"", ""'nuts'"", ""'pearls'"", ""'pipeweed'"", ""'rugs'"", ""'silk'"", ""'tea'"", ""'vegetables'"", ""'wine'"", ""'whale oil']""]","[""['magic items'"", ""'mercenaries'"", ""'spices'"", ""'weapons']""]",Queen Zaranda Star Rhindaun and King-Consort Haedrak Rhindaun III,"The Royal Army of Tethyr, the Royal Navy of Tethyr, various mercenary companies",None,"['Common', 'Chondathan', 'Alzhedo']","['Chauntea', 'Eldath', 'Helm', 'Ilmater', 'the Seldarine (in the Forest of Tethir)', 'Siamorphe', 'Silvanus', 'Torm', 'Tyr']",3717965,235431,425497,60,36.8,83,1,"Empires of the Sands (1988), Lands of Intrigue (1997)","[""['ambergris'"", ""'carpets'"", ""'cheese'"", ""'cloth'"", ""'fish'"", ""'fruit'"", ""'livestock'"", ""'nuts'"", ""'pearls'"", ""'pipeweed'"", ""'rugs'"", ""'silk'"", ""'tea'"", ""'vegetables'"", ""'wine'"", ""'whale oil']""]","[""['magic items'"", ""'mercenaries'"", ""'spices'"", ""'weapons']""]","{""humans"": 10692.0, ""halflings"": 0.0, ""elves"": 0.0, ""misc."": 0.0}","{""Aristocratic"": 53.0, ""Wealthy"": 159.0, ""Comfortable"": 1086.0, ""Modest"": 2079.0, ""Poor"": 3576.0, ""Squalid"": 4002.0, ""Wretched"": 984.0}"
Mosstone,Tethyr,Darromar,1625,227395,227,"{'humans': 156, 'halflings': 1469, 'elves': 0, 'misc.': 0}",56,Starvation,['Theocracy'],"{'Aristocratic': 0, 'Wealthy': 20, 'Comfortable': 115, 'Modest': 167, 'Poor': 559, 'Squalid': 342, 'Wretched': 65}",0,"[""['ambergris'"", ""'carpets'"", ""'cheese'"", ""'cloth'"", ""'fish'"", ""'fruit'"", ""'livestock'"", ""'nuts'"", ""'pearls'"", ""'pipeweed'"", ""'rugs'"", ""'silk'"", ""'tea'"", ""'vegetables'"", ""'wine'"", ""'whale oil']""]","[""['magic items'"", ""'mercenaries'"", ""'spices'"", ""'weapons']""]",Queen Zaranda Star Rhindaun and King-Consort Haedrak Rhindaun III,"The Royal Army of Tethyr, the Royal Navy of Tethyr, various mercenary companies",None,"['Common', 'Chondathan', 'Alzhedo']","['Chauntea', 'Eldath', 'Helm', 'Ilmater', 'the Seldarine (in the Forest of Tethir)', 'Siamorphe', 'Silvanus', 'Torm', 'Tyr']",3717965,235431,425497,46.8,30.7,81,1,"Empires of the Sands (1988), Lands of Intrigue (1997)","[""['ambergris'"", ""'carpets'"", ""'cheese'"", ""'cloth'"", ""'fish'"", ""'fruit'"", ""'livestock'"", ""'nuts'"", ""'pearls'"", ""'pipeweed'"", ""'rugs'"", ""'silk'"", ""'tea'"", ""'vegetables'"", ""'wine'"", ""'whale oil']""]","[""['magic items'"", ""'mercenaries'"", ""'spices'"", ""'weapons']""]","{""humans"": 156.0, ""halflings"": 1469.0, ""elves"": 0.0, ""misc."": 0.0}","{""Aristocratic"": 0.0, ""Wealthy"": 20.0, ""Comfortable"": 115.0, ""Modest"": 167.0, ""Poor"": 559.0, ""Squalid"": 342.0, ""Wretched"": 65.0}"
Mount Noblesse,Tethyr,Darromar,8455,1332943,1384,"{'humans': 8455, 'halflings': 0, 'elves': 0, 'misc.': 0}",39,Starvation,['Confederacy'],"{'Aristocratic': 3, 'Wealthy': 129, 'Comfortable': 549, 'Modest': 1308, 'Poor': 2559, 'Squalid': 1881, 'Wretched': 337}",18,"[""['ambergris'"", ""'carpets'"", ""'cheese'"", ""'cloth'"", ""'fish'"", ""'fruit'"", ""'livestock'"", ""'nuts'"", ""'pearls'"", ""'pipeweed'"", ""'rugs'"", ""'silk'"", ""'tea'"", ""'vegetables'"", ""'wine'"", ""'whale oil']""]","[""['magic items'"", ""'mercenaries'"", ""'spices'"", ""'weapons']""]",Queen Zaranda Star Rhindaun and King-Consort Haedrak Rhindaun III,"The Royal Army of Tethyr, the Royal Navy of Tethyr, various mercenary companies",None,"['Common', 'Chondathan', 'Alzhedo']","['Chauntea', 'Eldath', 'Helm', 'Ilmater', 'the Seldarine (in the Forest of Tethir)', 'Siamorphe', 'Silvanus', 'Torm', 'Tyr']",3717965,235431,425497,57.4,36.1,74,1,"Empires of the Sands (1988), Lands of Intrigue (1997)","[""['ambergris'"", ""'carpets'"", ""'cheese'"", ""'cloth'"", ""'fish'"", ""'fruit'"", ""'livestock'"", ""'nuts'"", ""'pearls'"", ""'pipeweed'"", ""'rugs'"", ""'silk'"", ""'tea'"", ""'vegetables'"", ""'wine'"", ""'whale oil']""]","[""['magic items'"", ""'mercenaries'"", ""'spices'"", ""'weapons']""]","{""humans"": 8455.0, ""halflings"": 0.0, ""elves"": 0.0, ""misc."": 0.0}","{""Aristocratic"": 3.0, ""Wealthy"": 129.0, ""Comfortable"": 549.0, ""Modest"": 1308.0, ""Poor"": 2559.0, ""Squalid"": 1881.0, ""Wretched"": 337.0}"
Myratma,Tethyr,Darromar,50760,11340440,51737,"{'humans': 37866, 'halflings': 12893, 'elves': 0, 'misc.': 0}",44,Magic mishaps,['Magocracy'],"{'Aristocratic': 225, 'Wealthy': 512, 'Comfortable': 6412, 'Modest': 9466, 'Poor': 15607, 'Squalid': 13603, 'Wretched': 2595}",15,"[""['ambergris'"", ""'carpets'"", ""'cheese'"", ""'cloth'"", ""'fish'"", ""'fruit'"", ""'livestock'"", ""'nuts'"", ""'pearls'"", ""'pipeweed'"", ""'rugs'"", ""'silk'"", ""'tea'"", ""'vegetables'"", ""'wine'"", ""'whale oil']""]","[""['magic items'"", ""'mercenaries'"", ""'spices'"", ""'weapons']""]",Queen Zaranda Star Rhindaun and King-Consort Haedrak Rhindaun III,"The Royal Army of Tethyr, the Royal Navy of Tethyr, various mercenary companies",guilds,"['Common', 'Chondathan', 'Alzhedo']","['Chauntea', 'Eldath', 'Helm', 'Ilmater', 'the Seldarine (in the Forest of Tethir)', 'Siamorphe', 'Silvanus', 'Torm', 'Tyr']",3717965,235431,425497,48.1,49.5,71,1,"Empires of the Sands (1988), Lands of Intrigue (1997)","[""['ambergris'"", ""'carpets'"", ""'cheese'"", ""'cloth'"", ""'fish'"", ""'fruit'"", ""'livestock'"", ""'nuts'"", ""'pearls'"", ""'pipeweed'"", ""'rugs'"", ""'silk'"", ""'tea'"", ""'vegetables'"", ""'wine'"", ""'whale oil']""]","[""['magic items'"", ""'mercenaries'"", ""'spices'"", ""'weapons']""]","{""humans"": 37866.0, ""halflings"": 12893.0, ""elves"": 0.0, ""misc."": 0.0}","{""Aristocratic"": 225.0, ""Wealthy"": 512.0, ""Comfortable"": 6412.0, ""Modest"": 9466.0, ""Poor"": 15607.0, ""Squalid"": 13603.0, ""Wretched"": 2595.0}"
Myth Dyraalis,Tethyr,Darromar,8239,1416090,1475,"{'humans': 8131, 'halflings': 107, 'elves': 0, 'misc.': 0}",36,Disease,['Monarchy'],"{'Aristocratic': 3, 'Wealthy': 159, 'Comfortable': 525, 'Modest': 1396, 'Poor': 2670, 'Squalid': 2337, 'Wretched': 272}",13,"[""['ambergris'"", ""'carpets'"", ""'cheese'"", ""'cloth'"", ""'fish'"", ""'fruit'"", ""'livestock'"", ""'nuts'"", ""'pearls'"", ""'pipeweed'"", ""'rugs'"", ""'silk'"", ""'tea'"", ""'vegetables'"", ""'wine'"", ""'whale oil']""]","[""['magic items'"", ""'mercenaries'"", ""'spices'"", ""'weapons']""]",Queen Zaranda Star Rhindaun and King-Consort Haedrak Rhindaun III,"The Royal Army of Tethyr, the Royal Navy of Tethyr, various mercenary companies",None,"['Common', 'Chondathan', 'Alzhedo']","['Chauntea', 'Eldath', 'Helm', 'Ilmater', 'the Seldarine (in the Forest of Tethir)', 'Siamorphe', 'Silvanus', 'Torm', 'Tyr']",3717965,235431,425497,65.3,42,54,1,"Empires of the Sands (1988), Lands of Intrigue (1997)","[""['ambergris'"", ""'carpets'"", ""'cheese'"", ""'cloth'"", ""'fish'"", ""'fruit'"", ""'livestock'"", ""'nuts'"", ""'pearls'"", ""'pipeweed'"", ""'rugs'"", ""'silk'"", ""'tea'"", ""'vegetables'"", ""'wine'"", ""'whale oil']""]","[""['magic items'"", ""'mercenaries'"", ""'spices'"", ""'weapons']""]","{""humans"": 8131.0, ""halflings"": 107.0, ""elves"": 0.0, ""misc."": 0.0}","{""Aristocratic"": 3.0, ""Wealthy"": 159.0, ""Comfortable"": 525.0, ""Modest"": 1396.0, ""Poor"": 2670.0, ""Squalid"": 2337.0, ""Wretched"": 272.0}"
Nomerritin,Tethyr,Darromar,734,69532,69,"{'humans': 734, 'halflings': 0, 'elves': 0, 'misc.': 0}",39,Assassination,['Theocracy'],"{'Aristocratic': 0, 'Wealthy': 0, 'Comfortable': 32, 'Modest': 58, 'Poor': 253, 'Squalid': 179, 'Wretched': 11}",0,"[""['ambergris'"", ""'carpets'"", ""'cheese'"", ""'cloth'"", ""'fish'"", ""'fruit'"", ""'livestock'"", ""'nuts'"", ""'pearls'"", ""'pipeweed'"", ""'rugs'"", ""'silk'"", ""'tea'"", ""'vegetables'"", ""'wine'"", ""'whale oil']""]","[""['magic items'"", ""'mercenaries'"", ""'spices'"", ""'weapons']""]",Queen Zaranda Star Rhindaun and King-Consort Haedrak Rhindaun III,"The Royal Army of Tethyr, the Royal Navy of Tethyr, various mercenary companies",None,"['Common', 'Chondathan', 'Alzhedo']","['Chauntea', 'Eldath', 'Helm', 'Ilmater', 'the Seldarine (in the Forest of Tethir)', 'Siamorphe', 'Silvanus', 'Torm', 'Tyr']",3717965,235431,425497,65.9,41.2,68,1,"Empires of the Sands (1988), Lands of Intrigue (1997)","[""['ambergris'"", ""'carpets'"", ""'cheese'"", ""'cloth'"", ""'fish'"", ""'fruit'"", ""'livestock'"", ""'nuts'"", ""'pearls'"", ""'pipeweed'"", ""'rugs'"", ""'silk'"", ""'tea'"", ""'vegetables'"", ""'wine'"", ""'whale oil']""]","[""['magic items'"", ""'mercenaries'"", ""'spices'"", ""'weapons']""]","{""humans"": 734.0, ""halflings"": 0.0, ""elves"": 0.0, ""misc."": 0.0}","{""Aristocratic"": 0.0, ""Wealthy"": 0.0, ""Comfortable"": 32.0, ""Modest"": 58.0, ""Poor"": 253.0, ""Squalid"": 179.0, ""Wretched"": 11.0}"
Pansemil,Tethyr,Darromar,307,32923,32,"{'humans': 117, 'halflings': 189, 'elves': 0, 'misc.': 0}",49,Work-related accidents,['Plutocracy'],"{'Aristocratic': 0, 'Wealthy': 2, 'Comfortable': 12, 'Modest': 32, 'Poor': 99, 'Squalid': 64, 'Wretched': 5}",0,"[""['ambergris'"", ""'carpets'"", ""'cheese'"", ""'cloth'"", ""'fish'"", ""'fruit'"", ""'livestock'"", ""'nuts'"", ""'pearls'"", ""'pipeweed'"", ""'rugs'"", ""'silk'"", ""'tea'"", ""'vegetables'"", ""'wine'"", ""'whale oil']""]","[""['magic items'"", ""'mercenaries'"", ""'spices'"", ""'weapons']""]",Queen Zaranda Star Rhindaun and King-Consort Haedrak Rhindaun III,"The Royal Army of Tethyr, the Royal Navy of Tethyr, various mercenary companies",None,"['Common', 'Chondathan', 'Alzhedo']","['Chauntea', 'Eldath', 'Helm', 'Ilmater', 'the Seldarine (in the Forest of Tethir)', 'Siamorphe', 'Silvanus', 'Torm', 'Tyr']",3717965,235431,425497,49.8,43.6,72,0,"Empires of the Sands (1988), Lands of Intrigue (1997)","[""['ambergris'"", ""'carpets'"", ""'cheese'"", ""'cloth'"", ""'fish'"", ""'fruit'"", ""'livestock'"", ""'nuts'"", ""'pearls'"", ""'pipeweed'"", ""'rugs'"", ""'silk'"", ""'tea'"", ""'vegetables'"", ""'wine'"", ""'whale oil']""]","[""['magic items'"", ""'mercenaries'"", ""'spices'"", ""'weapons']""]","{""humans"": 117.0, ""halflings"": 189.0, ""elves"": 0.0, ""misc."": 0.0}","{""Aristocratic"": 0.0, ""Wealthy"": 2.0, ""Comfortable"": 12.0, ""Modest"": 32.0, ""Poor"": 99.0, ""Squalid"": 64.0, ""Wretched"": 5.0}"
Port Kir,Tethyr,Darromar,6634,1234941,1267,"{'humans': 4431, 'halflings': 2202, 'elves': 0, 'misc.': 0}",42,Work-related accidents,['Kleptocracy'],"{'Aristocratic': 2, 'Wealthy': 74, 'Comfortable': 427, 'Modest': 1607, 'Poor': 2231, 'Squalid': 1602, 'Wretched': 425}",19,"[""['ambergris'"", ""'carpets'"", ""'cheese'"", ""'cloth'"", ""'fish'"", ""'fruit'"", ""'livestock'"", ""'nuts'"", ""'pearls'"", ""'pipeweed'"", ""'rugs'"", ""'silk'"", ""'tea'"", ""'vegetables'"", ""'wine'"", ""'whale oil']""]","[""['magic items'"", ""'mercenaries'"", ""'spices'"", ""'weapons']""]",Queen Zaranda Star Rhindaun and King-Consort Haedrak Rhindaun III,"The Royal Army of Tethyr, the Royal Navy of Tethyr, various mercenary companies",None,"['Common', 'Chondathan', 'Alzhedo']","['Chauntea', 'Eldath', 'Helm', 'Ilmater', 'the Seldarine (in the Forest of Tethir)', 'Siamorphe', 'Silvanus', 'Torm', 'Tyr']",3717965,235431,425497,48.6,33.1,63,1,"Empires of the Sands (1988), Lands of Intrigue (1997)","[""['ambergris'"", ""'carpets'"", ""'cheese'"", ""'cloth'"", ""'fish'"", ""'fruit'"", ""'livestock'"", ""'nuts'"", ""'pearls'"", ""'pipeweed'"", ""'rugs'"", ""'silk'"", ""'tea'"", ""'vegetables'"", ""'wine'"", ""'whale oil']""]","[""['magic items'"", ""'mercenaries'"", ""'spices'"", ""'weapons']""]","{""humans"": 4431.0, ""halflings"": 2202.0, ""elves"": 0.0, ""misc."": 0.0}","{""Aristocratic"": 2.0, ""Wealthy"": 74.0, ""Comfortable"": 427.0, ""Modest"": 1607.0, ""Poor"": 2231.0, ""Squalid"": 1602.0, ""Wretched"": 425.0}"
Qian Hillfort,Tethyr,Darromar,60,7738,7,"{'humans': 44, 'halflings': 15, 'elves': 0, 'misc.': 0}",46,Lack of medical care,['Dictatorship'],"{'Aristocratic': 0, 'Wealthy': 0, 'Comfortable': 4, 'Modest': 9, 'Poor': 18, 'Squalid': 6, 'Wretched': 0}",0,"[""['ambergris'"", ""'carpets'"", ""'cheese'"", ""'cloth'"", ""'fish'"", ""'fruit'"", ""'livestock'"", ""'nuts'"", ""'pearls'"", ""'pipeweed'"", ""'rugs'"", ""'silk'"", ""'tea'"", ""'vegetables'"", ""'wine'"", ""'whale oil']""]","[""['magic items'"", ""'mercenaries'"", ""'spices'"", ""'weapons']""]",Queen Zaranda Star Rhindaun and King-Consort Haedrak Rhindaun III,"The Royal Army of Tethyr, the Royal Navy of Tethyr, various mercenary companies",None,"['Common', 'Chondathan', 'Alzhedo']","['Chauntea', 'Eldath', 'Helm', 'Ilmater', 'the Seldarine (in the Forest of Tethir)', 'Siamorphe', 'Silvanus', 'Torm', 'Tyr']",3717965,235431,425497,45.9,37,69,1,"Empires of the Sands (1988), Lands of Intrigue (1997)","[""['ambergris'"", ""'carpets'"", ""'cheese'"", ""'cloth'"", ""'fish'"", ""'fruit'"", ""'livestock'"", ""'nuts'"", ""'pearls'"", ""'pipeweed'"", ""'rugs'"", ""'silk'"", ""'tea'"", ""'vegetables'"", ""'wine'"", ""'whale oil']""]","[""['magic items'"", ""'mercenaries'"", ""'spices'"", ""'weapons']""]","{""humans"": 44.0, ""halflings"": 15.0, ""elves"": 0.0, ""misc."": 0.0}","{""Aristocratic"": 0.0, ""Wealthy"": 0.0, ""Comfortable"": 4.0, ""Modest"": 9.0, ""Poor"": 18.0, ""Squalid"": 6.0, ""Wretched"": 0.0}"
Riatavin,Tethyr,Darromar,14784,3235542,4980,"{'humans': 14784, 'halflings': 0, 'elves': 0, 'misc.': 0}",37,Starvation,['Militocracy'],"{'Aristocratic': 30, 'Wealthy': 351, 'Comfortable': 1712, 'Modest': 2244, 'Poor': 4746, 'Squalid': 5433, 'Wretched': 1140}",11,"[""['ambergris'"", ""'carpets'"", ""'cheese'"", ""'cloth'"", ""'fish'"", ""'fruit'"", ""'livestock'"", ""'nuts'"", ""'pearls'"", ""'pipeweed'"", ""'rugs'"", ""'silk'"", ""'tea'"", ""'vegetables'"", ""'wine'"", ""'whale oil']""]","[""['magic items'"", ""'mercenaries'"", ""'spices'"", ""'weapons']""]",Queen Zaranda Star Rhindaun and King-Consort Haedrak Rhindaun III,"The Royal Army of Tethyr, the Royal Navy of Tethyr, various mercenary companies",None,"['Common', 'Chondathan', 'Alzhedo']","['Chauntea', 'Eldath', 'Helm', 'Ilmater', 'the Seldarine (in the Forest of Tethir)', 'Siamorphe', 'Silvanus', 'Torm', 'Tyr']",3717965,235431,425497,65.1,32.1,41,1,"Empires of the Sands (1988), Lands of Intrigue (1997)","[""['ambergris'"", ""'carpets'"", ""'cheese'"", ""'cloth'"", ""'fish'"", ""'fruit'"", ""'livestock'"", ""'nuts'"", ""'pearls'"", ""'pipeweed'"", ""'rugs'"", ""'silk'"", ""'tea'"", ""'vegetables'"", ""'wine'"", ""'whale oil']""]","[""['magic items'"", ""'mercenaries'"", ""'spices'"", ""'weapons']""]","{""humans"": 14784.0, ""halflings"": 0.0, ""elves"": 0.0, ""misc."": 0.0}","{""Aristocratic"": 30.0, ""Wealthy"": 351.0, ""Comfortable"": 1712.0, ""Modest"": 2244.0, ""Poor"": 4746.0, ""Squalid"": 5433.0, ""Wretched"": 1140.0}"
Rock Orchard,Tethyr,Darromar,7651,1501391,1547,"{'humans': 7061, 'halflings': 0, 'elves': 589, 'misc.': 0}",61,Work-related accidents,['Democracy'],"{'Aristocratic': 2, 'Wealthy': 130, 'Comfortable': 601, 'Modest': 1719, 'Poor': 2340, 'Squalid': 1844, 'Wretched': 492}",3,"[""['ambergris'"", ""'carpets'"", ""'cheese'"", ""'cloth'"", ""'fish'"", ""'fruit'"", ""'livestock'"", ""'nuts'"", ""'pearls'"", ""'pipeweed'"", ""'rugs'"", ""'silk'"", ""'tea'"", ""'vegetables'"", ""'wine'"", ""'whale oil']""]","[""['magic items'"", ""'mercenaries'"", ""'spices'"", ""'weapons']""]",Queen Zaranda Star Rhindaun and King-Consort Haedrak Rhindaun III,"The Royal Army of Tethyr, the Royal Navy of Tethyr, various mercenary companies",None,"['Common', 'Chondathan', 'Alzhedo']","['Chauntea', 'Eldath', 'Helm', 'Ilmater', 'the Seldarine (in the Forest of Tethir)', 'Siamorphe', 'Silvanus', 'Torm', 'Tyr']",3717965,235431,425497,51.6,30.7,66,0,"Empires of the Sands (1988), Lands of Intrigue (1997)","[""['ambergris'"", ""'carpets'"", ""'cheese'"", ""'cloth'"", ""'fish'"", ""'fruit'"", ""'livestock'"", ""'nuts'"", ""'pearls'"", ""'pipeweed'"", ""'rugs'"", ""'silk'"", ""'tea'"", ""'vegetables'"", ""'wine'"", ""'whale oil']""]","[""['magic items'"", ""'mercenaries'"", ""'spices'"", ""'weapons']""]","{""humans"": 7061.0, ""halflings"": 0.0, ""elves"": 589.0, ""misc."": 0.0}","{""Aristocratic"": 2.0, ""Wealthy"": 130.0, ""Comfortable"": 601.0, ""Modest"": 1719.0, ""Poor"": 2340.0, ""Squalid"": 1844.0, ""Wretched"": 492.0}"
Ruba,Tethyr,Darromar,115,12775,12,"{'humans': 63, 'halflings': 51, 'elves': 0, 'misc.': 0}",48,Starvation,['Patriarchy'],"{'Aristocratic': 0, 'Wealthy': 0, 'Comfortable': 5, 'Modest': 14, 'Poor': 39, 'Squalid': 32, 'Wretched': 1}",0,"[""['ambergris'"", ""'carpets'"", ""'cheese'"", ""'cloth'"", ""'fish'"", ""'fruit'"", ""'livestock'"", ""'nuts'"", ""'pearls'"", ""'pipeweed'"", ""'rugs'"", ""'silk'"", ""'tea'"", ""'vegetables'"", ""'wine'"", ""'whale oil']""]","[""['magic items'"", ""'mercenaries'"", ""'spices'"", ""'weapons']""]",Queen Zaranda Star Rhindaun and King-Consort Haedrak Rhindaun III,"The Royal Army of Tethyr, the Royal Navy of Tethyr, various mercenary companies",None,"['Common', 'Chondathan', 'Alzhedo']","['Chauntea', 'Eldath', 'Helm', 'Ilmater', 'the Seldarine (in the Forest of Tethir)', 'Siamorphe', 'Silvanus', 'Torm', 'Tyr']",3717965,235431,425497,46.6,39.8,73,1,"Empires of the Sands (1988), Lands of Intrigue (1997)","[""['ambergris'"", ""'carpets'"", ""'cheese'"", ""'cloth'"", ""'fish'"", ""'fruit'"", ""'livestock'"", ""'nuts'"", ""'pearls'"", ""'pipeweed'"", ""'rugs'"", ""'silk'"", ""'tea'"", ""'vegetables'"", ""'wine'"", ""'whale oil']""]","[""['magic items'"", ""'mercenaries'"", ""'spices'"", ""'weapons']""]","{""humans"": 63.0, ""halflings"": 51.0, ""elves"": 0.0, ""misc."": 0.0}","{""Aristocratic"": 0.0, ""Wealthy"": 0.0, ""Comfortable"": 5.0, ""Modest"": 14.0, ""Poor"": 39.0, ""Squalid"": 32.0, ""Wretched"": 1.0}"
Saharkhan,Tethyr,Darromar,7999,1520115,1576,"{'humans': 7935, 'halflings': 63, 'elves': 0, 'misc.': 0}",33,Disease,['Meritocracy'],"{'Aristocratic': 3, 'Wealthy': 89, 'Comfortable': 574, 'Modest': 1889, 'Poor': 2706, 'Squalid': 2005, 'Wretched': 280}",13,"[""['ambergris'"", ""'carpets'"", ""'cheese'"", ""'cloth'"", ""'fish'"", ""'fruit'"", ""'livestock'"", ""'nuts'"", ""'pearls'"", ""'pipeweed'"", ""'rugs'"", ""'silk'"", ""'tea'"", ""'vegetables'"", ""'wine'"", ""'whale oil']""]","[""['magic items'"", ""'mercenaries'"", ""'spices'"", ""'weapons']""]",Queen Zaranda Star Rhindaun and King-Consort Haedrak Rhindaun III,"The Royal Army of Tethyr, the Royal Navy of Tethyr, various mercenary companies",None,"['Common', 'Chondathan', 'Alzhedo']","['Chauntea', 'Eldath', 'Helm', 'Ilmater', 'the Seldarine (in the Forest of Tethir)', 'Siamorphe', 'Silvanus', 'Torm', 'Tyr']",3717965,235431,425497,55.3,42.9,72,1,"Empires of the Sands (1988), Lands of Intrigue (1997)","[""['ambergris'"", ""'carpets'"", ""'cheese'"", ""'cloth'"", ""'fish'"", ""'fruit'"", ""'livestock'"", ""'nuts'"", ""'pearls'"", ""'pipeweed'"", ""'rugs'"", ""'silk'"", ""'tea'"", ""'vegetables'"", ""'wine'"", ""'whale oil']""]","[""['magic items'"", ""'mercenaries'"", ""'spices'"", ""'weapons']""]","{""humans"": 7935.0, ""halflings"": 63.0, ""elves"": 0.0, ""misc."": 0.0}","{""Aristocratic"": 3.0, ""Wealthy"": 89.0, ""Comfortable"": 574.0, ""Modest"": 1889.0, ""Poor"": 2706.0, ""Squalid"": 2005.0, ""Wretched"": 280.0}"
Saradush,Tethyr,Darromar,36451,7188273,20243,"{'humans': 14033, 'halflings': 22417, 'elves': 0, 'misc.': 0}",52,Poison,['Hierarchy'],"{'Aristocratic': 110, 'Wealthy': 463, 'Comfortable': 3595, 'Modest': 6007, 'Poor': 11730, 'Squalid': 11989, 'Wretched': 3600}",1,"[""['ambergris'"", ""'carpets'"", ""'cheese'"", ""'cloth'"", ""'fish'"", ""'fruit'"", ""'livestock'"", ""'nuts'"", ""'pearls'"", ""'pipeweed'"", ""'rugs'"", ""'silk'"", ""'tea'"", ""'vegetables'"", ""'wine'"", ""'whale oil']""]","[""['magic items'"", ""'mercenaries'"", ""'spices'"", ""'weapons']""]",Queen Zaranda Star Rhindaun and King-Consort Haedrak Rhindaun III,"The Royal Army of Tethyr, the Royal Navy of Tethyr, various mercenary companies",guilds,"['Common', 'Chondathan', 'Alzhedo']","['Chauntea', 'Eldath', 'Helm', 'Ilmater', 'the Seldarine (in the Forest of Tethir)', 'Siamorphe', 'Silvanus', 'Torm', 'Tyr']",3717965,235431,425497,61,35,71,0,"Empires of the Sands (1988), Lands of Intrigue (1997)","[""['ambergris'"", ""'carpets'"", ""'cheese'"", ""'cloth'"", ""'fish'"", ""'fruit'"", ""'livestock'"", ""'nuts'"", ""'pearls'"", ""'pipeweed'"", ""'rugs'"", ""'silk'"", ""'tea'"", ""'vegetables'"", ""'wine'"", ""'whale oil']""]","[""['magic items'"", ""'mercenaries'"", ""'spices'"", ""'weapons']""]","{""humans"": 14033.0, ""halflings"": 22417.0, ""elves"": 0.0, ""misc."": 0.0}","{""Aristocratic"": 110.0, ""Wealthy"": 463.0, ""Comfortable"": 3595.0, ""Modest"": 6007.0, ""Poor"": 11730.0, ""Squalid"": 11989.0, ""Wretched"": 3600.0}"
Shelshyr House,Tethyr,Darromar,7201,1334805,1372,"{'humans': 3348, 'halflings': 3852, 'elves': 0, 'misc.': 0}",52,Poison,['Confederacy'],"{'Aristocratic': 2, 'Wealthy': 81, 'Comfortable': 562, 'Modest': 1546, 'Poor': 2311, 'Squalid': 1808, 'Wretched': 422}",16,"[""['ambergris'"", ""'carpets'"", ""'cheese'"", ""'cloth'"", ""'fish'"", ""'fruit'"", ""'livestock'"", ""'nuts'"", ""'pearls'"", ""'pipeweed'"", ""'rugs'"", ""'silk'"", ""'tea'"", ""'vegetables'"", ""'wine'"", ""'whale oil']""]","[""['magic items'"", ""'mercenaries'"", ""'spices'"", ""'weapons']""]",Queen Zaranda Star Rhindaun and King-Consort Haedrak Rhindaun III,"The Royal Army of Tethyr, the Royal Navy of Tethyr, various mercenary companies",None,"['Common', 'Chondathan', 'Alzhedo']","['Chauntea', 'Eldath', 'Helm', 'Ilmater', 'the Seldarine (in the Forest of Tethir)', 'Siamorphe', 'Silvanus', 'Torm', 'Tyr']",3717965,235431,425497,67.4,46.3,87,1,"Empires of the Sands (1988), Lands of Intrigue (1997)","[""['ambergris'"", ""'carpets'"", ""'cheese'"", ""'cloth'"", ""'fish'"", ""'fruit'"", ""'livestock'"", ""'nuts'"", ""'pearls'"", ""'pipeweed'"", ""'rugs'"", ""'silk'"", ""'tea'"", ""'vegetables'"", ""'wine'"", ""'whale oil']""]","[""['magic items'"", ""'mercenaries'"", ""'spices'"", ""'weapons']""]","{""humans"": 3348.0, ""halflings"": 3852.0, ""elves"": 0.0, ""misc."": 0.0}","{""Aristocratic"": 2.0, ""Wealthy"": 81.0, ""Comfortable"": 562.0, ""Modest"": 1546.0, ""Poor"": 2311.0, ""Squalid"": 1808.0, ""Wretched"": 422.0}"
Sulduskoonar,Tethyr,Darromar,8970,1497960,1523,"{'humans': 2789, 'halflings': 4897, 'elves': 1201, 'misc.': 80}",90,Exposure to the elements,['Oligarchy'],"{'Aristocratic': 0, 'Wealthy': 117, 'Comfortable': 627, 'Modest': 1585, 'Poor': 2849, 'Squalid': 2272, 'Wretched': 638}",0,"[""['ambergris'"", ""'carpets'"", ""'cheese'"", ""'cloth'"", ""'fish'"", ""'fruit'"", ""'livestock'"", ""'nuts'"", ""'pearls'"", ""'pipeweed'"", ""'rugs'"", ""'silk'"", ""'tea'"", ""'vegetables'"", ""'wine'"", ""'whale oil']""]","[""['magic items'"", ""'mercenaries'"", ""'spices'"", ""'weapons']""]",Queen Zaranda Star Rhindaun and King-Consort Haedrak Rhindaun III,"The Royal Army of Tethyr, the Royal Navy of Tethyr, various mercenary companies",None,"['Common', 'Chondathan', 'Alzhedo']","['Chauntea', 'Eldath', 'Helm', 'Ilmater', 'the Seldarine (in the Forest of Tethir)', 'Siamorphe', 'Silvanus', 'Torm', 'Tyr']",3717965,235431,425497,46.6,35.8,69,1,"Empires of the Sands (1988), Lands of Intrigue (1997)","[""['ambergris'"", ""'carpets'"", ""'cheese'"", ""'cloth'"", ""'fish'"", ""'fruit'"", ""'livestock'"", ""'nuts'"", ""'pearls'"", ""'pipeweed'"", ""'rugs'"", ""'silk'"", ""'tea'"", ""'vegetables'"", ""'wine'"", ""'whale oil']""]","[""['magic items'"", ""'mercenaries'"", ""'spices'"", ""'weapons']""]","{""humans"": 2789.0, ""halflings"": 4897.0, ""elves"": 1201.0, ""misc."": 80.0}","{""Aristocratic"": 0.0, ""Wealthy"": 117.0, ""Comfortable"": 627.0, ""Modest"": 1585.0, ""Poor"": 2849.0, ""Squalid"": 2272.0, ""Wretched"": 638.0}"
Survale Ford,Tethyr,Darromar,441,60955,60,"{'humans': 435, 'halflings': 5, 'elves': 0, 'misc.': 0}",37,Disease,['Monarchy'],"{'Aristocratic': 0, 'Wealthy': 3, 'Comfortable': 21, 'Modest': 73, 'Poor': 142, 'Squalid': 116, 'Wretched': 8}",0,"[""['ambergris'"", ""'carpets'"", ""'cheese'"", ""'cloth'"", ""'fish'"", ""'fruit'"", ""'livestock'"", ""'nuts'"", ""'pearls'"", ""'pipeweed'"", ""'rugs'"", ""'silk'"", ""'tea'"", ""'vegetables'"", ""'wine'"", ""'whale oil']""]","[""['magic items'"", ""'mercenaries'"", ""'spices'"", ""'weapons']""]",Queen Zaranda Star Rhindaun and King-Consort Haedrak Rhindaun III,"The Royal Army of Tethyr, the Royal Navy of Tethyr, various mercenary companies",None,"['Common', 'Chondathan', 'Alzhedo']","['Chauntea', 'Eldath', 'Helm', 'Ilmater', 'the Seldarine (in the Forest of Tethir)', 'Siamorphe', 'Silvanus', 'Torm', 'Tyr']",3717965,235431,425497,63.5,31.8,88,1,"Empires of the Sands (1988), Lands of Intrigue (1997)","[""['ambergris'"", ""'carpets'"", ""'cheese'"", ""'cloth'"", ""'fish'"", ""'fruit'"", ""'livestock'"", ""'nuts'"", ""'pearls'"", ""'pipeweed'"", ""'rugs'"", ""'silk'"", ""'tea'"", ""'vegetables'"", ""'wine'"", ""'whale oil']""]","[""['magic items'"", ""'mercenaries'"", ""'spices'"", ""'weapons']""]","{""humans"": 435.0, ""halflings"": 5.0, ""elves"": 0.0, ""misc."": 0.0}","{""Aristocratic"": 0.0, ""Wealthy"": 3.0, ""Comfortable"": 21.0, ""Modest"": 73.0, ""Poor"": 142.0, ""Squalid"": 116.0, ""Wretched"": 8.0}"
Tannitton,Tethyr,Darromar,90,6095,6,"{'humans': 15, 'halflings': 74, 'elves': 0, 'misc.': 0}",59,Wildlife attacks,['Plutocracy'],"{'Aristocratic': 0, 'Wealthy': 0, 'Comfortable': 4, 'Modest': 1, 'Poor': 28, 'Squalid': 21, 'Wretched': 0}",0,"[""['ambergris'"", ""'carpets'"", ""'cheese'"", ""'cloth'"", ""'fish'"", ""'fruit'"", ""'livestock'"", ""'nuts'"", ""'pearls'"", ""'pipeweed'"", ""'rugs'"", ""'silk'"", ""'tea'"", ""'vegetables'"", ""'wine'"", ""'whale oil']""]","[""['magic items'"", ""'mercenaries'"", ""'spices'"", ""'weapons']""]",Queen Zaranda Star Rhindaun and King-Consort Haedrak Rhindaun III,"The Royal Army of Tethyr, the Royal Navy of Tethyr, various mercenary companies",None,"['Common', 'Chondathan', 'Alzhedo']","['Chauntea', 'Eldath', 'Helm', 'Ilmater', 'the Seldarine (in the Forest of Tethir)', 'Siamorphe', 'Silvanus', 'Torm', 'Tyr']",3717965,235431,425497,67.1,48,68,1,"Empires of the Sands (1988), Lands of Intrigue (1997)","[""['ambergris'"", ""'carpets'"", ""'cheese'"", ""'cloth'"", ""'fish'"", ""'fruit'"", ""'livestock'"", ""'nuts'"", ""'pearls'"", ""'pipeweed'"", ""'rugs'"", ""'silk'"", ""'tea'"", ""'vegetables'"", ""'wine'"", ""'whale oil']""]","[""['magic items'"", ""'mercenaries'"", ""'spices'"", ""'weapons']""]","{""humans"": 15.0, ""halflings"": 74.0, ""elves"": 0.0, ""misc."": 0.0}","{""Aristocratic"": 0.0, ""Wealthy"": 0.0, ""Comfortable"": 4.0, ""Modest"": 1.0, ""Poor"": 28.0, ""Squalid"": 21.0, ""Wretched"": 0.0}"
Toaketh,Tethyr,Darromar,7753,1451422,1497,"{'humans': 7753, 'halflings': 0, 'elves': 0, 'misc.': 0}",38,Exposure to the elements,['Militocracy'],"{'Aristocratic': 2, 'Wealthy': 143, 'Comfortable': 466, 'Modest': 1735, 'Poor': 2650, 'Squalid': 1875, 'Wretched': 369}",7,"[""['ambergris'"", ""'carpets'"", ""'cheese'"", ""'cloth'"", ""'fish'"", ""'fruit'"", ""'livestock'"", ""'nuts'"", ""'pearls'"", ""'pipeweed'"", ""'rugs'"", ""'silk'"", ""'tea'"", ""'vegetables'"", ""'wine'"", ""'whale oil']""]","[""['magic items'"", ""'mercenaries'"", ""'spices'"", ""'weapons']""]",Queen Zaranda Star Rhindaun and King-Consort Haedrak Rhindaun III,"The Royal Army of Tethyr, the Royal Navy of Tethyr, various mercenary companies",None,"['Common', 'Chondathan', 'Alzhedo']","['Chauntea', 'Eldath', 'Helm', 'Ilmater', 'the Seldarine (in the Forest of Tethir)', 'Siamorphe', 'Silvanus', 'Torm', 'Tyr']",3717965,235431,425497,48.5,38.2,81,1,"Empires of the Sands (1988), Lands of Intrigue (1997)","[""['ambergris'"", ""'carpets'"", ""'cheese'"", ""'cloth'"", ""'fish'"", ""'fruit'"", ""'livestock'"", ""'nuts'"", ""'pearls'"", ""'pipeweed'"", ""'rugs'"", ""'silk'"", ""'tea'"", ""'vegetables'"", ""'wine'"", ""'whale oil']""]","[""['magic items'"", ""'mercenaries'"", ""'spices'"", ""'weapons']""]","{""humans"": 7753.0, ""halflings"": 0.0, ""elves"": 0.0, ""misc."": 0.0}","{""Aristocratic"": 2.0, ""Wealthy"": 143.0, ""Comfortable"": 466.0, ""Modest"": 1735.0, ""Poor"": 2650.0, ""Squalid"": 1875.0, ""Wretched"": 369.0}"
Toralth,Tethyr,Darromar,5331,803219,812,"{'humans': 5293, 'halflings': 37, 'elves': 0, 'misc.': 0}",40,Work-related accidents,['Hierarchy'],"{'Aristocratic': 0, 'Wealthy': 102, 'Comfortable': 334, 'Modest': 640, 'Poor': 1717, 'Squalid': 1412, 'Wretched': 348}",0,"[""['ambergris'"", ""'carpets'"", ""'cheese'"", ""'cloth'"", ""'fish'"", ""'fruit'"", ""'livestock'"", ""'nuts'"", ""'pearls'"", ""'pipeweed'"", ""'rugs'"", ""'silk'"", ""'tea'"", ""'vegetables'"", ""'wine'"", ""'whale oil']""]","[""['magic items'"", ""'mercenaries'"", ""'spices'"", ""'weapons']""]",Queen Zaranda Star Rhindaun and King-Consort Haedrak Rhindaun III,"The Royal Army of Tethyr, the Royal Navy of Tethyr, various mercenary companies",None,"['Common', 'Chondathan', 'Alzhedo']","['Chauntea', 'Eldath', 'Helm', 'Ilmater', 'the Seldarine (in the Forest of Tethir)', 'Siamorphe', 'Silvanus', 'Torm', 'Tyr']",3717965,235431,425497,61.1,42,71,0,"Empires of the Sands (1988), Lands of Intrigue (1997)","[""['ambergris'"", ""'carpets'"", ""'cheese'"", ""'cloth'"", ""'fish'"", ""'fruit'"", ""'livestock'"", ""'nuts'"", ""'pearls'"", ""'pipeweed'"", ""'rugs'"", ""'silk'"", ""'tea'"", ""'vegetables'"", ""'wine'"", ""'whale oil']""]","[""['magic items'"", ""'mercenaries'"", ""'spices'"", ""'weapons']""]","{""humans"": 5293.0, ""halflings"": 37.0, ""elves"": 0.0, ""misc."": 0.0}","{""Aristocratic"": 0.0, ""Wealthy"": 102.0, ""Comfortable"": 334.0, ""Modest"": 640.0, ""Poor"": 1717.0, ""Squalid"": 1412.0, ""Wretched"": 348.0}"
Trailstone,Tethyr,Darromar,412,44676,44,"{'humans': 84, 'halflings': 327, 'elves': 0, 'misc.': 0}",59,Magic mishaps,['Bureaucracy'],"{'Aristocratic': 0, 'Wealthy': 3, 'Comfortable': 21, 'Modest': 31, 'Poor': 131, 'Squalid': 112, 'Wretched': 4}",0,"[""['ambergris'"", ""'carpets'"", ""'cheese'"", ""'cloth'"", ""'fish'"", ""'fruit'"", ""'livestock'"", ""'nuts'"", ""'pearls'"", ""'pipeweed'"", ""'rugs'"", ""'silk'"", ""'tea'"", ""'vegetables'"", ""'wine'"", ""'whale oil']""]","[""['magic items'"", ""'mercenaries'"", ""'spices'"", ""'weapons']""]",Queen Zaranda Star Rhindaun and King-Consort Haedrak Rhindaun III,"The Royal Army of Tethyr, the Royal Navy of Tethyr, various mercenary companies",None,"['Common', 'Chondathan', 'Alzhedo']","['Chauntea', 'Eldath', 'Helm', 'Ilmater', 'the Seldarine (in the Forest of Tethir)', 'Siamorphe', 'Silvanus', 'Torm', 'Tyr']",3717965,235431,425497,65.2,45.6,44,1,"Empires of the Sands (1988), Lands of Intrigue (1997)","[""['ambergris'"", ""'carpets'"", ""'cheese'"", ""'cloth'"", ""'fish'"", ""'fruit'"", ""'livestock'"", ""'nuts'"", ""'pearls'"", ""'pipeweed'"", ""'rugs'"", ""'silk'"", ""'tea'"", ""'vegetables'"", ""'wine'"", ""'whale oil']""]","[""['magic items'"", ""'mercenaries'"", ""'spices'"", ""'weapons']""]","{""humans"": 84.0, ""halflings"": 327.0, ""elves"": 0.0, ""misc."": 0.0}","{""Aristocratic"": 0.0, ""Wealthy"": 3.0, ""Comfortable"": 21.0, ""Modest"": 31.0, ""Poor"": 131.0, ""Squalid"": 112.0, ""Wretched"": 4.0}"
Tulmene,Tethyr,Darromar,3633,604586,608,"{'humans': 334, 'halflings': 3029, 'elves': 268, 'misc.': 0}",80,Magic mishaps,['Satrapy'],"{'Aristocratic': 0, 'Wealthy': 55, 'Comfortable': 260, 'Modest': 591, 'Poor': 1216, 'Squalid': 822, 'Wretched': 150}",0,"[""['ambergris'"", ""'carpets'"", ""'cheese'"", ""'cloth'"", ""'fish'"", ""'fruit'"", ""'livestock'"", ""'nuts'"", ""'pearls'"", ""'pipeweed'"", ""'rugs'"", ""'silk'"", ""'tea'"", ""'vegetables'"", ""'wine'"", ""'whale oil']""]","[""['magic items'"", ""'mercenaries'"", ""'spices'"", ""'weapons']""]",Queen Zaranda Star Rhindaun and King-Consort Haedrak Rhindaun III,"The Royal Army of Tethyr, the Royal Navy of Tethyr, various mercenary companies",None,"['Common', 'Chondathan', 'Alzhedo']","['Chauntea', 'Eldath', 'Helm', 'Ilmater', 'the Seldarine (in the Forest of Tethir)', 'Siamorphe', 'Silvanus', 'Torm', 'Tyr']",3717965,235431,425497,55,49.3,71,1,"Empires of the Sands (1988), Lands of Intrigue (1997)","[""['ambergris'"", ""'carpets'"", ""'cheese'"", ""'cloth'"", ""'fish'"", ""'fruit'"", ""'livestock'"", ""'nuts'"", ""'pearls'"", ""'pipeweed'"", ""'rugs'"", ""'silk'"", ""'tea'"", ""'vegetables'"", ""'wine'"", ""'whale oil']""]","[""['magic items'"", ""'mercenaries'"", ""'spices'"", ""'weapons']""]","{""humans"": 334.0, ""halflings"": 3029.0, ""elves"": 268.0, ""misc."": 0.0}","{""Aristocratic"": 0.0, ""Wealthy"": 55.0, ""Comfortable"": 260.0, ""Modest"": 591.0, ""Poor"": 1216.0, ""Squalid"": 822.0, ""Wretched"": 150.0}"
Tweyar,Tethyr,Darromar,7960,1188440,1229,"{'humans': 947, 'halflings': 6996, 'elves': 0, 'misc.': 15}",56,Dueling accidents,['Meritocracy'],"{'Aristocratic': 2, 'Wealthy': 157, 'Comfortable': 527, 'Modest': 816, 'Poor': 2518, 'Squalid': 2344, 'Wretched': 586}",10,"[""['ambergris'"", ""'carpets'"", ""'cheese'"", ""'cloth'"", ""'fish'"", ""'fruit'"", ""'livestock'"", ""'nuts'"", ""'pearls'"", ""'pipeweed'"", ""'rugs'"", ""'silk'"", ""'tea'"", ""'vegetables'"", ""'wine'"", ""'whale oil']""]","[""['magic items'"", ""'mercenaries'"", ""'spices'"", ""'weapons']""]",Queen Zaranda Star Rhindaun and King-Consort Haedrak Rhindaun III,"The Royal Army of Tethyr, the Royal Navy of Tethyr, various mercenary companies",None,"['Common', 'Chondathan', 'Alzhedo']","['Chauntea', 'Eldath', 'Helm', 'Ilmater', 'the Seldarine (in the Forest of Tethir)', 'Siamorphe', 'Silvanus', 'Torm', 'Tyr']",3717965,235431,425497,63.6,39.1,75,1,"Empires of the Sands (1988), Lands of Intrigue (1997)","[""['ambergris'"", ""'carpets'"", ""'cheese'"", ""'cloth'"", ""'fish'"", ""'fruit'"", ""'livestock'"", ""'nuts'"", ""'pearls'"", ""'pipeweed'"", ""'rugs'"", ""'silk'"", ""'tea'"", ""'vegetables'"", ""'wine'"", ""'whale oil']""]","[""['magic items'"", ""'mercenaries'"", ""'spices'"", ""'weapons']""]","{""humans"": 947.0, ""halflings"": 6996.0, ""elves"": 0.0, ""misc."": 15.0}","{""Aristocratic"": 2.0, ""Wealthy"": 157.0, ""Comfortable"": 527.0, ""Modest"": 816.0, ""Poor"": 2518.0, ""Squalid"": 2344.0, ""Wretched"": 586.0}"
Upparkol,Tethyr,Darromar,1541,240279,240,"{'humans': 1537, 'halflings': 3, 'elves': 0, 'misc.': 0}",36,Starvation,['Democracy'],"{'Aristocratic': 0, 'Wealthy': 22, 'Comfortable': 115, 'Modest': 203, 'Poor': 496, 'Squalid': 381, 'Wretched': 94}",0,"[""['ambergris'"", ""'carpets'"", ""'cheese'"", ""'cloth'"", ""'fish'"", ""'fruit'"", ""'livestock'"", ""'nuts'"", ""'pearls'"", ""'pipeweed'"", ""'rugs'"", ""'silk'"", ""'tea'"", ""'vegetables'"", ""'wine'"", ""'whale oil']""]","[""['magic items'"", ""'mercenaries'"", ""'spices'"", ""'weapons']""]",Queen Zaranda Star Rhindaun and King-Consort Haedrak Rhindaun III,"The Royal Army of Tethyr, the Royal Navy of Tethyr, various mercenary companies",None,"['Common', 'Chondathan', 'Alzhedo']","['Chauntea', 'Eldath', 'Helm', 'Ilmater', 'the Seldarine (in the Forest of Tethir)', 'Siamorphe', 'Silvanus', 'Torm', 'Tyr']",3717965,235431,425497,50.7,48.2,56,1,"Empires of the Sands (1988), Lands of Intrigue (1997)","[""['ambergris'"", ""'carpets'"", ""'cheese'"", ""'cloth'"", ""'fish'"", ""'fruit'"", ""'livestock'"", ""'nuts'"", ""'pearls'"", ""'pipeweed'"", ""'rugs'"", ""'silk'"", ""'tea'"", ""'vegetables'"", ""'wine'"", ""'whale oil']""]","[""['magic items'"", ""'mercenaries'"", ""'spices'"", ""'weapons']""]","{""humans"": 1537.0, ""halflings"": 3.0, ""elves"": 0.0, ""misc."": 0.0}","{""Aristocratic"": 0.0, ""Wealthy"": 22.0, ""Comfortable"": 115.0, ""Modest"": 203.0, ""Poor"": 496.0, ""Squalid"": 381.0, ""Wretched"": 94.0}"
Valtreth,Tethyr,Darromar,750,93805,93,"{'humans': 648, 'halflings': 101, 'elves': 0, 'misc.': 0}",44,Poison,['Feudalism'],"{'Aristocratic': 0, 'Wealthy': 1, 'Comfortable': 50, 'Modest': 93, 'Poor': 241, 'Squalid': 118, 'Wretched': 11}",0,"[""['ambergris'"", ""'carpets'"", ""'cheese'"", ""'cloth'"", ""'fish'"", ""'fruit'"", ""'livestock'"", ""'nuts'"", ""'pearls'"", ""'pipeweed'"", ""'rugs'"", ""'silk'"", ""'tea'"", ""'vegetables'"", ""'wine'"", ""'whale oil']""]","[""['magic items'"", ""'mercenaries'"", ""'spices'"", ""'weapons']""]",Queen Zaranda Star Rhindaun and King-Consort Haedrak Rhindaun III,"The Royal Army of Tethyr, the Royal Navy of Tethyr, various mercenary companies",None,"['Common', 'Chondathan', 'Alzhedo']","['Chauntea', 'Eldath', 'Helm', 'Ilmater', 'the Seldarine (in the Forest of Tethir)', 'Siamorphe', 'Silvanus', 'Torm', 'Tyr']",3717965,235431,425497,48.1,34.9,77,1,"Empires of the Sands (1988), Lands of Intrigue (1997)","[""['ambergris'"", ""'carpets'"", ""'cheese'"", ""'cloth'"", ""'fish'"", ""'fruit'"", ""'livestock'"", ""'nuts'"", ""'pearls'"", ""'pipeweed'"", ""'rugs'"", ""'silk'"", ""'tea'"", ""'vegetables'"", ""'wine'"", ""'whale oil']""]","[""['magic items'"", ""'mercenaries'"", ""'spices'"", ""'weapons']""]","{""humans"": 648.0, ""halflings"": 101.0, ""elves"": 0.0, ""misc."": 0.0}","{""Aristocratic"": 0.0, ""Wealthy"": 1.0, ""Comfortable"": 50.0, ""Modest"": 93.0, ""Poor"": 241.0, ""Squalid"": 118.0, ""Wretched"": 11.0}"
Velen,Tethyr,Darromar,13978,2577046,3296,"{'humans': 9910, 'halflings': 4053, 'elves': 27, 'misc.': 0}",43,Starvation,['Gerontocracy'],"{'Aristocratic': 14, 'Wealthy': 347, 'Comfortable': 1296, 'Modest': 1712, 'Poor': 4424, 'Squalid': 3436, 'Wretched': 1189}",20,"[""['ambergris'"", ""'carpets'"", ""'cheese'"", ""'cloth'"", ""'fish'"", ""'fruit'"", ""'livestock'"", ""'nuts'"", ""'pearls'"", ""'pipeweed'"", ""'rugs'"", ""'silk'"", ""'tea'"", ""'vegetables'"", ""'wine'"", ""'whale oil']""]","[""['magic items'"", ""'mercenaries'"", ""'spices'"", ""'weapons']""]",Queen Zaranda Star Rhindaun and King-Consort Haedrak Rhindaun III,"The Royal Army of Tethyr, the Royal Navy of Tethyr, various mercenary companies",None,"['Common', 'Chondathan', 'Alzhedo']","['Chauntea', 'Eldath', 'Helm', 'Ilmater', 'the Seldarine (in the Forest of Tethir)', 'Siamorphe', 'Silvanus', 'Torm', 'Tyr']",3717965,235431,425497,66.6,48.5,72,1,"Empires of the Sands (1988), Lands of Intrigue (1997)","[""['ambergris'"", ""'carpets'"", ""'cheese'"", ""'cloth'"", ""'fish'"", ""'fruit'"", ""'livestock'"", ""'nuts'"", ""'pearls'"", ""'pipeweed'"", ""'rugs'"", ""'silk'"", ""'tea'"", ""'vegetables'"", ""'wine'"", ""'whale oil']""]","[""['magic items'"", ""'mercenaries'"", ""'spices'"", ""'weapons']""]","{""humans"": 9910.0, ""halflings"": 4053.0, ""elves"": 27.0, ""misc."": 0.0}","{""Aristocratic"": 14.0, ""Wealthy"": 347.0, ""Comfortable"": 1296.0, ""Modest"": 1712.0, ""Poor"": 4424.0, ""Squalid"": 3436.0, ""Wretched"": 1189.0}"
Vineshade,Tethyr,Darromar,3115,601045,605,"{'humans': 3005, 'halflings': 109, 'elves': 0, 'misc.': 0}",38,Work-related accidents,['Militocracy'],"{'Aristocratic': 0, 'Wealthy': 57, 'Comfortable': 204, 'Modest': 701, 'Poor': 1085, 'Squalid': 927, 'Wretched': 164}",0,"[""['ambergris'"", ""'carpets'"", ""'cheese'"", ""'cloth'"", ""'fish'"", ""'fruit'"", ""'livestock'"", ""'nuts'"", ""'pearls'"", ""'pipeweed'"", ""'rugs'"", ""'silk'"", ""'tea'"", ""'vegetables'"", ""'wine'"", ""'whale oil']""]","[""['magic items'"", ""'mercenaries'"", ""'spices'"", ""'weapons']""]",Queen Zaranda Star Rhindaun and King-Consort Haedrak Rhindaun III,"The Royal Army of Tethyr, the Royal Navy of Tethyr, various mercenary companies",None,"['Common', 'Chondathan', 'Alzhedo']","['Chauntea', 'Eldath', 'Helm', 'Ilmater', 'the Seldarine (in the Forest of Tethir)', 'Siamorphe', 'Silvanus', 'Torm', 'Tyr']",3717965,235431,425497,54.6,41.9,77,0,"Empires of the Sands (1988), Lands of Intrigue (1997)","[""['ambergris'"", ""'carpets'"", ""'cheese'"", ""'cloth'"", ""'fish'"", ""'fruit'"", ""'livestock'"", ""'nuts'"", ""'pearls'"", ""'pipeweed'"", ""'rugs'"", ""'silk'"", ""'tea'"", ""'vegetables'"", ""'wine'"", ""'whale oil']""]","[""['magic items'"", ""'mercenaries'"", ""'spices'"", ""'weapons']""]","{""humans"": 3005.0, ""halflings"": 109.0, ""elves"": 0.0, ""misc."": 0.0}","{""Aristocratic"": 0.0, ""Wealthy"": 57.0, ""Comfortable"": 204.0, ""Modest"": 701.0, ""Poor"": 1085.0, ""Squalid"": 927.0, ""Wretched"": 164.0}"
Viperstongue,Tethyr,Darromar,776,115632,115,"{'humans': 483, 'halflings': 292, 'elves': 0, 'misc.': 0}",47,Starvation,['Kleptocracy'],"{'Aristocratic': 0, 'Wealthy': 2, 'Comfortable': 51, 'Modest': 132, 'Poor': 261, 'Squalid': 226, 'Wretched': 13}",0,"[""['ambergris'"", ""'carpets'"", ""'cheese'"", ""'cloth'"", ""'fish'"", ""'fruit'"", ""'livestock'"", ""'nuts'"", ""'pearls'"", ""'pipeweed'"", ""'rugs'"", ""'silk'"", ""'tea'"", ""'vegetables'"", ""'wine'"", ""'whale oil']""]","[""['magic items'"", ""'mercenaries'"", ""'spices'"", ""'weapons']""]",Queen Zaranda Star Rhindaun and King-Consort Haedrak Rhindaun III,"The Royal Army of Tethyr, the Royal Navy of Tethyr, various mercenary companies",None,"['Common', 'Chondathan', 'Alzhedo']","['Chauntea', 'Eldath', 'Helm', 'Ilmater', 'the Seldarine (in the Forest of Tethir)', 'Siamorphe', 'Silvanus', 'Torm', 'Tyr']",3717965,235431,425497,69,33,78,1,"Empires of the Sands (1988), Lands of Intrigue (1997)","[""['ambergris'"", ""'carpets'"", ""'cheese'"", ""'cloth'"", ""'fish'"", ""'fruit'"", ""'livestock'"", ""'nuts'"", ""'pearls'"", ""'pipeweed'"", ""'rugs'"", ""'silk'"", ""'tea'"", ""'vegetables'"", ""'wine'"", ""'whale oil']""]","[""['magic items'"", ""'mercenaries'"", ""'spices'"", ""'weapons']""]","{""humans"": 483.0, ""halflings"": 292.0, ""elves"": 0.0, ""misc."": 0.0}","{""Aristocratic"": 0.0, ""Wealthy"": 2.0, ""Comfortable"": 51.0, ""Modest"": 132.0, ""Poor"": 261.0, ""Squalid"": 226.0, ""Wretched"": 13.0}"
Zazesspur,Tethyr,Darromar,114508,29910326,839486,"{'humans': 114049, 'halflings': 343, 'elves': 114, 'misc.': 0}",37,Disease,['Confederacy'],"{'Aristocratic': 676, 'Wealthy': 2345, 'Comfortable': 15782, 'Modest': 22501, 'Poor': 36095, 'Squalid': 45221, 'Wretched': 11390}",2,"[""['ambergris'"", ""'carpets'"", ""'cheese'"", ""'cloth'"", ""'fish'"", ""'fruit'"", ""'livestock'"", ""'nuts'"", ""'pearls'"", ""'pipeweed'"", ""'rugs'"", ""'silk'"", ""'tea'"", ""'vegetables'"", ""'wine'"", ""'whale oil']""]","[""['magic items'"", ""'mercenaries'"", ""'spices'"", ""'weapons']""]",Queen Zaranda Star Rhindaun and King-Consort Haedrak Rhindaun III,"The Royal Army of Tethyr, the Royal Navy of Tethyr, various mercenary companies",Canaith,"['Common', 'Chondathan', 'Alzhedo']","['Chauntea', 'Eldath', 'Helm', 'Ilmater', 'the Seldarine (in the Forest of Tethir)', 'Siamorphe', 'Silvanus', 'Torm', 'Tyr']",3717965,235431,425497,57.8,49.1,85,1,"Empires of the Sands (1988), Lands of Intrigue (1997)","[""['ambergris'"", ""'carpets'"", ""'cheese'"", ""'cloth'"", ""'fish'"", ""'fruit'"", ""'livestock'"", ""'nuts'"", ""'pearls'"", ""'pipeweed'"", ""'rugs'"", ""'silk'"", ""'tea'"", ""'vegetables'"", ""'wine'"", ""'whale oil']""]","[""['magic items'"", ""'mercenaries'"", ""'spices'"", ""'weapons']""]","{""humans"": 114049.0, ""halflings"": 343.0, ""elves"": 114.0, ""misc."": 0.0}","{""Aristocratic"": 676.0, ""Wealthy"": 2345.0, ""Comfortable"": 15782.0, ""Modest"": 22501.0, ""Poor"": 36095.0, ""Squalid"": 45221.0, ""Wretched"": 11390.0}"
Eltabbar,Thay,Eltabbar,11695,2232048,3947,"{'humans': 3555, 'gnolls': 5332, 'orcs': 2502, 'dwarves': 81, 'goblins': 0, 'halflings': 233, 'misc.': 0}",41,Disease,['Democracy'],"{'Aristocratic': 48, 'Wealthy': 225, 'Comfortable': 1089, 'Modest': 1522, 'Poor': 3869, 'Squalid': 2614, 'Wretched': 648}",16,"[""['artwork'"", ""'fruit'"", ""'grains'"", ""'jewellery'"", ""'magic items'"", ""'scriptures'"", ""'timber']""]","[""['iron'"", ""'magic items'"", ""'monsters'"", ""'slaves'"", ""'spells']""]",The Council of Zulkirs,"The Gnoll Legion, the Griffon Legion, the Undead Legion, hundreds of Red Wizards skilled at battle magic, various allied orc tribes, some mercenary forces",None,"['Common', 'Dwarven', 'Goblinoid', 'Gnoll', 'Halfling', 'Mulhorandi', 'Orcish', 'Thayan']","['Bane', 'Cyric', 'Gargauth', 'Kelemvor', 'Kossuth', 'Loviatar', 'Malar', 'Shar', 'Talona', 'Umberlee', 'the Mulhorandi pantheon (among the Mulan and slaves)']",4814533,24284,351777,99.1,1.2,59,0,"Dreams of the Red Wizards (Steve Perrin, 1988), Spellbound (Anthony Pryor, 1995), Unapproachable East (Richard Baker, Matt Forbeck, Sean K. Reynolds, 2003)","[""['artwork'"", ""'fruit'"", ""'grains'"", ""'jewellery'"", ""'magic items'"", ""'scriptures'"", ""'timber']""]","[""['iron'"", ""'magic items'"", ""'monsters'"", ""'slaves'"", ""'spells']""]","{""humans"": 3555.0, ""gnolls"": 5332.0, ""orcs"": 2502.0, ""dwarves"": 81.0, ""goblins"": 0.0, ""halflings"": 233.0, ""misc."": 0.0}","{""Aristocratic"": 48.0, ""Wealthy"": 225.0, ""Comfortable"": 1089.0, ""Modest"": 1522.0, ""Poor"": 3869.0, ""Squalid"": 2614.0, ""Wretched"": 648.0}"
Amruthar,Thay,Eltabbar,39846,8780549,25455,"{'humans': 1075, 'gnolls': 0, 'orcs': 239, 'dwarves': 0, 'goblins': 38212, 'halflings': 318, 'misc.': 0}",45,Poison,['Patriarchy'],"{'Aristocratic': 111, 'Wealthy': 979, 'Comfortable': 4283, 'Modest': 6710, 'Poor': 11964, 'Squalid': 13615, 'Wretched': 2450}",1,"[""['artwork'"", ""'fruit'"", ""'grains'"", ""'jewellery'"", ""'magic items'"", ""'scriptures'"", ""'timber']""]","[""['iron'"", ""'magic items'"", ""'monsters'"", ""'slaves'"", ""'spells']""]",The Council of Zulkirs,"The Gnoll Legion, the Griffon Legion, the Undead Legion, hundreds of Red Wizards skilled at battle magic, various allied orc tribes, some mercenary forces",Academy of Shapers and Binders,"['Common', 'Dwarven', 'Goblinoid', 'Gnoll', 'Halfling', 'Mulhorandi', 'Orcish', 'Thayan']","['Bane', 'Cyric', 'Gargauth', 'Kelemvor', 'Kossuth', 'Loviatar', 'Malar', 'Shar', 'Talona', 'Umberlee', 'the Mulhorandi pantheon (among the Mulan and slaves)']",4814533,24284,351777,89.7,8.7,73,0,"Dreams of the Red Wizards (Steve Perrin, 1988), Spellbound (Anthony Pryor, 1995), Unapproachable East (Richard Baker, Matt Forbeck, Sean K. Reynolds, 2003)","[""['artwork'"", ""'fruit'"", ""'grains'"", ""'jewellery'"", ""'magic items'"", ""'scriptures'"", ""'timber']""]","[""['iron'"", ""'magic items'"", ""'monsters'"", ""'slaves'"", ""'spells']""]","{""humans"": 1075.0, ""gnolls"": 0.0, ""orcs"": 239.0, ""dwarves"": 0.0, ""goblins"": 38212.0, ""halflings"": 318.0, ""misc."": 0.0}","{""Aristocratic"": 111.0, ""Wealthy"": 979.0, ""Comfortable"": 4283.0, ""Modest"": 6710.0, ""Poor"": 11964.0, ""Squalid"": 13615.0, ""Wretched"": 2450.0}"
Anhaurz,Thay,Eltabbar,21961,4832235,8641,"{'humans': 20906, 'gnolls': 0, 'orcs': 0, 'dwarves': 0, 'goblins': 1032, 'halflings': 0, 'misc.': 0}",44,Old age,['Bureaucracy'],"{'Aristocratic': 45, 'Wealthy': 292, 'Comfortable': 2774, 'Modest': 3725, 'Poor': 7532, 'Squalid': 8416, 'Wretched': 1556}",11,"[""['artwork'"", ""'fruit'"", ""'grains'"", ""'jewellery'"", ""'magic items'"", ""'scriptures'"", ""'timber']""]","[""['iron'"", ""'magic items'"", ""'monsters'"", ""'slaves'"", ""'spells']""]",The Council of Zulkirs,"The Gnoll Legion, the Griffon Legion, the Undead Legion, hundreds of Red Wizards skilled at battle magic, various allied orc tribes, some mercenary forces",guilds,"['Common', 'Dwarven', 'Goblinoid', 'Gnoll', 'Halfling', 'Mulhorandi', 'Orcish', 'Thayan']","['Bane', 'Cyric', 'Gargauth', 'Kelemvor', 'Kossuth', 'Loviatar', 'Malar', 'Shar', 'Talona', 'Umberlee', 'the Mulhorandi pantheon (among the Mulan and slaves)']",4814533,24284,351777,85,5.4,94,0,"Dreams of the Red Wizards (Steve Perrin, 1988), Spellbound (Anthony Pryor, 1995), Unapproachable East (Richard Baker, Matt Forbeck, Sean K. Reynolds, 2003)","[""['artwork'"", ""'fruit'"", ""'grains'"", ""'jewellery'"", ""'magic items'"", ""'scriptures'"", ""'timber']""]","[""['iron'"", ""'magic items'"", ""'monsters'"", ""'slaves'"", ""'spells']""]","{""humans"": 20906.0, ""gnolls"": 0.0, ""orcs"": 0.0, ""dwarves"": 0.0, ""goblins"": 1032.0, ""halflings"": 0.0, ""misc."": 0.0}","{""Aristocratic"": 45.0, ""Wealthy"": 292.0, ""Comfortable"": 2774.0, ""Modest"": 3725.0, ""Poor"": 7532.0, ""Squalid"": 8416.0, ""Wretched"": 1556.0}"
Ankhur,Thay,Eltabbar,2312,427853,429,"{'humans': 1868, 'gnolls': 0, 'orcs': 386, 'dwarves': 0, 'goblins': 0, 'halflings': 57, 'misc.': 0}",40,Work-related accidents,['Matriarchy'],"{'Aristocratic': 0, 'Wealthy': 29, 'Comfortable': 172, 'Modest': 515, 'Poor': 710, 'Squalid': 552, 'Wretched': 114}",0,"[""['artwork'"", ""'fruit'"", ""'grains'"", ""'jewellery'"", ""'magic items'"", ""'scriptures'"", ""'timber']""]","[""['iron'"", ""'magic items'"", ""'monsters'"", ""'slaves'"", ""'spells']""]",The Council of Zulkirs,"The Gnoll Legion, the Griffon Legion, the Undead Legion, hundreds of Red Wizards skilled at battle magic, various allied orc tribes, some mercenary forces",None,"['Common', 'Dwarven', 'Goblinoid', 'Gnoll', 'Halfling', 'Mulhorandi', 'Orcish', 'Thayan']","['Bane', 'Cyric', 'Gargauth', 'Kelemvor', 'Kossuth', 'Loviatar', 'Malar', 'Shar', 'Talona', 'Umberlee', 'the Mulhorandi pantheon (among the Mulan and slaves)']",4814533,24284,351777,93.8,5.6,88,0,"Dreams of the Red Wizards (Steve Perrin, 1988), Spellbound (Anthony Pryor, 1995), Unapproachable East (Richard Baker, Matt Forbeck, Sean K. Reynolds, 2003)","[""['artwork'"", ""'fruit'"", ""'grains'"", ""'jewellery'"", ""'magic items'"", ""'scriptures'"", ""'timber']""]","[""['iron'"", ""'magic items'"", ""'monsters'"", ""'slaves'"", ""'spells']""]","{""humans"": 1868.0, ""gnolls"": 0.0, ""orcs"": 386.0, ""dwarves"": 0.0, ""goblins"": 0.0, ""halflings"": 57.0, ""misc."": 0.0}","{""Aristocratic"": 0.0, ""Wealthy"": 29.0, ""Comfortable"": 172.0, ""Modest"": 515.0, ""Poor"": 710.0, ""Squalid"": 552.0, ""Wretched"": 114.0}"
Belizir,Thay,Eltabbar,7144,1203003,1230,"{'humans': 528, 'gnolls': 2343, 'orcs': 0, 'dwarves': 21, 'goblins': 4243, 'halflings': 0, 'misc.': 0}",47,Magic mishaps,['Bureaucracy'],"{'Aristocratic': 1, 'Wealthy': 130, 'Comfortable': 456, 'Modest': 1209, 'Poor': 2365, 'Squalid': 1719, 'Wretched': 430}",19,"[""['artwork'"", ""'fruit'"", ""'grains'"", ""'jewellery'"", ""'magic items'"", ""'scriptures'"", ""'timber']""]","[""['iron'"", ""'magic items'"", ""'monsters'"", ""'slaves'"", ""'spells']""]",The Council of Zulkirs,"The Gnoll Legion, the Griffon Legion, the Undead Legion, hundreds of Red Wizards skilled at battle magic, various allied orc tribes, some mercenary forces",None,"['Common', 'Dwarven', 'Goblinoid', 'Gnoll', 'Halfling', 'Mulhorandi', 'Orcish', 'Thayan']","['Bane', 'Cyric', 'Gargauth', 'Kelemvor', 'Kossuth', 'Loviatar', 'Malar', 'Shar', 'Talona', 'Umberlee', 'the Mulhorandi pantheon (among the Mulan and slaves)']",4814533,24284,351777,93.2,8.5,61,0,"Dreams of the Red Wizards (Steve Perrin, 1988), Spellbound (Anthony Pryor, 1995), Unapproachable East (Richard Baker, Matt Forbeck, Sean K. Reynolds, 2003)","[""['artwork'"", ""'fruit'"", ""'grains'"", ""'jewellery'"", ""'magic items'"", ""'scriptures'"", ""'timber']""]","[""['iron'"", ""'magic items'"", ""'monsters'"", ""'slaves'"", ""'spells']""]","{""humans"": 528.0, ""gnolls"": 2343.0, ""orcs"": 0.0, ""dwarves"": 21.0, ""goblins"": 4243.0, ""halflings"": 0.0, ""misc."": 0.0}","{""Aristocratic"": 1.0, ""Wealthy"": 130.0, ""Comfortable"": 456.0, ""Modest"": 1209.0, ""Poor"": 2365.0, ""Squalid"": 1719.0, ""Wretched"": 430.0}"
Bezantur,Thay,Eltabbar,13137,2362207,3157,"{'humans': 420, 'gnolls': 13, 'orcs': 0, 'dwarves': 7422, 'goblins': 5294, 'halflings': 0, 'misc.': 0}",111,Old age,['Democracy'],"{'Aristocratic': 18, 'Wealthy': 231, 'Comfortable': 965, 'Modest': 2105, 'Poor': 4490, 'Squalid': 4348, 'Wretched': 1131}",12,"[""['artwork'"", ""'fruit'"", ""'grains'"", ""'jewellery'"", ""'magic items'"", ""'scriptures'"", ""'timber']""]","[""['iron'"", ""'magic items'"", ""'monsters'"", ""'slaves'"", ""'spells']""]",The Council of Zulkirs,"The Gnoll Legion, the Griffon Legion, the Undead Legion, hundreds of Red Wizards skilled at battle magic, various allied orc tribes, some mercenary forces",None,"['Common', 'Dwarven', 'Goblinoid', 'Gnoll', 'Halfling', 'Mulhorandi', 'Orcish', 'Thayan']","['Bane', 'Cyric', 'Gargauth', 'Kelemvor', 'Kossuth', 'Loviatar', 'Malar', 'Shar', 'Talona', 'Umberlee', 'the Mulhorandi pantheon (among the Mulan and slaves)']",4814533,24284,351777,91.2,0.2,66,0,"Dreams of the Red Wizards (Steve Perrin, 1988), Spellbound (Anthony Pryor, 1995), Unapproachable East (Richard Baker, Matt Forbeck, Sean K. Reynolds, 2003)","[""['artwork'"", ""'fruit'"", ""'grains'"", ""'jewellery'"", ""'magic items'"", ""'scriptures'"", ""'timber']""]","[""['iron'"", ""'magic items'"", ""'monsters'"", ""'slaves'"", ""'spells']""]","{""humans"": 420.0, ""gnolls"": 13.0, ""orcs"": 0.0, ""dwarves"": 7422.0, ""goblins"": 5294.0, ""halflings"": 0.0, ""misc."": 0.0}","{""Aristocratic"": 18.0, ""Wealthy"": 231.0, ""Comfortable"": 965.0, ""Modest"": 2105.0, ""Poor"": 4490.0, ""Squalid"": 4348.0, ""Wretched"": 1131.0}"
Delabbar,Thay,Eltabbar,22887,4257214,10351,"{'humans': 9452, 'gnolls': 411, 'orcs': 915, 'dwarves': 823, 'goblins': 11283, 'halflings': 0, 'misc.': 0}",49,Starvation,['Hierarchy'],"{'Aristocratic': 90, 'Wealthy': 305, 'Comfortable': 1652, 'Modest': 4133, 'Poor': 7977, 'Squalid': 5112, 'Wretched': 2046}",3,"[""['artwork'"", ""'fruit'"", ""'grains'"", ""'jewellery'"", ""'magic items'"", ""'scriptures'"", ""'timber']""]","[""['iron'"", ""'magic items'"", ""'monsters'"", ""'slaves'"", ""'spells']""]",The Council of Zulkirs,"The Gnoll Legion, the Griffon Legion, the Undead Legion, hundreds of Red Wizards skilled at battle magic, various allied orc tribes, some mercenary forces",guilds,"['Common', 'Dwarven', 'Goblinoid', 'Gnoll', 'Halfling', 'Mulhorandi', 'Orcish', 'Thayan']","['Bane', 'Cyric', 'Gargauth', 'Kelemvor', 'Kossuth', 'Loviatar', 'Malar', 'Shar', 'Talona', 'Umberlee', 'the Mulhorandi pantheon (among the Mulan and slaves)']",4814533,24284,351777,82.2,9.6,75,0,"Dreams of the Red Wizards (Steve Perrin, 1988), Spellbound (Anthony Pryor, 1995), Unapproachable East (Richard Baker, Matt Forbeck, Sean K. Reynolds, 2003)","[""['artwork'"", ""'fruit'"", ""'grains'"", ""'jewellery'"", ""'magic items'"", ""'scriptures'"", ""'timber']""]","[""['iron'"", ""'magic items'"", ""'monsters'"", ""'slaves'"", ""'spells']""]","{""humans"": 9452.0, ""gnolls"": 411.0, ""orcs"": 915.0, ""dwarves"": 823.0, ""goblins"": 11283.0, ""halflings"": 0.0, ""misc."": 0.0}","{""Aristocratic"": 90.0, ""Wealthy"": 305.0, ""Comfortable"": 1652.0, ""Modest"": 4133.0, ""Poor"": 7977.0, ""Squalid"": 5112.0, ""Wretched"": 2046.0}"
Denzar,Thay,Eltabbar,3414,585423,588,"{'humans': 3062, 'gnolls': 0, 'orcs': 68, 'dwarves': 0, 'goblins': 0, 'halflings': 283, 'misc.': 0}",46,Magic mishaps,['Confederacy'],"{'Aristocratic': 0, 'Wealthy': 36, 'Comfortable': 235, 'Modest': 696, 'Poor': 1082, 'Squalid': 775, 'Wretched': 158}",0,"[""['artwork'"", ""'fruit'"", ""'grains'"", ""'jewellery'"", ""'magic items'"", ""'scriptures'"", ""'timber']""]","[""['iron'"", ""'magic items'"", ""'monsters'"", ""'slaves'"", ""'spells']""]",The Council of Zulkirs,"The Gnoll Legion, the Griffon Legion, the Undead Legion, hundreds of Red Wizards skilled at battle magic, various allied orc tribes, some mercenary forces",None,"['Common', 'Dwarven', 'Goblinoid', 'Gnoll', 'Halfling', 'Mulhorandi', 'Orcish', 'Thayan']","['Bane', 'Cyric', 'Gargauth', 'Kelemvor', 'Kossuth', 'Loviatar', 'Malar', 'Shar', 'Talona', 'Umberlee', 'the Mulhorandi pantheon (among the Mulan and slaves)']",4814533,24284,351777,95.3,6.9,54,0,"Dreams of the Red Wizards (Steve Perrin, 1988), Spellbound (Anthony Pryor, 1995), Unapproachable East (Richard Baker, Matt Forbeck, Sean K. Reynolds, 2003)","[""['artwork'"", ""'fruit'"", ""'grains'"", ""'jewellery'"", ""'magic items'"", ""'scriptures'"", ""'timber']""]","[""['iron'"", ""'magic items'"", ""'monsters'"", ""'slaves'"", ""'spells']""]","{""humans"": 3062.0, ""gnolls"": 0.0, ""orcs"": 68.0, ""dwarves"": 0.0, ""goblins"": 0.0, ""halflings"": 283.0, ""misc."": 0.0}","{""Aristocratic"": 0.0, ""Wealthy"": 36.0, ""Comfortable"": 235.0, ""Modest"": 696.0, ""Poor"": 1082.0, ""Squalid"": 775.0, ""Wretched"": 158.0}"
Escalant,Thay,Eltabbar,28651,4855996,6449,"{'humans': 28593, 'gnolls': 0, 'orcs': 0, 'dwarves': 0, 'goblins': 0, 'halflings': 28, 'misc.': 0}",43,Assassination,['Republic'],"{'Aristocratic': 12, 'Wealthy': 351, 'Comfortable': 2699, 'Modest': 3328, 'Poor': 9621, 'Squalid': 11299, 'Wretched': 2058}",6,"[""['artwork'"", ""'fruit'"", ""'grains'"", ""'jewellery'"", ""'magic items'"", ""'scriptures'"", ""'timber']""]","[""['iron'"", ""'magic items'"", ""'monsters'"", ""'slaves'"", ""'spells']""]",The Council of Zulkirs,"The Gnoll Legion, the Griffon Legion, the Undead Legion, hundreds of Red Wizards skilled at battle magic, various allied orc tribes, some mercenary forces",guilds,"['Common', 'Dwarven', 'Goblinoid', 'Gnoll', 'Halfling', 'Mulhorandi', 'Orcish', 'Thayan']","['Bane', 'Cyric', 'Gargauth', 'Kelemvor', 'Kossuth', 'Loviatar', 'Malar', 'Shar', 'Talona', 'Umberlee', 'the Mulhorandi pantheon (among the Mulan and slaves)']",4814533,24284,351777,92.7,5.9,73,0,"Dreams of the Red Wizards (Steve Perrin, 1988), Spellbound (Anthony Pryor, 1995), Unapproachable East (Richard Baker, Matt Forbeck, Sean K. Reynolds, 2003)","[""['artwork'"", ""'fruit'"", ""'grains'"", ""'jewellery'"", ""'magic items'"", ""'scriptures'"", ""'timber']""]","[""['iron'"", ""'magic items'"", ""'monsters'"", ""'slaves'"", ""'spells']""]","{""humans"": 28593.0, ""gnolls"": 0.0, ""orcs"": 0.0, ""dwarves"": 0.0, ""goblins"": 0.0, ""halflings"": 28.0, ""misc."": 0.0}","{""Aristocratic"": 12.0, ""Wealthy"": 351.0, ""Comfortable"": 2699.0, ""Modest"": 3328.0, ""Poor"": 9621.0, ""Squalid"": 11299.0, ""Wretched"": 2058.0}"
Ezreket,Thay,Eltabbar,8934,1782185,1868,"{'humans': 5306, 'gnolls': 3609, 'orcs': 0, 'dwarves': 0, 'goblins': 8, 'halflings': 0, 'misc.': 0}",44,Exposure to the elements,['Matriarchy'],"{'Aristocratic': 4, 'Wealthy': 155, 'Comfortable': 688, 'Modest': 2071, 'Poor': 2816, 'Squalid': 2125, 'Wretched': 480}",12,"[""['artwork'"", ""'fruit'"", ""'grains'"", ""'jewellery'"", ""'magic items'"", ""'scriptures'"", ""'timber']""]","[""['iron'"", ""'magic items'"", ""'monsters'"", ""'slaves'"", ""'spells']""]",The Council of Zulkirs,"The Gnoll Legion, the Griffon Legion, the Undead Legion, hundreds of Red Wizards skilled at battle magic, various allied orc tribes, some mercenary forces",None,"['Common', 'Dwarven', 'Goblinoid', 'Gnoll', 'Halfling', 'Mulhorandi', 'Orcish', 'Thayan']","['Bane', 'Cyric', 'Gargauth', 'Kelemvor', 'Kossuth', 'Loviatar', 'Malar', 'Shar', 'Talona', 'Umberlee', 'the Mulhorandi pantheon (among the Mulan and slaves)']",4814533,24284,351777,82.3,5.3,51,0,"Dreams of the Red Wizards (Steve Perrin, 1988), Spellbound (Anthony Pryor, 1995), Unapproachable East (Richard Baker, Matt Forbeck, Sean K. Reynolds, 2003)","[""['artwork'"", ""'fruit'"", ""'grains'"", ""'jewellery'"", ""'magic items'"", ""'scriptures'"", ""'timber']""]","[""['iron'"", ""'magic items'"", ""'monsters'"", ""'slaves'"", ""'spells']""]","{""humans"": 5306.0, ""gnolls"": 3609.0, ""orcs"": 0.0, ""dwarves"": 0.0, ""goblins"": 8.0, ""halflings"": 0.0, ""misc."": 0.0}","{""Aristocratic"": 4.0, ""Wealthy"": 155.0, ""Comfortable"": 688.0, ""Modest"": 2071.0, ""Poor"": 2816.0, ""Squalid"": 2125.0, ""Wretched"": 480.0}"
Hurkh,Thay,Eltabbar,224,30915,30,"{'humans': 221, 'gnolls': 0, 'orcs': 0, 'dwarves': 2, 'goblins': 0, 'halflings': 0, 'misc.': 0}",45,Bandit attacks,['Kleptocracy'],"{'Aristocratic': 0, 'Wealthy': 1, 'Comfortable': 10, 'Modest': 43, 'Poor': 67, 'Squalid': 43, 'Wretched': 2}",0,"[""['artwork'"", ""'fruit'"", ""'grains'"", ""'jewellery'"", ""'magic items'"", ""'scriptures'"", ""'timber']""]","[""['iron'"", ""'magic items'"", ""'monsters'"", ""'slaves'"", ""'spells']""]",The Council of Zulkirs,"The Gnoll Legion, the Griffon Legion, the Undead Legion, hundreds of Red Wizards skilled at battle magic, various allied orc tribes, some mercenary forces",None,"['Common', 'Dwarven', 'Goblinoid', 'Gnoll', 'Halfling', 'Mulhorandi', 'Orcish', 'Thayan']","['Bane', 'Cyric', 'Gargauth', 'Kelemvor', 'Kossuth', 'Loviatar', 'Malar', 'Shar', 'Talona', 'Umberlee', 'the Mulhorandi pantheon (among the Mulan and slaves)']",4814533,24284,351777,87.5,8.8,66,0,"Dreams of the Red Wizards (Steve Perrin, 1988), Spellbound (Anthony Pryor, 1995), Unapproachable East (Richard Baker, Matt Forbeck, Sean K. Reynolds, 2003)","[""['artwork'"", ""'fruit'"", ""'grains'"", ""'jewellery'"", ""'magic items'"", ""'scriptures'"", ""'timber']""]","[""['iron'"", ""'magic items'"", ""'monsters'"", ""'slaves'"", ""'spells']""]","{""humans"": 221.0, ""gnolls"": 0.0, ""orcs"": 0.0, ""dwarves"": 2.0, ""goblins"": 0.0, ""halflings"": 0.0, ""misc."": 0.0}","{""Aristocratic"": 0.0, ""Wealthy"": 1.0, ""Comfortable"": 10.0, ""Modest"": 43.0, ""Poor"": 67.0, ""Squalid"": 43.0, ""Wretched"": 2.0}"
Keluthar,Thay,Eltabbar,379,47523,47,"{'humans': 102, 'gnolls': 2, 'orcs': 0, 'dwarves': 219, 'goblins': 0, 'halflings': 0, 'misc.': 54}",115,Bandit attacks,['Republic'],"{'Aristocratic': 0, 'Wealthy': 1, 'Comfortable': 21, 'Modest': 49, 'Poor': 128, 'Squalid': 96, 'Wretched': 5}",0,"[""['artwork'"", ""'fruit'"", ""'grains'"", ""'jewellery'"", ""'magic items'"", ""'scriptures'"", ""'timber']""]","[""['iron'"", ""'magic items'"", ""'monsters'"", ""'slaves'"", ""'spells']""]",The Council of Zulkirs,"The Gnoll Legion, the Griffon Legion, the Undead Legion, hundreds of Red Wizards skilled at battle magic, various allied orc tribes, some mercenary forces",None,"['Common', 'Dwarven', 'Goblinoid', 'Gnoll', 'Halfling', 'Mulhorandi', 'Orcish', 'Thayan']","['Bane', 'Cyric', 'Gargauth', 'Kelemvor', 'Kossuth', 'Loviatar', 'Malar', 'Shar', 'Talona', 'Umberlee', 'the Mulhorandi pantheon (among the Mulan and slaves)']",4814533,24284,351777,67.8,4.2,65,0,"Dreams of the Red Wizards (Steve Perrin, 1988), Spellbound (Anthony Pryor, 1995), Unapproachable East (Richard Baker, Matt Forbeck, Sean K. Reynolds, 2003)","[""['artwork'"", ""'fruit'"", ""'grains'"", ""'jewellery'"", ""'magic items'"", ""'scriptures'"", ""'timber']""]","[""['iron'"", ""'magic items'"", ""'monsters'"", ""'slaves'"", ""'spells']""]","{""humans"": 102.0, ""gnolls"": 2.0, ""orcs"": 0.0, ""dwarves"": 219.0, ""goblins"": 0.0, ""halflings"": 0.0, ""misc."": 54.0}","{""Aristocratic"": 0.0, ""Wealthy"": 1.0, ""Comfortable"": 21.0, ""Modest"": 49.0, ""Poor"": 128.0, ""Squalid"": 96.0, ""Wretched"": 5.0}"
Mophur,Thay,Eltabbar,23154,5151829,7155,"{'humans': 22297, 'gnolls': 254, 'orcs': 555, 'dwarves': 23, 'goblins': 0, 'halflings': 0, 'misc.': 0}",43,Old age,['Confederacy'],"{'Aristocratic': 16, 'Wealthy': 584, 'Comfortable': 2637, 'Modest': 3949, 'Poor': 7449, 'Squalid': 9058, 'Wretched': 1754}",14,"[""['artwork'"", ""'fruit'"", ""'grains'"", ""'jewellery'"", ""'magic items'"", ""'scriptures'"", ""'timber']""]","[""['iron'"", ""'magic items'"", ""'monsters'"", ""'slaves'"", ""'spells']""]",The Council of Zulkirs,"The Gnoll Legion, the Griffon Legion, the Undead Legion, hundreds of Red Wizards skilled at battle magic, various allied orc tribes, some mercenary forces",guilds,"['Common', 'Dwarven', 'Goblinoid', 'Gnoll', 'Halfling', 'Mulhorandi', 'Orcish', 'Thayan']","['Bane', 'Cyric', 'Gargauth', 'Kelemvor', 'Kossuth', 'Loviatar', 'Malar', 'Shar', 'Talona', 'Umberlee', 'the Mulhorandi pantheon (among the Mulan and slaves)']",4814533,24284,351777,73,5.2,74,0,"Dreams of the Red Wizards (Steve Perrin, 1988), Spellbound (Anthony Pryor, 1995), Unapproachable East (Richard Baker, Matt Forbeck, Sean K. Reynolds, 2003)","[""['artwork'"", ""'fruit'"", ""'grains'"", ""'jewellery'"", ""'magic items'"", ""'scriptures'"", ""'timber']""]","[""['iron'"", ""'magic items'"", ""'monsters'"", ""'slaves'"", ""'spells']""]","{""humans"": 22297.0, ""gnolls"": 254.0, ""orcs"": 555.0, ""dwarves"": 23.0, ""goblins"": 0.0, ""halflings"": 0.0, ""misc."": 0.0}","{""Aristocratic"": 16.0, ""Wealthy"": 584.0, ""Comfortable"": 2637.0, ""Modest"": 3949.0, ""Poor"": 7449.0, ""Squalid"": 9058.0, ""Wretched"": 1754.0}"
Murbant,Thay,Eltabbar,4899,806978,827,"{'humans': 4815, 'gnolls': 0, 'orcs': 24, 'dwarves': 4, 'goblins': 53, 'halflings': 0, 'misc.': 0}",41,Poison,['Democracy'],"{'Aristocratic': 2, 'Wealthy': 96, 'Comfortable': 339, 'Modest': 675, 'Poor': 1641, 'Squalid': 1257, 'Wretched': 156}",8,"[""['artwork'"", ""'fruit'"", ""'grains'"", ""'jewellery'"", ""'magic items'"", ""'scriptures'"", ""'timber']""]","[""['iron'"", ""'magic items'"", ""'monsters'"", ""'slaves'"", ""'spells']""]",The Council of Zulkirs,"The Gnoll Legion, the Griffon Legion, the Undead Legion, hundreds of Red Wizards skilled at battle magic, various allied orc tribes, some mercenary forces",None,"['Common', 'Dwarven', 'Goblinoid', 'Gnoll', 'Halfling', 'Mulhorandi', 'Orcish', 'Thayan']","['Bane', 'Cyric', 'Gargauth', 'Kelemvor', 'Kossuth', 'Loviatar', 'Malar', 'Shar', 'Talona', 'Umberlee', 'the Mulhorandi pantheon (among the Mulan and slaves)']",4814533,24284,351777,89.6,3.3,65,0,"Dreams of the Red Wizards (Steve Perrin, 1988), Spellbound (Anthony Pryor, 1995), Unapproachable East (Richard Baker, Matt Forbeck, Sean K. Reynolds, 2003)","[""['artwork'"", ""'fruit'"", ""'grains'"", ""'jewellery'"", ""'magic items'"", ""'scriptures'"", ""'timber']""]","[""['iron'"", ""'magic items'"", ""'monsters'"", ""'slaves'"", ""'spells']""]","{""humans"": 4815.0, ""gnolls"": 0.0, ""orcs"": 24.0, ""dwarves"": 4.0, ""goblins"": 53.0, ""halflings"": 0.0, ""misc."": 0.0}","{""Aristocratic"": 2.0, ""Wealthy"": 96.0, ""Comfortable"": 339.0, ""Modest"": 675.0, ""Poor"": 1641.0, ""Squalid"": 1257.0, ""Wretched"": 156.0}"
Nethentir,Thay,Eltabbar,1931,369051,370,"{'humans': 799, 'gnolls': 84, 'orcs': 320, 'dwarves': 0, 'goblins': 726, 'halflings': 0, 'misc.': 0}",42,Exposure to the elements,['Satrapy'],"{'Aristocratic': 0, 'Wealthy': 38, 'Comfortable': 149, 'Modest': 385, 'Poor': 667, 'Squalid': 427, 'Wretched': 111}",0,"[""['artwork'"", ""'fruit'"", ""'grains'"", ""'jewellery'"", ""'magic items'"", ""'scriptures'"", ""'timber']""]","[""['iron'"", ""'magic items'"", ""'monsters'"", ""'slaves'"", ""'spells']""]",The Council of Zulkirs,"The Gnoll Legion, the Griffon Legion, the Undead Legion, hundreds of Red Wizards skilled at battle magic, various allied orc tribes, some mercenary forces",None,"['Common', 'Dwarven', 'Goblinoid', 'Gnoll', 'Halfling', 'Mulhorandi', 'Orcish', 'Thayan']","['Bane', 'Cyric', 'Gargauth', 'Kelemvor', 'Kossuth', 'Loviatar', 'Malar', 'Shar', 'Talona', 'Umberlee', 'the Mulhorandi pantheon (among the Mulan and slaves)']",4814533,24284,351777,81.5,3.2,59,0,"Dreams of the Red Wizards (Steve Perrin, 1988), Spellbound (Anthony Pryor, 1995), Unapproachable East (Richard Baker, Matt Forbeck, Sean K. Reynolds, 2003)","[""['artwork'"", ""'fruit'"", ""'grains'"", ""'jewellery'"", ""'magic items'"", ""'scriptures'"", ""'timber']""]","[""['iron'"", ""'magic items'"", ""'monsters'"", ""'slaves'"", ""'spells']""]","{""humans"": 799.0, ""gnolls"": 84.0, ""orcs"": 320.0, ""dwarves"": 0.0, ""goblins"": 726.0, ""halflings"": 0.0, ""misc."": 0.0}","{""Aristocratic"": 0.0, ""Wealthy"": 38.0, ""Comfortable"": 149.0, ""Modest"": 385.0, ""Poor"": 667.0, ""Squalid"": 427.0, ""Wretched"": 111.0}"
Nethjet,Thay,Eltabbar,1324,248455,249,"{'humans': 193, 'gnolls': 0, 'orcs': 1003, 'dwarves': 1, 'goblins': 125, 'halflings': 0, 'misc.': 0}",24,Poison,['Gerontocracy'],"{'Aristocratic': 0, 'Wealthy': 20, 'Comfortable': 103, 'Modest': 273, 'Poor': 452, 'Squalid': 313, 'Wretched': 83}",0,"[""['artwork'"", ""'fruit'"", ""'grains'"", ""'jewellery'"", ""'magic items'"", ""'scriptures'"", ""'timber']""]","[""['iron'"", ""'magic items'"", ""'monsters'"", ""'slaves'"", ""'spells']""]",The Council of Zulkirs,"The Gnoll Legion, the Griffon Legion, the Undead Legion, hundreds of Red Wizards skilled at battle magic, various allied orc tribes, some mercenary forces",None,"['Common', 'Dwarven', 'Goblinoid', 'Gnoll', 'Halfling', 'Mulhorandi', 'Orcish', 'Thayan']","['Bane', 'Cyric', 'Gargauth', 'Kelemvor', 'Kossuth', 'Loviatar', 'Malar', 'Shar', 'Talona', 'Umberlee', 'the Mulhorandi pantheon (among the Mulan and slaves)']",4814533,24284,351777,89.1,8.8,77,1,"Dreams of the Red Wizards (Steve Perrin, 1988), Spellbound (Anthony Pryor, 1995), Unapproachable East (Richard Baker, Matt Forbeck, Sean K. Reynolds, 2003)","[""['artwork'"", ""'fruit'"", ""'grains'"", ""'jewellery'"", ""'magic items'"", ""'scriptures'"", ""'timber']""]","[""['iron'"", ""'magic items'"", ""'monsters'"", ""'slaves'"", ""'spells']""]","{""humans"": 193.0, ""gnolls"": 0.0, ""orcs"": 1003.0, ""dwarves"": 1.0, ""goblins"": 125.0, ""halflings"": 0.0, ""misc."": 0.0}","{""Aristocratic"": 0.0, ""Wealthy"": 20.0, ""Comfortable"": 103.0, ""Modest"": 273.0, ""Poor"": 452.0, ""Squalid"": 313.0, ""Wretched"": 83.0}"
Nurethretos,Thay,Eltabbar,271,40478,40,"{'humans': 0, 'gnolls': 257, 'orcs': 0, 'dwarves': 0, 'goblins': 2, 'halflings': 10, 'misc.': 0}",47,Magic mishaps,['Feudalism'],"{'Aristocratic': 0, 'Wealthy': 2, 'Comfortable': 18, 'Modest': 43, 'Poor': 85, 'Squalid': 69, 'Wretched': 5}",0,"[""['artwork'"", ""'fruit'"", ""'grains'"", ""'jewellery'"", ""'magic items'"", ""'scriptures'"", ""'timber']""]","[""['iron'"", ""'magic items'"", ""'monsters'"", ""'slaves'"", ""'spells']""]",The Council of Zulkirs,"The Gnoll Legion, the Griffon Legion, the Undead Legion, hundreds of Red Wizards skilled at battle magic, various allied orc tribes, some mercenary forces",None,"['Common', 'Dwarven', 'Goblinoid', 'Gnoll', 'Halfling', 'Mulhorandi', 'Orcish', 'Thayan']","['Bane', 'Cyric', 'Gargauth', 'Kelemvor', 'Kossuth', 'Loviatar', 'Malar', 'Shar', 'Talona', 'Umberlee', 'the Mulhorandi pantheon (among the Mulan and slaves)']",4814533,24284,351777,87.1,0.9,81,0,"Dreams of the Red Wizards (Steve Perrin, 1988), Spellbound (Anthony Pryor, 1995), Unapproachable East (Richard Baker, Matt Forbeck, Sean K. Reynolds, 2003)","[""['artwork'"", ""'fruit'"", ""'grains'"", ""'jewellery'"", ""'magic items'"", ""'scriptures'"", ""'timber']""]","[""['iron'"", ""'magic items'"", ""'monsters'"", ""'slaves'"", ""'spells']""]","{""humans"": 0.0, ""gnolls"": 257.0, ""orcs"": 0.0, ""dwarves"": 0.0, ""goblins"": 2.0, ""halflings"": 10.0, ""misc."": 0.0}","{""Aristocratic"": 0.0, ""Wealthy"": 2.0, ""Comfortable"": 18.0, ""Modest"": 43.0, ""Poor"": 85.0, ""Squalid"": 69.0, ""Wretched"": 5.0}"
Pyrados,Thay,Eltabbar,47919,8182752,33800,"{'humans': 31243, 'gnolls': 0, 'orcs': 47, 'dwarves': 47, 'goblins': 0, 'halflings': 0, 'misc.': 16579}",43,Disease,['Monarchy'],"{'Aristocratic': 196, 'Wealthy': 524, 'Comfortable': 3459, 'Modest': 7014, 'Poor': 15234, 'Squalid': 13837, 'Wretched': 3542}",10,"[""['artwork'"", ""'fruit'"", ""'grains'"", ""'jewellery'"", ""'magic items'"", ""'scriptures'"", ""'timber']""]","[""['iron'"", ""'magic items'"", ""'monsters'"", ""'slaves'"", ""'spells']""]",The Council of Zulkirs,"The Gnoll Legion, the Griffon Legion, the Undead Legion, hundreds of Red Wizards skilled at battle magic, various allied orc tribes, some mercenary forces",guilds,"['Common', 'Dwarven', 'Goblinoid', 'Gnoll', 'Halfling', 'Mulhorandi', 'Orcish', 'Thayan']","['Bane', 'Cyric', 'Gargauth', 'Kelemvor', 'Kossuth', 'Loviatar', 'Malar', 'Shar', 'Talona', 'Umberlee', 'the Mulhorandi pantheon (among the Mulan and slaves)']",4814533,24284,351777,100,4.1,56,0,"Dreams of the Red Wizards (Steve Perrin, 1988), Spellbound (Anthony Pryor, 1995), Unapproachable East (Richard Baker, Matt Forbeck, Sean K. Reynolds, 2003)","[""['artwork'"", ""'fruit'"", ""'grains'"", ""'jewellery'"", ""'magic items'"", ""'scriptures'"", ""'timber']""]","[""['iron'"", ""'magic items'"", ""'monsters'"", ""'slaves'"", ""'spells']""]","{""humans"": 31243.0, ""gnolls"": 0.0, ""orcs"": 47.0, ""dwarves"": 47.0, ""goblins"": 0.0, ""halflings"": 0.0, ""misc."": 16579.0}","{""Aristocratic"": 196.0, ""Wealthy"": 524.0, ""Comfortable"": 3459.0, ""Modest"": 7014.0, ""Poor"": 15234.0, ""Squalid"": 13837.0, ""Wretched"": 3542.0}"
Sefriszar,Thay,Eltabbar,229,27448,27,"{'humans': 1, 'gnolls': 0, 'orcs': 227, 'dwarves': 0, 'goblins': 0, 'halflings': 0, 'misc.': 0}",22,Starvation,['Meritocracy'],"{'Aristocratic': 0, 'Wealthy': 0, 'Comfortable': 13, 'Modest': 32, 'Poor': 69, 'Squalid': 34, 'Wretched': 4}",0,"[""['artwork'"", ""'fruit'"", ""'grains'"", ""'jewellery'"", ""'magic items'"", ""'scriptures'"", ""'timber']""]","[""['iron'"", ""'magic items'"", ""'monsters'"", ""'slaves'"", ""'spells']""]",The Council of Zulkirs,"The Gnoll Legion, the Griffon Legion, the Undead Legion, hundreds of Red Wizards skilled at battle magic, various allied orc tribes, some mercenary forces",None,"['Common', 'Dwarven', 'Goblinoid', 'Gnoll', 'Halfling', 'Mulhorandi', 'Orcish', 'Thayan']","['Bane', 'Cyric', 'Gargauth', 'Kelemvor', 'Kossuth', 'Loviatar', 'Malar', 'Shar', 'Talona', 'Umberlee', 'the Mulhorandi pantheon (among the Mulan and slaves)']",4814533,24284,351777,69.3,4.6,47,0,"Dreams of the Red Wizards (Steve Perrin, 1988), Spellbound (Anthony Pryor, 1995), Unapproachable East (Richard Baker, Matt Forbeck, Sean K. Reynolds, 2003)","[""['artwork'"", ""'fruit'"", ""'grains'"", ""'jewellery'"", ""'magic items'"", ""'scriptures'"", ""'timber']""]","[""['iron'"", ""'magic items'"", ""'monsters'"", ""'slaves'"", ""'spells']""]","{""humans"": 1.0, ""gnolls"": 0.0, ""orcs"": 227.0, ""dwarves"": 0.0, ""goblins"": 0.0, ""halflings"": 0.0, ""misc."": 0.0}","{""Aristocratic"": 0.0, ""Wealthy"": 0.0, ""Comfortable"": 13.0, ""Modest"": 32.0, ""Poor"": 69.0, ""Squalid"": 34.0, ""Wretched"": 4.0}"
Sekelmur,Thay,Eltabbar,323,35332,35,"{'humans': 152, 'gnolls': 144, 'orcs': 0, 'dwarves': 0, 'goblins': 25, 'halflings': 0, 'misc.': 0}",22,Exposure to the elements,['Patriarchy'],"{'Aristocratic': 0, 'Wealthy': 0, 'Comfortable': 17, 'Modest': 34, 'Poor': 109, 'Squalid': 70, 'Wretched': 4}",0,"[""['artwork'"", ""'fruit'"", ""'grains'"", ""'jewellery'"", ""'magic items'"", ""'scriptures'"", ""'timber']""]","[""['iron'"", ""'magic items'"", ""'monsters'"", ""'slaves'"", ""'spells']""]",The Council of Zulkirs,"The Gnoll Legion, the Griffon Legion, the Undead Legion, hundreds of Red Wizards skilled at battle magic, various allied orc tribes, some mercenary forces",None,"['Common', 'Dwarven', 'Goblinoid', 'Gnoll', 'Halfling', 'Mulhorandi', 'Orcish', 'Thayan']","['Bane', 'Cyric', 'Gargauth', 'Kelemvor', 'Kossuth', 'Loviatar', 'Malar', 'Shar', 'Talona', 'Umberlee', 'the Mulhorandi pantheon (among the Mulan and slaves)']",4814533,24284,351777,66.1,7.4,61,0,"Dreams of the Red Wizards (Steve Perrin, 1988), Spellbound (Anthony Pryor, 1995), Unapproachable East (Richard Baker, Matt Forbeck, Sean K. Reynolds, 2003)","[""['artwork'"", ""'fruit'"", ""'grains'"", ""'jewellery'"", ""'magic items'"", ""'scriptures'"", ""'timber']""]","[""['iron'"", ""'magic items'"", ""'monsters'"", ""'slaves'"", ""'spells']""]","{""humans"": 152.0, ""gnolls"": 144.0, ""orcs"": 0.0, ""dwarves"": 0.0, ""goblins"": 25.0, ""halflings"": 0.0, ""misc."": 0.0}","{""Aristocratic"": 0.0, ""Wealthy"": 0.0, ""Comfortable"": 17.0, ""Modest"": 34.0, ""Poor"": 109.0, ""Squalid"": 70.0, ""Wretched"": 4.0}"
Solzepar,Thay,Eltabbar,222,30112,30,"{'humans': 194, 'gnolls': 26, 'orcs': 0, 'dwarves': 1, 'goblins': 0, 'halflings': 0, 'misc.': 0}",45,Poison,['Patriarchy'],"{'Aristocratic': 0, 'Wealthy': 1, 'Comfortable': 9, 'Modest': 42, 'Poor': 69, 'Squalid': 47, 'Wretched': 3}",0,"[""['artwork'"", ""'fruit'"", ""'grains'"", ""'jewellery'"", ""'magic items'"", ""'scriptures'"", ""'timber']""]","[""['iron'"", ""'magic items'"", ""'monsters'"", ""'slaves'"", ""'spells']""]",The Council of Zulkirs,"The Gnoll Legion, the Griffon Legion, the Undead Legion, hundreds of Red Wizards skilled at battle magic, various allied orc tribes, some mercenary forces",None,"['Common', 'Dwarven', 'Goblinoid', 'Gnoll', 'Halfling', 'Mulhorandi', 'Orcish', 'Thayan']","['Bane', 'Cyric', 'Gargauth', 'Kelemvor', 'Kossuth', 'Loviatar', 'Malar', 'Shar', 'Talona', 'Umberlee', 'the Mulhorandi pantheon (among the Mulan and slaves)']",4814533,24284,351777,67.3,1.3,93,0,"Dreams of the Red Wizards (Steve Perrin, 1988), Spellbound (Anthony Pryor, 1995), Unapproachable East (Richard Baker, Matt Forbeck, Sean K. Reynolds, 2003)","[""['artwork'"", ""'fruit'"", ""'grains'"", ""'jewellery'"", ""'magic items'"", ""'scriptures'"", ""'timber']""]","[""['iron'"", ""'magic items'"", ""'monsters'"", ""'slaves'"", ""'spells']""]","{""humans"": 194.0, ""gnolls"": 26.0, ""orcs"": 0.0, ""dwarves"": 1.0, ""goblins"": 0.0, ""halflings"": 0.0, ""misc."": 0.0}","{""Aristocratic"": 0.0, ""Wealthy"": 1.0, ""Comfortable"": 9.0, ""Modest"": 42.0, ""Poor"": 69.0, ""Squalid"": 47.0, ""Wretched"": 3.0}"
Surag,Thay,Eltabbar,12658,2303697,4538,"{'humans': 11923, 'gnolls': 50, 'orcs': 0, 'dwarves': 645, 'goblins': 37, 'halflings': 0, 'misc.': 0}",49,Starvation,['Oligarchy'],"{'Aristocratic': 61, 'Wealthy': 209, 'Comfortable': 1055, 'Modest': 1628, 'Poor': 3921, 'Squalid': 3433, 'Wretched': 672}",1,"[""['artwork'"", ""'fruit'"", ""'grains'"", ""'jewellery'"", ""'magic items'"", ""'scriptures'"", ""'timber']""]","[""['iron'"", ""'magic items'"", ""'monsters'"", ""'slaves'"", ""'spells']""]",The Council of Zulkirs,"The Gnoll Legion, the Griffon Legion, the Undead Legion, hundreds of Red Wizards skilled at battle magic, various allied orc tribes, some mercenary forces",None,"['Common', 'Dwarven', 'Goblinoid', 'Gnoll', 'Halfling', 'Mulhorandi', 'Orcish', 'Thayan']","['Bane', 'Cyric', 'Gargauth', 'Kelemvor', 'Kossuth', 'Loviatar', 'Malar', 'Shar', 'Talona', 'Umberlee', 'the Mulhorandi pantheon (among the Mulan and slaves)']",4814533,24284,351777,74.3,1.7,90,1,"Dreams of the Red Wizards (Steve Perrin, 1988), Spellbound (Anthony Pryor, 1995), Unapproachable East (Richard Baker, Matt Forbeck, Sean K. Reynolds, 2003)","[""['artwork'"", ""'fruit'"", ""'grains'"", ""'jewellery'"", ""'magic items'"", ""'scriptures'"", ""'timber']""]","[""['iron'"", ""'magic items'"", ""'monsters'"", ""'slaves'"", ""'spells']""]","{""humans"": 11923.0, ""gnolls"": 50.0, ""orcs"": 0.0, ""dwarves"": 645.0, ""goblins"": 37.0, ""halflings"": 0.0, ""misc."": 0.0}","{""Aristocratic"": 61.0, ""Wealthy"": 209.0, ""Comfortable"": 1055.0, ""Modest"": 1628.0, ""Poor"": 3921.0, ""Squalid"": 3433.0, ""Wretched"": 672.0}"
Surthay,Thay,Eltabbar,17088,2780424,4549,"{'humans': 2546, 'gnolls': 0, 'orcs': 11995, 'dwarves': 2546, 'goblins': 0, 'halflings': 0, 'misc.': 0}",46,Old age,['Patriarchy'],"{'Aristocratic': 38, 'Wealthy': 222, 'Comfortable': 1321, 'Modest': 2195, 'Poor': 5368, 'Squalid': 4390, 'Wretched': 1382}",17,"[""['artwork'"", ""'fruit'"", ""'grains'"", ""'jewellery'"", ""'magic items'"", ""'scriptures'"", ""'timber']""]","[""['iron'"", ""'magic items'"", ""'monsters'"", ""'slaves'"", ""'spells']""]",The Council of Zulkirs,"The Gnoll Legion, the Griffon Legion, the Undead Legion, hundreds of Red Wizards skilled at battle magic, various allied orc tribes, some mercenary forces",guilds,"['Common', 'Dwarven', 'Goblinoid', 'Gnoll', 'Halfling', 'Mulhorandi', 'Orcish', 'Thayan']","['Bane', 'Cyric', 'Gargauth', 'Kelemvor', 'Kossuth', 'Loviatar', 'Malar', 'Shar', 'Talona', 'Umberlee', 'the Mulhorandi pantheon (among the Mulan and slaves)']",4814533,24284,351777,80.5,7.9,85,0,"Dreams of the Red Wizards (Steve Perrin, 1988), Spellbound (Anthony Pryor, 1995), Unapproachable East (Richard Baker, Matt Forbeck, Sean K. Reynolds, 2003)","[""['artwork'"", ""'fruit'"", ""'grains'"", ""'jewellery'"", ""'magic items'"", ""'scriptures'"", ""'timber']""]","[""['iron'"", ""'magic items'"", ""'monsters'"", ""'slaves'"", ""'spells']""]","{""humans"": 2546.0, ""gnolls"": 0.0, ""orcs"": 11995.0, ""dwarves"": 2546.0, ""goblins"": 0.0, ""halflings"": 0.0, ""misc."": 0.0}","{""Aristocratic"": 38.0, ""Wealthy"": 222.0, ""Comfortable"": 1321.0, ""Modest"": 2195.0, ""Poor"": 5368.0, ""Squalid"": 4390.0, ""Wretched"": 1382.0}"
Szul,Thay,Eltabbar,1823,315615,316,"{'humans': 1292, 'gnolls': 0, 'orcs': 29, 'dwarves': 344, 'goblins': 118, 'halflings': 38, 'misc.': 0}",65,Magic mishaps,['Autocracy'],"{'Aristocratic': 0, 'Wealthy': 21, 'Comfortable': 137, 'Modest': 349, 'Poor': 573, 'Squalid': 431, 'Wretched': 66}",0,"[""['artwork'"", ""'fruit'"", ""'grains'"", ""'jewellery'"", ""'magic items'"", ""'scriptures'"", ""'timber']""]","[""['iron'"", ""'magic items'"", ""'monsters'"", ""'slaves'"", ""'spells']""]",The Council of Zulkirs,"The Gnoll Legion, the Griffon Legion, the Undead Legion, hundreds of Red Wizards skilled at battle magic, various allied orc tribes, some mercenary forces",None,"['Common', 'Dwarven', 'Goblinoid', 'Gnoll', 'Halfling', 'Mulhorandi', 'Orcish', 'Thayan']","['Bane', 'Cyric', 'Gargauth', 'Kelemvor', 'Kossuth', 'Loviatar', 'Malar', 'Shar', 'Talona', 'Umberlee', 'the Mulhorandi pantheon (among the Mulan and slaves)']",4814533,24284,351777,89.5,3,58,0,"Dreams of the Red Wizards (Steve Perrin, 1988), Spellbound (Anthony Pryor, 1995), Unapproachable East (Richard Baker, Matt Forbeck, Sean K. Reynolds, 2003)","[""['artwork'"", ""'fruit'"", ""'grains'"", ""'jewellery'"", ""'magic items'"", ""'scriptures'"", ""'timber']""]","[""['iron'"", ""'magic items'"", ""'monsters'"", ""'slaves'"", ""'spells']""]","{""humans"": 1292.0, ""gnolls"": 0.0, ""orcs"": 29.0, ""dwarves"": 344.0, ""goblins"": 118.0, ""halflings"": 38.0, ""misc."": 0.0}","{""Aristocratic"": 0.0, ""Wealthy"": 21.0, ""Comfortable"": 137.0, ""Modest"": 349.0, ""Poor"": 573.0, ""Squalid"": 431.0, ""Wretched"": 66.0}"
Thasselen,Thay,Eltabbar,9294,1633886,1709,"{'humans': 1366, 'gnolls': 7100, 'orcs': 827, 'dwarves': 0, 'goblins': 0, 'halflings': 0, 'misc.': 0}",41,Starvation,['Hierarchy'],"{'Aristocratic': 4, 'Wealthy': 121, 'Comfortable': 718, 'Modest': 1719, 'Poor': 2982, 'Squalid': 2010, 'Wretched': 493}",12,"[""['artwork'"", ""'fruit'"", ""'grains'"", ""'jewellery'"", ""'magic items'"", ""'scriptures'"", ""'timber']""]","[""['iron'"", ""'magic items'"", ""'monsters'"", ""'slaves'"", ""'spells']""]",The Council of Zulkirs,"The Gnoll Legion, the Griffon Legion, the Undead Legion, hundreds of Red Wizards skilled at battle magic, various allied orc tribes, some mercenary forces",None,"['Common', 'Dwarven', 'Goblinoid', 'Gnoll', 'Halfling', 'Mulhorandi', 'Orcish', 'Thayan']","['Bane', 'Cyric', 'Gargauth', 'Kelemvor', 'Kossuth', 'Loviatar', 'Malar', 'Shar', 'Talona', 'Umberlee', 'the Mulhorandi pantheon (among the Mulan and slaves)']",4814533,24284,351777,75.3,4,76,0,"Dreams of the Red Wizards (Steve Perrin, 1988), Spellbound (Anthony Pryor, 1995), Unapproachable East (Richard Baker, Matt Forbeck, Sean K. Reynolds, 2003)","[""['artwork'"", ""'fruit'"", ""'grains'"", ""'jewellery'"", ""'magic items'"", ""'scriptures'"", ""'timber']""]","[""['iron'"", ""'magic items'"", ""'monsters'"", ""'slaves'"", ""'spells']""]","{""humans"": 1366.0, ""gnolls"": 7100.0, ""orcs"": 827.0, ""dwarves"": 0.0, ""goblins"": 0.0, ""halflings"": 0.0, ""misc."": 0.0}","{""Aristocratic"": 4.0, ""Wealthy"": 121.0, ""Comfortable"": 718.0, ""Modest"": 1719.0, ""Poor"": 2982.0, ""Squalid"": 2010.0, ""Wretched"": 493.0}"
Thazrumaros,Thay,Eltabbar,3862,588234,592,"{'humans': 3209, 'gnolls': 0, 'orcs': 3, 'dwarves': 602, 'goblins': 50, 'halflings': 0, 'misc.': 0}",62,Old age,['Patriarchy'],"{'Aristocratic': 0, 'Wealthy': 60, 'Comfortable': 281, 'Modest': 472, 'Poor': 1276, 'Squalid': 824, 'Wretched': 170}",0,"[""['artwork'"", ""'fruit'"", ""'grains'"", ""'jewellery'"", ""'magic items'"", ""'scriptures'"", ""'timber']""]","[""['iron'"", ""'magic items'"", ""'monsters'"", ""'slaves'"", ""'spells']""]",The Council of Zulkirs,"The Gnoll Legion, the Griffon Legion, the Undead Legion, hundreds of Red Wizards skilled at battle magic, various allied orc tribes, some mercenary forces",None,"['Common', 'Dwarven', 'Goblinoid', 'Gnoll', 'Halfling', 'Mulhorandi', 'Orcish', 'Thayan']","['Bane', 'Cyric', 'Gargauth', 'Kelemvor', 'Kossuth', 'Loviatar', 'Malar', 'Shar', 'Talona', 'Umberlee', 'the Mulhorandi pantheon (among the Mulan and slaves)']",4814533,24284,351777,94.8,3.5,64,0,"Dreams of the Red Wizards (Steve Perrin, 1988), Spellbound (Anthony Pryor, 1995), Unapproachable East (Richard Baker, Matt Forbeck, Sean K. Reynolds, 2003)","[""['artwork'"", ""'fruit'"", ""'grains'"", ""'jewellery'"", ""'magic items'"", ""'scriptures'"", ""'timber']""]","[""['iron'"", ""'magic items'"", ""'monsters'"", ""'slaves'"", ""'spells']""]","{""humans"": 3209.0, ""gnolls"": 0.0, ""orcs"": 3.0, ""dwarves"": 602.0, ""goblins"": 50.0, ""halflings"": 0.0, ""misc."": 0.0}","{""Aristocratic"": 0.0, ""Wealthy"": 60.0, ""Comfortable"": 281.0, ""Modest"": 472.0, ""Poor"": 1276.0, ""Squalid"": 824.0, ""Wretched"": 170.0}"
Tyraturos,Thay,Eltabbar,48200,9038604,33637,"{'humans': 48200, 'gnolls': 0, 'orcs': 0, 'dwarves': 0, 'goblins': 0, 'halflings': 0, 'misc.': 0}",45,Magic mishaps,['Patriarchy'],"{'Aristocratic': 167, 'Wealthy': 802, 'Comfortable': 4116, 'Modest': 7316, 'Poor': 14872, 'Squalid': 13629, 'Wretched': 3973}",10,"[""['artwork'"", ""'fruit'"", ""'grains'"", ""'jewellery'"", ""'magic items'"", ""'scriptures'"", ""'timber']""]","[""['iron'"", ""'magic items'"", ""'monsters'"", ""'slaves'"", ""'spells']""]",The Council of Zulkirs,"The Gnoll Legion, the Griffon Legion, the Undead Legion, hundreds of Red Wizards skilled at battle magic, various allied orc tribes, some mercenary forces",guilds,"['Common', 'Dwarven', 'Goblinoid', 'Gnoll', 'Halfling', 'Mulhorandi', 'Orcish', 'Thayan']","['Bane', 'Cyric', 'Gargauth', 'Kelemvor', 'Kossuth', 'Loviatar', 'Malar', 'Shar', 'Talona', 'Umberlee', 'the Mulhorandi pantheon (among the Mulan and slaves)']",4814533,24284,351777,91.4,4,55,0,"Dreams of the Red Wizards (Steve Perrin, 1988), Spellbound (Anthony Pryor, 1995), Unapproachable East (Richard Baker, Matt Forbeck, Sean K. Reynolds, 2003)","[""['artwork'"", ""'fruit'"", ""'grains'"", ""'jewellery'"", ""'magic items'"", ""'scriptures'"", ""'timber']""]","[""['iron'"", ""'magic items'"", ""'monsters'"", ""'slaves'"", ""'spells']""]","{""humans"": 48200.0, ""gnolls"": 0.0, ""orcs"": 0.0, ""dwarves"": 0.0, ""goblins"": 0.0, ""halflings"": 0.0, ""misc."": 0.0}","{""Aristocratic"": 167.0, ""Wealthy"": 802.0, ""Comfortable"": 4116.0, ""Modest"": 7316.0, ""Poor"": 14872.0, ""Squalid"": 13629.0, ""Wretched"": 3973.0}"
Umratharos,Thay,Eltabbar,228,30514,30,"{'humans': 89, 'gnolls': 131, 'orcs': 6, 'dwarves': 0, 'goblins': 0, 'halflings': 0, 'misc.': 0}",45,Starvation,['Feudalism'],"{'Aristocratic': 0, 'Wealthy': 0, 'Comfortable': 12, 'Modest': 38, 'Poor': 78, 'Squalid': 60, 'Wretched': 2}",0,"[""['artwork'"", ""'fruit'"", ""'grains'"", ""'jewellery'"", ""'magic items'"", ""'scriptures'"", ""'timber']""]","[""['iron'"", ""'magic items'"", ""'monsters'"", ""'slaves'"", ""'spells']""]",The Council of Zulkirs,"The Gnoll Legion, the Griffon Legion, the Undead Legion, hundreds of Red Wizards skilled at battle magic, various allied orc tribes, some mercenary forces",None,"['Common', 'Dwarven', 'Goblinoid', 'Gnoll', 'Halfling', 'Mulhorandi', 'Orcish', 'Thayan']","['Bane', 'Cyric', 'Gargauth', 'Kelemvor', 'Kossuth', 'Loviatar', 'Malar', 'Shar', 'Talona', 'Umberlee', 'the Mulhorandi pantheon (among the Mulan and slaves)']",4814533,24284,351777,65.4,9.5,70,0,"Dreams of the Red Wizards (Steve Perrin, 1988), Spellbound (Anthony Pryor, 1995), Unapproachable East (Richard Baker, Matt Forbeck, Sean K. Reynolds, 2003)","[""['artwork'"", ""'fruit'"", ""'grains'"", ""'jewellery'"", ""'magic items'"", ""'scriptures'"", ""'timber']""]","[""['iron'"", ""'magic items'"", ""'monsters'"", ""'slaves'"", ""'spells']""]","{""humans"": 89.0, ""gnolls"": 131.0, ""orcs"": 6.0, ""dwarves"": 0.0, ""goblins"": 0.0, ""halflings"": 0.0, ""misc."": 0.0}","{""Aristocratic"": 0.0, ""Wealthy"": 0.0, ""Comfortable"": 12.0, ""Modest"": 38.0, ""Poor"": 78.0, ""Squalid"": 60.0, ""Wretched"": 2.0}"
Whitebranch,Thay,Eltabbar,76,8395,8,"{'humans': 35, 'gnolls': 40, 'orcs': 0, 'dwarves': 0, 'goblins': 0, 'halflings': 0, 'misc.': 0}",47,Exposure to the elements,['Kleptocracy'],"{'Aristocratic': 0, 'Wealthy': 0, 'Comfortable': 5, 'Modest': 6, 'Poor': 24, 'Squalid': 22, 'Wretched': 0}",0,"[""['artwork'"", ""'fruit'"", ""'grains'"", ""'jewellery'"", ""'magic items'"", ""'scriptures'"", ""'timber']""]","[""['iron'"", ""'magic items'"", ""'monsters'"", ""'slaves'"", ""'spells']""]",The Council of Zulkirs,"The Gnoll Legion, the Griffon Legion, the Undead Legion, hundreds of Red Wizards skilled at battle magic, various allied orc tribes, some mercenary forces",None,"['Common', 'Dwarven', 'Goblinoid', 'Gnoll', 'Halfling', 'Mulhorandi', 'Orcish', 'Thayan']","['Bane', 'Cyric', 'Gargauth', 'Kelemvor', 'Kossuth', 'Loviatar', 'Malar', 'Shar', 'Talona', 'Umberlee', 'the Mulhorandi pantheon (among the Mulan and slaves)']",4814533,24284,351777,71.4,10,75,0,"Dreams of the Red Wizards (Steve Perrin, 1988), Spellbound (Anthony Pryor, 1995), Unapproachable East (Richard Baker, Matt Forbeck, Sean K. Reynolds, 2003)","[""['artwork'"", ""'fruit'"", ""'grains'"", ""'jewellery'"", ""'magic items'"", ""'scriptures'"", ""'timber']""]","[""['iron'"", ""'magic items'"", ""'monsters'"", ""'slaves'"", ""'spells']""]","{""humans"": 35.0, ""gnolls"": 40.0, ""orcs"": 0.0, ""dwarves"": 0.0, ""goblins"": 0.0, ""halflings"": 0.0, ""misc."": 0.0}","{""Aristocratic"": 0.0, ""Wealthy"": 0.0, ""Comfortable"": 5.0, ""Modest"": 6.0, ""Poor"": 24.0, ""Squalid"": 22.0, ""Wretched"": 0.0}"
Zolum,Thay,Eltabbar,3494,635939,639,"{'humans': 3389, 'gnolls': 0, 'orcs': 87, 'dwarves': 13, 'goblins': 0, 'halflings': 0, 'misc.': 0}",45,Exposure to the elements,['Satrapy'],"{'Aristocratic': 0, 'Wealthy': 53, 'Comfortable': 274, 'Modest': 678, 'Poor': 1183, 'Squalid': 677, 'Wretched': 219}",0,"[""['artwork'"", ""'fruit'"", ""'grains'"", ""'jewellery'"", ""'magic items'"", ""'scriptures'"", ""'timber']""]","[""['iron'"", ""'magic items'"", ""'monsters'"", ""'slaves'"", ""'spells']""]",The Council of Zulkirs,"The Gnoll Legion, the Griffon Legion, the Undead Legion, hundreds of Red Wizards skilled at battle magic, various allied orc tribes, some mercenary forces",None,"['Common', 'Dwarven', 'Goblinoid', 'Gnoll', 'Halfling', 'Mulhorandi', 'Orcish', 'Thayan']","['Bane', 'Cyric', 'Gargauth', 'Kelemvor', 'Kossuth', 'Loviatar', 'Malar', 'Shar', 'Talona', 'Umberlee', 'the Mulhorandi pantheon (among the Mulan and slaves)']",4814533,24284,351777,84.5,8.6,57,0,"Dreams of the Red Wizards (Steve Perrin, 1988), Spellbound (Anthony Pryor, 1995), Unapproachable East (Richard Baker, Matt Forbeck, Sean K. Reynolds, 2003)","[""['artwork'"", ""'fruit'"", ""'grains'"", ""'jewellery'"", ""'magic items'"", ""'scriptures'"", ""'timber']""]","[""['iron'"", ""'magic items'"", ""'monsters'"", ""'slaves'"", ""'spells']""]","{""humans"": 3389.0, ""gnolls"": 0.0, ""orcs"": 87.0, ""dwarves"": 13.0, ""goblins"": 0.0, ""halflings"": 0.0, ""misc."": 0.0}","{""Aristocratic"": 0.0, ""Wealthy"": 53.0, ""Comfortable"": 274.0, ""Modest"": 678.0, ""Poor"": 1183.0, ""Squalid"": 677.0, ""Wretched"": 219.0}"
Culdorn,Thesk,Uknown,9253,1471570,1521,"{'humans': 9253, 'gnomes': 0, 'orcs': 0, 'misc.': 0}",42,Old age,['Plutocracy'],"{'Aristocratic': 2, 'Wealthy': 172, 'Comfortable': 584, 'Modest': 1311, 'Poor': 3166, 'Squalid': 2115, 'Wretched': 396}",0,"[""['food'"", ""'gnome goods'"", ""'iron'"", ""'kara-turan goods']""]","[""['gold'"", ""'horses'"", ""'trade goods']""]",Merchant council,"Mercenary companies, local militias",None,"['Common', 'Damaran']","['Chauntea', 'Cyric', 'Mask', 'Shaundakul', 'Tymora', 'Waukeen']",843701,67,167745,49.3,49.9,72,0,"Spellbound (Anthony Pryor, 1995), Unapproachable East (Richard Baker, Matt Forbeck, Sean K. Reynolds, 2003)","[""['food'"", ""'gnome goods'"", ""'iron'"", ""'kara-turan goods']""]","[""['gold'"", ""'horses'"", ""'trade goods']""]","{""humans"": 9253.0, ""gnomes"": 0.0, ""orcs"": 0.0, ""misc."": 0.0}","{""Aristocratic"": 2.0, ""Wealthy"": 172.0, ""Comfortable"": 584.0, ""Modest"": 1311.0, ""Poor"": 3166.0, ""Squalid"": 2115.0, ""Wretched"": 396.0}"
Ethvale,Thesk,Uknown,8643,1347434,1370,"{'humans': 8643, 'gnomes': 0, 'orcs': 0, 'misc.': 0}",41,Assassination,['Feudalism'],"{'Aristocratic': 0, 'Wealthy': 151, 'Comfortable': 618, 'Modest': 1092, 'Poor': 2821, 'Squalid': 1954, 'Wretched': 572}",0,"[""['food'"", ""'gnome goods'"", ""'iron'"", ""'kara-turan goods']""]","[""['gold'"", ""'horses'"", ""'trade goods']""]",Merchant council,"Mercenary companies, local militias",None,"['Common', 'Damaran']","['Chauntea', 'Cyric', 'Mask', 'Shaundakul', 'Tymora', 'Waukeen']",843701,67,167745,65.3,41.1,79,0,"Spellbound (Anthony Pryor, 1995), Unapproachable East (Richard Baker, Matt Forbeck, Sean K. Reynolds, 2003)","[""['food'"", ""'gnome goods'"", ""'iron'"", ""'kara-turan goods']""]","[""['gold'"", ""'horses'"", ""'trade goods']""]","{""humans"": 8643.0, ""gnomes"": 0.0, ""orcs"": 0.0, ""misc."": 0.0}","{""Aristocratic"": 0.0, ""Wealthy"": 151.0, ""Comfortable"": 618.0, ""Modest"": 1092.0, ""Poor"": 2821.0, ""Squalid"": 1954.0, ""Wretched"": 572.0}"
Fullpoint,Thesk,Uknown,906,116617,116,"{'humans': 906, 'gnomes': 0, 'orcs': 0, 'misc.': 0}",47,Bandit attacks,['Democracy'],"{'Aristocratic': 0, 'Wealthy': 3, 'Comfortable': 43, 'Modest': 145, 'Poor': 292, 'Squalid': 181, 'Wretched': 13}",0,"[""['food'"", ""'gnome goods'"", ""'iron'"", ""'kara-turan goods']""]","[""['gold'"", ""'horses'"", ""'trade goods']""]",Merchant council,"Mercenary companies, local militias",None,"['Common', 'Damaran']","['Chauntea', 'Cyric', 'Mask', 'Shaundakul', 'Tymora', 'Waukeen']",843701,67,167745,53.7,41.2,98,0,"Spellbound (Anthony Pryor, 1995), Unapproachable East (Richard Baker, Matt Forbeck, Sean K. Reynolds, 2003)","[""['food'"", ""'gnome goods'"", ""'iron'"", ""'kara-turan goods']""]","[""['gold'"", ""'horses'"", ""'trade goods']""]","{""humans"": 906.0, ""gnomes"": 0.0, ""orcs"": 0.0, ""misc."": 0.0}","{""Aristocratic"": 0.0, ""Wealthy"": 3.0, ""Comfortable"": 43.0, ""Modest"": 145.0, ""Poor"": 292.0, ""Squalid"": 181.0, ""Wretched"": 13.0}"
Hill Town,Thesk,Uknown,911,118625,118,"{'humans': 384, 'gnomes': 40, 'orcs': 485, 'misc.': 0}",39,Poison,['Magocracy'],"{'Aristocratic': 0, 'Wealthy': 3, 'Comfortable': 45, 'Modest': 140, 'Poor': 310, 'Squalid': 210, 'Wretched': 13}",0,"[""['food'"", ""'gnome goods'"", ""'iron'"", ""'kara-turan goods']""]","[""['gold'"", ""'horses'"", ""'trade goods']""]",Merchant council,"Mercenary companies, local militias",None,"['Common', 'Damaran']","['Chauntea', 'Cyric', 'Mask', 'Shaundakul', 'Tymora', 'Waukeen']",843701,67,167745,51.4,35.5,71,0,"Spellbound (Anthony Pryor, 1995), Unapproachable East (Richard Baker, Matt Forbeck, Sean K. Reynolds, 2003)","[""['food'"", ""'gnome goods'"", ""'iron'"", ""'kara-turan goods']""]","[""['gold'"", ""'horses'"", ""'trade goods']""]","{""humans"": 384.0, ""gnomes"": 40.0, ""orcs"": 485.0, ""misc."": 0.0}","{""Aristocratic"": 0.0, ""Wealthy"": 3.0, ""Comfortable"": 45.0, ""Modest"": 140.0, ""Poor"": 310.0, ""Squalid"": 210.0, ""Wretched"": 13.0}"
Inkar,Thesk,Uknown,890,107711,107,"{'humans': 822, 'gnomes': 46, 'orcs': 4, 'misc.': 16}",54,Magic mishaps,['Patriarchy'],"{'Aristocratic': 0, 'Wealthy': 5, 'Comfortable': 45, 'Modest': 112, 'Poor': 270, 'Squalid': 191, 'Wretched': 16}",0,"[""['food'"", ""'gnome goods'"", ""'iron'"", ""'kara-turan goods']""]","[""['gold'"", ""'horses'"", ""'trade goods']""]",Merchant council,"Mercenary companies, local militias",None,"['Common', 'Damaran']","['Chauntea', 'Cyric', 'Mask', 'Shaundakul', 'Tymora', 'Waukeen']",843701,67,167745,67,32,53,0,"Spellbound (Anthony Pryor, 1995), Unapproachable East (Richard Baker, Matt Forbeck, Sean K. Reynolds, 2003)","[""['food'"", ""'gnome goods'"", ""'iron'"", ""'kara-turan goods']""]","[""['gold'"", ""'horses'"", ""'trade goods']""]","{""humans"": 822.0, ""gnomes"": 46.0, ""orcs"": 4.0, ""misc."": 16.0}","{""Aristocratic"": 0.0, ""Wealthy"": 5.0, ""Comfortable"": 45.0, ""Modest"": 112.0, ""Poor"": 270.0, ""Squalid"": 191.0, ""Wretched"": 16.0}"
Milvarune,Thesk,Uknown,5738,1025102,1038,"{'humans': 5738, 'gnomes': 0, 'orcs': 0, 'misc.': 0}",41,Magic mishaps,['Hierarchy'],"{'Aristocratic': 0, 'Wealthy': 92, 'Comfortable': 436, 'Modest': 1014, 'Poor': 1955, 'Squalid': 1635, 'Wretched': 413}",0,"[""['food'"", ""'gnome goods'"", ""'iron'"", ""'kara-turan goods']""]","[""['gold'"", ""'horses'"", ""'trade goods']""]",Merchant council,"Mercenary companies, local militias",None,"['Common', 'Damaran']","['Chauntea', 'Cyric', 'Mask', 'Shaundakul', 'Tymora', 'Waukeen']",843701,67,167745,57,49,51,0,"Spellbound (Anthony Pryor, 1995), Unapproachable East (Richard Baker, Matt Forbeck, Sean K. Reynolds, 2003)","[""['food'"", ""'gnome goods'"", ""'iron'"", ""'kara-turan goods']""]","[""['gold'"", ""'horses'"", ""'trade goods']""]","{""humans"": 5738.0, ""gnomes"": 0.0, ""orcs"": 0.0, ""misc."": 0.0}","{""Aristocratic"": 0.0, ""Wealthy"": 92.0, ""Comfortable"": 436.0, ""Modest"": 1014.0, ""Poor"": 1955.0, ""Squalid"": 1635.0, ""Wretched"": 413.0}"
Nyth,Thesk,Uknown,11312,2244275,2946,"{'humans': 11164, 'gnomes': 0, 'orcs': 147, 'misc.': 0}",44,Poison,['Theocracy'],"{'Aristocratic': 17, 'Wealthy': 133, 'Comfortable': 1291, 'Modest': 1653, 'Poor': 3829, 'Squalid': 4459, 'Wretched': 765}",0,"[""['food'"", ""'gnome goods'"", ""'iron'"", ""'kara-turan goods']""]","[""['gold'"", ""'horses'"", ""'trade goods']""]",Merchant council,"Mercenary companies, local militias",None,"['Common', 'Damaran']","['Chauntea', 'Cyric', 'Mask', 'Shaundakul', 'Tymora', 'Waukeen']",843701,67,167745,59.1,41.7,68,0,"Spellbound (Anthony Pryor, 1995), Unapproachable East (Richard Baker, Matt Forbeck, Sean K. Reynolds, 2003)","[""['food'"", ""'gnome goods'"", ""'iron'"", ""'kara-turan goods']""]","[""['gold'"", ""'horses'"", ""'trade goods']""]","{""humans"": 11164.0, ""gnomes"": 0.0, ""orcs"": 147.0, ""misc."": 0.0}","{""Aristocratic"": 17.0, ""Wealthy"": 133.0, ""Comfortable"": 1291.0, ""Modest"": 1653.0, ""Poor"": 3829.0, ""Squalid"": 4459.0, ""Wretched"": 765.0}"
Phent,Thesk,Uknown,8499,1149494,1192,"{'humans': 8499, 'gnomes': 0, 'orcs': 0, 'misc.': 0}",44,Work-related accidents,['Republic'],"{'Aristocratic': 3, 'Wealthy': 86, 'Comfortable': 540, 'Modest': 917, 'Poor': 2795, 'Squalid': 2193, 'Wretched': 624}",0,"[""['food'"", ""'gnome goods'"", ""'iron'"", ""'kara-turan goods']""]","[""['gold'"", ""'horses'"", ""'trade goods']""]",Merchant council,"Mercenary companies, local militias",None,"['Common', 'Damaran']","['Chauntea', 'Cyric', 'Mask', 'Shaundakul', 'Tymora', 'Waukeen']",843701,67,167745,67,45.8,88,0,"Spellbound (Anthony Pryor, 1995), Unapproachable East (Richard Baker, Matt Forbeck, Sean K. Reynolds, 2003)","[""['food'"", ""'gnome goods'"", ""'iron'"", ""'kara-turan goods']""]","[""['gold'"", ""'horses'"", ""'trade goods']""]","{""humans"": 8499.0, ""gnomes"": 0.0, ""orcs"": 0.0, ""misc."": 0.0}","{""Aristocratic"": 3.0, ""Wealthy"": 86.0, ""Comfortable"": 540.0, ""Modest"": 917.0, ""Poor"": 2795.0, ""Squalid"": 2193.0, ""Wretched"": 624.0}"
Phsant,Thesk,Uknown,210,19418,19,"{'humans': 209, 'gnomes': 0, 'orcs': 0, 'misc.': 0}",47,Magic mishaps,['Magocracy'],"{'Aristocratic': 0, 'Wealthy': 1, 'Comfortable': 9, 'Modest': 14, 'Poor': 67, 'Squalid': 38, 'Wretched': 2}",0,"[""['food'"", ""'gnome goods'"", ""'iron'"", ""'kara-turan goods']""]","[""['gold'"", ""'horses'"", ""'trade goods']""]",Merchant council,"Mercenary companies, local militias",None,"['Common', 'Damaran']","['Chauntea', 'Cyric', 'Mask', 'Shaundakul', 'Tymora', 'Waukeen']",843701,67,167745,45.6,46.1,84,0,"Spellbound (Anthony Pryor, 1995), Unapproachable East (Richard Baker, Matt Forbeck, Sean K. Reynolds, 2003)","[""['food'"", ""'gnome goods'"", ""'iron'"", ""'kara-turan goods']""]","[""['gold'"", ""'horses'"", ""'trade goods']""]","{""humans"": 209.0, ""gnomes"": 0.0, ""orcs"": 0.0, ""misc."": 0.0}","{""Aristocratic"": 0.0, ""Wealthy"": 1.0, ""Comfortable"": 9.0, ""Modest"": 14.0, ""Poor"": 67.0, ""Squalid"": 38.0, ""Wretched"": 2.0}"
Tammar,Thesk,Uknown,3541,728905,735,"{'humans': 3533, 'gnomes': 0, 'orcs': 7, 'misc.': 0}",42,Dueling accidents,['Meritocracy'],"{'Aristocratic': 0, 'Wealthy': 70, 'Comfortable': 279, 'Modest': 846, 'Poor': 1077, 'Squalid': 976, 'Wretched': 165}",0,"[""['food'"", ""'gnome goods'"", ""'iron'"", ""'kara-turan goods']""]","[""['gold'"", ""'horses'"", ""'trade goods']""]",Merchant council,"Mercenary companies, local militias",None,"['Common', 'Damaran']","['Chauntea', 'Cyric', 'Mask', 'Shaundakul', 'Tymora', 'Waukeen']",843701,67,167745,67,45.3,71,0,"Spellbound (Anthony Pryor, 1995), Unapproachable East (Richard Baker, Matt Forbeck, Sean K. Reynolds, 2003)","[""['food'"", ""'gnome goods'"", ""'iron'"", ""'kara-turan goods']""]","[""['gold'"", ""'horses'"", ""'trade goods']""]","{""humans"": 3533.0, ""gnomes"": 0.0, ""orcs"": 7.0, ""misc."": 0.0}","{""Aristocratic"": 0.0, ""Wealthy"": 70.0, ""Comfortable"": 279.0, ""Modest"": 846.0, ""Poor"": 1077.0, ""Squalid"": 976.0, ""Wretched"": 165.0}"
Thassalra,Thesk,Uknown,9097,1314401,1375,"{'humans': 8915, 'gnomes': 181, 'orcs': 0, 'misc.': 0}",46,Dueling accidents,['Magocracy'],"{'Aristocratic': 4, 'Wealthy': 116, 'Comfortable': 647, 'Modest': 953, 'Poor': 3171, 'Squalid': 2159, 'Wretched': 440}",0,"[""['food'"", ""'gnome goods'"", ""'iron'"", ""'kara-turan goods']""]","[""['gold'"", ""'horses'"", ""'trade goods']""]",Merchant council,"Mercenary companies, local militias",None,"['Common', 'Damaran']","['Chauntea', 'Cyric', 'Mask', 'Shaundakul', 'Tymora', 'Waukeen']",843701,67,167745,51.2,31.2,83,0,"Spellbound (Anthony Pryor, 1995), Unapproachable East (Richard Baker, Matt Forbeck, Sean K. Reynolds, 2003)","[""['food'"", ""'gnome goods'"", ""'iron'"", ""'kara-turan goods']""]","[""['gold'"", ""'horses'"", ""'trade goods']""]","{""humans"": 8915.0, ""gnomes"": 181.0, ""orcs"": 0.0, ""misc."": 0.0}","{""Aristocratic"": 4.0, ""Wealthy"": 116.0, ""Comfortable"": 647.0, ""Modest"": 953.0, ""Poor"": 3171.0, ""Squalid"": 2159.0, ""Wretched"": 440.0}"
Two-Stars,Thesk,Uknown,4773,789422,798,"{'humans': 4753, 'gnomes': 0, 'orcs': 19, 'misc.': 0}",44,Bandit attacks,['Bureaucracy'],"{'Aristocratic': 0, 'Wealthy': 94, 'Comfortable': 361, 'Modest': 597, 'Poor': 1655, 'Squalid': 1368, 'Wretched': 362}",0,"[""['food'"", ""'gnome goods'"", ""'iron'"", ""'kara-turan goods']""]","[""['gold'"", ""'horses'"", ""'trade goods']""]",Merchant council,"Mercenary companies, local militias",None,"['Common', 'Damaran']","['Chauntea', 'Cyric', 'Mask', 'Shaundakul', 'Tymora', 'Waukeen']",843701,67,167745,64.2,47.7,52,0,"Spellbound (Anthony Pryor, 1995), Unapproachable East (Richard Baker, Matt Forbeck, Sean K. Reynolds, 2003)","[""['food'"", ""'gnome goods'"", ""'iron'"", ""'kara-turan goods']""]","[""['gold'"", ""'horses'"", ""'trade goods']""]","{""humans"": 4753.0, ""gnomes"": 0.0, ""orcs"": 19.0, ""misc."": 0.0}","{""Aristocratic"": 0.0, ""Wealthy"": 94.0, ""Comfortable"": 361.0, ""Modest"": 597.0, ""Poor"": 1655.0, ""Squalid"": 1368.0, ""Wretched"": 362.0}"
Tezir-on-the-Marsh,Thesk,Uknown,8526,1401600,1438,"{'humans': 8474, 'gnomes': 51, 'orcs': 0, 'misc.': 0}",44,Magic mishaps,['Monarchy'],"{'Aristocratic': 1, 'Wealthy': 152, 'Comfortable': 633, 'Modest': 1210, 'Poor': 2634, 'Squalid': 2192, 'Wretched': 365}",0,"[""['food'"", ""'gnome goods'"", ""'iron'"", ""'kara-turan goods']""]","[""['gold'"", ""'horses'"", ""'trade goods']""]",Merchant council,"Mercenary companies, local militias",None,"['Common', 'Damaran']","['Chauntea', 'Cyric', 'Mask', 'Shaundakul', 'Tymora', 'Waukeen']",843701,67,167745,69.1,42.3,66,0,"Spellbound (Anthony Pryor, 1995), Unapproachable East (Richard Baker, Matt Forbeck, Sean K. Reynolds, 2003)","[""['food'"", ""'gnome goods'"", ""'iron'"", ""'kara-turan goods']""]","[""['gold'"", ""'horses'"", ""'trade goods']""]","{""humans"": 8474.0, ""gnomes"": 51.0, ""orcs"": 0.0, ""misc."": 0.0}","{""Aristocratic"": 1.0, ""Wealthy"": 152.0, ""Comfortable"": 633.0, ""Modest"": 1210.0, ""Poor"": 2634.0, ""Squalid"": 2192.0, ""Wretched"": 365.0}"
Alaghôn,Turmish,Alaghôn,38159,7429392,10628,"{'humans': 35831, 'dwarves': 2022, 'halflings': 0, 'elves': 0, 'gnomes': 0, 'half-elves': 0, 'half-orcs': 0, 'misc.': 305}",49,Old age,['Democracy'],"{'Aristocratic': 14, 'Wealthy': 1085, 'Comfortable': 3413, 'Modest': 5580, 'Poor': 11737, 'Squalid': 11211, 'Wretched': 3109}",16,"[""['glass'"", ""'grain'"", ""'lumber'"", ""'mercenaries'"", ""'salt']""]","[""['luxury goods'"", ""'metal']""]","The Assembly of Stars, chaired by Lord Herengar","Local militias, a strong standing navy and various mercenary companies, most notably the Call to Arms",guilds,"['Common', 'Chondathan', 'Turmic']","['Chauntea', 'Eldath', 'Helm', 'Lliira', 'Loviatar', 'Nobanion', 'Silvanus', 'Selûne', 'Tempus', 'Tyr']",1709843,9213,136421,54.4,30.3,72,0,"Elminster’s Everwinking Eye: Mysterious Turmish (Ed Greenwood in Polyhedron #96, 1994), Elminster’s Everwinking Eye: A Treasure Tour of Turmish (Ed Greenwood in Polyhedron #103, 1995), Vilhon Reach (Jim Butler & Ed Greenwood, 1996), The Jewel of Turmish (Mel Odom, 2002)","[""['glass'"", ""'grain'"", ""'lumber'"", ""'mercenaries'"", ""'salt']""]","[""['luxury goods'"", ""'metal']""]","{""humans"": 35831.0, ""dwarves"": 2022.0, ""halflings"": 0.0, ""elves"": 0.0, ""gnomes"": 0.0, ""half-elves"": 0.0, ""half-orcs"": 0.0, ""misc."": 305.0}","{""Aristocratic"": 14.0, ""Wealthy"": 1085.0, ""Comfortable"": 3413.0, ""Modest"": 5580.0, ""Poor"": 11737.0, ""Squalid"": 11211.0, ""Wretched"": 3109.0}"
Ayakar,Turmish,Alaghôn,4730,868992,875,"{'humans': 4730, 'dwarves': 0, 'halflings': 0, 'elves': 0, 'gnomes': 0, 'half-elves': 0, 'half-orcs': 0, 'misc.': 0}",43,Exposure to the elements,['Confederacy'],"{'Aristocratic': 0, 'Wealthy': 69, 'Comfortable': 352, 'Modest': 1002, 'Poor': 1534, 'Squalid': 920, 'Wretched': 256}",0,"[""['glass'"", ""'grain'"", ""'lumber'"", ""'mercenaries'"", ""'salt']""]","[""['luxury goods'"", ""'metal']""]","The Assembly of Stars, chaired by Lord Herengar","Local militias, a strong standing navy and various mercenary companies, most notably the Call to Arms",None,"['Common', 'Chondathan', 'Turmic']","['Chauntea', 'Eldath', 'Helm', 'Lliira', 'Loviatar', 'Nobanion', 'Silvanus', 'Selûne', 'Tempus', 'Tyr']",1709843,9213,136421,47.3,49.7,78,0,"Elminster’s Everwinking Eye: Mysterious Turmish (Ed Greenwood in Polyhedron #96, 1994), Elminster’s Everwinking Eye: A Treasure Tour of Turmish (Ed Greenwood in Polyhedron #103, 1995), Vilhon Reach (Jim Butler & Ed Greenwood, 1996), The Jewel of Turmish (Mel Odom, 2002)","[""['glass'"", ""'grain'"", ""'lumber'"", ""'mercenaries'"", ""'salt']""]","[""['luxury goods'"", ""'metal']""]","{""humans"": 4730.0, ""dwarves"": 0.0, ""halflings"": 0.0, ""elves"": 0.0, ""gnomes"": 0.0, ""half-elves"": 0.0, ""half-orcs"": 0.0, ""misc."": 0.0}","{""Aristocratic"": 0.0, ""Wealthy"": 69.0, ""Comfortable"": 352.0, ""Modest"": 1002.0, ""Poor"": 1534.0, ""Squalid"": 920.0, ""Wretched"": 256.0}"
Banathar,Turmish,Alaghôn,469,68109,68,"{'humans': 459, 'dwarves': 0, 'halflings': 0, 'elves': 9, 'gnomes': 0, 'half-elves': 0, 'half-orcs': 0, 'misc.': 0}",52,Disease,['Confederacy'],"{'Aristocratic': 0, 'Wealthy': 3, 'Comfortable': 31, 'Modest': 73, 'Poor': 143, 'Squalid': 110, 'Wretched': 6}",0,"[""['glass'"", ""'grain'"", ""'lumber'"", ""'mercenaries'"", ""'salt']""]","[""['luxury goods'"", ""'metal']""]","The Assembly of Stars, chaired by Lord Herengar","Local militias, a strong standing navy and various mercenary companies, most notably the Call to Arms",None,"['Common', 'Chondathan', 'Turmic']","['Chauntea', 'Eldath', 'Helm', 'Lliira', 'Loviatar', 'Nobanion', 'Silvanus', 'Selûne', 'Tempus', 'Tyr']",1709843,9213,136421,65.7,38.3,68,0,"Elminster’s Everwinking Eye: Mysterious Turmish (Ed Greenwood in Polyhedron #96, 1994), Elminster’s Everwinking Eye: A Treasure Tour of Turmish (Ed Greenwood in Polyhedron #103, 1995), Vilhon Reach (Jim Butler & Ed Greenwood, 1996), The Jewel of Turmish (Mel Odom, 2002)","[""['glass'"", ""'grain'"", ""'lumber'"", ""'mercenaries'"", ""'salt']""]","[""['luxury goods'"", ""'metal']""]","{""humans"": 459.0, ""dwarves"": 0.0, ""halflings"": 0.0, ""elves"": 9.0, ""gnomes"": 0.0, ""half-elves"": 0.0, ""half-orcs"": 0.0, ""misc."": 0.0}","{""Aristocratic"": 0.0, ""Wealthy"": 3.0, ""Comfortable"": 31.0, ""Modest"": 73.0, ""Poor"": 143.0, ""Squalid"": 110.0, ""Wretched"": 6.0}"
Bistal’s Bottom,Turmish,Alaghôn,6253,912281,938,"{'humans': 2870, 'dwarves': 431, 'halflings': 2226, 'elves': 0, 'gnomes': 719, 'half-elves': 0, 'half-orcs': 6, 'misc.': 0}",76,Magic mishaps,['Confederacy'],"{'Aristocratic': 2, 'Wealthy': 108, 'Comfortable': 400, 'Modest': 666, 'Poor': 2044, 'Squalid': 1726, 'Wretched': 266}",10,"[""['glass'"", ""'grain'"", ""'lumber'"", ""'mercenaries'"", ""'salt']""]","[""['luxury goods'"", ""'metal']""]","The Assembly of Stars, chaired by Lord Herengar","Local militias, a strong standing navy and various mercenary companies, most notably the Call to Arms",None,"['Common', 'Chondathan', 'Turmic']","['Chauntea', 'Eldath', 'Helm', 'Lliira', 'Loviatar', 'Nobanion', 'Silvanus', 'Selûne', 'Tempus', 'Tyr']",1709843,9213,136421,58.2,48.2,75,0,"Elminster’s Everwinking Eye: Mysterious Turmish (Ed Greenwood in Polyhedron #96, 1994), Elminster’s Everwinking Eye: A Treasure Tour of Turmish (Ed Greenwood in Polyhedron #103, 1995), Vilhon Reach (Jim Butler & Ed Greenwood, 1996), The Jewel of Turmish (Mel Odom, 2002)","[""['glass'"", ""'grain'"", ""'lumber'"", ""'mercenaries'"", ""'salt']""]","[""['luxury goods'"", ""'metal']""]","{""humans"": 2870.0, ""dwarves"": 431.0, ""halflings"": 2226.0, ""elves"": 0.0, ""gnomes"": 719.0, ""half-elves"": 0.0, ""half-orcs"": 6.0, ""misc."": 0.0}","{""Aristocratic"": 2.0, ""Wealthy"": 108.0, ""Comfortable"": 400.0, ""Modest"": 666.0, ""Poor"": 2044.0, ""Squalid"": 1726.0, ""Wretched"": 266.0}"
Centaur Bridge,Turmish,Alaghôn,481,62962,62,"{'humans': 475, 'dwarves': 0, 'halflings': 5, 'elves': 0, 'gnomes': 0, 'half-elves': 0, 'half-orcs': 0, 'misc.': 0}",46,Disease,['Militocracy'],"{'Aristocratic': 0, 'Wealthy': 4, 'Comfortable': 21, 'Modest': 73, 'Poor': 161, 'Squalid': 93, 'Wretched': 6}",0,"[""['glass'"", ""'grain'"", ""'lumber'"", ""'mercenaries'"", ""'salt']""]","[""['luxury goods'"", ""'metal']""]","The Assembly of Stars, chaired by Lord Herengar","Local militias, a strong standing navy and various mercenary companies, most notably the Call to Arms",None,"['Common', 'Chondathan', 'Turmic']","['Chauntea', 'Eldath', 'Helm', 'Lliira', 'Loviatar', 'Nobanion', 'Silvanus', 'Selûne', 'Tempus', 'Tyr']",1709843,9213,136421,62.7,40.1,53,0,"Elminster’s Everwinking Eye: Mysterious Turmish (Ed Greenwood in Polyhedron #96, 1994), Elminster’s Everwinking Eye: A Treasure Tour of Turmish (Ed Greenwood in Polyhedron #103, 1995), Vilhon Reach (Jim Butler & Ed Greenwood, 1996), The Jewel of Turmish (Mel Odom, 2002)","[""['glass'"", ""'grain'"", ""'lumber'"", ""'mercenaries'"", ""'salt']""]","[""['luxury goods'"", ""'metal']""]","{""humans"": 475.0, ""dwarves"": 0.0, ""halflings"": 5.0, ""elves"": 0.0, ""gnomes"": 0.0, ""half-elves"": 0.0, ""half-orcs"": 0.0, ""misc."": 0.0}","{""Aristocratic"": 0.0, ""Wealthy"": 4.0, ""Comfortable"": 21.0, ""Modest"": 73.0, ""Poor"": 161.0, ""Squalid"": 93.0, ""Wretched"": 6.0}"
Daroush,Turmish,Alaghôn,8325,1584574,1626,"{'humans': 6243, 'dwarves': 124, 'halflings': 441, 'elves': 1498, 'gnomes': 0, 'half-elves': 0, 'half-orcs': 16, 'misc.': 0}",99,Disease,['Feudalism'],"{'Aristocratic': 1, 'Wealthy': 147, 'Comfortable': 588, 'Modest': 1834, 'Poor': 2531, 'Squalid': 2271, 'Wretched': 387}",6,"[""['glass'"", ""'grain'"", ""'lumber'"", ""'mercenaries'"", ""'salt']""]","[""['luxury goods'"", ""'metal']""]","The Assembly of Stars, chaired by Lord Herengar","Local militias, a strong standing navy and various mercenary companies, most notably the Call to Arms",None,"['Common', 'Chondathan', 'Turmic']","['Chauntea', 'Eldath', 'Helm', 'Lliira', 'Loviatar', 'Nobanion', 'Silvanus', 'Selûne', 'Tempus', 'Tyr']",1709843,9213,136421,50.3,36.9,66,0,"Elminster’s Everwinking Eye: Mysterious Turmish (Ed Greenwood in Polyhedron #96, 1994), Elminster’s Everwinking Eye: A Treasure Tour of Turmish (Ed Greenwood in Polyhedron #103, 1995), Vilhon Reach (Jim Butler & Ed Greenwood, 1996), The Jewel of Turmish (Mel Odom, 2002)","[""['glass'"", ""'grain'"", ""'lumber'"", ""'mercenaries'"", ""'salt']""]","[""['luxury goods'"", ""'metal']""]","{""humans"": 6243.0, ""dwarves"": 124.0, ""halflings"": 441.0, ""elves"": 1498.0, ""gnomes"": 0.0, ""half-elves"": 0.0, ""half-orcs"": 16.0, ""misc."": 0.0}","{""Aristocratic"": 1.0, ""Wealthy"": 147.0, ""Comfortable"": 588.0, ""Modest"": 1834.0, ""Poor"": 2531.0, ""Squalid"": 2271.0, ""Wretched"": 387.0}"
Dauntshield,Turmish,Alaghôn,428,55005,55,"{'humans': 363, 'dwarves': 28, 'halflings': 0, 'elves': 0, 'gnomes': 0, 'half-elves': 35, 'half-orcs': 0, 'misc.': 0}",56,Exposure to the elements,['Republic'],"{'Aristocratic': 0, 'Wealthy': 1, 'Comfortable': 19, 'Modest': 69, 'Poor': 135, 'Squalid': 127, 'Wretched': 4}",0,"[""['glass'"", ""'grain'"", ""'lumber'"", ""'mercenaries'"", ""'salt']""]","[""['luxury goods'"", ""'metal']""]","The Assembly of Stars, chaired by Lord Herengar","Local militias, a strong standing navy and various mercenary companies, most notably the Call to Arms",None,"['Common', 'Chondathan', 'Turmic']","['Chauntea', 'Eldath', 'Helm', 'Lliira', 'Loviatar', 'Nobanion', 'Silvanus', 'Selûne', 'Tempus', 'Tyr']",1709843,9213,136421,56.4,47.1,57,0,"Elminster’s Everwinking Eye: Mysterious Turmish (Ed Greenwood in Polyhedron #96, 1994), Elminster’s Everwinking Eye: A Treasure Tour of Turmish (Ed Greenwood in Polyhedron #103, 1995), Vilhon Reach (Jim Butler & Ed Greenwood, 1996), The Jewel of Turmish (Mel Odom, 2002)","[""['glass'"", ""'grain'"", ""'lumber'"", ""'mercenaries'"", ""'salt']""]","[""['luxury goods'"", ""'metal']""]","{""humans"": 363.0, ""dwarves"": 28.0, ""halflings"": 0.0, ""elves"": 0.0, ""gnomes"": 0.0, ""half-elves"": 35.0, ""half-orcs"": 0.0, ""misc."": 0.0}","{""Aristocratic"": 0.0, ""Wealthy"": 1.0, ""Comfortable"": 19.0, ""Modest"": 69.0, ""Poor"": 135.0, ""Squalid"": 127.0, ""Wretched"": 4.0}"
Faerie Well,Turmish,Alaghôn,836,97966,98,"{'humans': 621, 'dwarves': 214, 'halflings': 0, 'elves': 0, 'gnomes': 0, 'half-elves': 0, 'half-orcs': 0, 'misc.': 0}",69,Bandit attacks,['Theocracy'],"{'Aristocratic': 0, 'Wealthy': 6, 'Comfortable': 53, 'Modest': 68, 'Poor': 260, 'Squalid': 184, 'Wretched': 14}",0,"[""['glass'"", ""'grain'"", ""'lumber'"", ""'mercenaries'"", ""'salt']""]","[""['luxury goods'"", ""'metal']""]","The Assembly of Stars, chaired by Lord Herengar","Local militias, a strong standing navy and various mercenary companies, most notably the Call to Arms",None,"['Common', 'Chondathan', 'Turmic']","['Chauntea', 'Eldath', 'Helm', 'Lliira', 'Loviatar', 'Nobanion', 'Silvanus', 'Selûne', 'Tempus', 'Tyr']",1709843,9213,136421,67.5,48,77,0,"Elminster’s Everwinking Eye: Mysterious Turmish (Ed Greenwood in Polyhedron #96, 1994), Elminster’s Everwinking Eye: A Treasure Tour of Turmish (Ed Greenwood in Polyhedron #103, 1995), Vilhon Reach (Jim Butler & Ed Greenwood, 1996), The Jewel of Turmish (Mel Odom, 2002)","[""['glass'"", ""'grain'"", ""'lumber'"", ""'mercenaries'"", ""'salt']""]","[""['luxury goods'"", ""'metal']""]","{""humans"": 621.0, ""dwarves"": 214.0, ""halflings"": 0.0, ""elves"": 0.0, ""gnomes"": 0.0, ""half-elves"": 0.0, ""half-orcs"": 0.0, ""misc."": 0.0}","{""Aristocratic"": 0.0, ""Wealthy"": 6.0, ""Comfortable"": 53.0, ""Modest"": 68.0, ""Poor"": 260.0, ""Squalid"": 184.0, ""Wretched"": 14.0}"
Five Lions,Turmish,Alaghôn,5010,851143,858,"{'humans': 5010, 'dwarves': 0, 'halflings': 0, 'elves': 0, 'gnomes': 0, 'half-elves': 0, 'half-orcs': 0, 'misc.': 0}",41,Magic mishaps,['Democracy'],"{'Aristocratic': 0, 'Wealthy': 79, 'Comfortable': 321, 'Modest': 976, 'Poor': 1537, 'Squalid': 905, 'Wretched': 158}",0,"[""['glass'"", ""'grain'"", ""'lumber'"", ""'mercenaries'"", ""'salt']""]","[""['luxury goods'"", ""'metal']""]","The Assembly of Stars, chaired by Lord Herengar","Local militias, a strong standing navy and various mercenary companies, most notably the Call to Arms",None,"['Common', 'Chondathan', 'Turmic']","['Chauntea', 'Eldath', 'Helm', 'Lliira', 'Loviatar', 'Nobanion', 'Silvanus', 'Selûne', 'Tempus', 'Tyr']",1709843,9213,136421,63.8,35.6,56,0,"Elminster’s Everwinking Eye: Mysterious Turmish (Ed Greenwood in Polyhedron #96, 1994), Elminster’s Everwinking Eye: A Treasure Tour of Turmish (Ed Greenwood in Polyhedron #103, 1995), Vilhon Reach (Jim Butler & Ed Greenwood, 1996), The Jewel of Turmish (Mel Odom, 2002)","[""['glass'"", ""'grain'"", ""'lumber'"", ""'mercenaries'"", ""'salt']""]","[""['luxury goods'"", ""'metal']""]","{""humans"": 5010.0, ""dwarves"": 0.0, ""halflings"": 0.0, ""elves"": 0.0, ""gnomes"": 0.0, ""half-elves"": 0.0, ""half-orcs"": 0.0, ""misc."": 0.0}","{""Aristocratic"": 0.0, ""Wealthy"": 79.0, ""Comfortable"": 321.0, ""Modest"": 976.0, ""Poor"": 1537.0, ""Squalid"": 905.0, ""Wretched"": 158.0}"
Gildenglade,Turmish,Alaghôn,4625,703647,715,"{'humans': 4625, 'dwarves': 0, 'halflings': 0, 'elves': 0, 'gnomes': 0, 'half-elves': 0, 'half-orcs': 0, 'misc.': 0}",42,Work-related accidents,['Bureaucracy'],"{'Aristocratic': 1, 'Wealthy': 60, 'Comfortable': 301, 'Modest': 645, 'Poor': 1494, 'Squalid': 1320, 'Wretched': 222}",9,"[""['glass'"", ""'grain'"", ""'lumber'"", ""'mercenaries'"", ""'salt']""]","[""['luxury goods'"", ""'metal']""]","The Assembly of Stars, chaired by Lord Herengar","Local militias, a strong standing navy and various mercenary companies, most notably the Call to Arms",None,"['Common', 'Chondathan', 'Turmic']","['Chauntea', 'Eldath', 'Helm', 'Lliira', 'Loviatar', 'Nobanion', 'Silvanus', 'Selûne', 'Tempus', 'Tyr']",1709843,9213,136421,57.4,40.3,44,0,"Elminster’s Everwinking Eye: Mysterious Turmish (Ed Greenwood in Polyhedron #96, 1994), Elminster’s Everwinking Eye: A Treasure Tour of Turmish (Ed Greenwood in Polyhedron #103, 1995), Vilhon Reach (Jim Butler & Ed Greenwood, 1996), The Jewel of Turmish (Mel Odom, 2002)","[""['glass'"", ""'grain'"", ""'lumber'"", ""'mercenaries'"", ""'salt']""]","[""['luxury goods'"", ""'metal']""]","{""humans"": 4625.0, ""dwarves"": 0.0, ""halflings"": 0.0, ""elves"": 0.0, ""gnomes"": 0.0, ""half-elves"": 0.0, ""half-orcs"": 0.0, ""misc."": 0.0}","{""Aristocratic"": 1.0, ""Wealthy"": 60.0, ""Comfortable"": 301.0, ""Modest"": 645.0, ""Poor"": 1494.0, ""Squalid"": 1320.0, ""Wretched"": 222.0}"
Holdensword,Turmish,Alaghôn,21788,4381058,8895,"{'humans': 21788, 'dwarves': 0, 'halflings': 0, 'elves': 0, 'gnomes': 0, 'half-elves': 0, 'half-orcs': 0, 'misc.': 0}",43,Exposure to the elements,['Monarchy'],"{'Aristocratic': 59, 'Wealthy': 634, 'Comfortable': 1975, 'Modest': 2701, 'Poor': 7024, 'Squalid': 8211, 'Wretched': 1334}",4,"[""['glass'"", ""'grain'"", ""'lumber'"", ""'mercenaries'"", ""'salt']""]","[""['luxury goods'"", ""'metal']""]","The Assembly of Stars, chaired by Lord Herengar","Local militias, a strong standing navy and various mercenary companies, most notably the Call to Arms",guilds,"['Common', 'Chondathan', 'Turmic']","['Chauntea', 'Eldath', 'Helm', 'Lliira', 'Loviatar', 'Nobanion', 'Silvanus', 'Selûne', 'Tempus', 'Tyr']",1709843,9213,136421,54.4,40.9,75,0,"Elminster’s Everwinking Eye: Mysterious Turmish (Ed Greenwood in Polyhedron #96, 1994), Elminster’s Everwinking Eye: A Treasure Tour of Turmish (Ed Greenwood in Polyhedron #103, 1995), Vilhon Reach (Jim Butler & Ed Greenwood, 1996), The Jewel of Turmish (Mel Odom, 2002)","[""['glass'"", ""'grain'"", ""'lumber'"", ""'mercenaries'"", ""'salt']""]","[""['luxury goods'"", ""'metal']""]","{""humans"": 21788.0, ""dwarves"": 0.0, ""halflings"": 0.0, ""elves"": 0.0, ""gnomes"": 0.0, ""half-elves"": 0.0, ""half-orcs"": 0.0, ""misc."": 0.0}","{""Aristocratic"": 59.0, ""Wealthy"": 634.0, ""Comfortable"": 1975.0, ""Modest"": 2701.0, ""Poor"": 7024.0, ""Squalid"": 8211.0, ""Wretched"": 1334.0}"
Illowwood,Turmish,Alaghôn,480,72781,72,"{'humans': 49, 'dwarves': 375, 'halflings': 0, 'elves': 0, 'gnomes': 0, 'half-elves': 0, 'half-orcs': 55, 'misc.': 0}",138,Bandit attacks,['Theocracy'],"{'Aristocratic': 0, 'Wealthy': 3, 'Comfortable': 29, 'Modest': 91, 'Poor': 146, 'Squalid': 92, 'Wretched': 9}",0,"[""['glass'"", ""'grain'"", ""'lumber'"", ""'mercenaries'"", ""'salt']""]","[""['luxury goods'"", ""'metal']""]","The Assembly of Stars, chaired by Lord Herengar","Local militias, a strong standing navy and various mercenary companies, most notably the Call to Arms",None,"['Common', 'Chondathan', 'Turmic']","['Chauntea', 'Eldath', 'Helm', 'Lliira', 'Loviatar', 'Nobanion', 'Silvanus', 'Selûne', 'Tempus', 'Tyr']",1709843,9213,136421,46,44,68,0,"Elminster’s Everwinking Eye: Mysterious Turmish (Ed Greenwood in Polyhedron #96, 1994), Elminster’s Everwinking Eye: A Treasure Tour of Turmish (Ed Greenwood in Polyhedron #103, 1995), Vilhon Reach (Jim Butler & Ed Greenwood, 1996), The Jewel of Turmish (Mel Odom, 2002)","[""['glass'"", ""'grain'"", ""'lumber'"", ""'mercenaries'"", ""'salt']""]","[""['luxury goods'"", ""'metal']""]","{""humans"": 49.0, ""dwarves"": 375.0, ""halflings"": 0.0, ""elves"": 0.0, ""gnomes"": 0.0, ""half-elves"": 0.0, ""half-orcs"": 55.0, ""misc."": 0.0}","{""Aristocratic"": 0.0, ""Wealthy"": 3.0, ""Comfortable"": 29.0, ""Modest"": 91.0, ""Poor"": 146.0, ""Squalid"": 92.0, ""Wretched"": 9.0}"
Ironcloak,Turmish,Alaghôn,5010,755659,774,"{'humans': 2720, 'dwarves': 0, 'halflings': 2289, 'elves': 0, 'gnomes': 0, 'half-elves': 0, 'half-orcs': 0, 'misc.': 0}",53,Bandit attacks,['Theocracy'],"{'Aristocratic': 2, 'Wealthy': 84, 'Comfortable': 309, 'Modest': 671, 'Poor': 1569, 'Squalid': 1115, 'Wretched': 184}",16,"[""['glass'"", ""'grain'"", ""'lumber'"", ""'mercenaries'"", ""'salt']""]","[""['luxury goods'"", ""'metal']""]","The Assembly of Stars, chaired by Lord Herengar","Local militias, a strong standing navy and various mercenary companies, most notably the Call to Arms",None,"['Common', 'Chondathan', 'Turmic']","['Chauntea', 'Eldath', 'Helm', 'Lliira', 'Loviatar', 'Nobanion', 'Silvanus', 'Selûne', 'Tempus', 'Tyr']",1709843,9213,136421,56.9,31,50,0,"Elminster’s Everwinking Eye: Mysterious Turmish (Ed Greenwood in Polyhedron #96, 1994), Elminster’s Everwinking Eye: A Treasure Tour of Turmish (Ed Greenwood in Polyhedron #103, 1995), Vilhon Reach (Jim Butler & Ed Greenwood, 1996), The Jewel of Turmish (Mel Odom, 2002)","[""['glass'"", ""'grain'"", ""'lumber'"", ""'mercenaries'"", ""'salt']""]","[""['luxury goods'"", ""'metal']""]","{""humans"": 2720.0, ""dwarves"": 0.0, ""halflings"": 2289.0, ""elves"": 0.0, ""gnomes"": 0.0, ""half-elves"": 0.0, ""half-orcs"": 0.0, ""misc."": 0.0}","{""Aristocratic"": 2.0, ""Wealthy"": 84.0, ""Comfortable"": 309.0, ""Modest"": 671.0, ""Poor"": 1569.0, ""Squalid"": 1115.0, ""Wretched"": 184.0}"
Ironfang Deep,Turmish,Alaghôn,9029,1350719,1410,"{'humans': 8216, 'dwarves': 0, 'halflings': 812, 'elves': 0, 'gnomes': 0, 'half-elves': 0, 'half-orcs': 0, 'misc.': 0}",47,Bandit attacks,['Kleptocracy'],"{'Aristocratic': 4, 'Wealthy': 124, 'Comfortable': 676, 'Modest': 1025, 'Poor': 3121, 'Squalid': 1634, 'Wretched': 489}",7,"[""['glass'"", ""'grain'"", ""'lumber'"", ""'mercenaries'"", ""'salt']""]","[""['luxury goods'"", ""'metal']""]","The Assembly of Stars, chaired by Lord Herengar","Local militias, a strong standing navy and various mercenary companies, most notably the Call to Arms",None,"['Common', 'Chondathan', 'Turmic']","['Chauntea', 'Eldath', 'Helm', 'Lliira', 'Loviatar', 'Nobanion', 'Silvanus', 'Selûne', 'Tempus', 'Tyr']",1709843,9213,136421,67.7,48.5,76,0,"Elminster’s Everwinking Eye: Mysterious Turmish (Ed Greenwood in Polyhedron #96, 1994), Elminster’s Everwinking Eye: A Treasure Tour of Turmish (Ed Greenwood in Polyhedron #103, 1995), Vilhon Reach (Jim Butler & Ed Greenwood, 1996), The Jewel of Turmish (Mel Odom, 2002)","[""['glass'"", ""'grain'"", ""'lumber'"", ""'mercenaries'"", ""'salt']""]","[""['luxury goods'"", ""'metal']""]","{""humans"": 8216.0, ""dwarves"": 0.0, ""halflings"": 812.0, ""elves"": 0.0, ""gnomes"": 0.0, ""half-elves"": 0.0, ""half-orcs"": 0.0, ""misc."": 0.0}","{""Aristocratic"": 4.0, ""Wealthy"": 124.0, ""Comfortable"": 676.0, ""Modest"": 1025.0, ""Poor"": 3121.0, ""Squalid"": 1634.0, ""Wretched"": 489.0}"
Jathrin’s Jump,Turmish,Alaghôn,509,59641,59,"{'humans': 502, 'dwarves': 5, 'halflings': 1, 'elves': 0, 'gnomes': 0, 'half-elves': 0, 'half-orcs': 0, 'misc.': 0}",46,Work-related accidents,['Dictatorship'],"{'Aristocratic': 0, 'Wealthy': 2, 'Comfortable': 27, 'Modest': 56, 'Poor': 168, 'Squalid': 118, 'Wretched': 9}",0,"[""['glass'"", ""'grain'"", ""'lumber'"", ""'mercenaries'"", ""'salt']""]","[""['luxury goods'"", ""'metal']""]","The Assembly of Stars, chaired by Lord Herengar","Local militias, a strong standing navy and various mercenary companies, most notably the Call to Arms",None,"['Common', 'Chondathan', 'Turmic']","['Chauntea', 'Eldath', 'Helm', 'Lliira', 'Loviatar', 'Nobanion', 'Silvanus', 'Selûne', 'Tempus', 'Tyr']",1709843,9213,136421,49.9,30.1,77,0,"Elminster’s Everwinking Eye: Mysterious Turmish (Ed Greenwood in Polyhedron #96, 1994), Elminster’s Everwinking Eye: A Treasure Tour of Turmish (Ed Greenwood in Polyhedron #103, 1995), Vilhon Reach (Jim Butler & Ed Greenwood, 1996), The Jewel of Turmish (Mel Odom, 2002)","[""['glass'"", ""'grain'"", ""'lumber'"", ""'mercenaries'"", ""'salt']""]","[""['luxury goods'"", ""'metal']""]","{""humans"": 502.0, ""dwarves"": 5.0, ""halflings"": 1.0, ""elves"": 0.0, ""gnomes"": 0.0, ""half-elves"": 0.0, ""half-orcs"": 0.0, ""misc."": 0.0}","{""Aristocratic"": 0.0, ""Wealthy"": 2.0, ""Comfortable"": 27.0, ""Modest"": 56.0, ""Poor"": 168.0, ""Squalid"": 118.0, ""Wretched"": 9.0}"
Karthoon,Turmish,Alaghôn,31887,5643666,15807,"{'humans': 31887, 'dwarves': 0, 'halflings': 0, 'elves': 0, 'gnomes': 0, 'half-elves': 0, 'half-orcs': 0, 'misc.': 0}",44,Disease,['Feudalism'],"{'Aristocratic': 110, 'Wealthy': 685, 'Comfortable': 2333, 'Modest': 4051, 'Poor': 10405, 'Squalid': 8241, 'Wretched': 2098}",16,"[""['glass'"", ""'grain'"", ""'lumber'"", ""'mercenaries'"", ""'salt']""]","[""['luxury goods'"", ""'metal']""]","The Assembly of Stars, chaired by Lord Herengar","Local militias, a strong standing navy and various mercenary companies, most notably the Call to Arms",guilds,"['Common', 'Chondathan', 'Turmic']","['Chauntea', 'Eldath', 'Helm', 'Lliira', 'Loviatar', 'Nobanion', 'Silvanus', 'Selûne', 'Tempus', 'Tyr']",1709843,9213,136421,53.2,43.8,69,0,"Elminster’s Everwinking Eye: Mysterious Turmish (Ed Greenwood in Polyhedron #96, 1994), Elminster’s Everwinking Eye: A Treasure Tour of Turmish (Ed Greenwood in Polyhedron #103, 1995), Vilhon Reach (Jim Butler & Ed Greenwood, 1996), The Jewel of Turmish (Mel Odom, 2002)","[""['glass'"", ""'grain'"", ""'lumber'"", ""'mercenaries'"", ""'salt']""]","[""['luxury goods'"", ""'metal']""]","{""humans"": 31887.0, ""dwarves"": 0.0, ""halflings"": 0.0, ""elves"": 0.0, ""gnomes"": 0.0, ""half-elves"": 0.0, ""half-orcs"": 0.0, ""misc."": 0.0}","{""Aristocratic"": 110.0, ""Wealthy"": 685.0, ""Comfortable"": 2333.0, ""Modest"": 4051.0, ""Poor"": 10405.0, ""Squalid"": 8241.0, ""Wretched"": 2098.0}"
Merrydell,Turmish,Alaghôn,8681,1577895,1617,"{'humans': 7022, 'dwarves': 1658, 'halflings': 0, 'elves': 0, 'gnomes': 0, 'half-elves': 0, 'half-orcs': 0, 'misc.': 0}",68,Magic mishaps,['Oligarchy'],"{'Aristocratic': 1, 'Wealthy': 133, 'Comfortable': 579, 'Modest': 1833, 'Poor': 2820, 'Squalid': 2260, 'Wretched': 328}",4,"[""['glass'"", ""'grain'"", ""'lumber'"", ""'mercenaries'"", ""'salt']""]","[""['luxury goods'"", ""'metal']""]","The Assembly of Stars, chaired by Lord Herengar","Local militias, a strong standing navy and various mercenary companies, most notably the Call to Arms",None,"['Common', 'Chondathan', 'Turmic']","['Chauntea', 'Eldath', 'Helm', 'Lliira', 'Loviatar', 'Nobanion', 'Silvanus', 'Selûne', 'Tempus', 'Tyr']",1709843,9213,136421,60.9,48.1,77,0,"Elminster’s Everwinking Eye: Mysterious Turmish (Ed Greenwood in Polyhedron #96, 1994), Elminster’s Everwinking Eye: A Treasure Tour of Turmish (Ed Greenwood in Polyhedron #103, 1995), Vilhon Reach (Jim Butler & Ed Greenwood, 1996), The Jewel of Turmish (Mel Odom, 2002)","[""['glass'"", ""'grain'"", ""'lumber'"", ""'mercenaries'"", ""'salt']""]","[""['luxury goods'"", ""'metal']""]","{""humans"": 7022.0, ""dwarves"": 1658.0, ""halflings"": 0.0, ""elves"": 0.0, ""gnomes"": 0.0, ""half-elves"": 0.0, ""half-orcs"": 0.0, ""misc."": 0.0}","{""Aristocratic"": 1.0, ""Wealthy"": 133.0, ""Comfortable"": 579.0, ""Modest"": 1833.0, ""Poor"": 2820.0, ""Squalid"": 2260.0, ""Wretched"": 328.0}"
Moonhunt Down,Turmish,Alaghôn,2708,378030,382,"{'humans': 2664, 'dwarves': 10, 'halflings': 0, 'elves': 0, 'gnomes': 29, 'half-elves': 0, 'half-orcs': 0, 'misc.': 0}",46,Magic mishaps,['Satrapy'],"{'Aristocratic': 1, 'Wealthy': 31, 'Comfortable': 168, 'Modest': 299, 'Poor': 934, 'Squalid': 799, 'Wretched': 111}",10,"[""['glass'"", ""'grain'"", ""'lumber'"", ""'mercenaries'"", ""'salt']""]","[""['luxury goods'"", ""'metal']""]","The Assembly of Stars, chaired by Lord Herengar","Local militias, a strong standing navy and various mercenary companies, most notably the Call to Arms",None,"['Common', 'Chondathan', 'Turmic']","['Chauntea', 'Eldath', 'Helm', 'Lliira', 'Loviatar', 'Nobanion', 'Silvanus', 'Selûne', 'Tempus', 'Tyr']",1709843,9213,136421,58.1,33.1,47,0,"Elminster’s Everwinking Eye: Mysterious Turmish (Ed Greenwood in Polyhedron #96, 1994), Elminster’s Everwinking Eye: A Treasure Tour of Turmish (Ed Greenwood in Polyhedron #103, 1995), Vilhon Reach (Jim Butler & Ed Greenwood, 1996), The Jewel of Turmish (Mel Odom, 2002)","[""['glass'"", ""'grain'"", ""'lumber'"", ""'mercenaries'"", ""'salt']""]","[""['luxury goods'"", ""'metal']""]","{""humans"": 2664.0, ""dwarves"": 10.0, ""halflings"": 0.0, ""elves"": 0.0, ""gnomes"": 29.0, ""half-elves"": 0.0, ""half-orcs"": 0.0, ""misc."": 0.0}","{""Aristocratic"": 1.0, ""Wealthy"": 31.0, ""Comfortable"": 168.0, ""Modest"": 299.0, ""Poor"": 934.0, ""Squalid"": 799.0, ""Wretched"": 111.0}"
Morningstar Hollows,Turmish,Alaghôn,18518,3960250,7538,"{'humans': 18036, 'dwarves': 18, 'halflings': 0, 'elves': 37, 'gnomes': 0, 'half-elves': 425, 'half-orcs': 0, 'misc.': 0}",45,Assassination,['Confederacy'],"{'Aristocratic': 55, 'Wealthy': 355, 'Comfortable': 2268, 'Modest': 2754, 'Poor': 5800, 'Squalid': 4300, 'Wretched': 1817}",6,"[""['glass'"", ""'grain'"", ""'lumber'"", ""'mercenaries'"", ""'salt']""]","[""['luxury goods'"", ""'metal']""]","The Assembly of Stars, chaired by Lord Herengar","Local militias, a strong standing navy and various mercenary companies, most notably the Call to Arms",guilds,"['Common', 'Chondathan', 'Turmic']","['Chauntea', 'Eldath', 'Helm', 'Lliira', 'Loviatar', 'Nobanion', 'Silvanus', 'Selûne', 'Tempus', 'Tyr']",1709843,9213,136421,48.3,34.6,52,0,"Elminster’s Everwinking Eye: Mysterious Turmish (Ed Greenwood in Polyhedron #96, 1994), Elminster’s Everwinking Eye: A Treasure Tour of Turmish (Ed Greenwood in Polyhedron #103, 1995), Vilhon Reach (Jim Butler & Ed Greenwood, 1996), The Jewel of Turmish (Mel Odom, 2002)","[""['glass'"", ""'grain'"", ""'lumber'"", ""'mercenaries'"", ""'salt']""]","[""['luxury goods'"", ""'metal']""]","{""humans"": 18036.0, ""dwarves"": 18.0, ""halflings"": 0.0, ""elves"": 37.0, ""gnomes"": 0.0, ""half-elves"": 425.0, ""half-orcs"": 0.0, ""misc."": 0.0}","{""Aristocratic"": 55.0, ""Wealthy"": 355.0, ""Comfortable"": 2268.0, ""Modest"": 2754.0, ""Poor"": 5800.0, ""Squalid"": 4300.0, ""Wretched"": 1817.0}"
Nonthal,Turmish,Alaghôn,13325,2697897,5069,"{'humans': 13218, 'dwarves': 0, 'halflings': 106, 'elves': 0, 'gnomes': 0, 'half-elves': 0, 'half-orcs': 0, 'misc.': 0}",45,Dueling accidents,['Magocracy'],"{'Aristocratic': 55, 'Wealthy': 258, 'Comfortable': 995, 'Modest': 2655, 'Poor': 4409, 'Squalid': 2827, 'Wretched': 1183}",11,"[""['glass'"", ""'grain'"", ""'lumber'"", ""'mercenaries'"", ""'salt']""]","[""['luxury goods'"", ""'metal']""]","The Assembly of Stars, chaired by Lord Herengar","Local militias, a strong standing navy and various mercenary companies, most notably the Call to Arms",None,"['Common', 'Chondathan', 'Turmic']","['Chauntea', 'Eldath', 'Helm', 'Lliira', 'Loviatar', 'Nobanion', 'Silvanus', 'Selûne', 'Tempus', 'Tyr']",1709843,9213,136421,56,48.4,87,0,"Elminster’s Everwinking Eye: Mysterious Turmish (Ed Greenwood in Polyhedron #96, 1994), Elminster’s Everwinking Eye: A Treasure Tour of Turmish (Ed Greenwood in Polyhedron #103, 1995), Vilhon Reach (Jim Butler & Ed Greenwood, 1996), The Jewel of Turmish (Mel Odom, 2002)","[""['glass'"", ""'grain'"", ""'lumber'"", ""'mercenaries'"", ""'salt']""]","[""['luxury goods'"", ""'metal']""]","{""humans"": 13218.0, ""dwarves"": 0.0, ""halflings"": 106.0, ""elves"": 0.0, ""gnomes"": 0.0, ""half-elves"": 0.0, ""half-orcs"": 0.0, ""misc."": 0.0}","{""Aristocratic"": 55.0, ""Wealthy"": 258.0, ""Comfortable"": 995.0, ""Modest"": 2655.0, ""Poor"": 4409.0, ""Squalid"": 2827.0, ""Wretched"": 1183.0}"
Peldrathan’s Pool,Turmish,Alaghôn,951,130743,130,"{'humans': 895, 'dwarves': 0, 'halflings': 55, 'elves': 0, 'gnomes': 0, 'half-elves': 0, 'half-orcs': 0, 'misc.': 0}",48,Old age,['Theocracy'],"{'Aristocratic': 0, 'Wealthy': 1, 'Comfortable': 47, 'Modest': 174, 'Poor': 327, 'Squalid': 208, 'Wretched': 11}",0,"[""['glass'"", ""'grain'"", ""'lumber'"", ""'mercenaries'"", ""'salt']""]","[""['luxury goods'"", ""'metal']""]","The Assembly of Stars, chaired by Lord Herengar","Local militias, a strong standing navy and various mercenary companies, most notably the Call to Arms",None,"['Common', 'Chondathan', 'Turmic']","['Chauntea', 'Eldath', 'Helm', 'Lliira', 'Loviatar', 'Nobanion', 'Silvanus', 'Selûne', 'Tempus', 'Tyr']",1709843,9213,136421,48.2,46.6,75,0,"Elminster’s Everwinking Eye: Mysterious Turmish (Ed Greenwood in Polyhedron #96, 1994), Elminster’s Everwinking Eye: A Treasure Tour of Turmish (Ed Greenwood in Polyhedron #103, 1995), Vilhon Reach (Jim Butler & Ed Greenwood, 1996), The Jewel of Turmish (Mel Odom, 2002)","[""['glass'"", ""'grain'"", ""'lumber'"", ""'mercenaries'"", ""'salt']""]","[""['luxury goods'"", ""'metal']""]","{""humans"": 895.0, ""dwarves"": 0.0, ""halflings"": 55.0, ""elves"": 0.0, ""gnomes"": 0.0, ""half-elves"": 0.0, ""half-orcs"": 0.0, ""misc."": 0.0}","{""Aristocratic"": 0.0, ""Wealthy"": 1.0, ""Comfortable"": 47.0, ""Modest"": 174.0, ""Poor"": 327.0, ""Squalid"": 208.0, ""Wretched"": 11.0}"
Oberiner’s Well,Turmish,Alaghôn,6557,1006816,1025,"{'humans': 6497, 'dwarves': 0, 'halflings': 0, 'elves': 6, 'gnomes': 52, 'half-elves': 0, 'half-orcs': 0, 'misc.': 0}",43,Assassination,['Gerontocracy'],"{'Aristocratic': 1, 'Wealthy': 89, 'Comfortable': 442, 'Modest': 946, 'Poor': 2187, 'Squalid': 1250, 'Wretched': 239}",16,"[""['glass'"", ""'grain'"", ""'lumber'"", ""'mercenaries'"", ""'salt']""]","[""['luxury goods'"", ""'metal']""]","The Assembly of Stars, chaired by Lord Herengar","Local militias, a strong standing navy and various mercenary companies, most notably the Call to Arms",None,"['Common', 'Chondathan', 'Turmic']","['Chauntea', 'Eldath', 'Helm', 'Lliira', 'Loviatar', 'Nobanion', 'Silvanus', 'Selûne', 'Tempus', 'Tyr']",1709843,9213,136421,55.8,48.7,69,0,"Elminster’s Everwinking Eye: Mysterious Turmish (Ed Greenwood in Polyhedron #96, 1994), Elminster’s Everwinking Eye: A Treasure Tour of Turmish (Ed Greenwood in Polyhedron #103, 1995), Vilhon Reach (Jim Butler & Ed Greenwood, 1996), The Jewel of Turmish (Mel Odom, 2002)","[""['glass'"", ""'grain'"", ""'lumber'"", ""'mercenaries'"", ""'salt']""]","[""['luxury goods'"", ""'metal']""]","{""humans"": 6497.0, ""dwarves"": 0.0, ""halflings"": 0.0, ""elves"": 6.0, ""gnomes"": 52.0, ""half-elves"": 0.0, ""half-orcs"": 0.0, ""misc."": 0.0}","{""Aristocratic"": 1.0, ""Wealthy"": 89.0, ""Comfortable"": 442.0, ""Modest"": 946.0, ""Poor"": 2187.0, ""Squalid"": 1250.0, ""Wretched"": 239.0}"
Quorngar,Turmish,Alaghôn,375,47085,47,"{'humans': 8, 'dwarves': 346, 'halflings': 0, 'elves': 3, 'gnomes': 0, 'half-elves': 17, 'half-orcs': 0, 'misc.': 0}",158,Exposure to the elements,['Hierarchy'],"{'Aristocratic': 0, 'Wealthy': 1, 'Comfortable': 19, 'Modest': 56, 'Poor': 127, 'Squalid': 56, 'Wretched': 5}",0,"[""['glass'"", ""'grain'"", ""'lumber'"", ""'mercenaries'"", ""'salt']""]","[""['luxury goods'"", ""'metal']""]","The Assembly of Stars, chaired by Lord Herengar","Local militias, a strong standing navy and various mercenary companies, most notably the Call to Arms",None,"['Common', 'Chondathan', 'Turmic']","['Chauntea', 'Eldath', 'Helm', 'Lliira', 'Loviatar', 'Nobanion', 'Silvanus', 'Selûne', 'Tempus', 'Tyr']",1709843,9213,136421,68.1,32.4,71,0,"Elminster’s Everwinking Eye: Mysterious Turmish (Ed Greenwood in Polyhedron #96, 1994), Elminster’s Everwinking Eye: A Treasure Tour of Turmish (Ed Greenwood in Polyhedron #103, 1995), Vilhon Reach (Jim Butler & Ed Greenwood, 1996), The Jewel of Turmish (Mel Odom, 2002)","[""['glass'"", ""'grain'"", ""'lumber'"", ""'mercenaries'"", ""'salt']""]","[""['luxury goods'"", ""'metal']""]","{""humans"": 8.0, ""dwarves"": 346.0, ""halflings"": 0.0, ""elves"": 3.0, ""gnomes"": 0.0, ""half-elves"": 17.0, ""half-orcs"": 0.0, ""misc."": 0.0}","{""Aristocratic"": 0.0, ""Wealthy"": 1.0, ""Comfortable"": 19.0, ""Modest"": 56.0, ""Poor"": 127.0, ""Squalid"": 56.0, ""Wretched"": 5.0}"
Ravilar’s Cloak,Turmish,Alaghôn,744,81869,81,"{'humans': 732, 'dwarves': 0, 'halflings': 10, 'elves': 0, 'gnomes': 0, 'half-elves': 0, 'half-orcs': 0, 'misc.': 0}",38,Poison,['Republic'],"{'Aristocratic': 0, 'Wealthy': 5, 'Comfortable': 40, 'Modest': 61, 'Poor': 250, 'Squalid': 133, 'Wretched': 8}",0,"[""['glass'"", ""'grain'"", ""'lumber'"", ""'mercenaries'"", ""'salt']""]","[""['luxury goods'"", ""'metal']""]","The Assembly of Stars, chaired by Lord Herengar","Local militias, a strong standing navy and various mercenary companies, most notably the Call to Arms",None,"['Common', 'Chondathan', 'Turmic']","['Chauntea', 'Eldath', 'Helm', 'Lliira', 'Loviatar', 'Nobanion', 'Silvanus', 'Selûne', 'Tempus', 'Tyr']",1709843,9213,136421,45.7,32.7,72,0,"Elminster’s Everwinking Eye: Mysterious Turmish (Ed Greenwood in Polyhedron #96, 1994), Elminster’s Everwinking Eye: A Treasure Tour of Turmish (Ed Greenwood in Polyhedron #103, 1995), Vilhon Reach (Jim Butler & Ed Greenwood, 1996), The Jewel of Turmish (Mel Odom, 2002)","[""['glass'"", ""'grain'"", ""'lumber'"", ""'mercenaries'"", ""'salt']""]","[""['luxury goods'"", ""'metal']""]","{""humans"": 732.0, ""dwarves"": 0.0, ""halflings"": 10.0, ""elves"": 0.0, ""gnomes"": 0.0, ""half-elves"": 0.0, ""half-orcs"": 0.0, ""misc."": 0.0}","{""Aristocratic"": 0.0, ""Wealthy"": 5.0, ""Comfortable"": 40.0, ""Modest"": 61.0, ""Poor"": 250.0, ""Squalid"": 133.0, ""Wretched"": 8.0}"
Regalia,Turmish,Alaghôn,667,68656,68,"{'humans': 665, 'dwarves': 1, 'halflings': 0, 'elves': 0, 'gnomes': 0, 'half-elves': 0, 'half-orcs': 0, 'misc.': 0}",43,Magic mishaps,['Oligarchy'],"{'Aristocratic': 0, 'Wealthy': 0, 'Comfortable': 37, 'Modest': 50, 'Poor': 230, 'Squalid': 181, 'Wretched': 13}",0,"[""['glass'"", ""'grain'"", ""'lumber'"", ""'mercenaries'"", ""'salt']""]","[""['luxury goods'"", ""'metal']""]","The Assembly of Stars, chaired by Lord Herengar","Local militias, a strong standing navy and various mercenary companies, most notably the Call to Arms",None,"['Common', 'Chondathan', 'Turmic']","['Chauntea', 'Eldath', 'Helm', 'Lliira', 'Loviatar', 'Nobanion', 'Silvanus', 'Selûne', 'Tempus', 'Tyr']",1709843,9213,136421,47.7,30.1,56,0,"Elminster’s Everwinking Eye: Mysterious Turmish (Ed Greenwood in Polyhedron #96, 1994), Elminster’s Everwinking Eye: A Treasure Tour of Turmish (Ed Greenwood in Polyhedron #103, 1995), Vilhon Reach (Jim Butler & Ed Greenwood, 1996), The Jewel of Turmish (Mel Odom, 2002)","[""['glass'"", ""'grain'"", ""'lumber'"", ""'mercenaries'"", ""'salt']""]","[""['luxury goods'"", ""'metal']""]","{""humans"": 665.0, ""dwarves"": 1.0, ""halflings"": 0.0, ""elves"": 0.0, ""gnomes"": 0.0, ""half-elves"": 0.0, ""half-orcs"": 0.0, ""misc."": 0.0}","{""Aristocratic"": 0.0, ""Wealthy"": 0.0, ""Comfortable"": 37.0, ""Modest"": 50.0, ""Poor"": 230.0, ""Squalid"": 181.0, ""Wretched"": 13.0}"
Sambryntyn,Turmish,Alaghôn,5077,1010137,1021,"{'humans': 4548, 'dwarves': 0, 'halflings': 15, 'elves': 0, 'gnomes': 512, 'half-elves': 0, 'half-orcs': 0, 'misc.': 0}",57,Assassination,['Confederacy'],"{'Aristocratic': 0, 'Wealthy': 93, 'Comfortable': 365, 'Modest': 1212, 'Poor': 1622, 'Squalid': 1291, 'Wretched': 247}",0,"[""['glass'"", ""'grain'"", ""'lumber'"", ""'mercenaries'"", ""'salt']""]","[""['luxury goods'"", ""'metal']""]","The Assembly of Stars, chaired by Lord Herengar","Local militias, a strong standing navy and various mercenary companies, most notably the Call to Arms",None,"['Common', 'Chondathan', 'Turmic']","['Chauntea', 'Eldath', 'Helm', 'Lliira', 'Loviatar', 'Nobanion', 'Silvanus', 'Selûne', 'Tempus', 'Tyr']",1709843,9213,136421,48.8,39.1,72,0,"Elminster’s Everwinking Eye: Mysterious Turmish (Ed Greenwood in Polyhedron #96, 1994), Elminster’s Everwinking Eye: A Treasure Tour of Turmish (Ed Greenwood in Polyhedron #103, 1995), Vilhon Reach (Jim Butler & Ed Greenwood, 1996), The Jewel of Turmish (Mel Odom, 2002)","[""['glass'"", ""'grain'"", ""'lumber'"", ""'mercenaries'"", ""'salt']""]","[""['luxury goods'"", ""'metal']""]","{""humans"": 4548.0, ""dwarves"": 0.0, ""halflings"": 15.0, ""elves"": 0.0, ""gnomes"": 512.0, ""half-elves"": 0.0, ""half-orcs"": 0.0, ""misc."": 0.0}","{""Aristocratic"": 0.0, ""Wealthy"": 93.0, ""Comfortable"": 365.0, ""Modest"": 1212.0, ""Poor"": 1622.0, ""Squalid"": 1291.0, ""Wretched"": 247.0}"
Starfall,Turmish,Alaghôn,4807,832565,847,"{'humans': 4581, 'dwarves': 0, 'halflings': 225, 'elves': 0, 'gnomes': 0, 'half-elves': 0, 'half-orcs': 0, 'misc.': 0}",41,Assassination,['Plutocracy'],"{'Aristocratic': 1, 'Wealthy': 77, 'Comfortable': 380, 'Modest': 771, 'Poor': 1519, 'Squalid': 1282, 'Wretched': 337}",13,"[""['glass'"", ""'grain'"", ""'lumber'"", ""'mercenaries'"", ""'salt']""]","[""['luxury goods'"", ""'metal']""]","The Assembly of Stars, chaired by Lord Herengar","Local militias, a strong standing navy and various mercenary companies, most notably the Call to Arms",None,"['Common', 'Chondathan', 'Turmic']","['Chauntea', 'Eldath', 'Helm', 'Lliira', 'Loviatar', 'Nobanion', 'Silvanus', 'Selûne', 'Tempus', 'Tyr']",1709843,9213,136421,48.3,40.4,65,0,"Elminster’s Everwinking Eye: Mysterious Turmish (Ed Greenwood in Polyhedron #96, 1994), Elminster’s Everwinking Eye: A Treasure Tour of Turmish (Ed Greenwood in Polyhedron #103, 1995), Vilhon Reach (Jim Butler & Ed Greenwood, 1996), The Jewel of Turmish (Mel Odom, 2002)","[""['glass'"", ""'grain'"", ""'lumber'"", ""'mercenaries'"", ""'salt']""]","[""['luxury goods'"", ""'metal']""]","{""humans"": 4581.0, ""dwarves"": 0.0, ""halflings"": 225.0, ""elves"": 0.0, ""gnomes"": 0.0, ""half-elves"": 0.0, ""half-orcs"": 0.0, ""misc."": 0.0}","{""Aristocratic"": 1.0, ""Wealthy"": 77.0, ""Comfortable"": 380.0, ""Modest"": 771.0, ""Poor"": 1519.0, ""Squalid"": 1282.0, ""Wretched"": 337.0}"
Swordslake Creek,Turmish,Alaghôn,759,100995,101,"{'humans': 749, 'dwarves': 0, 'halflings': 9, 'elves': 0, 'gnomes': 0, 'half-elves': 0, 'half-orcs': 0, 'misc.': 0}",47,Old age,['Republic'],"{'Aristocratic': 0, 'Wealthy': 7, 'Comfortable': 52, 'Modest': 85, 'Poor': 233, 'Squalid': 131, 'Wretched': 15}",0,"[""['glass'"", ""'grain'"", ""'lumber'"", ""'mercenaries'"", ""'salt']""]","[""['luxury goods'"", ""'metal']""]","The Assembly of Stars, chaired by Lord Herengar","Local militias, a strong standing navy and various mercenary companies, most notably the Call to Arms",None,"['Common', 'Chondathan', 'Turmic']","['Chauntea', 'Eldath', 'Helm', 'Lliira', 'Loviatar', 'Nobanion', 'Silvanus', 'Selûne', 'Tempus', 'Tyr']",1709843,9213,136421,69.7,46.1,86,0,"Elminster’s Everwinking Eye: Mysterious Turmish (Ed Greenwood in Polyhedron #96, 1994), Elminster’s Everwinking Eye: A Treasure Tour of Turmish (Ed Greenwood in Polyhedron #103, 1995), Vilhon Reach (Jim Butler & Ed Greenwood, 1996), The Jewel of Turmish (Mel Odom, 2002)","[""['glass'"", ""'grain'"", ""'lumber'"", ""'mercenaries'"", ""'salt']""]","[""['luxury goods'"", ""'metal']""]","{""humans"": 749.0, ""dwarves"": 0.0, ""halflings"": 9.0, ""elves"": 0.0, ""gnomes"": 0.0, ""half-elves"": 0.0, ""half-orcs"": 0.0, ""misc."": 0.0}","{""Aristocratic"": 0.0, ""Wealthy"": 7.0, ""Comfortable"": 52.0, ""Modest"": 85.0, ""Poor"": 233.0, ""Squalid"": 131.0, ""Wretched"": 15.0}"
Tamring,Turmish,Alaghôn,6718,1245635,1282,"{'humans': 6718, 'dwarves': 0, 'halflings': 0, 'elves': 0, 'gnomes': 0, 'half-elves': 0, 'half-orcs': 0, 'misc.': 0}",42,Exposure to the elements,['Feudalism'],"{'Aristocratic': 2, 'Wealthy': 109, 'Comfortable': 534, 'Modest': 1301, 'Poor': 2045, 'Squalid': 1787, 'Wretched': 342}",8,"[""['glass'"", ""'grain'"", ""'lumber'"", ""'mercenaries'"", ""'salt']""]","[""['luxury goods'"", ""'metal']""]","The Assembly of Stars, chaired by Lord Herengar","Local militias, a strong standing navy and various mercenary companies, most notably the Call to Arms",None,"['Common', 'Chondathan', 'Turmic']","['Chauntea', 'Eldath', 'Helm', 'Lliira', 'Loviatar', 'Nobanion', 'Silvanus', 'Selûne', 'Tempus', 'Tyr']",1709843,9213,136421,59.8,32.5,47,0,"Elminster’s Everwinking Eye: Mysterious Turmish (Ed Greenwood in Polyhedron #96, 1994), Elminster’s Everwinking Eye: A Treasure Tour of Turmish (Ed Greenwood in Polyhedron #103, 1995), Vilhon Reach (Jim Butler & Ed Greenwood, 1996), The Jewel of Turmish (Mel Odom, 2002)","[""['glass'"", ""'grain'"", ""'lumber'"", ""'mercenaries'"", ""'salt']""]","[""['luxury goods'"", ""'metal']""]","{""humans"": 6718.0, ""dwarves"": 0.0, ""halflings"": 0.0, ""elves"": 0.0, ""gnomes"": 0.0, ""half-elves"": 0.0, ""half-orcs"": 0.0, ""misc."": 0.0}","{""Aristocratic"": 2.0, ""Wealthy"": 109.0, ""Comfortable"": 534.0, ""Modest"": 1301.0, ""Poor"": 2045.0, ""Squalid"": 1787.0, ""Wretched"": 342.0}"
Ulver’s Lance,Turmish,Alaghôn,9855,1463540,1537,"{'humans': 5706, 'dwarves': 0, 'halflings': 0, 'elves': 4148, 'gnomes': 0, 'half-elves': 0, 'half-orcs': 0, 'misc.': 0}",170,Starvation,['Gerontocracy'],"{'Aristocratic': 4, 'Wealthy': 179, 'Comfortable': 605, 'Modest': 1157, 'Poor': 3306, 'Squalid': 2255, 'Wretched': 418}",12,"[""['glass'"", ""'grain'"", ""'lumber'"", ""'mercenaries'"", ""'salt']""]","[""['luxury goods'"", ""'metal']""]","The Assembly of Stars, chaired by Lord Herengar","Local militias, a strong standing navy and various mercenary companies, most notably the Call to Arms",None,"['Common', 'Chondathan', 'Turmic']","['Chauntea', 'Eldath', 'Helm', 'Lliira', 'Loviatar', 'Nobanion', 'Silvanus', 'Selûne', 'Tempus', 'Tyr']",1709843,9213,136421,47.7,30.2,58,0,"Elminster’s Everwinking Eye: Mysterious Turmish (Ed Greenwood in Polyhedron #96, 1994), Elminster’s Everwinking Eye: A Treasure Tour of Turmish (Ed Greenwood in Polyhedron #103, 1995), Vilhon Reach (Jim Butler & Ed Greenwood, 1996), The Jewel of Turmish (Mel Odom, 2002)","[""['glass'"", ""'grain'"", ""'lumber'"", ""'mercenaries'"", ""'salt']""]","[""['luxury goods'"", ""'metal']""]","{""humans"": 5706.0, ""dwarves"": 0.0, ""halflings"": 0.0, ""elves"": 4148.0, ""gnomes"": 0.0, ""half-elves"": 0.0, ""half-orcs"": 0.0, ""misc."": 0.0}","{""Aristocratic"": 4.0, ""Wealthy"": 179.0, ""Comfortable"": 605.0, ""Modest"": 1157.0, ""Poor"": 3306.0, ""Squalid"": 2255.0, ""Wretched"": 418.0}"
Velorn’s Valor,Turmish,Alaghôn,489,47413,47,"{'humans': 488, 'dwarves': 0, 'halflings': 0, 'elves': 0, 'gnomes': 0, 'half-elves': 0, 'half-orcs': 0, 'misc.': 0}",45,Poison,['Matriarchy'],"{'Aristocratic': 0, 'Wealthy': 1, 'Comfortable': 21, 'Modest': 43, 'Poor': 160, 'Squalid': 89, 'Wretched': 6}",0,"[""['glass'"", ""'grain'"", ""'lumber'"", ""'mercenaries'"", ""'salt']""]","[""['luxury goods'"", ""'metal']""]","The Assembly of Stars, chaired by Lord Herengar","Local militias, a strong standing navy and various mercenary companies, most notably the Call to Arms",None,"['Common', 'Chondathan', 'Turmic']","['Chauntea', 'Eldath', 'Helm', 'Lliira', 'Loviatar', 'Nobanion', 'Silvanus', 'Selûne', 'Tempus', 'Tyr']",1709843,9213,136421,45.8,30.9,62,0,"Elminster’s Everwinking Eye: Mysterious Turmish (Ed Greenwood in Polyhedron #96, 1994), Elminster’s Everwinking Eye: A Treasure Tour of Turmish (Ed Greenwood in Polyhedron #103, 1995), Vilhon Reach (Jim Butler & Ed Greenwood, 1996), The Jewel of Turmish (Mel Odom, 2002)","[""['glass'"", ""'grain'"", ""'lumber'"", ""'mercenaries'"", ""'salt']""]","[""['luxury goods'"", ""'metal']""]","{""humans"": 488.0, ""dwarves"": 0.0, ""halflings"": 0.0, ""elves"": 0.0, ""gnomes"": 0.0, ""half-elves"": 0.0, ""half-orcs"": 0.0, ""misc."": 0.0}","{""Aristocratic"": 0.0, ""Wealthy"": 1.0, ""Comfortable"": 21.0, ""Modest"": 43.0, ""Poor"": 160.0, ""Squalid"": 89.0, ""Wretched"": 6.0}"
Vollermore,Turmish,Alaghôn,493,65846,65,"{'humans': 259, 'dwarves': 52, 'halflings': 80, 'elves': 100, 'gnomes': 0, 'half-elves': 0, 'half-orcs': 0, 'misc.': 0}",124,Old age,['Bureaucracy'],"{'Aristocratic': 0, 'Wealthy': 3, 'Comfortable': 28, 'Modest': 68, 'Poor': 152, 'Squalid': 140, 'Wretched': 7}",0,"[""['glass'"", ""'grain'"", ""'lumber'"", ""'mercenaries'"", ""'salt']""]","[""['luxury goods'"", ""'metal']""]","The Assembly of Stars, chaired by Lord Herengar","Local militias, a strong standing navy and various mercenary companies, most notably the Call to Arms",None,"['Common', 'Chondathan', 'Turmic']","['Chauntea', 'Eldath', 'Helm', 'Lliira', 'Loviatar', 'Nobanion', 'Silvanus', 'Selûne', 'Tempus', 'Tyr']",1709843,9213,136421,62.5,38.5,59,0,"Elminster’s Everwinking Eye: Mysterious Turmish (Ed Greenwood in Polyhedron #96, 1994), Elminster’s Everwinking Eye: A Treasure Tour of Turmish (Ed Greenwood in Polyhedron #103, 1995), Vilhon Reach (Jim Butler & Ed Greenwood, 1996), The Jewel of Turmish (Mel Odom, 2002)","[""['glass'"", ""'grain'"", ""'lumber'"", ""'mercenaries'"", ""'salt']""]","[""['luxury goods'"", ""'metal']""]","{""humans"": 259.0, ""dwarves"": 52.0, ""halflings"": 80.0, ""elves"": 100.0, ""gnomes"": 0.0, ""half-elves"": 0.0, ""half-orcs"": 0.0, ""misc."": 0.0}","{""Aristocratic"": 0.0, ""Wealthy"": 3.0, ""Comfortable"": 28.0, ""Modest"": 68.0, ""Poor"": 152.0, ""Squalid"": 140.0, ""Wretched"": 7.0}"
Wyvernstone,Turmish,Alaghôn,4862,882935,903,"{'humans': 14, 'dwarves': 0, 'halflings': 0, 'elves': 0, 'gnomes': 354, 'half-elves': 0, 'half-orcs': 4487, 'misc.': 0}",40,Dueling accidents,['Plutocracy'],"{'Aristocratic': 2, 'Wealthy': 50, 'Comfortable': 360, 'Modest': 1029, 'Poor': 1625, 'Squalid': 1250, 'Wretched': 349}",8,"[""['glass'"", ""'grain'"", ""'lumber'"", ""'mercenaries'"", ""'salt']""]","[""['luxury goods'"", ""'metal']""]","The Assembly of Stars, chaired by Lord Herengar","Local militias, a strong standing navy and various mercenary companies, most notably the Call to Arms",None,"['Common', 'Chondathan', 'Turmic']","['Chauntea', 'Eldath', 'Helm', 'Lliira', 'Loviatar', 'Nobanion', 'Silvanus', 'Selûne', 'Tempus', 'Tyr']",1709843,9213,136421,69.1,37.1,59,0,"Elminster’s Everwinking Eye: Mysterious Turmish (Ed Greenwood in Polyhedron #96, 1994), Elminster’s Everwinking Eye: A Treasure Tour of Turmish (Ed Greenwood in Polyhedron #103, 1995), Vilhon Reach (Jim Butler & Ed Greenwood, 1996), The Jewel of Turmish (Mel Odom, 2002)","[""['glass'"", ""'grain'"", ""'lumber'"", ""'mercenaries'"", ""'salt']""]","[""['luxury goods'"", ""'metal']""]","{""humans"": 14.0, ""dwarves"": 0.0, ""halflings"": 0.0, ""elves"": 0.0, ""gnomes"": 354.0, ""half-elves"": 0.0, ""half-orcs"": 4487.0, ""misc."": 0.0}","{""Aristocratic"": 2.0, ""Wealthy"": 50.0, ""Comfortable"": 360.0, ""Modest"": 1029.0, ""Poor"": 1625.0, ""Squalid"": 1250.0, ""Wretched"": 349.0}"
Xorhun,Turmish,Alaghôn,8300,1487776,1511,"{'humans': 8291, 'dwarves': 8, 'halflings': 0, 'elves': 0, 'gnomes': 0, 'half-elves': 0, 'half-orcs': 0, 'misc.': 0}",41,Magic mishaps,['Oligarchy'],"{'Aristocratic': 0, 'Wealthy': 112, 'Comfortable': 641, 'Modest': 1642, 'Poor': 2500, 'Squalid': 2041, 'Wretched': 303}",0,"[""['glass'"", ""'grain'"", ""'lumber'"", ""'mercenaries'"", ""'salt']""]","[""['luxury goods'"", ""'metal']""]","The Assembly of Stars, chaired by Lord Herengar","Local militias, a strong standing navy and various mercenary companies, most notably the Call to Arms",None,"['Common', 'Chondathan', 'Turmic']","['Chauntea', 'Eldath', 'Helm', 'Lliira', 'Loviatar', 'Nobanion', 'Silvanus', 'Selûne', 'Tempus', 'Tyr']",1709843,9213,136421,57.1,48.2,79,0,"Elminster’s Everwinking Eye: Mysterious Turmish (Ed Greenwood in Polyhedron #96, 1994), Elminster’s Everwinking Eye: A Treasure Tour of Turmish (Ed Greenwood in Polyhedron #103, 1995), Vilhon Reach (Jim Butler & Ed Greenwood, 1996), The Jewel of Turmish (Mel Odom, 2002)","[""['glass'"", ""'grain'"", ""'lumber'"", ""'mercenaries'"", ""'salt']""]","[""['luxury goods'"", ""'metal']""]","{""humans"": 8291.0, ""dwarves"": 8.0, ""halflings"": 0.0, ""elves"": 0.0, ""gnomes"": 0.0, ""half-elves"": 0.0, ""half-orcs"": 0.0, ""misc."": 0.0}","{""Aristocratic"": 0.0, ""Wealthy"": 112.0, ""Comfortable"": 641.0, ""Modest"": 1642.0, ""Poor"": 2500.0, ""Squalid"": 2041.0, ""Wretched"": 303.0}"
Zustild,Turmish,Alaghôn,4903,798948,819,"{'humans': 2333, 'dwarves': 0, 'halflings': 1583, 'elves': 0, 'gnomes': 985, 'half-elves': 0, 'half-orcs': 0, 'misc.': 0}",82,Disease,['Democracy'],"{'Aristocratic': 2, 'Wealthy': 64, 'Comfortable': 376, 'Modest': 709, 'Poor': 1537, 'Squalid': 1445, 'Wretched': 149}",8,"[""['glass'"", ""'grain'"", ""'lumber'"", ""'mercenaries'"", ""'salt']""]","[""['luxury goods'"", ""'metal']""]","The Assembly of Stars, chaired by Lord Herengar","Local militias, a strong standing navy and various mercenary companies, most notably the Call to Arms",None,"['Common', 'Chondathan', 'Turmic']","['Chauntea', 'Eldath', 'Helm', 'Lliira', 'Loviatar', 'Nobanion', 'Silvanus', 'Selûne', 'Tempus', 'Tyr']",1709843,9213,136421,47.2,34.4,58,0,"Elminster’s Everwinking Eye: Mysterious Turmish (Ed Greenwood in Polyhedron #96, 1994), Elminster’s Everwinking Eye: A Treasure Tour of Turmish (Ed Greenwood in Polyhedron #103, 1995), Vilhon Reach (Jim Butler & Ed Greenwood, 1996), The Jewel of Turmish (Mel Odom, 2002)","[""['glass'"", ""'grain'"", ""'lumber'"", ""'mercenaries'"", ""'salt']""]","[""['luxury goods'"", ""'metal']""]","{""humans"": 2333.0, ""dwarves"": 0.0, ""halflings"": 1583.0, ""elves"": 0.0, ""gnomes"": 985.0, ""half-elves"": 0.0, ""half-orcs"": 0.0, ""misc."": 0.0}","{""Aristocratic"": 2.0, ""Wealthy"": 64.0, ""Comfortable"": 376.0, ""Modest"": 709.0, ""Poor"": 1537.0, ""Squalid"": 1445.0, ""Wretched"": 149.0}"
Unthalass,Unther,Unthalass,158047,46052488,1678935,"{'humans': 158047, 'dwarves': 0, 'halflings': 0, 'misc.': 0}",43,Crime,['Satrapy'],"{'Aristocratic': 881, 'Wealthy': 3834, 'Comfortable': 20724, 'Modest': 44919, 'Poor': 49071, 'Squalid': 58440, 'Wretched': 12978}",18,"[""['ceramics'"", ""'cloth'"", ""'gold'"", ""'iron'"", ""'minerals'"", ""'sculpture'"", ""'seed oil']""]","[""['food'"", ""'mercenaries'"", ""'slaves'"", ""'weapons']""]","Various local militias, bureaucrats, criminals and the Northern Wizards of Messemprar",None,guilds,"['Common', 'Mulhorandi', 'Untheric']","['Assuran (Hoar)', 'Bane', 'Mystra', 'Tempus', 'Tiamat', 'the Mulhorandi pantheon', 'some hold-outs still worship the Untheric pantheon', 'despite the latter’s effective dissolution']",389124,413261,305889,99.9,0.4,90,5,"Old Empires (Scott Bennie, 1990), Powers and Pantheons (Eric L. Boyd, 1997), Dragons of Faerûn (Eric L. Boyd, Eytan Bernstein, 2006)","[""['ceramics'"", ""'cloth'"", ""'gold'"", ""'iron'"", ""'minerals'"", ""'sculpture'"", ""'seed oil']""]","[""['food'"", ""'mercenaries'"", ""'slaves'"", ""'weapons']""]","{""humans"": 158047.0, ""dwarves"": 0.0, ""halflings"": 0.0, ""misc."": 0.0}","{""Aristocratic"": 881.0, ""Wealthy"": 3834.0, ""Comfortable"": 20724.0, ""Modest"": 44919.0, ""Poor"": 49071.0, ""Squalid"": 58440.0, ""Wretched"": 12978.0}"
Dalath,Unther,Unthalass,6177,1161466,1176,"{'humans': 6177, 'dwarves': 0, 'halflings': 0, 'misc.': 0}",42,Assassination,['Republic'],"{'Aristocratic': 0, 'Wealthy': 95, 'Comfortable': 464, 'Modest': 1277, 'Poor': 2150, 'Squalid': 1671, 'Wretched': 364}",0,"[""['ceramics'"", ""'cloth'"", ""'gold'"", ""'iron'"", ""'minerals'"", ""'sculpture'"", ""'seed oil']""]","[""['food'"", ""'mercenaries'"", ""'slaves'"", ""'weapons']""]","Various local militias, bureaucrats, criminals and the Northern Wizards of Messemprar",None,None,"['Common', 'Mulhorandi', 'Untheric']","['Assuran (Hoar)', 'Bane', 'Mystra', 'Tempus', 'Tiamat', 'the Mulhorandi pantheon', 'some hold-outs still worship the Untheric pantheon', 'despite the latter’s effective dissolution']",389124,413261,305889,97.9,0.7,69,4,"Old Empires (Scott Bennie, 1990), Powers and Pantheons (Eric L. Boyd, 1997), Dragons of Faerûn (Eric L. Boyd, Eytan Bernstein, 2006)","[""['ceramics'"", ""'cloth'"", ""'gold'"", ""'iron'"", ""'minerals'"", ""'sculpture'"", ""'seed oil']""]","[""['food'"", ""'mercenaries'"", ""'slaves'"", ""'weapons']""]","{""humans"": 6177.0, ""dwarves"": 0.0, ""halflings"": 0.0, ""misc."": 0.0}","{""Aristocratic"": 0.0, ""Wealthy"": 95.0, ""Comfortable"": 464.0, ""Modest"": 1277.0, ""Poor"": 2150.0, ""Squalid"": 1671.0, ""Wretched"": 364.0}"
Firetrees,Unther,Unthalass,7257,1016269,1052,"{'humans': 7257, 'dwarves': 0, 'halflings': 0, 'misc.': 0}",42,Old age,['Matriarchy'],"{'Aristocratic': 3, 'Wealthy': 91, 'Comfortable': 492, 'Modest': 755, 'Poor': 2392, 'Squalid': 1729, 'Wretched': 380}",6,"[""['ceramics'"", ""'cloth'"", ""'gold'"", ""'iron'"", ""'minerals'"", ""'sculpture'"", ""'seed oil']""]","[""['food'"", ""'mercenaries'"", ""'slaves'"", ""'weapons']""]","Various local militias, bureaucrats, criminals and the Northern Wizards of Messemprar",None,None,"['Common', 'Mulhorandi', 'Untheric']","['Assuran (Hoar)', 'Bane', 'Mystra', 'Tempus', 'Tiamat', 'the Mulhorandi pantheon', 'some hold-outs still worship the Untheric pantheon', 'despite the latter’s effective dissolution']",389124,413261,305889,71,8.3,71,10,"Old Empires (Scott Bennie, 1990), Powers and Pantheons (Eric L. Boyd, 1997), Dragons of Faerûn (Eric L. Boyd, Eytan Bernstein, 2006)","[""['ceramics'"", ""'cloth'"", ""'gold'"", ""'iron'"", ""'minerals'"", ""'sculpture'"", ""'seed oil']""]","[""['food'"", ""'mercenaries'"", ""'slaves'"", ""'weapons']""]","{""humans"": 7257.0, ""dwarves"": 0.0, ""halflings"": 0.0, ""misc."": 0.0}","{""Aristocratic"": 3.0, ""Wealthy"": 91.0, ""Comfortable"": 492.0, ""Modest"": 755.0, ""Poor"": 2392.0, ""Squalid"": 1729.0, ""Wretched"": 380.0}"
Kaoll,Unther,Unthalass,18776,4420223,5706,"{'humans': 18776, 'dwarves': 0, 'halflings': 0, 'misc.': 0}",43,Old age,['Gerontocracy'],"{'Aristocratic': 12, 'Wealthy': 485, 'Comfortable': 2375, 'Modest': 3391, 'Poor': 6419, 'Squalid': 6254, 'Wretched': 1700}",7,"[""['ceramics'"", ""'cloth'"", ""'gold'"", ""'iron'"", ""'minerals'"", ""'sculpture'"", ""'seed oil']""]","[""['food'"", ""'mercenaries'"", ""'slaves'"", ""'weapons']""]","Various local militias, bureaucrats, criminals and the Northern Wizards of Messemprar",None,guilds,"['Common', 'Mulhorandi', 'Untheric']","['Assuran (Hoar)', 'Bane', 'Mystra', 'Tempus', 'Tiamat', 'the Mulhorandi pantheon', 'some hold-outs still worship the Untheric pantheon', 'despite the latter’s effective dissolution']",389124,413261,305889,93.7,8.6,79,3,"Old Empires (Scott Bennie, 1990), Powers and Pantheons (Eric L. Boyd, 1997), Dragons of Faerûn (Eric L. Boyd, Eytan Bernstein, 2006)","[""['ceramics'"", ""'cloth'"", ""'gold'"", ""'iron'"", ""'minerals'"", ""'sculpture'"", ""'seed oil']""]","[""['food'"", ""'mercenaries'"", ""'slaves'"", ""'weapons']""]","{""humans"": 18776.0, ""dwarves"": 0.0, ""halflings"": 0.0, ""misc."": 0.0}","{""Aristocratic"": 12.0, ""Wealthy"": 485.0, ""Comfortable"": 2375.0, ""Modest"": 3391.0, ""Poor"": 6419.0, ""Squalid"": 6254.0, ""Wretched"": 1700.0}"
Messemprar,Unther,Unthalass,15460,2857001,4708,"{'humans': 15444, 'dwarves': 0, 'halflings': 0, 'misc.': 15}",43,Disease,['Autocracy'],"{'Aristocratic': 37, 'Wealthy': 383, 'Comfortable': 1127, 'Modest': 2137, 'Poor': 4937, 'Squalid': 5470, 'Wretched': 1537}",7,"[""['ceramics'"", ""'cloth'"", ""'gold'"", ""'iron'"", ""'minerals'"", ""'sculpture'"", ""'seed oil']""]","[""['food'"", ""'mercenaries'"", ""'slaves'"", ""'weapons']""]","Various local militias, bureaucrats, criminals and the Northern Wizards of Messemprar",None,guilds,"['Common', 'Mulhorandi', 'Untheric']","['Assuran (Hoar)', 'Bane', 'Mystra', 'Tempus', 'Tiamat', 'the Mulhorandi pantheon', 'some hold-outs still worship the Untheric pantheon', 'despite the latter’s effective dissolution']",389124,413261,305889,77,5.2,75,5,"Old Empires (Scott Bennie, 1990), Powers and Pantheons (Eric L. Boyd, 1997), Dragons of Faerûn (Eric L. Boyd, Eytan Bernstein, 2006)","[""['ceramics'"", ""'cloth'"", ""'gold'"", ""'iron'"", ""'minerals'"", ""'sculpture'"", ""'seed oil']""]","[""['food'"", ""'mercenaries'"", ""'slaves'"", ""'weapons']""]","{""humans"": 15444.0, ""dwarves"": 0.0, ""halflings"": 0.0, ""misc."": 15.0}","{""Aristocratic"": 37.0, ""Wealthy"": 383.0, ""Comfortable"": 1127.0, ""Modest"": 2137.0, ""Poor"": 4937.0, ""Squalid"": 5470.0, ""Wretched"": 1537.0}"
Red Haven,Unther,Unthalass,1562,288094,288,"{'humans': 1562, 'dwarves': 0, 'halflings': 0, 'misc.': 0}",43,Assassination,['Kleptocracy'],"{'Aristocratic': 0, 'Wealthy': 25, 'Comfortable': 123, 'Modest': 308, 'Poor': 514, 'Squalid': 325, 'Wretched': 72}",0,"[""['ceramics'"", ""'cloth'"", ""'gold'"", ""'iron'"", ""'minerals'"", ""'sculpture'"", ""'seed oil']""]","[""['food'"", ""'mercenaries'"", ""'slaves'"", ""'weapons']""]","Various local militias, bureaucrats, criminals and the Northern Wizards of Messemprar",None,None,"['Common', 'Mulhorandi', 'Untheric']","['Assuran (Hoar)', 'Bane', 'Mystra', 'Tempus', 'Tiamat', 'the Mulhorandi pantheon', 'some hold-outs still worship the Untheric pantheon', 'despite the latter’s effective dissolution']",389124,413261,305889,74.7,8.3,90,11,"Old Empires (Scott Bennie, 1990), Powers and Pantheons (Eric L. Boyd, 1997), Dragons of Faerûn (Eric L. Boyd, Eytan Bernstein, 2006)","[""['ceramics'"", ""'cloth'"", ""'gold'"", ""'iron'"", ""'minerals'"", ""'sculpture'"", ""'seed oil']""]","[""['food'"", ""'mercenaries'"", ""'slaves'"", ""'weapons']""]","{""humans"": 1562.0, ""dwarves"": 0.0, ""halflings"": 0.0, ""misc."": 0.0}","{""Aristocratic"": 0.0, ""Wealthy"": 25.0, ""Comfortable"": 123.0, ""Modest"": 308.0, ""Poor"": 514.0, ""Squalid"": 325.0, ""Wretched"": 72.0}"
Sadamzar,Unther,Unthalass,9150,1586107,1650,"{'humans': 9150, 'dwarves': 0, 'halflings': 0, 'misc.': 0}",43,Dueling accidents,['Dictatorship'],"{'Aristocratic': 3, 'Wealthy': 135, 'Comfortable': 588, 'Modest': 1766, 'Poor': 3020, 'Squalid': 2295, 'Wretched': 562}",18,"[""['ceramics'"", ""'cloth'"", ""'gold'"", ""'iron'"", ""'minerals'"", ""'sculpture'"", ""'seed oil']""]","[""['food'"", ""'mercenaries'"", ""'slaves'"", ""'weapons']""]","Various local militias, bureaucrats, criminals and the Northern Wizards of Messemprar",None,None,"['Common', 'Mulhorandi', 'Untheric']","['Assuran (Hoar)', 'Bane', 'Mystra', 'Tempus', 'Tiamat', 'the Mulhorandi pantheon', 'some hold-outs still worship the Untheric pantheon', 'despite the latter’s effective dissolution']",389124,413261,305889,81.3,1.1,84,10,"Old Empires (Scott Bennie, 1990), Powers and Pantheons (Eric L. Boyd, 1997), Dragons of Faerûn (Eric L. Boyd, Eytan Bernstein, 2006)","[""['ceramics'"", ""'cloth'"", ""'gold'"", ""'iron'"", ""'minerals'"", ""'sculpture'"", ""'seed oil']""]","[""['food'"", ""'mercenaries'"", ""'slaves'"", ""'weapons']""]","{""humans"": 9150.0, ""dwarves"": 0.0, ""halflings"": 0.0, ""misc."": 0.0}","{""Aristocratic"": 3.0, ""Wealthy"": 135.0, ""Comfortable"": 588.0, ""Modest"": 1766.0, ""Poor"": 3020.0, ""Squalid"": 2295.0, ""Wretched"": 562.0}"
Shussel,Unther,Unthalass,8852,1674364,1702,"{'humans': 8852, 'dwarves': 0, 'halflings': 0, 'misc.': 0}",44,Assassination,['Autocracy'],"{'Aristocratic': 0, 'Wealthy': 96, 'Comfortable': 602, 'Modest': 2164, 'Poor': 2984, 'Squalid': 2385, 'Wretched': 689}",0,"[""['ceramics'"", ""'cloth'"", ""'gold'"", ""'iron'"", ""'minerals'"", ""'sculpture'"", ""'seed oil']""]","[""['food'"", ""'mercenaries'"", ""'slaves'"", ""'weapons']""]","Various local militias, bureaucrats, criminals and the Northern Wizards of Messemprar",None,None,"['Common', 'Mulhorandi', 'Untheric']","['Assuran (Hoar)', 'Bane', 'Mystra', 'Tempus', 'Tiamat', 'the Mulhorandi pantheon', 'some hold-outs still worship the Untheric pantheon', 'despite the latter’s effective dissolution']",389124,413261,305889,87.9,2.8,76,8,"Old Empires (Scott Bennie, 1990), Powers and Pantheons (Eric L. Boyd, 1997), Dragons of Faerûn (Eric L. Boyd, Eytan Bernstein, 2006)","[""['ceramics'"", ""'cloth'"", ""'gold'"", ""'iron'"", ""'minerals'"", ""'sculpture'"", ""'seed oil']""]","[""['food'"", ""'mercenaries'"", ""'slaves'"", ""'weapons']""]","{""humans"": 8852.0, ""dwarves"": 0.0, ""halflings"": 0.0, ""misc."": 0.0}","{""Aristocratic"": 0.0, ""Wealthy"": 96.0, ""Comfortable"": 602.0, ""Modest"": 2164.0, ""Poor"": 2984.0, ""Squalid"": 2385.0, ""Wretched"": 689.0}"
Ssintar,Unther,Unthalass,3843,705070,710,"{'humans': 3843, 'dwarves': 0, 'halflings': 0, 'misc.': 0}",45,Assassination,['Satrapy'],"{'Aristocratic': 0, 'Wealthy': 76, 'Comfortable': 279, 'Modest': 737, 'Poor': 1317, 'Squalid': 693, 'Wretched': 216}",0,"[""['ceramics'"", ""'cloth'"", ""'gold'"", ""'iron'"", ""'minerals'"", ""'sculpture'"", ""'seed oil']""]","[""['food'"", ""'mercenaries'"", ""'slaves'"", ""'weapons']""]","Various local militias, bureaucrats, criminals and the Northern Wizards of Messemprar",None,None,"['Common', 'Mulhorandi', 'Untheric']","['Assuran (Hoar)', 'Bane', 'Mystra', 'Tempus', 'Tiamat', 'the Mulhorandi pantheon', 'some hold-outs still worship the Untheric pantheon', 'despite the latter’s effective dissolution']",389124,413261,305889,68.3,2.6,70,3,"Old Empires (Scott Bennie, 1990), Powers and Pantheons (Eric L. Boyd, 1997), Dragons of Faerûn (Eric L. Boyd, Eytan Bernstein, 2006)","[""['ceramics'"", ""'cloth'"", ""'gold'"", ""'iron'"", ""'minerals'"", ""'sculpture'"", ""'seed oil']""]","[""['food'"", ""'mercenaries'"", ""'slaves'"", ""'weapons']""]","{""humans"": 3843.0, ""dwarves"": 0.0, ""halflings"": 0.0, ""misc."": 0.0}","{""Aristocratic"": 0.0, ""Wealthy"": 76.0, ""Comfortable"": 279.0, ""Modest"": 737.0, ""Poor"": 1317.0, ""Squalid"": 693.0, ""Wretched"": 216.0}"
Waterdeep,The Sword Coast,Waterdeep,1347840,350050841,18860913,"{'humans': 1302013, 'dwarves': 0, 'elves': 0, 'halflings': 0, 'half-elves': 45826, 'gnomes': 0, 'half-orcs': 0, 'misc.': 0}",29,Exposure to the elements,['Republic'],"{'Aristocratic': 790, 'Wealthy': 37563, 'Comfortable': 137556, 'Modest': 378697, 'Poor': 458117, 'Squalid': 554590, 'Wretched': 115100}",17,"[""['ale'"", ""'arms'"", ""'cloth'"", ""'fish'"", ""'furnishings'"", ""'leather goods'"", ""'pottery'"", ""'refined metals'"", ""'finished goods']""]","[""['grain'"", ""'livestock'"", ""'leather'"", ""'ore'"", ""'timber'"", ""'exotic goods from other lands']""]","The Lords of Waterdeep, represented by Open Lord Laeral Silverhand ","The City Guard (inc. the Griffon Legion), the City Watch, Force Grey, various mercenary and adventuring companies, the clergy of Tempus, a formidable number of resident powerful mages and clerics",House of Healing,"['Common', 'Chondathan', 'Dwarven', 'Elven', 'Gnomish', 'Halfling', 'Illuskan']","['Baravar Cloakshadow', 'Deneir', 'Gond', 'Lathander', 'Mielikki', 'Mystra', 'Oghma', 'Selûne', 'Sharess', 'Siamorphe', 'Silvanus', 'Sune', 'Tempus', 'Tymora', 'Tyr']",2163294,1596573468,61853,66.2,41.4,77,49,"Waterdeep and the North (Ed Greenwood, 1987), The Savage Frontier (Jennell Jaquays, 1988), City System (Jeff Grubb, Ed Greenwood, 1988), Eye of the Beholder (video game, Westwood Studios, 1991), Eye of the Beholder II: The Legend of Darkmoon (video game, Westwood Studios, 1992), City of Splendors (Steven E. Schend, Ed Greenwood, 1994), Volo’s Guide to Waterdeep (Ed Greenwood, 1994), The North (slade, Ed Greenwood, Jeff Grubb, Julia Martin, Steven E. Schend, Jennell Jaquays, Steve Perrin, 1996), City of Splendors: Waterdeep (Eric L. Boyd, 2005), Environs of Waterdeep (Eric L. Boyd, 2006)","[""['ale'"", ""'arms'"", ""'cloth'"", ""'fish'"", ""'furnishings'"", ""'leather goods'"", ""'pottery'"", ""'refined metals'"", ""'finished goods']""]","[""['grain'"", ""'livestock'"", ""'leather'"", ""'ore'"", ""'timber'"", ""'exotic goods from other lands']""]","{""humans"": 1302013.0, ""dwarves"": 0.0, ""elves"": 0.0, ""halflings"": 0.0, ""half-elves"": 45826.0, ""gnomes"": 0.0, ""half-orcs"": 0.0, ""misc."": 0.0}","{""Aristocratic"": 790.0, ""Wealthy"": 37563.0, ""Comfortable"": 137556.0, ""Modest"": 378697.0, ""Poor"": 458117.0, ""Squalid"": 554590.0, ""Wretched"": 115100.0}"
Amphail,The Sword Coast,Waterdeep,752,85994,85,"{'humans': 525, 'dwarves': 190, 'elves': 0, 'halflings': 26, 'half-elves': 9, 'gnomes': 0, 'half-orcs': 0, 'misc.': 0}",76,Exposure to the elements,['Monarchy'],"{'Aristocratic': 0, 'Wealthy': 4, 'Comfortable': 34, 'Modest': 87, 'Poor': 231, 'Squalid': 184, 'Wretched': 13}",0,"[""['ale'"", ""'arms'"", ""'cloth'"", ""'fish'"", ""'furnishings'"", ""'leather goods'"", ""'pottery'"", ""'refined metals'"", ""'finished goods']""]","[""['grain'"", ""'livestock'"", ""'leather'"", ""'ore'"", ""'timber'"", ""'exotic goods from other lands']""]","The Lords of Waterdeep, represented by Open Lord Piergeiron Paladinson",None,None,"['Common', 'Chondathan', 'Dwarven', 'Elven', 'Gnomish', 'Halfling', 'Illuskan']","['Baravar Cloakshadow', 'Deneir', 'Gond', 'Lathander', 'Mielikki', 'Mystra', 'Oghma', 'Selûne', 'Sharess', 'Siamorphe', 'Silvanus', 'Sune', 'Tempus', 'Tymora', 'Tyr']",2163294,1596573468,,59.8,35.9,53,15,"Waterdeep and the North (Ed Greenwood, 1987), The Savage Frontier (Jennell Jaquays, 1988), City System (Jeff Grubb, Ed Greenwood, 1988), Eye of the Beholder (video game, Westwood Studios, 1991), Eye of the Beholder II: The Legend of Darkmoon (video game, Westwood Studios, 1992), City of Splendors (Steven E. Schend, Ed Greenwood, 1994), Volo’s Guide to Waterdeep (Ed Greenwood, 1994), The North (slade, Ed Greenwood, Jeff Grubb, Julia Martin, Steven E. Schend, Jennell Jaquays, Steve Perrin, 1996), City of Splendors: Waterdeep (Eric L. Boyd, 2005), Environs of Waterdeep (Eric L. Boyd, 2006)","[""['ale'"", ""'arms'"", ""'cloth'"", ""'fish'"", ""'furnishings'"", ""'leather goods'"", ""'pottery'"", ""'refined metals'"", ""'finished goods']""]","[""['grain'"", ""'livestock'"", ""'leather'"", ""'ore'"", ""'timber'"", ""'exotic goods from other lands']""]","{""humans"": 525.0, ""dwarves"": 190.0, ""elves"": 0.0, ""halflings"": 26.0, ""half-elves"": 9.0, ""gnomes"": 0.0, ""half-orcs"": 0.0, ""misc."": 0.0}","{""Aristocratic"": 0.0, ""Wealthy"": 4.0, ""Comfortable"": 34.0, ""Modest"": 87.0, ""Poor"": 231.0, ""Squalid"": 184.0, ""Wretched"": 13.0}"
Rassalantar,The Sword Coast,Waterdeep,190,19235,19,"{'humans': 42, 'dwarves': 11, 'elves': 127, 'halflings': 0, 'half-elves': 7, 'gnomes': 0, 'half-orcs': 0, 'misc.': 0}",262,Assassination,['Kleptocracy'],"{'Aristocratic': 0, 'Wealthy': 0, 'Comfortable': 12, 'Modest': 13, 'Poor': 57, 'Squalid': 43, 'Wretched': 3}",0,"[""['ale'"", ""'arms'"", ""'cloth'"", ""'fish'"", ""'furnishings'"", ""'leather goods'"", ""'pottery'"", ""'refined metals'"", ""'finished goods']""]","[""['grain'"", ""'livestock'"", ""'leather'"", ""'ore'"", ""'timber'"", ""'exotic goods from other lands']""]","The Lords of Waterdeep, represented by Open Lord Piergeiron Paladinson",None,None,"['Common', 'Chondathan', 'Dwarven', 'Elven', 'Gnomish', 'Halfling', 'Illuskan']","['Baravar Cloakshadow', 'Deneir', 'Gond', 'Lathander', 'Mielikki', 'Mystra', 'Oghma', 'Selûne', 'Sharess', 'Siamorphe', 'Silvanus', 'Sune', 'Tempus', 'Tymora', 'Tyr']",2163294,1596573468,,62.3,38.6,61,17,"Waterdeep and the North (Ed Greenwood, 1987), The Savage Frontier (Jennell Jaquays, 1988), City System (Jeff Grubb, Ed Greenwood, 1988), Eye of the Beholder (video game, Westwood Studios, 1991), Eye of the Beholder II: The Legend of Darkmoon (video game, Westwood Studios, 1992), City of Splendors (Steven E. Schend, Ed Greenwood, 1994), Volo’s Guide to Waterdeep (Ed Greenwood, 1994), The North (slade, Ed Greenwood, Jeff Grubb, Julia Martin, Steven E. Schend, Jennell Jaquays, Steve Perrin, 1996), City of Splendors: Waterdeep (Eric L. Boyd, 2005), Environs of Waterdeep (Eric L. Boyd, 2006)","[""['ale'"", ""'arms'"", ""'cloth'"", ""'fish'"", ""'furnishings'"", ""'leather goods'"", ""'pottery'"", ""'refined metals'"", ""'finished goods']""]","[""['grain'"", ""'livestock'"", ""'leather'"", ""'ore'"", ""'timber'"", ""'exotic goods from other lands']""]","{""humans"": 42.0, ""dwarves"": 11.0, ""elves"": 127.0, ""halflings"": 0.0, ""half-elves"": 7.0, ""gnomes"": 0.0, ""half-orcs"": 0.0, ""misc."": 0.0}","{""Aristocratic"": 0.0, ""Wealthy"": 0.0, ""Comfortable"": 12.0, ""Modest"": 13.0, ""Poor"": 57.0, ""Squalid"": 43.0, ""Wretched"": 3.0}"
Tharqualnaar,The Sword Coast,Waterdeep,519,61502,61,"{'humans': 315, 'dwarves': 0, 'elves': 9, 'halflings': 98, 'half-elves': 94, 'gnomes': 2, 'half-orcs': 0, 'misc.': 0}",44,Starvation,['Plutocracy'],"{'Aristocratic': 0, 'Wealthy': 0, 'Comfortable': 35, 'Modest': 56, 'Poor': 166, 'Squalid': 93, 'Wretched': 10}",0,"[""['ale'"", ""'arms'"", ""'cloth'"", ""'fish'"", ""'furnishings'"", ""'leather goods'"", ""'pottery'"", ""'refined metals'"", ""'finished goods']""]","[""['grain'"", ""'livestock'"", ""'leather'"", ""'ore'"", ""'timber'"", ""'exotic goods from other lands']""]","The Lords of Waterdeep, represented by Open Lord Piergeiron Paladinson",None,None,"['Common', 'Chondathan', 'Dwarven', 'Elven', 'Gnomish', 'Halfling', 'Illuskan']","['Baravar Cloakshadow', 'Deneir', 'Gond', 'Lathander', 'Mielikki', 'Mystra', 'Oghma', 'Selûne', 'Sharess', 'Siamorphe', 'Silvanus', 'Sune', 'Tempus', 'Tymora', 'Tyr']",2163294,1596573468,,48.5,48.8,64,36,"Waterdeep and the North (Ed Greenwood, 1987), The Savage Frontier (Jennell Jaquays, 1988), City System (Jeff Grubb, Ed Greenwood, 1988), Eye of the Beholder (video game, Westwood Studios, 1991), Eye of the Beholder II: The Legend of Darkmoon (video game, Westwood Studios, 1992), City of Splendors (Steven E. Schend, Ed Greenwood, 1994), Volo’s Guide to Waterdeep (Ed Greenwood, 1994), The North (slade, Ed Greenwood, Jeff Grubb, Julia Martin, Steven E. Schend, Jennell Jaquays, Steve Perrin, 1996), City of Splendors: Waterdeep (Eric L. Boyd, 2005), Environs of Waterdeep (Eric L. Boyd, 2006)","[""['ale'"", ""'arms'"", ""'cloth'"", ""'fish'"", ""'furnishings'"", ""'leather goods'"", ""'pottery'"", ""'refined metals'"", ""'finished goods']""]","[""['grain'"", ""'livestock'"", ""'leather'"", ""'ore'"", ""'timber'"", ""'exotic goods from other lands']""]","{""humans"": 315.0, ""dwarves"": 0.0, ""elves"": 9.0, ""halflings"": 98.0, ""half-elves"": 94.0, ""gnomes"": 2.0, ""half-orcs"": 0.0, ""misc."": 0.0}","{""Aristocratic"": 0.0, ""Wealthy"": 0.0, ""Comfortable"": 35.0, ""Modest"": 56.0, ""Poor"": 166.0, ""Squalid"": 93.0, ""Wretched"": 10.0}"
T’Quession,The Sword Coast,Waterdeep,222,31609,31,"{'humans': 51, 'dwarves': 0, 'elves': 170, 'halflings': 0, 'half-elves': 0, 'gnomes': 0, 'half-orcs': 0, 'misc.': 0}",284,Starvation,['Dictatorship'],"{'Aristocratic': 0, 'Wealthy': 1, 'Comfortable': 12, 'Modest': 39, 'Poor': 74, 'Squalid': 48, 'Wretched': 3}",0,"[""['ale'"", ""'arms'"", ""'cloth'"", ""'fish'"", ""'furnishings'"", ""'leather goods'"", ""'pottery'"", ""'refined metals'"", ""'finished goods']""]","[""['grain'"", ""'livestock'"", ""'leather'"", ""'ore'"", ""'timber'"", ""'exotic goods from other lands']""]","The Lords of Waterdeep, represented by Open Lord Piergeiron Paladinson",None,None,"['Common', 'Chondathan', 'Dwarven', 'Elven', 'Gnomish', 'Halfling', 'Illuskan']","['Baravar Cloakshadow', 'Deneir', 'Gond', 'Lathander', 'Mielikki', 'Mystra', 'Oghma', 'Selûne', 'Sharess', 'Siamorphe', 'Silvanus', 'Sune', 'Tempus', 'Tymora', 'Tyr']",2163294,1596573468,,67.3,35.4,78,72,"Waterdeep and the North (Ed Greenwood, 1987), The Savage Frontier (Jennell Jaquays, 1988), City System (Jeff Grubb, Ed Greenwood, 1988), Eye of the Beholder (video game, Westwood Studios, 1991), Eye of the Beholder II: The Legend of Darkmoon (video game, Westwood Studios, 1992), City of Splendors (Steven E. Schend, Ed Greenwood, 1994), Volo’s Guide to Waterdeep (Ed Greenwood, 1994), The North (slade, Ed Greenwood, Jeff Grubb, Julia Martin, Steven E. Schend, Jennell Jaquays, Steve Perrin, 1996), City of Splendors: Waterdeep (Eric L. Boyd, 2005), Environs of Waterdeep (Eric L. Boyd, 2006)","[""['ale'"", ""'arms'"", ""'cloth'"", ""'fish'"", ""'furnishings'"", ""'leather goods'"", ""'pottery'"", ""'refined metals'"", ""'finished goods']""]","[""['grain'"", ""'livestock'"", ""'leather'"", ""'ore'"", ""'timber'"", ""'exotic goods from other lands']""]","{""humans"": 51.0, ""dwarves"": 0.0, ""elves"": 170.0, ""halflings"": 0.0, ""half-elves"": 0.0, ""gnomes"": 0.0, ""half-orcs"": 0.0, ""misc."": 0.0}","{""Aristocratic"": 0.0, ""Wealthy"": 1.0, ""Comfortable"": 12.0, ""Modest"": 39.0, ""Poor"": 74.0, ""Squalid"": 48.0, ""Wretched"": 3.0}"
Neverwinter,The Sword Coast,Neverwinter,29411,6274934,17866,"{'half-elves': 14117, 'humans': 5882, 'tieflings': 588, 'dragonborn': 1470, 'eladrin': 882, 'elves': 2352, 'dwarves': 2352, 'orcs': 294, 'half-orcs': 294}",49,Poison,['Feudalism'],"{'Aristocratic': 114, 'Wealthy': 622, 'Comfortable': 3728, 'Modest': 3523, 'Poor': 9165, 'Squalid': 7516, 'Wretched': 2319}",8,"[""['ale'"", ""'arms'"", ""'cloth'"", ""'fish'"", ""'furnishings'"", ""'leather goods'"", ""'pottery'"", ""'refined metals'"", ""'crafts (specially clockworks and exotic lamps)'"",  ""'horticulture'"", ""'logging'"", ""'magical innovations'""]""]","[""['grain'"", ""'livestock'"", ""'leather'"", ""'ore'"", ""'timber'"", ""'exotic goods from other lands', 'crafters',  'mercanaries']""]","The Lords of Waterdeep, represented by Dagult Neverember ",None,guilds,"['Common', 'Chondathan', 'Dwarven', 'Elven', 'Gnomish', 'Halfling', 'Illuskan']","['Baravar Cloakshadow', 'Deneir', 'Gond', 'Lathander', 'Mielikki', 'Mystra', 'Oghma', 'Selûne', 'Sharess', 'Siamorphe', 'Silvanus', 'Sune', 'Tempus', 'Tymora', 'Tyr']",2163294,1596573468,,66.4,32.4,55,37,,[],"[""['grain'"", ""'livestock'"", ""'leather'"", ""'ore'"", ""'timber'"", ""'exotic goods from other lands', 'crafters',  'mercanaries']""]","{""half-elves"": 14117.0, ""humans"": 5882.0, ""tieflings"": 588.0, ""dragonborn"": 1470.0, ""eladrin"": 882.0, ""elves"": 2352.0, ""dwarves"": 2352.0, ""orcs"": 294.0, ""half-orcs"": 294.0}","{""Aristocratic"": 114.0, ""Wealthy"": 622.0, ""Comfortable"": 3728.0, ""Modest"": 3523.0, ""Poor"": 9165.0, ""Squalid"": 7516.0, ""Wretched"": 2319.0}"
Baldur's Gate,The Sword Coast,Baldur's Gate,125000,31422813,153219,"{'half-elves': 35000, 'humans': 50000, 'elves': 10000, 'dwarves': 10000, 'orcs': 1250, 'half-orcs': 1250}",38,Crime,['Hierarchy'],"{'Aristocratic': 52, 'Wealthy': 2761, 'Comfortable': 17142, 'Modest': 26985, 'Poor': 41568, 'Squalid': 49433, 'Wretched': 10642}",5,"[""['ale'"", ""'arms'"", ""'cloth'"",  ""'furnishings'"", ""'leather goods'"", ""'mining'"", ""'refined metals'"", ""'apples']""]","[""['grain'"", ""'livestock'"", ""'leather'"", ""'ore'"", ""'timber'"", ""'exotic goods from other lands']""]","The Lords of Waterdeep, represented by Ulder Ravengard ",None,guilds,"['Common', 'Chondathan', 'Dwarven', 'Elven', 'Gnomish', 'Halfling', 'Illuskan']","['Baravar Cloakshadow', 'Deneir', 'Gond', 'Lathander', 'Mielikki', 'Mystra', 'Oghma', 'Selûne', 'Sharess', 'Siamorphe', 'Silvanus', 'Sune', 'Tempus', 'Tymora', 'Tyr']",2163294,1596573468,,62.3,38.1,50,55,,"[""['ale'"", ""'arms'"", ""'cloth'"", ""'furnishings'"", ""'leather goods'"", ""'mining'"", ""'refined metals'"", ""'apples']""]","[""['grain'"", ""'livestock'"", ""'leather'"", ""'ore'"", ""'timber'"", ""'exotic goods from other lands']""]","{""half-elves"": 35000.0, ""humans"": 50000.0, ""elves"": 10000.0, ""dwarves"": 10000.0, ""orcs"": 1250.0, ""half-orcs"": 1250.0}","{""Aristocratic"": 52.0, ""Wealthy"": 2761.0, ""Comfortable"": 17142.0, ""Modest"": 26985.0, ""Poor"": 41568.0, ""Squalid"": 49433.0, ""Wretched"": 10642.0}"
Phandalin,The Sword Coast,Waterdeep,150,19527,19,"{'half-elves': 42, 'humans': 60, 'elves': 12, 'dwarves': 12, 'orcs': 1, 'half-orcs': 1}",40,Poison,['Confederacy'],"{'Aristocratic': 0, 'Wealthy': 0, 'Comfortable': 7, 'Modest': 27, 'Poor': 46, 'Squalid': 33, 'Wretched': 2}",0,"[""['ale'"", ""'arms'"", ""'cloth'"", ""'fish'"", ""'furnishings'"", ""'leather goods'"", ""'pottery'"", ""'refined metals'"", ""'finished goods']""]","[""['grain'"", ""'livestock'"", ""'leather'"", ""'ore'"", ""'timber'"", ""'exotic goods from other lands']""]",Harbin Wester,None,None,"['Common', 'Chondathan', 'Dwarven', 'Elven', 'Gnomish', 'Halfling', 'Illuskan']","['Baravar Cloakshadow', 'Deneir', 'Gond', 'Lathander', 'Mielikki', 'Mystra', 'Oghma', 'Selûne', 'Sharess', 'Siamorphe', 'Silvanus', 'Sune', 'Tempus', 'Tymora', 'Tyr']",2163294,1596573468,,57,44,43,44,,"[""['ale'"", ""'arms'"", ""'cloth'"", ""'fish'"", ""'furnishings'"", ""'leather goods'"", ""'pottery'"", ""'refined metals'"", ""'finished goods']""]","[""['grain'"", ""'livestock'"", ""'leather'"", ""'ore'"", ""'timber'"", ""'exotic goods from other lands']""]","{""half-elves"": 42.0, ""humans"": 60.0, ""elves"": 12.0, ""dwarves"": 12.0, ""orcs"": 1.0, ""half-orcs"": 1.0}","{""Aristocratic"": 0.0, ""Wealthy"": 0.0, ""Comfortable"": 7.0, ""Modest"": 27.0, ""Poor"": 46.0, ""Squalid"": 33.0, ""Wretched"": 2.0}"
Daggerford,The Sword Coast,Waterdeep,1200,201480,201,"{'half-elves': 336, 'humans': 480, 'elves': 96, 'dwarves': 96, 'orcs': 12, 'half-orcs': 12}",37,Disease,['Theocracy'],"{'Aristocratic': 0, 'Wealthy': 21, 'Comfortable': 83, 'Modest': 189, 'Poor': 398, 'Squalid': 334, 'Wretched': 85}",0,"[""['ale'"", ""'arms'"", ""'cloth'"", ""'fish'"", ""'furnishings'"", ""'leather goods'"", ""'pottery'"", ""'refined metals'"", ""'finished goods']""]","[""['grain'"", ""'livestock'"", ""'leather'"", ""'ore'"", ""'timber'"", ""'exotic goods from other lands']""]","The Lords of Waterdeep, represented by Morwen Daggerford ",None,None,"['Common', 'Chondathan', 'Dwarven', 'Elven', 'Gnomish', 'Halfling', 'Illuskan']","['Baravar Cloakshadow', 'Deneir', 'Gond', 'Lathander', 'Mielikki', 'Mystra', 'Oghma', 'Selûne', 'Sharess', 'Siamorphe', 'Silvanus', 'Sune', 'Tempus', 'Tymora', 'Tyr']",2163294,1596573468,,54.8,49.7,65,6,,"[""['ale'"", ""'arms'"", ""'cloth'"", ""'fish'"", ""'furnishings'"", ""'leather goods'"", ""'pottery'"", ""'refined metals'"", ""'finished goods']""]","[""['grain'"", ""'livestock'"", ""'leather'"", ""'ore'"", ""'timber'"", ""'exotic goods from other lands']""]","{""half-elves"": 336.0, ""humans"": 480.0, ""elves"": 96.0, ""dwarves"": 96.0, ""orcs"": 12.0, ""half-orcs"": 12.0}","{""Aristocratic"": 0.0, ""Wealthy"": 21.0, ""Comfortable"": 83.0, ""Modest"": 189.0, ""Poor"": 398.0, ""Squalid"": 334.0, ""Wretched"": 85.0}"
Mirabar,The Sword Coast,Mirabar,42300,8455736,29899,"{'humans': 14593, 'dwarves': 26649, 'elves': 465, 'half-elves': 507, 'halflings': 0, 'gnomes': 84, 'half-orcs': 0, 'misc.': 0}",124,Wagon Accident,['Monarchy'],"{'Aristocratic': 151, 'Wealthy': 1019, 'Comfortable': 4319, 'Modest': 4649, 'Poor': 13014, 'Squalid': 16906, 'Wretched': 3394}",1,"[""['ale'"", ""'arms'"", ""'cloth'"", ""'fish'"", ""'furnishings'"", ""'leather goods'"", ""'pottery'"", ""'refined metals'"", ""'finished goods']""]","[""['grain'"", ""'livestock'"", ""'leather'"", ""'ore'"", ""'timber'"", ""'exotic goods from other lands']""]","The Lords of Waterdeep, represented by Selin Ramur ",None,guilds,,,0,1596573468,,51.1,36.2,84,61,,"[""['ale'"", ""'arms'"", ""'cloth'"", ""'fish'"", ""'furnishings'"", ""'leather goods'"", ""'pottery'"", ""'refined metals'"", ""'finished goods']""]","[""['grain'"", ""'livestock'"", ""'leather'"", ""'ore'"", ""'timber'"", ""'exotic goods from other lands']""]","{""humans"": 14593.0, ""dwarves"": 26649.0, ""elves"": 465.0, ""half-elves"": 507.0, ""halflings"": 0.0, ""gnomes"": 84.0, ""half-orcs"": 0.0, ""misc."": 0.0}","{""Aristocratic"": 151.0, ""Wealthy"": 1019.0, ""Comfortable"": 4319.0, ""Modest"": 4649.0, ""Poor"": 13014.0, ""Squalid"": 16906.0, ""Wretched"": 3394.0}"
Secomber,The Sword Coast,Waterdeep,900,120888,120,"{'half-elves': 252, 'humans': 360, 'elves': 72, 'dwarves': 72, 'orcs': 9, 'half-orcs': 9}",39,Poison,['Magocracy'],"{'Aristocratic': 0, 'Wealthy': 7, 'Comfortable': 53, 'Modest': 121, 'Poor': 279, 'Squalid': 204, 'Wretched': 12}",0,"[""['ale'"", ""'arms'"", ""'cloth'"", ""'fish'"", ""'furnishings'"", ""'leather goods'"", ""'pottery'"", ""'refined metals'"", ""'finished goods']""]","[""['grain'"", ""'livestock'"", ""'leather'"", ""'ore'"", ""'timber'"", ""'exotic goods from other lands']""]",,None,None,"['Common', 'Chondathan', 'Dwarven', 'Elven', 'Gnomish', 'Halfling', 'Illuskan']","['Baravar Cloakshadow', 'Deneir', 'Gond', 'Lathander', 'Mielikki', 'Mystra', 'Oghma', 'Selûne', 'Sharess', 'Siamorphe', 'Silvanus', 'Sune', 'Tempus', 'Tymora', 'Tyr']",2163294,1596573468,,64.7,35.3,64,49,,"[""['ale'"", ""'arms'"", ""'cloth'"", ""'fish'"", ""'furnishings'"", ""'leather goods'"", ""'pottery'"", ""'refined metals'"", ""'finished goods']""]","[""['grain'"", ""'livestock'"", ""'leather'"", ""'ore'"", ""'timber'"", ""'exotic goods from other lands']""]","{""half-elves"": 252.0, ""humans"": 360.0, ""elves"": 72.0, ""dwarves"": 72.0, ""orcs"": 9.0, ""half-orcs"": 9.0}","{""Aristocratic"": 0.0, ""Wealthy"": 7.0, ""Comfortable"": 53.0, ""Modest"": 121.0, ""Poor"": 279.0, ""Squalid"": 204.0, ""Wretched"": 12.0}"
Longsaddle,The Sword Coast,Waterdeep,90,12337,12,"{'half-elves': 25, 'humans': 36, 'elves': 7, 'dwarves': 7, 'orcs': 0, 'half-orcs': 0}",39,Accidental falls,['Kleptocracy'],"{'Aristocratic': 0, 'Wealthy': 0, 'Comfortable': 5, 'Modest': 16, 'Poor': 30, 'Squalid': 18, 'Wretched': 0}",0,"[""['ale'"", ""'arms'"", ""'cloth'"", ""'fish'"", ""'furnishings'"", ""'leather goods'"", ""'pottery'"", ""'refined metals'"", ""'finished goods']""]","[""['grain'"", ""'livestock'"", ""'leather'"", ""'ore'"", ""'timber'"", ""'exotic goods from other lands']""]",The Harpells,None,None,"['Common', 'Chondathan', 'Dwarven', 'Elven', 'Gnomish', 'Halfling', 'Illuskan']","['Baravar Cloakshadow', 'Deneir', 'Gond', 'Lathander', 'Mielikki', 'Mystra', 'Oghma', 'Selûne', 'Sharess', 'Siamorphe', 'Silvanus', 'Sune', 'Tempus', 'Tymora', 'Tyr']",2163294,1596573468,,61.2,41.6,55,65,,"[""['ale'"", ""'arms'"", ""'cloth'"", ""'fish'"", ""'furnishings'"", ""'leather goods'"", ""'pottery'"", ""'refined metals'"", ""'finished goods']""]","[""['grain'"", ""'livestock'"", ""'leather'"", ""'ore'"", ""'timber'"", ""'exotic goods from other lands']""]","{""half-elves"": 25.0, ""humans"": 36.0, ""elves"": 7.0, ""dwarves"": 7.0, ""orcs"": 0.0, ""half-orcs"": 0.0}","{""Aristocratic"": 0.0, ""Wealthy"": 0.0, ""Comfortable"": 5.0, ""Modest"": 16.0, ""Poor"": 30.0, ""Squalid"": 18.0, ""Wretched"": 0.0}"
Zundbridge,The Sword Coast,Waterdeep,220,33945,33,"{'humans': 168, 'dwarves': 0, 'elves': 1, 'halflings': 0, 'half-elves': 0, 'gnomes': 0, 'half-orcs': 49, 'misc.': 0}",41,Work-related accidents,['Dictatorship'],"{'Aristocratic': 0, 'Wealthy': 1, 'Comfortable': 14, 'Modest': 42, 'Poor': 72, 'Squalid': 46, 'Wretched': 2}",0,"[""['ale'"", ""'arms'"", ""'cloth'"", ""'fish'"", ""'furnishings'"", ""'leather goods'"", ""'pottery'"", ""'refined metals'"", ""'finished goods']""]","[""['grain'"", ""'livestock'"", ""'leather'"", ""'ore'"", ""'timber'"", ""'exotic goods from other lands']""]",,None,None,"['Common', 'Chondathan', 'Dwarven', 'Elven', 'Gnomish', 'Halfling', 'Illuskan']","['Baravar Cloakshadow', 'Deneir', 'Gond', 'Lathander', 'Mielikki', 'Mystra', 'Oghma', 'Selûne', 'Sharess', 'Siamorphe', 'Silvanus', 'Sune', 'Tempus', 'Tymora', 'Tyr']",2163294,1596573468,,50.7,49.4,65,6,"Waterdeep and the North (Ed Greenwood, 1987), The Savage Frontier (Jennell Jaquays, 1988), City System (Jeff Grubb, Ed Greenwood, 1988), Eye of the Beholder (video game, Westwood Studios, 1991), Eye of the Beholder II: The Legend of Darkmoon (video game, Westwood Studios, 1992), City of Splendors (Steven E. Schend, Ed Greenwood, 1994), Volo’s Guide to Waterdeep (Ed Greenwood, 1994), The North (slade, Ed Greenwood, Jeff Grubb, Julia Martin, Steven E. Schend, Jennell Jaquays, Steve Perrin, 1996), City of Splendors: Waterdeep (Eric L. Boyd, 2005), Environs of Waterdeep (Eric L. Boyd, 2006)","[""['ale'"", ""'arms'"", ""'cloth'"", ""'fish'"", ""'furnishings'"", ""'leather goods'"", ""'pottery'"", ""'refined metals'"", ""'finished goods']""]","[""['grain'"", ""'livestock'"", ""'leather'"", ""'ore'"", ""'timber'"", ""'exotic goods from other lands']""]","{""humans"": 168.0, ""dwarves"": 0.0, ""elves"": 1.0, ""halflings"": 0.0, ""half-elves"": 0.0, ""gnomes"": 0.0, ""half-orcs"": 49.0, ""misc."": 0.0}","{""Aristocratic"": 0.0, ""Wealthy"": 1.0, ""Comfortable"": 14.0, ""Modest"": 42.0, ""Poor"": 72.0, ""Squalid"": 46.0, ""Wretched"": 2.0}"
Velprintalar,Aglarond,Velprintalar,65973,12670500,56486,"{'humans': 5013, 'half-elves': 60629, 'elves': 263, 'misc.': 65}",82,Disease,['Militocracy'],"{'Aristocratic': 207, 'Wealthy': 981, 'Comfortable': 5553, 'Modest': 10976, 'Poor': 20437, 'Squalid': 25503, 'Wretched': 4881}",20,"[""['lumber'"", ""'grain'"", ""'gems'"", ""'copper'"", ""'wine']""]","[""['glass'"", ""'iron'"", ""'textiles'"", ""'produce']""]",The Simbul,"{'standing': 6000, 'full_mobilisation': 30000}",guilds,"['Aglarondan', 'Common', 'Elven (Yuir)']","['Chauntea', 'the Seldarine (elven pantheon)', 'Selûne', 'Umberlee', 'Valkur', 'the Yuir']",136014,11487,,66.6,30.4,42,0,"Spellbound - Anthony Pryor, 1995, Unapproachable East - Richard Baker, Matt Forbeck & Sean K. Reynolds, 2003","[""['lumber'"", ""'grain'"", ""'gems'"", ""'copper'"", ""'wine']""]","[""['glass'"", ""'iron'"", ""'textiles'"", ""'produce']""]","{""humans"": 5013.0, ""half-elves"": 60629.0, ""elves"": 263.0, ""misc."": 65.0}","{""Aristocratic"": 207.0, ""Wealthy"": 981.0, ""Comfortable"": 5553.0, ""Modest"": 10976.0, ""Poor"": 20437.0, ""Squalid"": 25503.0, ""Wretched"": 4881.0}"
Corth,Aglarond,Velprintalar,474,64860,64,"{'humans': 19, 'half-elves': 449, 'elves': 4, 'misc.': 0}",85,Magic mishaps,['Matriarchy'],"{'Aristocratic': 0, 'Wealthy': 4, 'Comfortable': 27, 'Modest': 64, 'Poor': 150, 'Squalid': 137, 'Wretched': 5}",0,"[""['lumber'"", ""'grain'"", ""'gems'"", ""'copper'"", ""'wine']""]","[""['glass'"", ""'iron'"", ""'textiles'"", ""'produce']""]",The Simbul,"{'standing': 6000, 'full_mobilisation': 30000}",None,"['Aglarondan', 'Common', 'Elven (Yuir)']","['Chauntea', 'the Seldarine (elven pantheon)', 'Selûne', 'Umberlee', 'Valkur', 'the Yuir']",136014,11487,,56,47.2,67,0,"Spellbound - Anthony Pryor, 1995, Unapproachable East - Richard Baker, Matt Forbeck & Sean K. Reynolds, 2003","[""['lumber'"", ""'grain'"", ""'gems'"", ""'copper'"", ""'wine']""]","[""['glass'"", ""'iron'"", ""'textiles'"", ""'produce']""]","{""humans"": 19.0, ""half-elves"": 449.0, ""elves"": 4.0, ""misc."": 0.0}","{""Aristocratic"": 0.0, ""Wealthy"": 4.0, ""Comfortable"": 27.0, ""Modest"": 64.0, ""Poor"": 150.0, ""Squalid"": 137.0, ""Wretched"": 5.0}"
Dahst,Aglarond,Velprintalar,289,30477,30,"{'humans': 216, 'half-elves': 71, 'elves': 1, 'misc.': 0}",58,Assassination,['Bureaucracy'],"{'Aristocratic': 0, 'Wealthy': 1, 'Comfortable': 14, 'Modest': 25, 'Poor': 92, 'Squalid': 81, 'Wretched': 3}",0,"[""['lumber'"", ""'grain'"", ""'gems'"", ""'copper'"", ""'wine']""]","[""['glass'"", ""'iron'"", ""'textiles'"", ""'produce']""]",The Simbul,"{'standing': 6000, 'full_mobilisation': 30000}",None,"['Aglarondan', 'Common', 'Elven (Yuir)']","['Chauntea', 'the Seldarine (elven pantheon)', 'Selûne', 'Umberlee', 'Valkur', 'the Yuir']",136014,11487,,65.6,39,76,0,"Spellbound - Anthony Pryor, 1995, Unapproachable East - Richard Baker, Matt Forbeck & Sean K. Reynolds, 2003","[""['lumber'"", ""'grain'"", ""'gems'"", ""'copper'"", ""'wine']""]","[""['glass'"", ""'iron'"", ""'textiles'"", ""'produce']""]","{""humans"": 216.0, ""half-elves"": 71.0, ""elves"": 1.0, ""misc."": 0.0}","{""Aristocratic"": 0.0, ""Wealthy"": 1.0, ""Comfortable"": 14.0, ""Modest"": 25.0, ""Poor"": 92.0, ""Squalid"": 81.0, ""Wretched"": 3.0}"
Dlusk,Aglarond,Velprintalar,947,97163,97,"{'humans': 89, 'half-elves': 857, 'elves': 0, 'misc.': 0}",82,Starvation,['Bureaucracy'],"{'Aristocratic': 0, 'Wealthy': 7, 'Comfortable': 48, 'Modest': 68, 'Poor': 289, 'Squalid': 164, 'Wretched': 10}",0,"[""['lumber'"", ""'grain'"", ""'gems'"", ""'copper'"", ""'wine']""]","[""['glass'"", ""'iron'"", ""'textiles'"", ""'produce']""]",The Simbul,"{'standing': 6000, 'full_mobilisation': 30000}",None,"['Aglarondan', 'Common', 'Elven (Yuir)']","['Chauntea', 'the Seldarine (elven pantheon)', 'Selûne', 'Umberlee', 'Valkur', 'the Yuir']",136014,11487,,45.9,37.7,61,0,"Spellbound - Anthony Pryor, 1995, Unapproachable East - Richard Baker, Matt Forbeck & Sean K. Reynolds, 2003","[""['lumber'"", ""'grain'"", ""'gems'"", ""'copper'"", ""'wine']""]","[""['glass'"", ""'iron'"", ""'textiles'"", ""'produce']""]","{""humans"": 89.0, ""half-elves"": 857.0, ""elves"": 0.0, ""misc."": 0.0}","{""Aristocratic"": 0.0, ""Wealthy"": 7.0, ""Comfortable"": 48.0, ""Modest"": 68.0, ""Poor"": 289.0, ""Squalid"": 164.0, ""Wretched"": 10.0}"
Emmech,Aglarond,Velprintalar,7278,1348967,1364,"{'humans': 2096, 'half-elves': 5181, 'elves': 0, 'misc.': 0}",74,Bandit attacks,['Republic'],"{'Aristocratic': 0, 'Wealthy': 100, 'Comfortable': 528, 'Modest': 1607, 'Poor': 2490, 'Squalid': 1348, 'Wretched': 233}",0,"[""['lumber'"", ""'grain'"", ""'gems'"", ""'copper'"", ""'wine']""]","[""['glass'"", ""'iron'"", ""'textiles'"", ""'produce']""]",The Simbul,"{'standing': 6000, 'full_mobilisation': 30000}",None,"['Aglarondan', 'Common', 'Elven (Yuir)']","['Chauntea', 'the Seldarine (elven pantheon)', 'Selûne', 'Umberlee', 'Valkur', 'the Yuir']",136014,11487,,62.1,47,81,1,"Spellbound - Anthony Pryor, 1995, Unapproachable East - Richard Baker, Matt Forbeck & Sean K. Reynolds, 2003","[""['lumber'"", ""'grain'"", ""'gems'"", ""'copper'"", ""'wine']""]","[""['glass'"", ""'iron'"", ""'textiles'"", ""'produce']""]","{""humans"": 2096.0, ""half-elves"": 5181.0, ""elves"": 0.0, ""misc."": 0.0}","{""Aristocratic"": 0.0, ""Wealthy"": 100.0, ""Comfortable"": 528.0, ""Modest"": 1607.0, ""Poor"": 2490.0, ""Squalid"": 1348.0, ""Wretched"": 233.0}"
Findar,Aglarond,Velprintalar,295,36098,36,"{'humans': 95, 'half-elves': 197, 'elves': 1, 'misc.': 0}",72,Bandit attacks,['Gerontocracy'],"{'Aristocratic': 0, 'Wealthy': 1, 'Comfortable': 14, 'Modest': 41, 'Poor': 88, 'Squalid': 83, 'Wretched': 3}",0,"[""['lumber'"", ""'grain'"", ""'gems'"", ""'copper'"", ""'wine']""]","[""['glass'"", ""'iron'"", ""'textiles'"", ""'produce']""]",The Simbul,"{'standing': 6000, 'full_mobilisation': 30000}",None,"['Aglarondan', 'Common', 'Elven (Yuir)']","['Chauntea', 'the Seldarine (elven pantheon)', 'Selûne', 'Umberlee', 'Valkur', 'the Yuir']",136014,11487,,67,44.8,91,1,"Spellbound - Anthony Pryor, 1995, Unapproachable East - Richard Baker, Matt Forbeck & Sean K. Reynolds, 2003","[""['lumber'"", ""'grain'"", ""'gems'"", ""'copper'"", ""'wine']""]","[""['glass'"", ""'iron'"", ""'textiles'"", ""'produce']""]","{""humans"": 95.0, ""half-elves"": 197.0, ""elves"": 1.0, ""misc."": 0.0}","{""Aristocratic"": 0.0, ""Wealthy"": 1.0, ""Comfortable"": 14.0, ""Modest"": 41.0, ""Poor"": 88.0, ""Squalid"": 83.0, ""Wretched"": 3.0}"
Furthinghome,Aglarond,Velprintalar,40122,8728245,23053,"{'humans': 33100, 'half-elves': 7021, 'elves': 0, 'misc.': 0}",53,Wagon Accident,['Theocracy'],"{'Aristocratic': 97, 'Wealthy': 736, 'Comfortable': 5003, 'Modest': 6378, 'Poor': 12440, 'Squalid': 11270, 'Wretched': 3902}",14,"[""['lumber'"", ""'grain'"", ""'gems'"", ""'copper'"", ""'wine']""]","[""['glass'"", ""'iron'"", ""'textiles'"", ""'produce']""]",The Simbul,"{'standing': 6000, 'full_mobilisation': 30000}",guilds,"['Aglarondan', 'Common', 'Elven (Yuir)']","['Chauntea', 'the Seldarine (elven pantheon)', 'Selûne', 'Umberlee', 'Valkur', 'the Yuir']",136014,11487,,55.3,40.8,62,0,"Spellbound - Anthony Pryor, 1995, Unapproachable East - Richard Baker, Matt Forbeck & Sean K. Reynolds, 2003","[""['lumber'"", ""'grain'"", ""'gems'"", ""'copper'"", ""'wine']""]","[""['glass'"", ""'iron'"", ""'textiles'"", ""'produce']""]","{""humans"": 33100.0, ""half-elves"": 7021.0, ""elves"": 0.0, ""misc."": 0.0}","{""Aristocratic"": 97.0, ""Wealthy"": 736.0, ""Comfortable"": 5003.0, ""Modest"": 6378.0, ""Poor"": 12440.0, ""Squalid"": 11270.0, ""Wretched"": 3902.0}"
Glarondar,Aglarond,Velprintalar,5589,831725,854,"{'humans': 55, 'half-elves': 5527, 'elves': 5, 'misc.': 0}",79,Disease,['Magocracy'],"{'Aristocratic': 2, 'Wealthy': 85, 'Comfortable': 345, 'Modest': 724, 'Poor': 1694, 'Squalid': 1659, 'Wretched': 336}",18,"[""['lumber'"", ""'grain'"", ""'gems'"", ""'copper'"", ""'wine']""]","[""['glass'"", ""'iron'"", ""'textiles'"", ""'produce']""]",The Simbul,"{'standing': 6000, 'full_mobilisation': 30000}",None,"['Aglarondan', 'Common', 'Elven (Yuir)']","['Chauntea', 'the Seldarine (elven pantheon)', 'Selûne', 'Umberlee', 'Valkur', 'the Yuir']",136014,11487,,54.2,45.4,80,0,"Spellbound - Anthony Pryor, 1995, Unapproachable East - Richard Baker, Matt Forbeck & Sean K. Reynolds, 2003","[""['lumber'"", ""'grain'"", ""'gems'"", ""'copper'"", ""'wine']""]","[""['glass'"", ""'iron'"", ""'textiles'"", ""'produce']""]","{""humans"": 55.0, ""half-elves"": 5527.0, ""elves"": 5.0, ""misc."": 0.0}","{""Aristocratic"": 2.0, ""Wealthy"": 85.0, ""Comfortable"": 345.0, ""Modest"": 724.0, ""Poor"": 1694.0, ""Squalid"": 1659.0, ""Wretched"": 336.0}"
Halendos,Aglarond,Velprintalar,207,20403,20,"{'humans': 117, 'half-elves': 89, 'elves': 0, 'misc.': 0}",63,Wildlife attacks,['Plutocracy'],"{'Aristocratic': 0, 'Wealthy': 0, 'Comfortable': 12, 'Modest': 16, 'Poor': 63, 'Squalid': 33, 'Wretched': 3}",0,"[""['lumber'"", ""'grain'"", ""'gems'"", ""'copper'"", ""'wine']""]","[""['glass'"", ""'iron'"", ""'textiles'"", ""'produce']""]",The Simbul,"{'standing': 6000, 'full_mobilisation': 30000}",None,"['Aglarondan', 'Common', 'Elven (Yuir)']","['Chauntea', 'the Seldarine (elven pantheon)', 'Selûne', 'Umberlee', 'Valkur', 'the Yuir']",136014,11487,,60.3,49.5,84,0,"Spellbound - Anthony Pryor, 1995, Unapproachable East - Richard Baker, Matt Forbeck & Sean K. Reynolds, 2003","[""['lumber'"", ""'grain'"", ""'gems'"", ""'copper'"", ""'wine']""]","[""['glass'"", ""'iron'"", ""'textiles'"", ""'produce']""]","{""humans"": 117.0, ""half-elves"": 89.0, ""elves"": 0.0, ""misc."": 0.0}","{""Aristocratic"": 0.0, ""Wealthy"": 0.0, ""Comfortable"": 12.0, ""Modest"": 16.0, ""Poor"": 63.0, ""Squalid"": 33.0, ""Wretched"": 3.0}"
Ingdal’s Arm,Aglarond,Velprintalar,968,125304,125,"{'humans': 968, 'half-elves': 0, 'elves': 0, 'misc.': 0}",47,Disease,['Autocracy'],"{'Aristocratic': 0, 'Wealthy': 8, 'Comfortable': 56, 'Modest': 111, 'Poor': 302, 'Squalid': 279, 'Wretched': 13}",0,"[""['lumber'"", ""'grain'"", ""'gems'"", ""'copper'"", ""'wine']""]","[""['glass'"", ""'iron'"", ""'textiles'"", ""'produce']""]",The Simbul,"{'standing': 6000, 'full_mobilisation': 30000}",None,"['Aglarondan', 'Common', 'Elven (Yuir)']","['Chauntea', 'the Seldarine (elven pantheon)', 'Selûne', 'Umberlee', 'Valkur', 'the Yuir']",136014,11487,,61.5,46.9,65,0,"Spellbound - Anthony Pryor, 1995, Unapproachable East - Richard Baker, Matt Forbeck & Sean K. Reynolds, 2003","[""['lumber'"", ""'grain'"", ""'gems'"", ""'copper'"", ""'wine']""]","[""['glass'"", ""'iron'"", ""'textiles'"", ""'produce']""]","{""humans"": 968.0, ""half-elves"": 0.0, ""elves"": 0.0, ""misc."": 0.0}","{""Aristocratic"": 0.0, ""Wealthy"": 8.0, ""Comfortable"": 56.0, ""Modest"": 111.0, ""Poor"": 302.0, ""Squalid"": 279.0, ""Wretched"": 13.0}"
Mesring,Aglarond,Velprintalar,99,12556,12,"{'humans': 85, 'half-elves': 13, 'elves': 0, 'misc.': 0}",53,Exposure to the elements,['Democracy'],"{'Aristocratic': 0, 'Wealthy': 0, 'Comfortable': 6, 'Modest': 15, 'Poor': 32, 'Squalid': 10, 'Wretched': 0}",0,"[""['lumber'"", ""'grain'"", ""'gems'"", ""'copper'"", ""'wine']""]","[""['glass'"", ""'iron'"", ""'textiles'"", ""'produce']""]",The Simbul,"{'standing': 6000, 'full_mobilisation': 30000}",None,"['Aglarondan', 'Common', 'Elven (Yuir)']","['Chauntea', 'the Seldarine (elven pantheon)', 'Selûne', 'Umberlee', 'Valkur', 'the Yuir']",136014,11487,,59.3,40.9,65,0,"Spellbound - Anthony Pryor, 1995, Unapproachable East - Richard Baker, Matt Forbeck & Sean K. Reynolds, 2003","[""['lumber'"", ""'grain'"", ""'gems'"", ""'copper'"", ""'wine']""]","[""['glass'"", ""'iron'"", ""'textiles'"", ""'produce']""]","{""humans"": 85.0, ""half-elves"": 13.0, ""elves"": 0.0, ""misc."": 0.0}","{""Aristocratic"": 0.0, ""Wealthy"": 0.0, ""Comfortable"": 6.0, ""Modest"": 15.0, ""Poor"": 32.0, ""Squalid"": 10.0, ""Wretched"": 0.0}"
Orithar,Aglarond,Velprintalar,504,68364,68,"{'humans': 128, 'half-elves': 375, 'elves': 0, 'misc.': 0}",76,Exposure to the elements,['Bureaucracy'],"{'Aristocratic': 0, 'Wealthy': 2, 'Comfortable': 27, 'Modest': 78, 'Poor': 162, 'Squalid': 149, 'Wretched': 5}",0,"[""['lumber'"", ""'grain'"", ""'gems'"", ""'copper'"", ""'wine']""]","[""['glass'"", ""'iron'"", ""'textiles'"", ""'produce']""]",The Simbul,"{'standing': 6000, 'full_mobilisation': 30000}",None,"['Aglarondan', 'Common', 'Elven (Yuir)']","['Chauntea', 'the Seldarine (elven pantheon)', 'Selûne', 'Umberlee', 'Valkur', 'the Yuir']",136014,11487,,62.5,34.1,77,0,"Spellbound - Anthony Pryor, 1995, Unapproachable East - Richard Baker, Matt Forbeck & Sean K. Reynolds, 2003","[""['lumber'"", ""'grain'"", ""'gems'"", ""'copper'"", ""'wine']""]","[""['glass'"", ""'iron'"", ""'textiles'"", ""'produce']""]","{""humans"": 128.0, ""half-elves"": 375.0, ""elves"": 0.0, ""misc."": 0.0}","{""Aristocratic"": 0.0, ""Wealthy"": 2.0, ""Comfortable"": 27.0, ""Modest"": 78.0, ""Poor"": 162.0, ""Squalid"": 149.0, ""Wretched"": 5.0}"
Osker,Aglarond,Velprintalar,713,91396,91,"{'humans': 189, 'half-elves': 523, 'elves': 0, 'misc.': 0}",59,Disease,['Hierarchy'],"{'Aristocratic': 0, 'Wealthy': 5, 'Comfortable': 37, 'Modest': 98, 'Poor': 238, 'Squalid': 108, 'Wretched': 7}",0,"[""['lumber'"", ""'grain'"", ""'gems'"", ""'copper'"", ""'wine']""]","[""['glass'"", ""'iron'"", ""'textiles'"", ""'produce']""]",The Simbul,"{'standing': 6000, 'full_mobilisation': 30000}",None,"['Aglarondan', 'Common', 'Elven (Yuir)']","['Chauntea', 'the Seldarine (elven pantheon)', 'Selûne', 'Umberlee', 'Valkur', 'the Yuir']",136014,11487,,67.3,33.2,67,0,"Spellbound - Anthony Pryor, 1995, Unapproachable East - Richard Baker, Matt Forbeck & Sean K. Reynolds, 2003","[""['lumber'"", ""'grain'"", ""'gems'"", ""'copper'"", ""'wine']""]","[""['glass'"", ""'iron'"", ""'textiles'"", ""'produce']""]","{""humans"": 189.0, ""half-elves"": 523.0, ""elves"": 0.0, ""misc."": 0.0}","{""Aristocratic"": 0.0, ""Wealthy"": 5.0, ""Comfortable"": 37.0, ""Modest"": 98.0, ""Poor"": 238.0, ""Squalid"": 108.0, ""Wretched"": 7.0}"
Relkath’s Foot,Aglarond,Velprintalar,5219,893155,903,"{'humans': 4702, 'half-elves': 464, 'elves': 41, 'misc.': 10}",51,Exposure to the elements,['Satrapy'],"{'Aristocratic': 0, 'Wealthy': 94, 'Comfortable': 413, 'Modest': 768, 'Poor': 1741, 'Squalid': 1288, 'Wretched': 272}",0,"[""['lumber'"", ""'grain'"", ""'gems'"", ""'copper'"", ""'wine']""]","[""['glass'"", ""'iron'"", ""'textiles'"", ""'produce']""]",The Simbul,"{'standing': 6000, 'full_mobilisation': 30000}",None,"['Aglarondan', 'Common', 'Elven (Yuir)']","['Chauntea', 'the Seldarine (elven pantheon)', 'Selûne', 'Umberlee', 'Valkur', 'the Yuir']",136014,11487,,58.6,30.9,85,0,"Spellbound - Anthony Pryor, 1995, Unapproachable East - Richard Baker, Matt Forbeck & Sean K. Reynolds, 2003","[""['lumber'"", ""'grain'"", ""'gems'"", ""'copper'"", ""'wine']""]","[""['glass'"", ""'iron'"", ""'textiles'"", ""'produce']""]","{""humans"": 4702.0, ""half-elves"": 464.0, ""elves"": 41.0, ""misc."": 10.0}","{""Aristocratic"": 0.0, ""Wealthy"": 94.0, ""Comfortable"": 413.0, ""Modest"": 768.0, ""Poor"": 1741.0, ""Squalid"": 1288.0, ""Wretched"": 272.0}"
Thayguard,Aglarond,Velprintalar,4985,954621,970,"{'humans': 4935, 'half-elves': 49, 'elves': 0, 'misc.': 0}",42,Exposure to the elements,['Confederacy'],"{'Aristocratic': 1, 'Wealthy': 80, 'Comfortable': 364, 'Modest': 1118, 'Poor': 1635, 'Squalid': 1124, 'Wretched': 249}",4,"[""['lumber'"", ""'grain'"", ""'gems'"", ""'copper'"", ""'wine']""]","[""['glass'"", ""'iron'"", ""'textiles'"", ""'produce']""]",The Simbul,"{'standing': 6000, 'full_mobilisation': 30000}",None,"['Aglarondan', 'Common', 'Elven (Yuir)']","['Chauntea', 'the Seldarine (elven pantheon)', 'Selûne', 'Umberlee', 'Valkur', 'the Yuir']",136014,11487,,57.3,30.2,62,1,"Spellbound - Anthony Pryor, 1995, Unapproachable East - Richard Baker, Matt Forbeck & Sean K. Reynolds, 2003","[""['lumber'"", ""'grain'"", ""'gems'"", ""'copper'"", ""'wine']""]","[""['glass'"", ""'iron'"", ""'textiles'"", ""'produce']""]","{""humans"": 4935.0, ""half-elves"": 49.0, ""elves"": 0.0, ""misc."": 0.0}","{""Aristocratic"": 1.0, ""Wealthy"": 80.0, ""Comfortable"": 364.0, ""Modest"": 1118.0, ""Poor"": 1635.0, ""Squalid"": 1124.0, ""Wretched"": 249.0}"
Urst,Aglarond,Velprintalar,974,125852,125,"{'humans': 827, 'half-elves': 146, 'elves': 0, 'misc.': 0}",49,Assassination,['Theocracy'],"{'Aristocratic': 0, 'Wealthy': 6, 'Comfortable': 45, 'Modest': 153, 'Poor': 294, 'Squalid': 190, 'Wretched': 12}",0,"[""['lumber'"", ""'grain'"", ""'gems'"", ""'copper'"", ""'wine']""]","[""['glass'"", ""'iron'"", ""'textiles'"", ""'produce']""]",The Simbul,"{'standing': 6000, 'full_mobilisation': 30000}",None,"['Aglarondan', 'Common', 'Elven (Yuir)']","['Chauntea', 'the Seldarine (elven pantheon)', 'Selûne', 'Umberlee', 'Valkur', 'the Yuir']",136014,11487,,48.2,39.7,53,0,"Spellbound - Anthony Pryor, 1995, Unapproachable East - Richard Baker, Matt Forbeck & Sean K. Reynolds, 2003","[""['lumber'"", ""'grain'"", ""'gems'"", ""'copper'"", ""'wine']""]","[""['glass'"", ""'iron'"", ""'textiles'"", ""'produce']""]","{""humans"": 827.0, ""half-elves"": 146.0, ""elves"": 0.0, ""misc."": 0.0}","{""Aristocratic"": 0.0, ""Wealthy"": 6.0, ""Comfortable"": 45.0, ""Modest"": 153.0, ""Poor"": 294.0, ""Squalid"": 190.0, ""Wretched"": 12.0}"
Urve,Aglarond,Velprintalar,478,55224,55,"{'humans': 475, 'half-elves': 2, 'elves': 0, 'misc.': 0}",34,Assassination,['Theocracy'],"{'Aristocratic': 0, 'Wealthy': 2, 'Comfortable': 30, 'Modest': 41, 'Poor': 165, 'Squalid': 93, 'Wretched': 6}",0,"[""['lumber'"", ""'grain'"", ""'gems'"", ""'copper'"", ""'wine']""]","[""['glass'"", ""'iron'"", ""'textiles'"", ""'produce']""]",The Simbul,"{'standing': 6000, 'full_mobilisation': 30000}",None,"['Aglarondan', 'Common', 'Elven (Yuir)']","['Chauntea', 'the Seldarine (elven pantheon)', 'Selûne', 'Umberlee', 'Valkur', 'the Yuir']",136014,11487,,53.9,43.9,63,1,"Spellbound - Anthony Pryor, 1995, Unapproachable East - Richard Baker, Matt Forbeck & Sean K. Reynolds, 2003","[""['lumber'"", ""'grain'"", ""'gems'"", ""'copper'"", ""'wine']""]","[""['glass'"", ""'iron'"", ""'textiles'"", ""'produce']""]","{""humans"": 475.0, ""half-elves"": 2.0, ""elves"": 0.0, ""misc."": 0.0}","{""Aristocratic"": 0.0, ""Wealthy"": 2.0, ""Comfortable"": 30.0, ""Modest"": 41.0, ""Poor"": 165.0, ""Squalid"": 93.0, ""Wretched"": 6.0}"
Evermeet,Evereska,Evermeet,117,13213,13,"{'elves': 117, 'humans': 0}",358,Old age,['Meritocracy'],"{'Aristocratic': 0, 'Wealthy': 1, 'Comfortable': 5, 'Modest': 12, 'Poor': 37, 'Squalid': 28, 'Wretched': 2}",0,"[""['paintings'"", ""'statues'"", ""'wine'"", ""'wood carvings'"", ""'elven spirits']""]","[""['metal ore']""]",High Lord Erlan Duirsar and the Council of Hill Elders,"{'standing': 'The Army of Evereska', 'divisions': ['the Long Watch', 'the Swords of Evereska', 'the Cold Hand', 'the Vale Guard', 'the Tomb Guard', 'the Feather Cavalry']}",None,"['Common', 'Elven']",['The Seldarine'],20613,1,,54.4,45.2,80,0,"The Return of the Archwizards trilogy - Troy Denning, 2001-02","[""['paintings'"", ""'statues'"", ""'wine'"", ""'wood carvings'"", ""'elven spirits']""]","[""['metal ore']""]","{""elves"": 117.0, ""humans"": 0.0}","{""Aristocratic"": 0.0, ""Wealthy"": 1.0, ""Comfortable"": 5.0, ""Modest"": 12.0, ""Poor"": 37.0, ""Squalid"": 28.0, ""Wretched"": 2.0}"
Greyhome,Evereska,Evermeet,517,63327,63,"{'elves': 517, 'humans': 0}",355,Bandit attacks,['Plutocracy'],"{'Aristocratic': 0, 'Wealthy': 1, 'Comfortable': 24, 'Modest': 78, 'Poor': 173, 'Squalid': 89, 'Wretched': 7}",0,"[""['paintings'"", ""'statues'"", ""'wine'"", ""'wood carvings'"", ""'elven spirits']""]","[""['metal ore']""]",High Lord Erlan Duirsar and the Council of Hill Elders,"{'standing': 'The Army of Evereska', 'divisions': ['the Long Watch', 'the Swords of Evereska', 'the Cold Hand', 'the Vale Guard', 'the Tomb Guard', 'the Feather Cavalry']}",Hall of the Kaliesh'erai,"['Common', 'Elven']",['The Seldarine'],20613,1,,65.2,41.9,69,0,"The Return of the Archwizards trilogy - Troy Denning, 2001-02","[""['paintings'"", ""'statues'"", ""'wine'"", ""'wood carvings'"", ""'elven spirits']""]","[""['metal ore']""]","{""elves"": 517.0, ""humans"": 0.0}","{""Aristocratic"": 0.0, ""Wealthy"": 1.0, ""Comfortable"": 24.0, ""Modest"": 78.0, ""Poor"": 173.0, ""Squalid"": 89.0, ""Wretched"": 7.0}"
Greyshield,Evereska,Evermeet,5300,914069,931,"{'elves': 5300, 'humans': 0}",357,Exposure to the elements,['Patriarchy'],"{'Aristocratic': 1, 'Wealthy': 69, 'Comfortable': 420, 'Modest': 858, 'Poor': 1824, 'Squalid': 1555, 'Wretched': 381}",0,"[""['paintings'"", ""'statues'"", ""'wine'"", ""'wood carvings'"", ""'elven spirits']""]","[""['metal ore']""]",High Lord Erlan Duirsar and the Council of Hill Elders,"{'standing': 'The Army of Evereska', 'divisions': ['the Long Watch', 'the Swords of Evereska', 'the Cold Hand', 'the Vale Guard', 'the Tomb Guard', 'the Feather Cavalry']}",College of Magic and Arms,"['Common', 'Elven']",['The Seldarine'],20613,1,,48.2,38.6,49,0,"The Return of the Archwizards trilogy - Troy Denning, 2001-02","[""['paintings'"", ""'statues'"", ""'wine'"", ""'wood carvings'"", ""'elven spirits']""]","[""['metal ore']""]","{""elves"": 5300.0, ""humans"": 0.0}","{""Aristocratic"": 1.0, ""Wealthy"": 69.0, ""Comfortable"": 420.0, ""Modest"": 858.0, ""Poor"": 1824.0, ""Squalid"": 1555.0, ""Wretched"": 381.0}"
Leuthilspar,Evermeet,Leuthilspar,48267,10074401,28041,"{'elves': 48267, 'humans': 0}",357,Old age,['Patriarchy'],"{'Aristocratic': 103, 'Wealthy': 681, 'Comfortable': 4912, 'Modest': 9397, 'Poor': 14612, 'Squalid': 17037, 'Wretched': 2538}",13,"[""['jewellery'"", ""'exotic and magical items']""]",,"['Queen Amlaruil Moonflower', 'the Council of Matrons', 'the Queen’s High Council']","{'The Pegasus Cavalry', 'Eagle Riders', 'Dragon Riders', 'Aerial Navy', 'the Evermeet Navy', 'thousands of magic-users'}",guilds,['Elven'],['The Seldarine'],1674541,3374,,62.3,32.9,75,0,"Elves of Evermeet - Anne Gray McCready, 1994, Evermeet: Island of Elves - Elaine Cunningham, 1999","[""['jewellery'"", ""'exotic and magical items']""]",[],"{""elves"": 48267.0, ""humans"": 0.0}","{""Aristocratic"": 103.0, ""Wealthy"": 681.0, ""Comfortable"": 4912.0, ""Modest"": 9397.0, ""Poor"": 14612.0, ""Squalid"": 17037.0, ""Wretched"": 2538.0}"
Drelagara,Evermeet,Leuthilspar,3000,518519,525,"{'elves': 3000, 'humans': 0}",352,Old age,['Hierarchy'],"{'Aristocratic': 1, 'Wealthy': 48, 'Comfortable': 235, 'Modest': 479, 'Poor': 1013, 'Squalid': 670, 'Wretched': 181}",3,"[""['jewellery'"", ""'exotic and magical items']""]",,"['Queen Amlaruil Moonflower', 'the Council of Matrons', 'the Queen’s High Council']","{'The Pegasus Cavalry', 'Eagle Riders', 'Dragon Riders', 'Aerial Navy', 'the Evermeet Navy', 'thousands of magic-users'}",None,['Elven'],['The Seldarine'],1674541,3374,,69.5,36.1,81,0,"Elves of Evermeet - Anne Gray McCready, 1994, Evermeet: Island of Elves - Elaine Cunningham, 1999","[""['jewellery'"", ""'exotic and magical items']""]",[],"{""elves"": 3000.0, ""humans"": 0.0}","{""Aristocratic"": 1.0, ""Wealthy"": 48.0, ""Comfortable"": 235.0, ""Modest"": 479.0, ""Poor"": 1013.0, ""Squalid"": 670.0, ""Wretched"": 181.0}"
Elion,Evermeet,Leuthilspar,1437,268165,268,"{'elves': 1152, 'humans': 284}",296,Dueling accidents,['Militocracy'],"{'Aristocratic': 0, 'Wealthy': 20, 'Comfortable': 100, 'Modest': 316, 'Poor': 496, 'Squalid': 395, 'Wretched': 94}",0,"[""['jewellery'"", ""'exotic and magical items']""]",,"['Queen Amlaruil Moonflower', 'the Council of Matrons', 'the Queen’s High Council']","{'The Pegasus Cavalry', 'Eagle Riders', 'Dragon Riders', 'Aerial Navy', 'the Evermeet Navy', 'thousands of magic-users'}",None,['Elven'],['The Seldarine'],1674541,3374,,49,43.3,81,0,"Elves of Evermeet - Anne Gray McCready, 1994, Evermeet: Island of Elves - Elaine Cunningham, 1999","[""['jewellery'"", ""'exotic and magical items']""]",[],"{""elves"": 1152.0, ""humans"": 284.0}","{""Aristocratic"": 0.0, ""Wealthy"": 20.0, ""Comfortable"": 100.0, ""Modest"": 316.0, ""Poor"": 496.0, ""Squalid"": 395.0, ""Wretched"": 94.0}"
Erial,Evermeet,Leuthilspar,5000,778362,786,"{'elves': 2245, 'humans': 2755}",184,Work-related accidents,['Kleptocracy'],"{'Aristocratic': 0, 'Wealthy': 84, 'Comfortable': 394, 'Modest': 567, 'Poor': 1527, 'Squalid': 1361, 'Wretched': 341}",0,"[""['jewellery'"", ""'exotic and magical items']""]",,"['Queen Amlaruil Moonflower', 'the Council of Matrons', 'the Queen’s High Council']","{'The Pegasus Cavalry', 'Eagle Riders', 'Dragon Riders', 'Aerial Navy', 'the Evermeet Navy', 'thousands of magic-users'}",None,['Elven'],['The Seldarine'],1674541,3374,,46.7,34.4,89,0,"Elves of Evermeet - Anne Gray McCready, 1994, Evermeet: Island of Elves - Elaine Cunningham, 1999","[""['jewellery'"", ""'exotic and magical items']""]",[],"{""elves"": 2245.0, ""humans"": 2755.0}","{""Aristocratic"": 0.0, ""Wealthy"": 84.0, ""Comfortable"": 394.0, ""Modest"": 567.0, ""Poor"": 1527.0, ""Squalid"": 1361.0, ""Wretched"": 341.0}"
Iumathiashae,Evermeet,Leuthilspar,4600,694996,707,"{'elves': 4600, 'humans': 0}",355,Disease,['Bureaucracy'],"{'Aristocratic': 1, 'Wealthy': 79, 'Comfortable': 344, 'Modest': 474, 'Poor': 1419, 'Squalid': 1323, 'Wretched': 236}",3,"[""['jewellery'"", ""'exotic and magical items']""]",,"['Queen Amlaruil Moonflower', 'the Council of Matrons', 'the Queen’s High Council']","{'The Pegasus Cavalry', 'Eagle Riders', 'Dragon Riders', 'Aerial Navy', 'the Evermeet Navy', 'thousands of magic-users'}",None,['Elven'],['The Seldarine'],1674541,3374,,64.6,47.3,58,0,"Elves of Evermeet - Anne Gray McCready, 1994, Evermeet: Island of Elves - Elaine Cunningham, 1999","[""['jewellery'"", ""'exotic and magical items']""]",[],"{""elves"": 4600.0, ""humans"": 0.0}","{""Aristocratic"": 1.0, ""Wealthy"": 79.0, ""Comfortable"": 344.0, ""Modest"": 474.0, ""Poor"": 1419.0, ""Squalid"": 1323.0, ""Wretched"": 236.0}"
Nimlith,Evermeet,Leuthilspar,1036,179872,180,"{'elves': 1036, 'humans': 0}",358,Bandit attacks,['Confederacy'],"{'Aristocratic': 0, 'Wealthy': 12, 'Comfortable': 64, 'Modest': 230, 'Poor': 321, 'Squalid': 226, 'Wretched': 74}",0,"[""['jewellery'"", ""'exotic and magical items']""]",,"['Queen Amlaruil Moonflower', 'the Council of Matrons', 'the Queen’s High Council']","{'The Pegasus Cavalry', 'Eagle Riders', 'Dragon Riders', 'Aerial Navy', 'the Evermeet Navy', 'thousands of magic-users'}",None,['Elven'],['The Seldarine'],1674541,3374,,48.5,46.5,53,0,"Elves of Evermeet - Anne Gray McCready, 1994, Evermeet: Island of Elves - Elaine Cunningham, 1999","[""['jewellery'"", ""'exotic and magical items']""]",[],"{""elves"": 1036.0, ""humans"": 0.0}","{""Aristocratic"": 0.0, ""Wealthy"": 12.0, ""Comfortable"": 64.0, ""Modest"": 230.0, ""Poor"": 321.0, ""Squalid"": 226.0, ""Wretched"": 74.0}"
Ruith,Evermeet,Leuthilspar,10426,2201862,3531,"{'elves': 10426, 'humans': 0}",357,Wagon Accident,['Gerontocracy'],"{'Aristocratic': 37, 'Wealthy': 185, 'Comfortable': 1286, 'Modest': 1382, 'Poor': 3324, 'Squalid': 3037, 'Wretched': 720}",3,"[""['jewellery'"", ""'exotic and magical items']""]",,"['Queen Amlaruil Moonflower', 'the Council of Matrons', 'the Queen’s High Council']","{'The Pegasus Cavalry', 'Eagle Riders', 'Dragon Riders', 'Aerial Navy', 'the Evermeet Navy', 'thousands of magic-users'}",None,['Elven'],['The Seldarine'],1674541,3374,,65.5,45.2,57,0,"Elves of Evermeet - Anne Gray McCready, 1994, Evermeet: Island of Elves - Elaine Cunningham, 1999","[""['jewellery'"", ""'exotic and magical items']""]",[],"{""elves"": 10426.0, ""humans"": 0.0}","{""Aristocratic"": 37.0, ""Wealthy"": 185.0, ""Comfortable"": 1286.0, ""Modest"": 1382.0, ""Poor"": 3324.0, ""Squalid"": 3037.0, ""Wretched"": 720.0}"
Sumbrar,Evermeet,Leuthilspar,2430,400514,402,"{'elves': 2430, 'humans': 0}",356,Bandit attacks,['Militocracy'],"{'Aristocratic': 0, 'Wealthy': 40, 'Comfortable': 183, 'Modest': 367, 'Poor': 768, 'Squalid': 507, 'Wretched': 172}",0,"[""['jewellery'"", ""'exotic and magical items']""]",,"['Queen Amlaruil Moonflower', 'the Council of Matrons', 'the Queen’s High Council']","{'The Pegasus Cavalry', 'Eagle Riders', 'Dragon Riders', 'Aerial Navy', 'the Evermeet Navy', 'thousands of magic-users'}",None,['Elven'],['The Seldarine'],1674541,3374,,59.9,45.8,93,0,"Elves of Evermeet - Anne Gray McCready, 1994, Evermeet: Island of Elves - Elaine Cunningham, 1999","[""['jewellery'"", ""'exotic and magical items']""]",[],"{""elves"": 2430.0, ""humans"": 0.0}","{""Aristocratic"": 0.0, ""Wealthy"": 40.0, ""Comfortable"": 183.0, ""Modest"": 367.0, ""Poor"": 768.0, ""Squalid"": 507.0, ""Wretched"": 172.0}"
Taltempla,Evermeet,Leuthilspar,11670,2162406,3719,"{'elves': 11670, 'humans': 0}",355,Starvation,['Theocracy'],"{'Aristocratic': 44, 'Wealthy': 296, 'Comfortable': 837, 'Modest': 1538, 'Poor': 3922, 'Squalid': 3040, 'Wretched': 1066}",4,"[""['jewellery'"", ""'exotic and magical items']""]",,"['Queen Amlaruil Moonflower', 'the Council of Matrons', 'the Queen’s High Council']","{'The Pegasus Cavalry', 'Eagle Riders', 'Dragon Riders', 'Aerial Navy', 'the Evermeet Navy', 'thousands of magic-users'}",None,['Elven'],['The Seldarine'],1674541,3374,,53.2,44.4,84,0,"Elves of Evermeet - Anne Gray McCready, 1994, Evermeet: Island of Elves - Elaine Cunningham, 1999","[""['jewellery'"", ""'exotic and magical items']""]",[],"{""elves"": 11670.0, ""humans"": 0.0}","{""Aristocratic"": 44.0, ""Wealthy"": 296.0, ""Comfortable"": 837.0, ""Modest"": 1538.0, ""Poor"": 3922.0, ""Squalid"": 3040.0, ""Wretched"": 1066.0}"
Gundbarg,Gundarlun,Gundbarg,12031,2421337,3538,{'humans': 12031},46,Magic mishaps,['Matriarchy'],"{'Aristocratic': 27, 'Wealthy': 321, 'Comfortable': 860, 'Modest': 2284, 'Poor': 4153, 'Squalid': 2452, 'Wretched': 929}",0,['[]'],['[]'],King Olgar Redaxe,"{'standing': 300, 'navy': longships'}",None,"['Common', 'Illuskan']","['Tempus', 'Umberlee']",12031,94,,16.8,37.3,59,0,"The Savage Frontier - Jennell Jaquays, 1988, The North - slade, et all, 1996",[],[],"{""humans"": 12031.0}","{""Aristocratic"": 27.0, ""Wealthy"": 321.0, ""Comfortable"": 860.0, ""Modest"": 2284.0, ""Poor"": 4153.0, ""Squalid"": 2452.0, ""Wretched"": 929.0}"
Ruathym,Ruathym,Ruathym,4990,913303,921,"{'humans': 4471, 'halflings': 154, 'dwarves': 144, 'half-elves': 99, 'elves': 49}",51,Poison,['Magocracy'],"{'Aristocratic': 0, 'Wealthy': 62, 'Comfortable': 319, 'Modest': 1185, 'Poor': 1607, 'Squalid': 1098, 'Wretched': 296}",0,['[]'],['[]'],King Aumark Lithyl,{'Four tribes of warriors and occasional shamans and magic-users'},None,"['Common', 'Ruathen (Illuskan dialect)']","['Tempus', 'Umberlee']",11968,1,,8.8,36.4,66,0,"The Savage Frontier - Jennell Jaquays, 1988, The North - slade, et all, 1996",[],[],"{""humans"": 4471.0, ""halflings"": 154.0, ""dwarves"": 144.0, ""half-elves"": 99.0, ""elves"": 49.0}","{""Aristocratic"": 0.0, ""Wealthy"": 62.0, ""Comfortable"": 319.0, ""Modest"": 1185.0, ""Poor"": 1607.0, ""Squalid"": 1098.0, ""Wretched"": 296.0}"
Hastor,Ruathym,Ruathym,2274,368796,370,"{'humans': 2007, 'halflings': 70, 'dwarves': 70, 'half-elves': 47, 'elves': 22}",55,Dueling accidents,['Magocracy'],"{'Aristocratic': 0, 'Wealthy': 25, 'Comfortable': 178, 'Modest': 357, 'Poor': 722, 'Squalid': 530, 'Wretched': 115}",0,['[]'],['[]'],King Aumark Lithyl,{'Four tribes of warriors and occasional shamans and magic-users'},None,"['Common', 'Ruathen (Illuskan dialect)']","['Tempus', 'Umberlee']",11968,1,,0.8,34.3,87,0,"The Savage Frontier - Jennell Jaquays, 1988, The North - slade, et all, 1996",[],[],"{""humans"": 2007.0, ""halflings"": 70.0, ""dwarves"": 70.0, ""half-elves"": 47.0, ""elves"": 22.0}","{""Aristocratic"": 0.0, ""Wealthy"": 25.0, ""Comfortable"": 178.0, ""Modest"": 357.0, ""Poor"": 722.0, ""Squalid"": 530.0, ""Wretched"": 115.0}"
Holgerstead,Ruathym,Ruathym,2347,344888,346,"{'humans': 2119, 'halflings': 70, 'dwarves': 68, 'half-elves': 46, 'elves': 23}",54,Magic mishaps,['Plutocracy'],"{'Aristocratic': 0, 'Wealthy': 29, 'Comfortable': 173, 'Modest': 264, 'Poor': 791, 'Squalid': 607, 'Wretched': 72}",0,['[]'],['[]'],King Aumark Lithyl,{'Four tribes of warriors and occasional shamans and magic-users'},None,"['Common', 'Ruathen (Illuskan dialect)']","['Tempus', 'Umberlee']",11968,1,,6.4,33.5,74,0,"The Savage Frontier - Jennell Jaquays, 1988, The North - slade, et all, 1996",[],[],"{""humans"": 2119.0, ""halflings"": 70.0, ""dwarves"": 68.0, ""half-elves"": 46.0, ""elves"": 23.0}","{""Aristocratic"": 0.0, ""Wealthy"": 29.0, ""Comfortable"": 173.0, ""Modest"": 264.0, ""Poor"": 791.0, ""Squalid"": 607.0, ""Wretched"": 72.0}"
Rethgaard,Ruathym,Ruathym,2357,425553,427,"{'humans': 2146, 'halflings': 67, 'dwarves': 72, 'half-elves': 46, 'elves': 23}",55,Bandit attacks,['Feudalism'],"{'Aristocratic': 0, 'Wealthy': 41, 'Comfortable': 156, 'Modest': 469, 'Poor': 760, 'Squalid': 689, 'Wretched': 90}",0,['[]'],['[]'],King Aumark Lithyl,{'Four tribes of warriors and occasional shamans and magic-users'},None,"['Common', 'Ruathen (Illuskan dialect)']","['Tempus', 'Umberlee']",11968,1,,36,29.3,81,0,"The Savage Frontier - Jennell Jaquays, 1988, The North - slade, et all, 1996",[],[],"{""humans"": 2146.0, ""halflings"": 67.0, ""dwarves"": 72.0, ""half-elves"": 46.0, ""elves"": 23.0}","{""Aristocratic"": 0.0, ""Wealthy"": 41.0, ""Comfortable"": 156.0, ""Modest"": 469.0, ""Poor"": 760.0, ""Squalid"": 689.0, ""Wretched"": 90.0}"
Ulf of Thuger,Trisk (Kingdom of the Purple Rocks),Ulf of Thuger,749,104937,105,"{'humans': 678, 'halflings': 23, 'dwarves': 22, 'half-elves': 14, 'elves': 7}",52,Disease,['Kleptocracy'],"{'Aristocratic': 0, 'Wealthy': 5, 'Comfortable': 34, 'Modest': 128, 'Poor': 256, 'Squalid': 203, 'Wretched': 11}",0,"[""['fish'"", ""'vilksmaarg (herbal goat cheese)']""]",['[]'],King Selger,None,None,"['Common', 'Illuskan']","['Auril', 'Tempus', 'Umberlee']",1141,0,,60.4,33.6,64,0,"The Savage Frontier - Jennell Jaquays, 1988","[""['fish'"", ""'vilksmaarg (herbal goat cheese)']""]",[],"{""humans"": 678.0, ""halflings"": 23.0, ""dwarves"": 22.0, ""half-elves"": 14.0, ""elves"": 7.0}","{""Aristocratic"": 0.0, ""Wealthy"": 5.0, ""Comfortable"": 34.0, ""Modest"": 128.0, ""Poor"": 256.0, ""Squalid"": 203.0, ""Wretched"": 11.0}"
Vilkstead,Trisk (Kingdom of the Purple Rocks),Ulf of Thuger,392,46793,46,"{'humans': 340, 'halflings': 11, 'dwarves': 11, 'half-elves': 7, 'elves': 3}",22,Bandit attacks,['Republic'],"{'Aristocratic': 0, 'Wealthy': 3, 'Comfortable': 17, 'Modest': 52, 'Poor': 119, 'Squalid': 64, 'Wretched': 7}",0,"[""['fish'"", ""'vilksmaarg (herbal goat cheese)']""]",['[]'],King Selger,None,None,"['Common', 'Illuskan']","['Auril', 'Tempus', 'Umberlee']",1141,0,,49.8,39.2,77,0,"The Savage Frontier - Jennell Jaquays, 1988","[""['fish'"", ""'vilksmaarg (herbal goat cheese)']""]",[],"{""humans"": 340.0, ""halflings"": 11.0, ""dwarves"": 11.0, ""half-elves"": 7.0, ""elves"": 3.0}","{""Aristocratic"": 0.0, ""Wealthy"": 3.0, ""Comfortable"": 17.0, ""Modest"": 52.0, ""Poor"": 119.0, ""Squalid"": 64.0, ""Wretched"": 7.0}"
Uttersea,Tuern,Uttersea,1906,318937,319,"{'humans': 1739, 'halflings': 54, 'dwarves': 56, 'half-elves': 35, 'elves': 18}",53,Bandit attacks,['Patriarchy'],"{'Aristocratic': 0, 'Wealthy': 30, 'Comfortable': 144, 'Modest': 295, 'Poor': 665, 'Squalid': 378, 'Wretched': 149}",0,"[""['adamantite ore']""]",['[]'],"['High King Threlked Ironfist', 'five vassal kings']",None,None,"['Common', 'Illuskan']","['None', 'three local red dragons are instead worshipped as gods']",2387,0,,9.3,20.4,93,0,"The Savage Frontier - Jennell Jaquays, 1988, The North - slade, et all, 1996, Neverwinter: Tyranny of Dragons - Cryptic Studios, 2014, Storm Kings Thunder - Christopher Perkins, 2016","[""['adamantite ore']""]",[],"{""humans"": 1739.0, ""halflings"": 54.0, ""dwarves"": 56.0, ""half-elves"": 35.0, ""elves"": 18.0}","{""Aristocratic"": 0.0, ""Wealthy"": 30.0, ""Comfortable"": 144.0, ""Modest"": 295.0, ""Poor"": 665.0, ""Squalid"": 378.0, ""Wretched"": 149.0}"
Throne Rock,Tuern,Uttersea,481,55516,55,"{'humans': 421, 'halflings': 14, 'dwarves': 13, 'half-elves': 9, 'elves': 4}",50,Disease,['Matriarchy'],"{'Aristocratic': 0, 'Wealthy': 3, 'Comfortable': 31, 'Modest': 34, 'Poor': 160, 'Squalid': 121, 'Wretched': 6}",0,"[""['adamantite ore']""]",['[]'],"['High King Threlked Ironfist', 'five vassal kings']",None,None,"['Common', 'Illuskan']","['None', 'three local red dragons are instead worshipped as gods']",2387,0,,12.6,25.5,88,0,"The Savage Frontier - Jennell Jaquays, 1988, The North - slade, et all, 1996, Neverwinter: Tyranny of Dragons - Cryptic Studios, 2014, Storm Kings Thunder - Christopher Perkins, 2016","[""['adamantite ore']""]",[],"{""humans"": 421.0, ""halflings"": 14.0, ""dwarves"": 13.0, ""half-elves"": 9.0, ""elves"": 4.0}","{""Aristocratic"": 0.0, ""Wealthy"": 3.0, ""Comfortable"": 31.0, ""Modest"": 34.0, ""Poor"": 160.0, ""Squalid"": 121.0, ""Wretched"": 6.0}"
Hartwick,Hartsvale,Hartwick,10517,2426191,2867,{},46,Starvation,['Hierarchy'],"{'Aristocratic': 8, 'Wealthy': 273, 'Comfortable': 1247, 'Modest': 1971, 'Poor': 3310, 'Squalid': 3481, 'Wretched': 822}",0,['[]'],['[]'],Queen Brianna Burdun,None,None,"['Common', ""{'Bothii': 'Illuskan dialect'}""]",['Iallanis'],31743,475,,14.6,25.9,58,0,"The Twilight Giants trilogy - Troy Denning, 1994-95, Giantcraft - Ray Winninger, 1995, Sword Coast Adventurer’s Guide - Steven Kenson et al, 2015",[],[],{},"{""Aristocratic"": 8.0, ""Wealthy"": 273.0, ""Comfortable"": 1247.0, ""Modest"": 1971.0, ""Poor"": 3310.0, ""Squalid"": 3481.0, ""Wretched"": 822.0}"
Cuthbert Castle,Hartsvale,Hartwick,431,52523,52,"{'humans': 431, 'misc.': 0}",48,Work-related accidents,['Gerontocracy'],"{'Aristocratic': 0, 'Wealthy': 0, 'Comfortable': 24, 'Modest': 55, 'Poor': 150, 'Squalid': 109, 'Wretched': 5}",0,['[]'],['[]'],Queen Brianna Burdun,None,None,"['Common', ""{'Bothii': 'Illuskan dialect'}""]",['Iallanis'],31743,475,,36.4,34.1,68,0,"The Twilight Giants trilogy - Troy Denning, 1994-95, Giantcraft - Ray Winninger, 1995, Sword Coast Adventurer’s Guide - Steven Kenson et al, 2015",[],[],"{""humans"": 431.0, ""misc."": 0.0}","{""Aristocratic"": 0.0, ""Wealthy"": 0.0, ""Comfortable"": 24.0, ""Modest"": 55.0, ""Poor"": 150.0, ""Squalid"": 109.0, ""Wretched"": 5.0}"
Stagwick,Hartsvale,Hartwick,532,64349,64,"{'humans': 532, 'misc.': 0}",47,Poison,['Patriarchy'],"{'Aristocratic': 0, 'Wealthy': 2, 'Comfortable': 32, 'Modest': 54, 'Poor': 175, 'Squalid': 153, 'Wretched': 7}",0,['[]'],['[]'],Queen Brianna Burdun,None,None,"['Common', ""{'Bothii': 'Illuskan dialect'}""]",['Iallanis'],31743,475,,38.8,31.5,63,0,"The Twilight Giants trilogy - Troy Denning, 1994-95, Giantcraft - Ray Winninger, 1995, Sword Coast Adventurer’s Guide - Steven Kenson et al, 2015",[],[],"{""humans"": 532.0, ""misc."": 0.0}","{""Aristocratic"": 0.0, ""Wealthy"": 2.0, ""Comfortable"": 32.0, ""Modest"": 54.0, ""Poor"": 175.0, ""Squalid"": 153.0, ""Wretched"": 7.0}"
Wendel Manor,Hartsvale,Hartwick,95,14125,14,"{'humans': 84, 'misc.': 10}",48,Accidental falls,['Meritocracy'],"{'Aristocratic': 0, 'Wealthy': 0, 'Comfortable': 8, 'Modest': 14, 'Poor': 32, 'Squalid': 23, 'Wretched': 0}",0,['[]'],['[]'],Queen Brianna Burdun,None,None,"['Common', ""{'Bothii': 'Illuskan dialect'}""]",['Iallanis'],31743,475,,19.1,36.6,36,0,"The Twilight Giants trilogy - Troy Denning, 1994-95, Giantcraft - Ray Winninger, 1995, Sword Coast Adventurer’s Guide - Steven Kenson et al, 2015",[],[],"{""humans"": 84.0, ""misc."": 10.0}","{""Aristocratic"": 0.0, ""Wealthy"": 0.0, ""Comfortable"": 8.0, ""Modest"": 14.0, ""Poor"": 32.0, ""Squalid"": 23.0, ""Wretched"": 0.0}"
Windward Town,Hartsvale,Hartwick,389,42048,42,"{'humans': 389, 'misc.': 0}",46,Exposure to the elements,['Bureaucracy'],"{'Aristocratic': 0, 'Wealthy': 3, 'Comfortable': 20, 'Modest': 28, 'Poor': 122, 'Squalid': 108, 'Wretched': 7}",0,['[]'],['[]'],Queen Brianna Burdun,None,None,"['Common', ""{'Bothii': 'Illuskan dialect'}""]",['Iallanis'],31743,475,,14,22,53,0,"The Twilight Giants trilogy - Troy Denning, 1994-95, Giantcraft - Ray Winninger, 1995, Sword Coast Adventurer’s Guide - Steven Kenson et al, 2015",[],[],"{""humans"": 389.0, ""misc."": 0.0}","{""Aristocratic"": 0.0, ""Wealthy"": 3.0, ""Comfortable"": 20.0, ""Modest"": 28.0, ""Poor"": 122.0, ""Squalid"": 108.0, ""Wretched"": 7.0}"
Wynn Castle,Hartsvale,Hartwick,137,14600,14,"{'humans': 130, 'firbolg': 6, 'misc.': 0}",45,Bandit attacks,['Democracy'],"{'Aristocratic': 0, 'Wealthy': 0, 'Comfortable': 9, 'Modest': 11, 'Poor': 45, 'Squalid': 20, 'Wretched': 1}",0,['[]'],['[]'],Queen Brianna Burdun,None,None,"['Common', ""{'Bothii': 'Illuskan dialect'}""]",['Iallanis'],31743,475,,36.5,28.4,60,0,"The Twilight Giants trilogy - Troy Denning, 1994-95, Giantcraft - Ray Winninger, 1995, Sword Coast Adventurer’s Guide - Steven Kenson et al, 2015",[],[],"{""humans"": 130.0, ""firbolg"": 6.0, ""misc."": 0.0}","{""Aristocratic"": 0.0, ""Wealthy"": 0.0, ""Comfortable"": 9.0, ""Modest"": 11.0, ""Poor"": 45.0, ""Squalid"": 20.0, ""Wretched"": 1.0}"
Sambar,Lantan,Sambar,895,127458,127,"{'humans': 610, 'gnomes': 284, 'vengeance-obsessed cat (Silky)': 1}",94,Old age,['Militocracy'],"{'Aristocratic': 0, 'Wealthy': 2, 'Comfortable': 47, 'Modest': 168, 'Poor': 306, 'Squalid': 180, 'Wretched': 16}",0,"[""['technology (mostly things that explode'"", ""'or encourage explosions in others)']""]","[""['copper'"", ""'gemstones'"", ""'tin'"", ""'wood']""]","{'name': 'Ayrar Thagr', 'position': 'Chairperson of the Ayrorch'}","['A powerful, technologically-advanced navy', 'A strong militia', 'Illusionists']",None,"['Common', 'Gnomish', 'Lantanese', 'Alzhedo', 'Chondathan', 'Dwarvish', 'Ignan', 'Illuskan', 'Shaaran']","['Gond', 'Azuth', 'Gnomish pantheon']",19617,6,,62.9,35.6,43,0,"Forgotten Realms Campaign Setting - Jeff Grubb, Ed Greenwood, Karen S. Martin, 1987, The Ring of Winter - James Lowder, 1992, Perilous Gateways: Portals of Lantan - Jeff Quick, 2004 web enhancement","[""['technology (mostly things that explode'"", ""'or encourage explosions in others)']""]","[""['copper'"", ""'gemstones'"", ""'tin'"", ""'wood']""]","{""humans"": 610.0, ""gnomes"": 284.0, ""vengeance-obsessed cat (Silky)"": 1.0}","{""Aristocratic"": 0.0, ""Wealthy"": 2.0, ""Comfortable"": 47.0, ""Modest"": 168.0, ""Poor"": 306.0, ""Squalid"": 180.0, ""Wretched"": 16.0}"
Anchoril,Lantan,Sambar,134,18870,18,"{'humans': 132, 'gnomes': 0, 'sentient wombats': 2}",50,Poison,['Autocracy'],"{'Aristocratic': 0, 'Wealthy': 1, 'Comfortable': 8, 'Modest': 21, 'Poor': 43, 'Squalid': 21, 'Wretched': 2}",0,"[""['technology (mostly things that explode'"", ""'or encourage explosions in others)']""]","[""['copper'"", ""'gemstones'"", ""'tin'"", ""'wood']""]","{'name': 'Ayrar Thagr', 'position': 'Chairperson of the Ayrorch'}","['A powerful, technologically-advanced navy', 'A strong militia', 'Illusionists']",None,"['Common', 'Gnomish', 'Lantanese', 'Alzhedo', 'Chondathan', 'Dwarvish', 'Ignan', 'Illuskan', 'Shaaran']","['Gond', 'Azuth', 'Gnomish pantheon']",19617,6,,53.9,40.4,60,0,"Forgotten Realms Campaign Setting - Jeff Grubb, Ed Greenwood, Karen S. Martin, 1987, The Ring of Winter - James Lowder, 1992, Perilous Gateways: Portals of Lantan - Jeff Quick, 2004 web enhancement","[""['technology (mostly things that explode'"", ""'or encourage explosions in others)']""]","[""['copper'"", ""'gemstones'"", ""'tin'"", ""'wood']""]","{""humans"": 132.0, ""gnomes"": 0.0, ""sentient wombats"": 2.0}","{""Aristocratic"": 0.0, ""Wealthy"": 1.0, ""Comfortable"": 8.0, ""Modest"": 21.0, ""Poor"": 43.0, ""Squalid"": 21.0, ""Wretched"": 2.0}"
Baelrah,Lantan,Sambar,126,15549,15,"{'humans': 54, 'gnomes': 71}",132,Disease,['Plutocracy'],"{'Aristocratic': 0, 'Wealthy': 0, 'Comfortable': 6, 'Modest': 20, 'Poor': 39, 'Squalid': 28, 'Wretched': 2}",0,"[""['technology (mostly things that explode'"", ""'or encourage explosions in others)']""]","[""['copper'"", ""'gemstones'"", ""'tin'"", ""'wood']""]","{'name': 'Ayrar Thagr', 'position': 'Chairperson of the Ayrorch'}","['A powerful, technologically-advanced navy', 'A strong militia', 'Illusionists']",None,"['Common', 'Gnomish', 'Lantanese', 'Alzhedo', 'Chondathan', 'Dwarvish', 'Ignan', 'Illuskan', 'Shaaran']","['Gond', 'Azuth', 'Gnomish pantheon']",19617,6,,50.3,34.6,58,0,"Forgotten Realms Campaign Setting - Jeff Grubb, Ed Greenwood, Karen S. Martin, 1987, The Ring of Winter - James Lowder, 1992, Perilous Gateways: Portals of Lantan - Jeff Quick, 2004 web enhancement","[""['technology (mostly things that explode'"", ""'or encourage explosions in others)']""]","[""['copper'"", ""'gemstones'"", ""'tin'"", ""'wood']""]","{""humans"": 54.0, ""gnomes"": 71.0}","{""Aristocratic"": 0.0, ""Wealthy"": 0.0, ""Comfortable"": 6.0, ""Modest"": 20.0, ""Poor"": 39.0, ""Squalid"": 28.0, ""Wretched"": 2.0}"
Darluj,Lantan,Sambar,139,19272,19,"{'humans': 16, 'gnomes': 122}",176,Magic mishaps,['Confederacy'],"{'Aristocratic': 0, 'Wealthy': 0, 'Comfortable': 7, 'Modest': 26, 'Poor': 47, 'Squalid': 34, 'Wretched': 2}",0,"[""['technology (mostly things that explode'"", ""'or encourage explosions in others)']""]","[""['copper'"", ""'gemstones'"", ""'tin'"", ""'wood']""]","{'name': 'Ayrar Thagr', 'position': 'Chairperson of the Ayrorch'}","['A powerful, technologically-advanced navy', 'A strong militia', 'Illusionists']",None,"['Common', 'Gnomish', 'Lantanese', 'Alzhedo', 'Chondathan', 'Dwarvish', 'Ignan', 'Illuskan', 'Shaaran']","['Gond', 'Azuth', 'Gnomish pantheon']",19617,6,,61.1,44.3,77,0,"Forgotten Realms Campaign Setting - Jeff Grubb, Ed Greenwood, Karen S. Martin, 1987, The Ring of Winter - James Lowder, 1992, Perilous Gateways: Portals of Lantan - Jeff Quick, 2004 web enhancement","[""['technology (mostly things that explode'"", ""'or encourage explosions in others)']""]","[""['copper'"", ""'gemstones'"", ""'tin'"", ""'wood']""]","{""humans"": 16.0, ""gnomes"": 122.0}","{""Aristocratic"": 0.0, ""Wealthy"": 0.0, ""Comfortable"": 7.0, ""Modest"": 26.0, ""Poor"": 47.0, ""Squalid"": 34.0, ""Wretched"": 2.0}"
Dtakkar,Lantan,Sambar,321,40223,40,"{'humans': 0, 'gnomes': 320}",192,Poison,['Kleptocracy'],"{'Aristocratic': 0, 'Wealthy': 2, 'Comfortable': 19, 'Modest': 37, 'Poor': 110, 'Squalid': 52, 'Wretched': 6}",0,"[""['technology (mostly things that explode'"", ""'or encourage explosions in others)']""]","[""['copper'"", ""'gemstones'"", ""'tin'"", ""'wood']""]","{'name': 'Ayrar Thagr', 'position': 'Chairperson of the Ayrorch'}","['A powerful, technologically-advanced navy', 'A strong militia', 'Illusionists']",None,"['Common', 'Gnomish', 'Lantanese', 'Alzhedo', 'Chondathan', 'Dwarvish', 'Ignan', 'Illuskan', 'Shaaran']","['Gond', 'Azuth', 'Gnomish pantheon']",19617,6,,66.8,33.5,68,0,"Forgotten Realms Campaign Setting - Jeff Grubb, Ed Greenwood, Karen S. Martin, 1987, The Ring of Winter - James Lowder, 1992, Perilous Gateways: Portals of Lantan - Jeff Quick, 2004 web enhancement","[""['technology (mostly things that explode'"", ""'or encourage explosions in others)']""]","[""['copper'"", ""'gemstones'"", ""'tin'"", ""'wood']""]","{""humans"": 0.0, ""gnomes"": 320.0}","{""Aristocratic"": 0.0, ""Wealthy"": 2.0, ""Comfortable"": 19.0, ""Modest"": 37.0, ""Poor"": 110.0, ""Squalid"": 52.0, ""Wretched"": 6.0}"
Illul,Lantan,Sambar,129,13979,13,"{'humans': 48, 'gnomes': 1, 'platypuses': 79}",47,Disease,['Magocracy'],"{'Aristocratic': 0, 'Wealthy': 0, 'Comfortable': 5, 'Modest': 17, 'Poor': 40, 'Squalid': 33, 'Wretched': 1}",0,"[""['technology (mostly things that explode'"", ""'or encourage explosions in others)']""]","[""['copper'"", ""'gemstones'"", ""'tin'"", ""'wood']""]","{'name': 'Ayrar Thagr', 'position': 'Chairperson of the Ayrorch'}","['A powerful, technologically-advanced navy', 'A strong militia', 'Illusionists']",None,"['Common', 'Gnomish', 'Lantanese', 'Alzhedo', 'Chondathan', 'Dwarvish', 'Ignan', 'Illuskan', 'Shaaran']","['Gond', 'Azuth', 'Gnomish pantheon']",19617,6,,49.7,31.7,76,0,"Forgotten Realms Campaign Setting - Jeff Grubb, Ed Greenwood, Karen S. Martin, 1987, The Ring of Winter - James Lowder, 1992, Perilous Gateways: Portals of Lantan - Jeff Quick, 2004 web enhancement","[""['technology (mostly things that explode'"", ""'or encourage explosions in others)']""]","[""['copper'"", ""'gemstones'"", ""'tin'"", ""'wood']""]","{""humans"": 48.0, ""gnomes"": 1.0, ""platypuses"": 79.0}","{""Aristocratic"": 0.0, ""Wealthy"": 0.0, ""Comfortable"": 5.0, ""Modest"": 17.0, ""Poor"": 40.0, ""Squalid"": 33.0, ""Wretched"": 1.0}"
Lethtar,Lantan,Sambar,130,17337,17,"{'humans': 126, 'gnomes': 3}",54,Work-related accidents,['Meritocracy'],"{'Aristocratic': 0, 'Wealthy': 1, 'Comfortable': 5, 'Modest': 22, 'Poor': 42, 'Squalid': 31, 'Wretched': 1}",0,"[""['technology (mostly things that explode'"", ""'or encourage explosions in others)']""]","[""['copper'"", ""'gemstones'"", ""'tin'"", ""'wood']""]","{'name': 'Ayrar Thagr', 'position': 'Chairperson of the Ayrorch'}","['A powerful, technologically-advanced navy', 'A strong militia', 'Illusionists']",None,"['Common', 'Gnomish', 'Lantanese', 'Alzhedo', 'Chondathan', 'Dwarvish', 'Ignan', 'Illuskan', 'Shaaran']","['Gond', 'Azuth', 'Gnomish pantheon']",19617,6,,67.7,44.9,67,0,"Forgotten Realms Campaign Setting - Jeff Grubb, Ed Greenwood, Karen S. Martin, 1987, The Ring of Winter - James Lowder, 1992, Perilous Gateways: Portals of Lantan - Jeff Quick, 2004 web enhancement","[""['technology (mostly things that explode'"", ""'or encourage explosions in others)']""]","[""['copper'"", ""'gemstones'"", ""'tin'"", ""'wood']""]","{""humans"": 126.0, ""gnomes"": 3.0}","{""Aristocratic"": 0.0, ""Wealthy"": 1.0, ""Comfortable"": 5.0, ""Modest"": 22.0, ""Poor"": 42.0, ""Squalid"": 31.0, ""Wretched"": 1.0}"
Sundrah,Lantan,Sambar,128,14527,14,"{'humans': 38, 'gnomes': 89}",148,Starvation,['Republic'],"{'Aristocratic': 0, 'Wealthy': 0, 'Comfortable': 6, 'Modest': 17, 'Poor': 41, 'Squalid': 26, 'Wretched': 1}",0,"[""['technology (mostly things that explode'"", ""'or encourage explosions in others)']""]","[""['copper'"", ""'gemstones'"", ""'tin'"", ""'wood']""]","{'name': 'Ayrar Thagr', 'position': 'Chairperson of the Ayrorch'}","['A powerful, technologically-advanced navy', 'A strong militia', 'Illusionists']",None,"['Common', 'Gnomish', 'Lantanese', 'Alzhedo', 'Chondathan', 'Dwarvish', 'Ignan', 'Illuskan', 'Shaaran']","['Gond', 'Azuth', 'Gnomish pantheon']",19617,6,,47.6,35,85,0,"Forgotten Realms Campaign Setting - Jeff Grubb, Ed Greenwood, Karen S. Martin, 1987, The Ring of Winter - James Lowder, 1992, Perilous Gateways: Portals of Lantan - Jeff Quick, 2004 web enhancement","[""['technology (mostly things that explode'"", ""'or encourage explosions in others)']""]","[""['copper'"", ""'gemstones'"", ""'tin'"", ""'wood']""]","{""humans"": 38.0, ""gnomes"": 89.0}","{""Aristocratic"": 0.0, ""Wealthy"": 0.0, ""Comfortable"": 6.0, ""Modest"": 17.0, ""Poor"": 41.0, ""Squalid"": 26.0, ""Wretched"": 1.0}"
Sujjar,Lantan,Sambar,124,17301,17,"{'humans': 124, 'gnomes': 0}",50,Old age,['Plutocracy'],"{'Aristocratic': 0, 'Wealthy': 0, 'Comfortable': 7, 'Modest': 22, 'Poor': 41, 'Squalid': 32, 'Wretched': 1}",0,"[""['technology (mostly things that explode'"", ""'or encourage explosions in others)']""]","[""['copper'"", ""'gemstones'"", ""'tin'"", ""'wood']""]","{'name': 'Ayrar Thagr', 'position': 'Chairperson of the Ayrorch'}","['A powerful, technologically-advanced navy', 'A strong militia', 'Illusionists']",None,"['Common', 'Gnomish', 'Lantanese', 'Alzhedo', 'Chondathan', 'Dwarvish', 'Ignan', 'Illuskan', 'Shaaran']","['Gond', 'Azuth', 'Gnomish pantheon']",19617,6,,45.4,43.3,52,0,"Forgotten Realms Campaign Setting - Jeff Grubb, Ed Greenwood, Karen S. Martin, 1987, The Ring of Winter - James Lowder, 1992, Perilous Gateways: Portals of Lantan - Jeff Quick, 2004 web enhancement","[""['technology (mostly things that explode'"", ""'or encourage explosions in others)']""]","[""['copper'"", ""'gemstones'"", ""'tin'"", ""'wood']""]","{""humans"": 124.0, ""gnomes"": 0.0}","{""Aristocratic"": 0.0, ""Wealthy"": 0.0, ""Comfortable"": 7.0, ""Modest"": 22.0, ""Poor"": 41.0, ""Squalid"": 32.0, ""Wretched"": 1.0}"
Tsan,Lantan,Sambar,128,12702,12,"{'humans': 28, 'gnomes': 99}",158,Starvation,['Hierarchy'],"{'Aristocratic': 0, 'Wealthy': 0, 'Comfortable': 6, 'Modest': 12, 'Poor': 38, 'Squalid': 32, 'Wretched': 1}",0,"[""['technology (mostly things that explode'"", ""'or encourage explosions in others)']""]","[""['copper'"", ""'gemstones'"", ""'tin'"", ""'wood']""]","{'name': 'Ayrar Thagr', 'position': 'Chairperson of the Ayrorch'}","['A powerful, technologically-advanced navy', 'A strong militia', 'Illusionists']",None,"['Common', 'Gnomish', 'Lantanese', 'Alzhedo', 'Chondathan', 'Dwarvish', 'Ignan', 'Illuskan', 'Shaaran']","['Gond', 'Azuth', 'Gnomish pantheon']",19617,6,,50.3,43.6,87,0,"Forgotten Realms Campaign Setting - Jeff Grubb, Ed Greenwood, Karen S. Martin, 1987, The Ring of Winter - James Lowder, 1992, Perilous Gateways: Portals of Lantan - Jeff Quick, 2004 web enhancement","[""['technology (mostly things that explode'"", ""'or encourage explosions in others)']""]","[""['copper'"", ""'gemstones'"", ""'tin'"", ""'wood']""]","{""humans"": 28.0, ""gnomes"": 99.0}","{""Aristocratic"": 0.0, ""Wealthy"": 0.0, ""Comfortable"": 6.0, ""Modest"": 12.0, ""Poor"": 38.0, ""Squalid"": 32.0, ""Wretched"": 1.0}"
Sheirtalar,Lapaliiya,Sheirtalar,51898,10473127,42867,"{'humans': 0, 'yuan-ti': 28076, 'gnomes': 18527, 'dwarves': 5293}",111,Work-related accidents,['Monarchy'],"{'Aristocratic': 189, 'Wealthy': 1059, 'Comfortable': 5686, 'Modest': 6073, 'Poor': 18002, 'Squalid': 15221, 'Wretched': 3343}",11,"[""['olives'"", ""'pearls'"", ""'roe'"", ""'seafood'"", ""'spices'"", ""'wine'"", ""'wood']""]","[""['armour'"", ""'beef'"", ""'gems'"", ""'fruit'"", ""'iron'"", ""'jewellery'"", ""'pottery'"", ""'weapons']""]","{'name': 'Shaliim Wyrmslayer', 'title': 'Overking of Sheirtalar'}","['Local militias', 'Mercenary companies']",guilds,"['Common', 'Shaaran', 'Tashalan', 'Alzhedo', 'Halruaan']","['Bhaelros (Talos)', 'Chauntea', 'Deneir', 'Eldath', 'Garl Glittergold', 'Gond', 'Ilmater', 'Kelemvor', 'Lliira', 'Selûne', 'Silvanus', 'Tempus', 'Tiamat', 'Umberlee', 'Waukeen']",195418,19515,149820,84.1,50.1,59,0,"Serpent Kingdoms - Ed Greenwood, Eric L. Boyd, Darrin Drader, 2004","[""['olives'"", ""'pearls'"", ""'roe'"", ""'seafood'"", ""'spices'"", ""'wine'"", ""'wood']""]","[""['armour'"", ""'beef'"", ""'gems'"", ""'fruit'"", ""'iron'"", ""'jewellery'"", ""'pottery'"", ""'weapons']""]","{""humans"": 0.0, ""yuan-ti"": 28076.0, ""gnomes"": 18527.0, ""dwarves"": 5293.0}","{""Aristocratic"": 189.0, ""Wealthy"": 1059.0, ""Comfortable"": 5686.0, ""Modest"": 6073.0, ""Poor"": 18002.0, ""Squalid"": 15221.0, ""Wretched"": 3343.0}"
Abreon,Lapaliiya,Sheirtalar,4607,854903,863,"{'humans': 0, 'yuan-ti': 3118, 'gnomes': 631, 'dwarves': 856}",91,Exposure to the elements,['Democracy'],"{'Aristocratic': 0, 'Wealthy': 81, 'Comfortable': 360, 'Modest': 869, 'Poor': 1492, 'Squalid': 1308, 'Wretched': 256}",0,"[""['olives'"", ""'pearls'"", ""'roe'"", ""'seafood'"", ""'spices'"", ""'wine'"", ""'wood']""]","[""['armour'"", ""'beef'"", ""'gems'"", ""'fruit'"", ""'iron'"", ""'jewellery'"", ""'pottery'"", ""'weapons']""]","{'name': 'Shaliim Wyrmslayer', 'title': 'Overking of Sheirtalar'}","['Local militias', 'Mercenary companies']",None,"['Common', 'Shaaran', 'Tashalan', 'Alzhedo', 'Halruaan']","['Bhaelros (Talos)', 'Chauntea', 'Deneir', 'Eldath', 'Garl Glittergold', 'Gond', 'Ilmater', 'Kelemvor', 'Lliira', 'Selûne', 'Silvanus', 'Tempus', 'Tiamat', 'Umberlee', 'Waukeen']",195418,19515,149820,85.5,48.9,86,0,"Serpent Kingdoms - Ed Greenwood, Eric L. Boyd, Darrin Drader, 2004","[""['olives'"", ""'pearls'"", ""'roe'"", ""'seafood'"", ""'spices'"", ""'wine'"", ""'wood']""]","[""['armour'"", ""'beef'"", ""'gems'"", ""'fruit'"", ""'iron'"", ""'jewellery'"", ""'pottery'"", ""'weapons']""]","{""humans"": 0.0, ""yuan-ti"": 3118.0, ""gnomes"": 631.0, ""dwarves"": 856.0}","{""Aristocratic"": 0.0, ""Wealthy"": 81.0, ""Comfortable"": 360.0, ""Modest"": 869.0, ""Poor"": 1492.0, ""Squalid"": 1308.0, ""Wretched"": 256.0}"
Dungar,Lapaliiya,Sheirtalar,931,113040,113,"{'humans': 36, 'yuan-ti': 41, 'gnomes': 851, 'dwarves': 0}",172,Work-related accidents,['Satrapy'],"{'Aristocratic': 0, 'Wealthy': 4, 'Comfortable': 50, 'Modest': 108, 'Poor': 297, 'Squalid': 263, 'Wretched': 11}",0,"[""['olives'"", ""'pearls'"", ""'roe'"", ""'seafood'"", ""'spices'"", ""'wine'"", ""'wood']""]","[""['armour'"", ""'beef'"", ""'gems'"", ""'fruit'"", ""'iron'"", ""'jewellery'"", ""'pottery'"", ""'weapons']""]","{'name': 'Shaliim Wyrmslayer', 'title': 'Overking of Sheirtalar'}","['Local militias', 'Mercenary companies']",None,"['Common', 'Shaaran', 'Tashalan', 'Alzhedo', 'Halruaan']","['Bhaelros (Talos)', 'Chauntea', 'Deneir', 'Eldath', 'Garl Glittergold', 'Gond', 'Ilmater', 'Kelemvor', 'Lliira', 'Selûne', 'Silvanus', 'Tempus', 'Tiamat', 'Umberlee', 'Waukeen']",195418,19515,149820,72.9,54.7,63,1,"Serpent Kingdoms - Ed Greenwood, Eric L. Boyd, Darrin Drader, 2004","[""['olives'"", ""'pearls'"", ""'roe'"", ""'seafood'"", ""'spices'"", ""'wine'"", ""'wood']""]","[""['armour'"", ""'beef'"", ""'gems'"", ""'fruit'"", ""'iron'"", ""'jewellery'"", ""'pottery'"", ""'weapons']""]","{""humans"": 36.0, ""yuan-ti"": 41.0, ""gnomes"": 851.0, ""dwarves"": 0.0}","{""Aristocratic"": 0.0, ""Wealthy"": 4.0, ""Comfortable"": 50.0, ""Modest"": 108.0, ""Poor"": 297.0, ""Squalid"": 263.0, ""Wretched"": 11.0}"
Ilyaport,Lapaliiya,Sheirtalar,2001,263822,264,"{'humans': 0, 'yuan-ti': 906, 'gnomes': 1094, 'dwarves': 0}",126,Exposure to the elements,['Autocracy'],"{'Aristocratic': 0, 'Wealthy': 20, 'Comfortable': 122, 'Modest': 222, 'Poor': 613, 'Squalid': 542, 'Wretched': 68}",0,"[""['olives'"", ""'pearls'"", ""'roe'"", ""'seafood'"", ""'spices'"", ""'wine'"", ""'wood']""]","[""['armour'"", ""'beef'"", ""'gems'"", ""'fruit'"", ""'iron'"", ""'jewellery'"", ""'pottery'"", ""'weapons']""]","{'name': 'Shaliim Wyrmslayer', 'title': 'Overking of Sheirtalar'}","['Local militias', 'Mercenary companies']",None,"['Common', 'Shaaran', 'Tashalan', 'Alzhedo', 'Halruaan']","['Bhaelros (Talos)', 'Chauntea', 'Deneir', 'Eldath', 'Garl Glittergold', 'Gond', 'Ilmater', 'Kelemvor', 'Lliira', 'Selûne', 'Silvanus', 'Tempus', 'Tiamat', 'Umberlee', 'Waukeen']",195418,19515,149820,87.5,60.4,66,1,"Serpent Kingdoms - Ed Greenwood, Eric L. Boyd, Darrin Drader, 2004","[""['olives'"", ""'pearls'"", ""'roe'"", ""'seafood'"", ""'spices'"", ""'wine'"", ""'wood']""]","[""['armour'"", ""'beef'"", ""'gems'"", ""'fruit'"", ""'iron'"", ""'jewellery'"", ""'pottery'"", ""'weapons']""]","{""humans"": 0.0, ""yuan-ti"": 906.0, ""gnomes"": 1094.0, ""dwarves"": 0.0}","{""Aristocratic"": 0.0, ""Wealthy"": 20.0, ""Comfortable"": 122.0, ""Modest"": 222.0, ""Poor"": 613.0, ""Squalid"": 542.0, ""Wretched"": 68.0}"
Ithmong,Lapaliiya,Sheirtalar,45927,8662764,31159,"{'humans': 13594, 'yuan-ti': 21815, 'gnomes': 10287, 'dwarves': 229}",79,Assassination,['Gerontocracy'],"{'Aristocratic': 161, 'Wealthy': 679, 'Comfortable': 5260, 'Modest': 4783, 'Poor': 14821, 'Squalid': 11404, 'Wretched': 2890}",15,"[""['olives'"", ""'pearls'"", ""'roe'"", ""'seafood'"", ""'spices'"", ""'wine'"", ""'wood']""]","[""['armour'"", ""'beef'"", ""'gems'"", ""'fruit'"", ""'iron'"", ""'jewellery'"", ""'pottery'"", ""'weapons']""]","{'name': 'Shaliim Wyrmslayer', 'title': 'Overking of Sheirtalar'}","['Local militias', 'Mercenary companies']",guilds,"['Common', 'Shaaran', 'Tashalan', 'Alzhedo', 'Halruaan']","['Bhaelros (Talos)', 'Chauntea', 'Deneir', 'Eldath', 'Garl Glittergold', 'Gond', 'Ilmater', 'Kelemvor', 'Lliira', 'Selûne', 'Silvanus', 'Tempus', 'Tiamat', 'Umberlee', 'Waukeen']",195418,19515,149820,83.5,53.2,53,0,"Serpent Kingdoms - Ed Greenwood, Eric L. Boyd, Darrin Drader, 2004","[""['olives'"", ""'pearls'"", ""'roe'"", ""'seafood'"", ""'spices'"", ""'wine'"", ""'wood']""]","[""['armour'"", ""'beef'"", ""'gems'"", ""'fruit'"", ""'iron'"", ""'jewellery'"", ""'pottery'"", ""'weapons']""]","{""humans"": 13594.0, ""yuan-ti"": 21815.0, ""gnomes"": 10287.0, ""dwarves"": 229.0}","{""Aristocratic"": 161.0, ""Wealthy"": 679.0, ""Comfortable"": 5260.0, ""Modest"": 4783.0, ""Poor"": 14821.0, ""Squalid"": 11404.0, ""Wretched"": 2890.0}"
Lapalgard,Lapaliiya,Sheirtalar,3674,544069,547,"{'humans': 0, 'yuan-ti': 1667, 'gnomes': 290, 'dwarves': 1712}",109,Work-related accidents,['Meritocracy'],"{'Aristocratic': 0, 'Wealthy': 38, 'Comfortable': 279, 'Modest': 434, 'Poor': 1232, 'Squalid': 1002, 'Wretched': 193}",0,"[""['olives'"", ""'pearls'"", ""'roe'"", ""'seafood'"", ""'spices'"", ""'wine'"", ""'wood']""]","[""['armour'"", ""'beef'"", ""'gems'"", ""'fruit'"", ""'iron'"", ""'jewellery'"", ""'pottery'"", ""'weapons']""]","{'name': 'Shaliim Wyrmslayer', 'title': 'Overking of Sheirtalar'}","['Local militias', 'Mercenary companies']",None,"['Common', 'Shaaran', 'Tashalan', 'Alzhedo', 'Halruaan']","['Bhaelros (Talos)', 'Chauntea', 'Deneir', 'Eldath', 'Garl Glittergold', 'Gond', 'Ilmater', 'Kelemvor', 'Lliira', 'Selûne', 'Silvanus', 'Tempus', 'Tiamat', 'Umberlee', 'Waukeen']",195418,19515,149820,74.1,46,62,0,"Serpent Kingdoms - Ed Greenwood, Eric L. Boyd, Darrin Drader, 2004","[""['olives'"", ""'pearls'"", ""'roe'"", ""'seafood'"", ""'spices'"", ""'wine'"", ""'wood']""]","[""['armour'"", ""'beef'"", ""'gems'"", ""'fruit'"", ""'iron'"", ""'jewellery'"", ""'pottery'"", ""'weapons']""]","{""humans"": 0.0, ""yuan-ti"": 1667.0, ""gnomes"": 290.0, ""dwarves"": 1712.0}","{""Aristocratic"": 0.0, ""Wealthy"": 38.0, ""Comfortable"": 279.0, ""Modest"": 434.0, ""Poor"": 1232.0, ""Squalid"": 1002.0, ""Wretched"": 193.0}"
Lhazantal,Lapaliiya,Sheirtalar,897,119902,119,"{'humans': 0, 'yuan-ti': 6, 'gnomes': 165, 'dwarves': 725}",168,Magic mishaps,['Matriarchy'],"{'Aristocratic': 0, 'Wealthy': 8, 'Comfortable': 36, 'Modest': 140, 'Poor': 305, 'Squalid': 235, 'Wretched': 9}",0,"[""['olives'"", ""'pearls'"", ""'roe'"", ""'seafood'"", ""'spices'"", ""'wine'"", ""'wood']""]","[""['armour'"", ""'beef'"", ""'gems'"", ""'fruit'"", ""'iron'"", ""'jewellery'"", ""'pottery'"", ""'weapons']""]","{'name': 'Shaliim Wyrmslayer', 'title': 'Overking of Sheirtalar'}","['Local militias', 'Mercenary companies']",None,"['Common', 'Shaaran', 'Tashalan', 'Alzhedo', 'Halruaan']","['Bhaelros (Talos)', 'Chauntea', 'Deneir', 'Eldath', 'Garl Glittergold', 'Gond', 'Ilmater', 'Kelemvor', 'Lliira', 'Selûne', 'Silvanus', 'Tempus', 'Tiamat', 'Umberlee', 'Waukeen']",195418,19515,149820,72.1,49.3,91,0,"Serpent Kingdoms - Ed Greenwood, Eric L. Boyd, Darrin Drader, 2004","[""['olives'"", ""'pearls'"", ""'roe'"", ""'seafood'"", ""'spices'"", ""'wine'"", ""'wood']""]","[""['armour'"", ""'beef'"", ""'gems'"", ""'fruit'"", ""'iron'"", ""'jewellery'"", ""'pottery'"", ""'weapons']""]","{""humans"": 0.0, ""yuan-ti"": 6.0, ""gnomes"": 165.0, ""dwarves"": 725.0}","{""Aristocratic"": 0.0, ""Wealthy"": 8.0, ""Comfortable"": 36.0, ""Modest"": 140.0, ""Poor"": 305.0, ""Squalid"": 235.0, ""Wretched"": 9.0}"
Lushpool,Lapaliiya,Sheirtalar,17094,3543566,8016,"{'humans': 68, 'yuan-ti': 17008, 'gnomes': 17, 'dwarves': 0}",46,Disease,['Patriarchy'],"{'Aristocratic': 78, 'Wealthy': 256, 'Comfortable': 1458, 'Modest': 3235, 'Poor': 5435, 'Squalid': 6664, 'Wretched': 1293}",11,"[""['olives'"", ""'pearls'"", ""'roe'"", ""'seafood'"", ""'spices'"", ""'wine'"", ""'wood']""]","[""['armour'"", ""'beef'"", ""'gems'"", ""'fruit'"", ""'iron'"", ""'jewellery'"", ""'pottery'"", ""'weapons']""]","{'name': 'Shaliim Wyrmslayer', 'title': 'Overking of Sheirtalar'}","['Local militias', 'Mercenary companies']",guilds,"['Common', 'Shaaran', 'Tashalan', 'Alzhedo', 'Halruaan']","['Bhaelros (Talos)', 'Chauntea', 'Deneir', 'Eldath', 'Garl Glittergold', 'Gond', 'Ilmater', 'Kelemvor', 'Lliira', 'Selûne', 'Silvanus', 'Tempus', 'Tiamat', 'Umberlee', 'Waukeen']",195418,19515,149820,69.8,55,59,1,"Serpent Kingdoms - Ed Greenwood, Eric L. Boyd, Darrin Drader, 2004","[""['olives'"", ""'pearls'"", ""'roe'"", ""'seafood'"", ""'spices'"", ""'wine'"", ""'wood']""]","[""['armour'"", ""'beef'"", ""'gems'"", ""'fruit'"", ""'iron'"", ""'jewellery'"", ""'pottery'"", ""'weapons']""]","{""humans"": 68.0, ""yuan-ti"": 17008.0, ""gnomes"": 17.0, ""dwarves"": 0.0}","{""Aristocratic"": 78.0, ""Wealthy"": 256.0, ""Comfortable"": 1458.0, ""Modest"": 3235.0, ""Poor"": 5435.0, ""Squalid"": 6664.0, ""Wretched"": 1293.0}"
Malaxer,Lapaliiya,Sheirtalar,420,51465,51,"{'humans': 0, 'yuan-ti': 305, 'gnomes': 89, 'dwarves': 25}",86,Poison,['Militocracy'],"{'Aristocratic': 0, 'Wealthy': 3, 'Comfortable': 22, 'Modest': 51, 'Poor': 129, 'Squalid': 82, 'Wretched': 7}",0,"[""['olives'"", ""'pearls'"", ""'roe'"", ""'seafood'"", ""'spices'"", ""'wine'"", ""'wood']""]","[""['armour'"", ""'beef'"", ""'gems'"", ""'fruit'"", ""'iron'"", ""'jewellery'"", ""'pottery'"", ""'weapons']""]","{'name': 'Shaliim Wyrmslayer', 'title': 'Overking of Sheirtalar'}","['Local militias', 'Mercenary companies']",None,"['Common', 'Shaaran', 'Tashalan', 'Alzhedo', 'Halruaan']","['Bhaelros (Talos)', 'Chauntea', 'Deneir', 'Eldath', 'Garl Glittergold', 'Gond', 'Ilmater', 'Kelemvor', 'Lliira', 'Selûne', 'Silvanus', 'Tempus', 'Tiamat', 'Umberlee', 'Waukeen']",195418,19515,149820,75.8,47.2,78,1,"Serpent Kingdoms - Ed Greenwood, Eric L. Boyd, Darrin Drader, 2004","[""['olives'"", ""'pearls'"", ""'roe'"", ""'seafood'"", ""'spices'"", ""'wine'"", ""'wood']""]","[""['armour'"", ""'beef'"", ""'gems'"", ""'fruit'"", ""'iron'"", ""'jewellery'"", ""'pottery'"", ""'weapons']""]","{""humans"": 0.0, ""yuan-ti"": 305.0, ""gnomes"": 89.0, ""dwarves"": 25.0}","{""Aristocratic"": 0.0, ""Wealthy"": 3.0, ""Comfortable"": 22.0, ""Modest"": 51.0, ""Poor"": 129.0, ""Squalid"": 82.0, ""Wretched"": 7.0}"
Mierskar,Lapaliiya,Sheirtalar,167,18177,18,"{'humans': 0, 'yuan-ti': 94, 'gnomes': 69, 'dwarves': 1}",109,Work-related accidents,['Matriarchy'],"{'Aristocratic': 0, 'Wealthy': 1, 'Comfortable': 9, 'Modest': 12, 'Poor': 55, 'Squalid': 48, 'Wretched': 3}",0,"[""['olives'"", ""'pearls'"", ""'roe'"", ""'seafood'"", ""'spices'"", ""'wine'"", ""'wood']""]","[""['armour'"", ""'beef'"", ""'gems'"", ""'fruit'"", ""'iron'"", ""'jewellery'"", ""'pottery'"", ""'weapons']""]","{'name': 'Shaliim Wyrmslayer', 'title': 'Overking of Sheirtalar'}","['Local militias', 'Mercenary companies']",None,"['Common', 'Shaaran', 'Tashalan', 'Alzhedo', 'Halruaan']","['Bhaelros (Talos)', 'Chauntea', 'Deneir', 'Eldath', 'Garl Glittergold', 'Gond', 'Ilmater', 'Kelemvor', 'Lliira', 'Selûne', 'Silvanus', 'Tempus', 'Tiamat', 'Umberlee', 'Waukeen']",195418,19515,149820,88.2,63.6,83,0,"Serpent Kingdoms - Ed Greenwood, Eric L. Boyd, Darrin Drader, 2004","[""['olives'"", ""'pearls'"", ""'roe'"", ""'seafood'"", ""'spices'"", ""'wine'"", ""'wood']""]","[""['armour'"", ""'beef'"", ""'gems'"", ""'fruit'"", ""'iron'"", ""'jewellery'"", ""'pottery'"", ""'weapons']""]","{""humans"": 0.0, ""yuan-ti"": 94.0, ""gnomes"": 69.0, ""dwarves"": 1.0}","{""Aristocratic"": 0.0, ""Wealthy"": 1.0, ""Comfortable"": 9.0, ""Modest"": 12.0, ""Poor"": 55.0, ""Squalid"": 48.0, ""Wretched"": 3.0}"
Ormpur,Lapaliiya,Sheirtalar,23728,4734561,11611,"{'humans': 830, 'yuan-ti': 22233, 'gnomes': 593, 'dwarves': 71}",51,Magic mishaps,['Magocracy'],"{'Aristocratic': 88, 'Wealthy': 695, 'Comfortable': 1992, 'Modest': 3071, 'Poor': 8131, 'Squalid': 6302, 'Wretched': 1302}",4,"[""['olives'"", ""'pearls'"", ""'roe'"", ""'seafood'"", ""'spices'"", ""'wine'"", ""'wood']""]","[""['armour'"", ""'beef'"", ""'gems'"", ""'fruit'"", ""'iron'"", ""'jewellery'"", ""'pottery'"", ""'weapons']""]","{'name': 'Shaliim Wyrmslayer', 'title': 'Overking of Sheirtalar'}","['Local militias', 'Mercenary companies']",guilds,"['Common', 'Shaaran', 'Tashalan', 'Alzhedo', 'Halruaan']","['Bhaelros (Talos)', 'Chauntea', 'Deneir', 'Eldath', 'Garl Glittergold', 'Gond', 'Ilmater', 'Kelemvor', 'Lliira', 'Selûne', 'Silvanus', 'Tempus', 'Tiamat', 'Umberlee', 'Waukeen']",195418,19515,149820,85.4,52.5,57,0,"Serpent Kingdoms - Ed Greenwood, Eric L. Boyd, Darrin Drader, 2004","[""['olives'"", ""'pearls'"", ""'roe'"", ""'seafood'"", ""'spices'"", ""'wine'"", ""'wood']""]","[""['armour'"", ""'beef'"", ""'gems'"", ""'fruit'"", ""'iron'"", ""'jewellery'"", ""'pottery'"", ""'weapons']""]","{""humans"": 830.0, ""yuan-ti"": 22233.0, ""gnomes"": 593.0, ""dwarves"": 71.0}","{""Aristocratic"": 88.0, ""Wealthy"": 695.0, ""Comfortable"": 1992.0, ""Modest"": 3071.0, ""Poor"": 8131.0, ""Squalid"": 6302.0, ""Wretched"": 1302.0}"
Sammaresh,Lapaliiya,Sheirtalar,20694,4752884,5758,"{'humans': 16700, 'yuan-ti': 2007, 'gnomes': 1696, 'dwarves': 289}",60,Poison,['Monarchy'],"{'Aristocratic': 7, 'Wealthy': 549, 'Comfortable': 2392, 'Modest': 4084, 'Poor': 6852, 'Squalid': 5172, 'Wretched': 1497}",19,"[""['olives'"", ""'pearls'"", ""'roe'"", ""'seafood'"", ""'spices'"", ""'wine'"", ""'wood']""]","[""['armour'"", ""'beef'"", ""'gems'"", ""'fruit'"", ""'iron'"", ""'jewellery'"", ""'pottery'"", ""'weapons']""]","{'name': 'Shaliim Wyrmslayer', 'title': 'Overking of Sheirtalar'}","['Local militias', 'Mercenary companies']",guilds,"['Common', 'Shaaran', 'Tashalan', 'Alzhedo', 'Halruaan']","['Bhaelros (Talos)', 'Chauntea', 'Deneir', 'Eldath', 'Garl Glittergold', 'Gond', 'Ilmater', 'Kelemvor', 'Lliira', 'Selûne', 'Silvanus', 'Tempus', 'Tiamat', 'Umberlee', 'Waukeen']",195418,19515,149820,76.2,51,77,1,"Serpent Kingdoms - Ed Greenwood, Eric L. Boyd, Darrin Drader, 2004","[""['olives'"", ""'pearls'"", ""'roe'"", ""'seafood'"", ""'spices'"", ""'wine'"", ""'wood']""]","[""['armour'"", ""'beef'"", ""'gems'"", ""'fruit'"", ""'iron'"", ""'jewellery'"", ""'pottery'"", ""'weapons']""]","{""humans"": 16700.0, ""yuan-ti"": 2007.0, ""gnomes"": 1696.0, ""dwarves"": 289.0}","{""Aristocratic"": 7.0, ""Wealthy"": 549.0, ""Comfortable"": 2392.0, ""Modest"": 4084.0, ""Poor"": 6852.0, ""Squalid"": 5172.0, ""Wretched"": 1497.0}"
Sheirlantar,Lapaliiya,Sheirtalar,75,9198,9,"{'humans': 1, 'yuan-ti': 51, 'gnomes': 2, 'dwarves': 20}",84,Poisonous plants,['Militocracy'],"{'Aristocratic': 0, 'Wealthy': 0, 'Comfortable': 5, 'Modest': 9, 'Poor': 23, 'Squalid': 16, 'Wretched': 0}",0,"[""['olives'"", ""'pearls'"", ""'roe'"", ""'seafood'"", ""'spices'"", ""'wine'"", ""'wood']""]","[""['armour'"", ""'beef'"", ""'gems'"", ""'fruit'"", ""'iron'"", ""'jewellery'"", ""'pottery'"", ""'weapons']""]","{'name': 'Shaliim Wyrmslayer', 'title': 'Overking of Sheirtalar'}","['Local militias', 'Mercenary companies']",None,"['Common', 'Shaaran', 'Tashalan', 'Alzhedo', 'Halruaan']","['Bhaelros (Talos)', 'Chauntea', 'Deneir', 'Eldath', 'Garl Glittergold', 'Gond', 'Ilmater', 'Kelemvor', 'Lliira', 'Selûne', 'Silvanus', 'Tempus', 'Tiamat', 'Umberlee', 'Waukeen']",195418,19515,149820,81.6,53.2,81,1,"Serpent Kingdoms - Ed Greenwood, Eric L. Boyd, Darrin Drader, 2004","[""['olives'"", ""'pearls'"", ""'roe'"", ""'seafood'"", ""'spices'"", ""'wine'"", ""'wood']""]","[""['armour'"", ""'beef'"", ""'gems'"", ""'fruit'"", ""'iron'"", ""'jewellery'"", ""'pottery'"", ""'weapons']""]","{""humans"": 1.0, ""yuan-ti"": 51.0, ""gnomes"": 2.0, ""dwarves"": 20.0}","{""Aristocratic"": 0.0, ""Wealthy"": 0.0, ""Comfortable"": 5.0, ""Modest"": 9.0, ""Poor"": 23.0, ""Squalid"": 16.0, ""Wretched"": 0.0}"
Uzurr,Lapaliiya,Sheirtalar,992,119209,119,"{'humans': 12, 'yuan-ti': 744, 'gnomes': 234, 'dwarves': 0}",73,Wildlife attacks,['Plutocracy'],"{'Aristocratic': 0, 'Wealthy': 7, 'Comfortable': 60, 'Modest': 96, 'Poor': 316, 'Squalid': 194, 'Wretched': 10}",0,"[""['olives'"", ""'pearls'"", ""'roe'"", ""'seafood'"", ""'spices'"", ""'wine'"", ""'wood']""]","[""['armour'"", ""'beef'"", ""'gems'"", ""'fruit'"", ""'iron'"", ""'jewellery'"", ""'pottery'"", ""'weapons']""]","{'name': 'Shaliim Wyrmslayer', 'title': 'Overking of Sheirtalar'}","['Local militias', 'Mercenary companies']",None,"['Common', 'Shaaran', 'Tashalan', 'Alzhedo', 'Halruaan']","['Bhaelros (Talos)', 'Chauntea', 'Deneir', 'Eldath', 'Garl Glittergold', 'Gond', 'Ilmater', 'Kelemvor', 'Lliira', 'Selûne', 'Silvanus', 'Tempus', 'Tiamat', 'Umberlee', 'Waukeen']",195418,19515,149820,75.8,49.3,87,0,"Serpent Kingdoms - Ed Greenwood, Eric L. Boyd, Darrin Drader, 2004","[""['olives'"", ""'pearls'"", ""'roe'"", ""'seafood'"", ""'spices'"", ""'wine'"", ""'wood']""]","[""['armour'"", ""'beef'"", ""'gems'"", ""'fruit'"", ""'iron'"", ""'jewellery'"", ""'pottery'"", ""'weapons']""]","{""humans"": 12.0, ""yuan-ti"": 744.0, ""gnomes"": 234.0, ""dwarves"": 0.0}","{""Aristocratic"": 0.0, ""Wealthy"": 7.0, ""Comfortable"": 60.0, ""Modest"": 96.0, ""Poor"": 316.0, ""Squalid"": 194.0, ""Wretched"": 10.0}"
Zashuma,Lapaliiya,Sheirtalar,1388,255536,256,"{'humans': 6, 'yuan-ti': 1, 'gnomes': 503, 'dwarves': 877}",173,Starvation,['Gerontocracy'],"{'Aristocratic': 0, 'Wealthy': 21, 'Comfortable': 99, 'Modest': 299, 'Poor': 460, 'Squalid': 271, 'Wretched': 51}",0,"[""['olives'"", ""'pearls'"", ""'roe'"", ""'seafood'"", ""'spices'"", ""'wine'"", ""'wood']""]","[""['armour'"", ""'beef'"", ""'gems'"", ""'fruit'"", ""'iron'"", ""'jewellery'"", ""'pottery'"", ""'weapons']""]","{'name': 'Shaliim Wyrmslayer', 'title': 'Overking of Sheirtalar'}","['Local militias', 'Mercenary companies']",None,"['Common', 'Shaaran', 'Tashalan', 'Alzhedo', 'Halruaan']","['Bhaelros (Talos)', 'Chauntea', 'Deneir', 'Eldath', 'Garl Glittergold', 'Gond', 'Ilmater', 'Kelemvor', 'Lliira', 'Selûne', 'Silvanus', 'Tempus', 'Tiamat', 'Umberlee', 'Waukeen']",195418,19515,149820,83.7,46.4,67,0,"Serpent Kingdoms - Ed Greenwood, Eric L. Boyd, Darrin Drader, 2004","[""['olives'"", ""'pearls'"", ""'roe'"", ""'seafood'"", ""'spices'"", ""'wine'"", ""'wood']""]","[""['armour'"", ""'beef'"", ""'gems'"", ""'fruit'"", ""'iron'"", ""'jewellery'"", ""'pottery'"", ""'weapons']""]","{""humans"": 6.0, ""yuan-ti"": 1.0, ""gnomes"": 503.0, ""dwarves"": 877.0}","{""Aristocratic"": 0.0, ""Wealthy"": 21.0, ""Comfortable"": 99.0, ""Modest"": 299.0, ""Poor"": 460.0, ""Squalid"": 271.0, ""Wretched"": 51.0}"
Beluir,Luiren,Beluir,25522,5669143,15793,"{'halflings': 25062, 'humans': 459, 'elves': 0, 'half-elves': 0}",67,Old age,['Oligarchy'],"{'Aristocratic': 112, 'Wealthy': 322, 'Comfortable': 2994, 'Modest': 4635, 'Poor': 8819, 'Squalid': 7371, 'Wretched': 1483}",12,"[""['ale'"", ""'beer'"", ""'grain'"", ""'fruit'"", ""'produce']""]","[""['metalwork items'"", ""'livestock']""]","{'name': 'Faran Ferromar', 'title': 'Devout Voice'}","['Town militias', 'A small navy', 'The marchwardens (frontier guards)']",guilds,"['Common', 'Dambrathan', 'Durpari', 'Halfling (Luiric/Lurienal)']","['Brandobaris', 'Tymora', 'Yondalla', 'The halfling pantheon']",805719,1696,175783,45.5,43.5,46,0,"The Shining South - Tom Prusa, 1993, Demihuman Deities - Eric L. Boyd, 1998, Shining South - Todd Gamble, 2004","[""['ale'"", ""'beer'"", ""'grain'"", ""'fruit'"", ""'produce']""]","[""['metalwork items'"", ""'livestock']""]","{""halflings"": 25062.0, ""humans"": 459.0, ""elves"": 0.0, ""half-elves"": 0.0}","{""Aristocratic"": 112.0, ""Wealthy"": 322.0, ""Comfortable"": 2994.0, ""Modest"": 4635.0, ""Poor"": 8819.0, ""Squalid"": 7371.0, ""Wretched"": 1483.0}"
Ammathluir,Luiren,Beluir,9353,1689621,1720,"{'halflings': 9353, 'humans': 0, 'elves': 0, 'half-elves': 0}",66,Magic mishaps,['Satrapy'],"{'Aristocratic': 0, 'Wealthy': 130, 'Comfortable': 691, 'Modest': 1854, 'Poor': 3160, 'Squalid': 2411, 'Wretched': 478}",0,"[""['ale'"", ""'beer'"", ""'grain'"", ""'fruit'"", ""'produce']""]","[""['metalwork items'"", ""'livestock']""]","{'name': 'Faran Ferromar', 'title': 'Devout Voice'}","['Town militias', 'A small navy', 'The marchwardens (frontier guards)']",None,"['Common', 'Dambrathan', 'Durpari', 'Halfling (Luiric/Lurienal)']","['Brandobaris', 'Tymora', 'Yondalla', 'The halfling pantheon']",805719,1696,175783,64.6,46.1,82,0,"The Shining South - Tom Prusa, 1993, Demihuman Deities - Eric L. Boyd, 1998, Shining South - Todd Gamble, 2004","[""['ale'"", ""'beer'"", ""'grain'"", ""'fruit'"", ""'produce']""]","[""['metalwork items'"", ""'livestock']""]","{""halflings"": 9353.0, ""humans"": 0.0, ""elves"": 0.0, ""half-elves"": 0.0}","{""Aristocratic"": 0.0, ""Wealthy"": 130.0, ""Comfortable"": 691.0, ""Modest"": 1854.0, ""Poor"": 3160.0, ""Squalid"": 2411.0, ""Wretched"": 478.0}"
Chethel,Luiren,Beluir,14618,3124181,4508,"{'halflings': 14618, 'humans': 0, 'elves': 0, 'half-elves': 0}",68,Poison,['Magocracy'],"{'Aristocratic': 25, 'Wealthy': 274, 'Comfortable': 1573, 'Modest': 2688, 'Poor': 4854, 'Squalid': 4086, 'Wretched': 1003}",20,"[""['ale'"", ""'beer'"", ""'grain'"", ""'fruit'"", ""'produce']""]","[""['metalwork items'"", ""'livestock']""]","{'name': 'Faran Ferromar', 'title': 'Devout Voice'}","['Town militias', 'A small navy', 'The marchwardens (frontier guards)']",None,"['Common', 'Dambrathan', 'Durpari', 'Halfling (Luiric/Lurienal)']","['Brandobaris', 'Tymora', 'Yondalla', 'The halfling pantheon']",805719,1696,175783,68.3,36.9,63,0,"The Shining South - Tom Prusa, 1993, Demihuman Deities - Eric L. Boyd, 1998, Shining South - Todd Gamble, 2004","[""['ale'"", ""'beer'"", ""'grain'"", ""'fruit'"", ""'produce']""]","[""['metalwork items'"", ""'livestock']""]","{""halflings"": 14618.0, ""humans"": 0.0, ""elves"": 0.0, ""half-elves"": 0.0}","{""Aristocratic"": 25.0, ""Wealthy"": 274.0, ""Comfortable"": 1573.0, ""Modest"": 2688.0, ""Poor"": 4854.0, ""Squalid"": 4086.0, ""Wretched"": 1003.0}"
Crimel,Luiren,Beluir,939,113259,113,"{'halflings': 939, 'humans': 0, 'elves': 0, 'half-elves': 0}",67,Bandit attacks,['Bureaucracy'],"{'Aristocratic': 0, 'Wealthy': 3, 'Comfortable': 42, 'Modest': 129, 'Poor': 324, 'Squalid': 205, 'Wretched': 12}",0,"[""['ale'"", ""'beer'"", ""'grain'"", ""'fruit'"", ""'produce']""]","[""['metalwork items'"", ""'livestock']""]","{'name': 'Faran Ferromar', 'title': 'Devout Voice'}","['Town militias', 'A small navy', 'The marchwardens (frontier guards)']",None,"['Common', 'Dambrathan', 'Durpari', 'Halfling (Luiric/Lurienal)']","['Brandobaris', 'Tymora', 'Yondalla', 'The halfling pantheon']",805719,1696,175783,51.4,48.7,83,0,"The Shining South - Tom Prusa, 1993, Demihuman Deities - Eric L. Boyd, 1998, Shining South - Todd Gamble, 2004","[""['ale'"", ""'beer'"", ""'grain'"", ""'fruit'"", ""'produce']""]","[""['metalwork items'"", ""'livestock']""]","{""halflings"": 939.0, ""humans"": 0.0, ""elves"": 0.0, ""half-elves"": 0.0}","{""Aristocratic"": 0.0, ""Wealthy"": 3.0, ""Comfortable"": 42.0, ""Modest"": 129.0, ""Poor"": 324.0, ""Squalid"": 205.0, ""Wretched"": 12.0}"
Djannath,Luiren,Beluir,864,110339,110,"{'halflings': 788, 'humans': 0, 'elves': 75, 'half-elves': 0}",95,Exposure to the elements,['Dictatorship'],"{'Aristocratic': 0, 'Wealthy': 7, 'Comfortable': 48, 'Modest': 106, 'Poor': 260, 'Squalid': 203, 'Wretched': 12}",0,"[""['ale'"", ""'beer'"", ""'grain'"", ""'fruit'"", ""'produce']""]","[""['metalwork items'"", ""'livestock']""]","{'name': 'Faran Ferromar', 'title': 'Devout Voice'}","['Town militias', 'A small navy', 'The marchwardens (frontier guards)']",None,"['Common', 'Dambrathan', 'Durpari', 'Halfling (Luiric/Lurienal)']","['Brandobaris', 'Tymora', 'Yondalla', 'The halfling pantheon']",805719,1696,175783,61.2,43.7,69,0,"The Shining South - Tom Prusa, 1993, Demihuman Deities - Eric L. Boyd, 1998, Shining South - Todd Gamble, 2004","[""['ale'"", ""'beer'"", ""'grain'"", ""'fruit'"", ""'produce']""]","[""['metalwork items'"", ""'livestock']""]","{""halflings"": 788.0, ""humans"": 0.0, ""elves"": 75.0, ""half-elves"": 0.0}","{""Aristocratic"": 0.0, ""Wealthy"": 7.0, ""Comfortable"": 48.0, ""Modest"": 106.0, ""Poor"": 260.0, ""Squalid"": 203.0, ""Wretched"": 12.0}"
Fasruil,Luiren,Beluir,3160,485559,488,"{'halflings': 3160, 'humans': 0, 'elves': 0, 'half-elves': 0}",66,Magic mishaps,['Kleptocracy'],"{'Aristocratic': 0, 'Wealthy': 32, 'Comfortable': 204, 'Modest': 492, 'Poor': 1103, 'Squalid': 817, 'Wretched': 209}",0,"[""['ale'"", ""'beer'"", ""'grain'"", ""'fruit'"", ""'produce']""]","[""['metalwork items'"", ""'livestock']""]","{'name': 'Faran Ferromar', 'title': 'Devout Voice'}","['Town militias', 'A small navy', 'The marchwardens (frontier guards)']",None,"['Common', 'Dambrathan', 'Durpari', 'Halfling (Luiric/Lurienal)']","['Brandobaris', 'Tymora', 'Yondalla', 'The halfling pantheon']",805719,1696,175783,65,42.8,61,0,"The Shining South - Tom Prusa, 1993, Demihuman Deities - Eric L. Boyd, 1998, Shining South - Todd Gamble, 2004","[""['ale'"", ""'beer'"", ""'grain'"", ""'fruit'"", ""'produce']""]","[""['metalwork items'"", ""'livestock']""]","{""halflings"": 3160.0, ""humans"": 0.0, ""elves"": 0.0, ""half-elves"": 0.0}","{""Aristocratic"": 0.0, ""Wealthy"": 32.0, ""Comfortable"": 204.0, ""Modest"": 492.0, ""Poor"": 1103.0, ""Squalid"": 817.0, ""Wretched"": 209.0}"
Krenadir,Luiren,Beluir,485,56611,56,"{'halflings': 485, 'humans': 0, 'elves': 0, 'half-elves': 0}",68,Bandit attacks,['Confederacy'],"{'Aristocratic': 0, 'Wealthy': 3, 'Comfortable': 19, 'Modest': 63, 'Poor': 147, 'Squalid': 127, 'Wretched': 6}",0,"[""['ale'"", ""'beer'"", ""'grain'"", ""'fruit'"", ""'produce']""]","[""['metalwork items'"", ""'livestock']""]","{'name': 'Faran Ferromar', 'title': 'Devout Voice'}","['Town militias', 'A small navy', 'The marchwardens (frontier guards)']",None,"['Common', 'Dambrathan', 'Durpari', 'Halfling (Luiric/Lurienal)']","['Brandobaris', 'Tymora', 'Yondalla', 'The halfling pantheon']",805719,1696,175783,65.1,40.5,62,0,"The Shining South - Tom Prusa, 1993, Demihuman Deities - Eric L. Boyd, 1998, Shining South - Todd Gamble, 2004","[""['ale'"", ""'beer'"", ""'grain'"", ""'fruit'"", ""'produce']""]","[""['metalwork items'"", ""'livestock']""]","{""halflings"": 485.0, ""humans"": 0.0, ""elves"": 0.0, ""half-elves"": 0.0}","{""Aristocratic"": 0.0, ""Wealthy"": 3.0, ""Comfortable"": 19.0, ""Modest"": 63.0, ""Poor"": 147.0, ""Squalid"": 127.0, ""Wretched"": 6.0}"
Lluirvale,Luiren,Beluir,1515,289372,290,"{'halflings': 1515, 'humans': 0, 'elves': 0, 'half-elves': 0}",66,Work-related accidents,['Dictatorship'],"{'Aristocratic': 0, 'Wealthy': 21, 'Comfortable': 110, 'Modest': 343, 'Poor': 518, 'Squalid': 422, 'Wretched': 52}",0,"[""['ale'"", ""'beer'"", ""'grain'"", ""'fruit'"", ""'produce']""]","[""['metalwork items'"", ""'livestock']""]","{'name': 'Faran Ferromar', 'title': 'Devout Voice'}","['Town militias', 'A small navy', 'The marchwardens (frontier guards)']",None,"['Common', 'Dambrathan', 'Durpari', 'Halfling (Luiric/Lurienal)']","['Brandobaris', 'Tymora', 'Yondalla', 'The halfling pantheon']",805719,1696,175783,54.6,34.6,45,0,"The Shining South - Tom Prusa, 1993, Demihuman Deities - Eric L. Boyd, 1998, Shining South - Todd Gamble, 2004","[""['ale'"", ""'beer'"", ""'grain'"", ""'fruit'"", ""'produce']""]","[""['metalwork items'"", ""'livestock']""]","{""halflings"": 1515.0, ""humans"": 0.0, ""elves"": 0.0, ""half-elves"": 0.0}","{""Aristocratic"": 0.0, ""Wealthy"": 21.0, ""Comfortable"": 110.0, ""Modest"": 343.0, ""Poor"": 518.0, ""Squalid"": 422.0, ""Wretched"": 52.0}"
Otennath,Luiren,Beluir,368,54166,54,"{'halflings': 367, 'humans': 0, 'elves': 0, 'half-elves': 0}",70,Poison,['Democracy'],"{'Aristocratic': 0, 'Wealthy': 2, 'Comfortable': 21, 'Modest': 65, 'Poor': 115, 'Squalid': 104, 'Wretched': 5}",0,"[""['ale'"", ""'beer'"", ""'grain'"", ""'fruit'"", ""'produce']""]","[""['metalwork items'"", ""'livestock']""]","{'name': 'Faran Ferromar', 'title': 'Devout Voice'}","['Town militias', 'A small navy', 'The marchwardens (frontier guards)']",None,"['Common', 'Dambrathan', 'Durpari', 'Halfling (Luiric/Lurienal)']","['Brandobaris', 'Tymora', 'Yondalla', 'The halfling pantheon']",805719,1696,175783,45.7,47.8,98,0,"The Shining South - Tom Prusa, 1993, Demihuman Deities - Eric L. Boyd, 1998, Shining South - Todd Gamble, 2004","[""['ale'"", ""'beer'"", ""'grain'"", ""'fruit'"", ""'produce']""]","[""['metalwork items'"", ""'livestock']""]","{""halflings"": 367.0, ""humans"": 0.0, ""elves"": 0.0, ""half-elves"": 0.0}","{""Aristocratic"": 0.0, ""Wealthy"": 2.0, ""Comfortable"": 21.0, ""Modest"": 65.0, ""Poor"": 115.0, ""Squalid"": 104.0, ""Wretched"": 5.0}"
Shoun,Luiren,Beluir,16185,3418334,6936,"{'halflings': 16185, 'humans': 0, 'elves': 0, 'half-elves': 0}",68,Assassination,['Democracy'],"{'Aristocratic': 65, 'Wealthy': 169, 'Comfortable': 1949, 'Modest': 2669, 'Poor': 5493, 'Squalid': 3737, 'Wretched': 1308}",5,"[""['ale'"", ""'beer'"", ""'grain'"", ""'fruit'"", ""'produce']""]","[""['metalwork items'"", ""'livestock']""]","{'name': 'Faran Ferromar', 'title': 'Devout Voice'}","['Town militias', 'A small navy', 'The marchwardens (frontier guards)']",guilds,"['Common', 'Dambrathan', 'Durpari', 'Halfling (Luiric/Lurienal)']","['Brandobaris', 'Tymora', 'Yondalla', 'The halfling pantheon']",805719,1696,175783,67.8,36.2,83,0,"The Shining South - Tom Prusa, 1993, Demihuman Deities - Eric L. Boyd, 1998, Shining South - Todd Gamble, 2004","[""['ale'"", ""'beer'"", ""'grain'"", ""'fruit'"", ""'produce']""]","[""['metalwork items'"", ""'livestock']""]","{""halflings"": 16185.0, ""humans"": 0.0, ""elves"": 0.0, ""half-elves"": 0.0}","{""Aristocratic"": 65.0, ""Wealthy"": 169.0, ""Comfortable"": 1949.0, ""Modest"": 2669.0, ""Poor"": 5493.0, ""Squalid"": 3737.0, ""Wretched"": 1308.0}"
Silverymoon,The Silver Marches,Silverymoon,38112,8365216,31324,"{'humans': 457, 'dwarves': 36701, 'elves': 0, 'half-elves': 952, 'halflings': 0, 'gnomes': 0, 'half-orcs': 0, 'misc.': 0}",164,Exposure to the elements,['Magocracy'],"{'Aristocratic': 170, 'Wealthy': 1119, 'Comfortable': 4606, 'Modest': 4160, 'Poor': 12718, 'Squalid': 8268, 'Wretched': 2784}",10,"[""['elven craftwork'"", ""'dwarven craftwork'"", ""'furs'"", ""'precious metals']""]","[""['armour'"", ""'books'"", ""'manufactured goods'"", ""'pottery'"", ""'spices'"", ""'wine']""]",High Mage Taern Hornblade,"['The Argent Legion', 'Local militias']",Arkhen's Invocatorium,"['Common', 'Chondathan', 'Illuskan']","['Corellon Larethian', 'Helm', 'Lathander', 'Lurue', 'Mielikki', 'Moradin', 'Mystra', 'Oghma', 'Selûne', 'Sune', 'Tymora']",1067052,4651,161206,23.7,32.2,77,0,"The North (slade, Ed Greenwood, Jeff Grubb, Julia Martin, Steven Schend, Jennell Jaquays, Steve Perrin, 1996), Silver Marches (Ed Greenwood, Jason Carl, 2002)","[""['elven craftwork'"", ""'dwarven craftwork'"", ""'furs'"", ""'precious metals']""]","[""['armour'"", ""'books'"", ""'manufactured goods'"", ""'pottery'"", ""'spices'"", ""'wine']""]","{""humans"": 457.0, ""dwarves"": 36701.0, ""elves"": 0.0, ""half-elves"": 952.0, ""halflings"": 0.0, ""gnomes"": 0.0, ""half-orcs"": 0.0, ""misc."": 0.0}","{""Aristocratic"": 170.0, ""Wealthy"": 1119.0, ""Comfortable"": 4606.0, ""Modest"": 4160.0, ""Poor"": 12718.0, ""Squalid"": 8268.0, ""Wretched"": 2784.0}"
Auvandell,The Silver Marches,Silverymoon,503,68401,68,"{'humans': 487, 'dwarves': 14, 'elves': 0, 'half-elves': 0, 'halflings': 0, 'gnomes': 0, 'half-orcs': 0, 'misc.': 0}",47,Work-related accidents,['Confederacy'],"{'Aristocratic': 0, 'Wealthy': 0, 'Comfortable': 31, 'Modest': 84, 'Poor': 156, 'Squalid': 102, 'Wretched': 9}",0,"[""['elven craftwork'"", ""'dwarven craftwork'"", ""'furs'"", ""'precious metals']""]","[""['armour'"", ""'books'"", ""'manufactured goods'"", ""'pottery'"", ""'spices'"", ""'wine']""]",High Mage Taern Hornblade,"['The Argent Legion', 'Local militias']",None,"['Common', 'Chondathan', 'Illuskan']","['Corellon Larethian', 'Helm', 'Lathander', 'Lurue', 'Mielikki', 'Moradin', 'Mystra', 'Oghma', 'Selûne', 'Sune', 'Tymora']",1067052,4651,161206,3.3,36,62,0,"The North (slade, Ed Greenwood, Jeff Grubb, Julia Martin, Steven Schend, Jennell Jaquays, Steve Perrin, 1996), Silver Marches (Ed Greenwood, Jason Carl, 2002)","[""['elven craftwork'"", ""'dwarven craftwork'"", ""'furs'"", ""'precious metals']""]","[""['armour'"", ""'books'"", ""'manufactured goods'"", ""'pottery'"", ""'spices'"", ""'wine']""]","{""humans"": 487.0, ""dwarves"": 14.0, ""elves"": 0.0, ""half-elves"": 0.0, ""halflings"": 0.0, ""gnomes"": 0.0, ""half-orcs"": 0.0, ""misc."": 0.0}","{""Aristocratic"": 0.0, ""Wealthy"": 0.0, ""Comfortable"": 31.0, ""Modest"": 84.0, ""Poor"": 156.0, ""Squalid"": 102.0, ""Wretched"": 9.0}"
Blumberg,The Silver Marches,Silverymoon,928,128188,128,"{'humans': 16, 'dwarves': 0, 'elves': 897, 'half-elves': 12, 'halflings': 0, 'gnomes': 0, 'half-orcs': 0, 'misc.': 0}",349,Magic mishaps,['Feudalism'],"{'Aristocratic': 0, 'Wealthy': 5, 'Comfortable': 60, 'Modest': 139, 'Poor': 281, 'Squalid': 160, 'Wretched': 15}",0,"[""['elven craftwork'"", ""'dwarven craftwork'"", ""'furs'"", ""'precious metals']""]","[""['armour'"", ""'books'"", ""'manufactured goods'"", ""'pottery'"", ""'spices'"", ""'wine']""]",High Mage Taern Hornblade,"['The Argent Legion', 'Local militias']",None,"['Common', 'Chondathan', 'Illuskan']","['Corellon Larethian', 'Helm', 'Lathander', 'Lurue', 'Mielikki', 'Moradin', 'Mystra', 'Oghma', 'Selûne', 'Sune', 'Tymora']",1067052,4651,161206,27.2,39.5,77,0,"The North (slade, Ed Greenwood, Jeff Grubb, Julia Martin, Steven Schend, Jennell Jaquays, Steve Perrin, 1996), Silver Marches (Ed Greenwood, Jason Carl, 2002)","[""['elven craftwork'"", ""'dwarven craftwork'"", ""'furs'"", ""'precious metals']""]","[""['armour'"", ""'books'"", ""'manufactured goods'"", ""'pottery'"", ""'spices'"", ""'wine']""]","{""humans"": 16.0, ""dwarves"": 0.0, ""elves"": 897.0, ""half-elves"": 12.0, ""halflings"": 0.0, ""gnomes"": 0.0, ""half-orcs"": 0.0, ""misc."": 0.0}","{""Aristocratic"": 0.0, ""Wealthy"": 5.0, ""Comfortable"": 60.0, ""Modest"": 139.0, ""Poor"": 281.0, ""Squalid"": 160.0, ""Wretched"": 15.0}"
Citadel Adbar,Dwarfholds of the North,Mirabar,18573,4140377,6782,"{'humans': 8357, 'dwarves': 2210, 'elves': 3138, 'half-elves': 4847, 'halflings': 0, 'gnomes': 18, 'half-orcs': 0, 'misc.': 0}",125,Starvation,['Feudalism'],"{'Aristocratic': 37, 'Wealthy': 257, 'Comfortable': 2223, 'Modest': 3696, 'Poor': 6139, 'Squalid': 5757, 'Wretched': 1469}",0,"[""['elven craftwork'"", ""'dwarven craftwork'"", ""'furs'"", ""'precious metals']""]","[""['armour'"", ""'books'"", ""'manufactured goods'"", ""'pottery'"", ""'spices'"", ""'wine']""]",High Mage Taern Hornblade,"['The Argent Legion', 'Local militias']",guilds,"['Common', 'Chondathan', 'Illuskan']","['Corellon Larethian', 'Helm', 'Lathander', 'Lurue', 'Mielikki', 'Moradin', 'Mystra', 'Oghma', 'Selûne', 'Sune', 'Tymora']",1067052,862,161206,1.7,37.1,57,0,"The North (slade, Ed Greenwood, Jeff Grubb, Julia Martin, Steven Schend, Jennell Jaquays, Steve Perrin, 1996), Silver Marches (Ed Greenwood, Jason Carl, 2002)","[""['elven craftwork'"", ""'dwarven craftwork'"", ""'furs'"", ""'precious metals']""]","[""['armour'"", ""'books'"", ""'manufactured goods'"", ""'pottery'"", ""'spices'"", ""'wine']""]","{""humans"": 8357.0, ""dwarves"": 2210.0, ""elves"": 3138.0, ""half-elves"": 4847.0, ""halflings"": 0.0, ""gnomes"": 18.0, ""half-orcs"": 0.0, ""misc."": 0.0}","{""Aristocratic"": 37.0, ""Wealthy"": 257.0, ""Comfortable"": 2223.0, ""Modest"": 3696.0, ""Poor"": 6139.0, ""Squalid"": 5757.0, ""Wretched"": 1469.0}"
Citadel Felbarr,Dwarfholds of the North,Mirabar,6869,969476,989,"{'humans': 212, 'dwarves': 5357, 'elves': 0, 'half-elves': 6, 'halflings': 1291, 'gnomes': 0, 'half-orcs': 0, 'misc.': 0}",146,Magic mishaps,['Dictatorship'],"{'Aristocratic': 1, 'Wealthy': 72, 'Comfortable': 474, 'Modest': 761, 'Poor': 2294, 'Squalid': 1903, 'Wretched': 521}",0,"[""['elven craftwork'"", ""'dwarven craftwork'"", ""'furs'"", ""'precious metals']""]","[""['armour'"", ""'books'"", ""'manufactured goods'"", ""'pottery'"", ""'spices'"", ""'wine']""]",High Mage Taern Hornblade,"['The Argent Legion', 'Local militias']",None,"['Common', 'Chondathan', 'Illuskan']","['Corellon Larethian', 'Helm', 'Lathander', 'Lurue', 'Mielikki', 'Moradin', 'Mystra', 'Oghma', 'Selûne', 'Sune', 'Tymora']",1067052,862,161206,27.7,39.7,87,0,"The North (slade, Ed Greenwood, Jeff Grubb, Julia Martin, Steven Schend, Jennell Jaquays, Steve Perrin, 1996), Silver Marches (Ed Greenwood, Jason Carl, 2002)","[""['elven craftwork'"", ""'dwarven craftwork'"", ""'furs'"", ""'precious metals']""]","[""['armour'"", ""'books'"", ""'manufactured goods'"", ""'pottery'"", ""'spices'"", ""'wine']""]","{""humans"": 212.0, ""dwarves"": 5357.0, ""elves"": 0.0, ""half-elves"": 6.0, ""halflings"": 1291.0, ""gnomes"": 0.0, ""half-orcs"": 0.0, ""misc."": 0.0}","{""Aristocratic"": 1.0, ""Wealthy"": 72.0, ""Comfortable"": 474.0, ""Modest"": 761.0, ""Poor"": 2294.0, ""Squalid"": 1903.0, ""Wretched"": 521.0}"
Deadsnows,The Silver Marches,Silverymoon,791,85410,85,"{'humans': 131, 'dwarves': 0, 'elves': 346, 'half-elves': 295, 'halflings': 0, 'gnomes': 18, 'half-orcs': 0, 'misc.': 0}",203,Old age,['Gerontocracy'],"{'Aristocratic': 0, 'Wealthy': 4, 'Comfortable': 43, 'Modest': 67, 'Poor': 258, 'Squalid': 134, 'Wretched': 15}",0,"[""['elven craftwork'"", ""'dwarven craftwork'"", ""'furs'"", ""'precious metals']""]","[""['armour'"", ""'books'"", ""'manufactured goods'"", ""'pottery'"", ""'spices'"", ""'wine']""]",High Mage Taern Hornblade,"['The Argent Legion', 'Local militias']",None,"['Common', 'Chondathan', 'Illuskan']","['Corellon Larethian', 'Helm', 'Lathander', 'Lurue', 'Mielikki', 'Moradin', 'Mystra', 'Oghma', 'Selûne', 'Sune', 'Tymora']",1067052,4651,161206,39.2,35.1,73,0,"The North (slade, Ed Greenwood, Jeff Grubb, Julia Martin, Steven Schend, Jennell Jaquays, Steve Perrin, 1996), Silver Marches (Ed Greenwood, Jason Carl, 2002)","[""['elven craftwork'"", ""'dwarven craftwork'"", ""'furs'"", ""'precious metals']""]","[""['armour'"", ""'books'"", ""'manufactured goods'"", ""'pottery'"", ""'spices'"", ""'wine']""]","{""humans"": 131.0, ""dwarves"": 0.0, ""elves"": 346.0, ""half-elves"": 295.0, ""halflings"": 0.0, ""gnomes"": 18.0, ""half-orcs"": 0.0, ""misc."": 0.0}","{""Aristocratic"": 0.0, ""Wealthy"": 4.0, ""Comfortable"": 43.0, ""Modest"": 67.0, ""Poor"": 258.0, ""Squalid"": 134.0, ""Wretched"": 15.0}"
Everlund,The Silver Marches,Silverymoon,20904,4377518,11160,"{'humans': 19691, 'dwarves': 0, 'elves': 731, 'half-elves': 0, 'halflings': 41, 'gnomes': 0, 'half-orcs': 418, 'misc.': 0}",57,Starvation,['Bureaucracy'],"{'Aristocratic': 97, 'Wealthy': 407, 'Comfortable': 1988, 'Modest': 3437, 'Poor': 7220, 'Squalid': 5382, 'Wretched': 2059}",3,"[""['elven craftwork'"", ""'dwarven craftwork'"", ""'furs'"", ""'precious metals']""]","[""['armour'"", ""'books'"", ""'manufactured goods'"", ""'pottery'"", ""'spices'"", ""'wine']""]",High Mage Taern Hornblade,"['The Argent Legion', 'Local militias']",guilds,"['Common', 'Chondathan', 'Illuskan']","['Corellon Larethian', 'Helm', 'Lathander', 'Lurue', 'Mielikki', 'Moradin', 'Mystra', 'Oghma', 'Selûne', 'Sune', 'Tymora']",1067052,4651,161206,10.6,28.7,43,0,"The North (slade, Ed Greenwood, Jeff Grubb, Julia Martin, Steven Schend, Jennell Jaquays, Steve Perrin, 1996), Silver Marches (Ed Greenwood, Jason Carl, 2002)","[""['elven craftwork'"", ""'dwarven craftwork'"", ""'furs'"", ""'precious metals']""]","[""['armour'"", ""'books'"", ""'manufactured goods'"", ""'pottery'"", ""'spices'"", ""'wine']""]","{""humans"": 19691.0, ""dwarves"": 0.0, ""elves"": 731.0, ""half-elves"": 0.0, ""halflings"": 41.0, ""gnomes"": 0.0, ""half-orcs"": 418.0, ""misc."": 0.0}","{""Aristocratic"": 97.0, ""Wealthy"": 407.0, ""Comfortable"": 1988.0, ""Modest"": 3437.0, ""Poor"": 7220.0, ""Squalid"": 5382.0, ""Wretched"": 2059.0}"
Hilltop,The Silver Marches,Silverymoon,105,13213,13,"{'humans': 6, 'dwarves': 66, 'elves': 18, 'half-elves': 0, 'halflings': 0, 'gnomes': 13, 'half-orcs': 0, 'misc.': 0}",195,Disease,['Hierarchy'],"{'Aristocratic': 0, 'Wealthy': 0, 'Comfortable': 6, 'Modest': 14, 'Poor': 36, 'Squalid': 30, 'Wretched': 1}",0,"[""['elven craftwork'"", ""'dwarven craftwork'"", ""'furs'"", ""'precious metals']""]","[""['armour'"", ""'books'"", ""'manufactured goods'"", ""'pottery'"", ""'spices'"", ""'wine']""]",High Mage Taern Hornblade,"['The Argent Legion', 'Local militias']",None,"['Common', 'Chondathan', 'Illuskan']","['Corellon Larethian', 'Helm', 'Lathander', 'Lurue', 'Mielikki', 'Moradin', 'Mystra', 'Oghma', 'Selûne', 'Sune', 'Tymora']",1067052,4651,161206,28,33.1,67,0,"The North (slade, Ed Greenwood, Jeff Grubb, Julia Martin, Steven Schend, Jennell Jaquays, Steve Perrin, 1996), Silver Marches (Ed Greenwood, Jason Carl, 2002)","[""['elven craftwork'"", ""'dwarven craftwork'"", ""'furs'"", ""'precious metals']""]","[""['armour'"", ""'books'"", ""'manufactured goods'"", ""'pottery'"", ""'spices'"", ""'wine']""]","{""humans"": 6.0, ""dwarves"": 66.0, ""elves"": 18.0, ""half-elves"": 0.0, ""halflings"": 0.0, ""gnomes"": 13.0, ""half-orcs"": 0.0, ""misc."": 0.0}","{""Aristocratic"": 0.0, ""Wealthy"": 0.0, ""Comfortable"": 6.0, ""Modest"": 14.0, ""Poor"": 36.0, ""Squalid"": 30.0, ""Wretched"": 1.0}"
Jalanthar,The Silver Marches,Silverymoon,210,29273,29,"{'humans': 20, 'dwarves': 182, 'elves': 2, 'half-elves': 0, 'halflings': 3, 'gnomes': 0, 'half-orcs': 0, 'misc.': 0}",155,Magic mishaps,['Hierarchy'],"{'Aristocratic': 0, 'Wealthy': 0, 'Comfortable': 11, 'Modest': 41, 'Poor': 68, 'Squalid': 36, 'Wretched': 2}",0,"[""['elven craftwork'"", ""'dwarven craftwork'"", ""'furs'"", ""'precious metals']""]","[""['armour'"", ""'books'"", ""'manufactured goods'"", ""'pottery'"", ""'spices'"", ""'wine']""]",High Mage Taern Hornblade,"['The Argent Legion', 'Local militias']",None,"['Common', 'Chondathan', 'Illuskan']","['Corellon Larethian', 'Helm', 'Lathander', 'Lurue', 'Mielikki', 'Moradin', 'Mystra', 'Oghma', 'Selûne', 'Sune', 'Tymora']",1067052,4651,161206,7.2,21.4,88,0,"The North (slade, Ed Greenwood, Jeff Grubb, Julia Martin, Steven Schend, Jennell Jaquays, Steve Perrin, 1996), Silver Marches (Ed Greenwood, Jason Carl, 2002)","[""['elven craftwork'"", ""'dwarven craftwork'"", ""'furs'"", ""'precious metals']""]","[""['armour'"", ""'books'"", ""'manufactured goods'"", ""'pottery'"", ""'spices'"", ""'wine']""]","{""humans"": 20.0, ""dwarves"": 182.0, ""elves"": 2.0, ""half-elves"": 0.0, ""halflings"": 3.0, ""gnomes"": 0.0, ""half-orcs"": 0.0, ""misc."": 0.0}","{""Aristocratic"": 0.0, ""Wealthy"": 0.0, ""Comfortable"": 11.0, ""Modest"": 41.0, ""Poor"": 68.0, ""Squalid"": 36.0, ""Wretched"": 2.0}"
Khelb,The Silver Marches,Silverymoon,15233,3473303,7542,"{'humans': 5499, 'dwarves': 9474, 'elves': 30, 'half-elves': 0, 'halflings': 213, 'gnomes': 0, 'half-orcs': 0, 'misc.': 0}",124,Dueling accidents,['Magocracy'],"{'Aristocratic': 73, 'Wealthy': 329, 'Comfortable': 1490, 'Modest': 3033, 'Poor': 5102, 'Squalid': 4365, 'Wretched': 908}",6,"[""['elven craftwork'"", ""'dwarven craftwork'"", ""'furs'"", ""'precious metals']""]","[""['armour'"", ""'books'"", ""'manufactured goods'"", ""'pottery'"", ""'spices'"", ""'wine']""]",High Mage Taern Hornblade,"['The Argent Legion', 'Local militias']",guilds,"['Common', 'Chondathan', 'Illuskan']","['Corellon Larethian', 'Helm', 'Lathander', 'Lurue', 'Mielikki', 'Moradin', 'Mystra', 'Oghma', 'Selûne', 'Sune', 'Tymora']",1067052,4651,161206,30.6,23.5,51,0,"The North (slade, Ed Greenwood, Jeff Grubb, Julia Martin, Steven Schend, Jennell Jaquays, Steve Perrin, 1996), Silver Marches (Ed Greenwood, Jason Carl, 2002)","[""['elven craftwork'"", ""'dwarven craftwork'"", ""'furs'"", ""'precious metals']""]","[""['armour'"", ""'books'"", ""'manufactured goods'"", ""'pottery'"", ""'spices'"", ""'wine']""]","{""humans"": 5499.0, ""dwarves"": 9474.0, ""elves"": 30.0, ""half-elves"": 0.0, ""halflings"": 213.0, ""gnomes"": 0.0, ""half-orcs"": 0.0, ""misc."": 0.0}","{""Aristocratic"": 73.0, ""Wealthy"": 329.0, ""Comfortable"": 1490.0, ""Modest"": 3033.0, ""Poor"": 5102.0, ""Squalid"": 4365.0, ""Wretched"": 908.0}"
Lhuvenhead,The Silver Marches,Silverymoon,12039,2757356,3518,"{'humans': 7247, 'dwarves': 12, 'elves': 4659, 'half-elves': 72, 'halflings': 48, 'gnomes': 0, 'half-orcs': 0, 'misc.': 0}",167,Wagon Accident,['Dictatorship'],"{'Aristocratic': 14, 'Wealthy': 234, 'Comfortable': 1549, 'Modest': 2172, 'Poor': 3908, 'Squalid': 4268, 'Wretched': 969}",14,"[""['elven craftwork'"", ""'dwarven craftwork'"", ""'furs'"", ""'precious metals']""]","[""['armour'"", ""'books'"", ""'manufactured goods'"", ""'pottery'"", ""'spices'"", ""'wine']""]",High Mage Taern Hornblade,"['The Argent Legion', 'Local militias']",None,"['Common', 'Chondathan', 'Illuskan']","['Corellon Larethian', 'Helm', 'Lathander', 'Lurue', 'Mielikki', 'Moradin', 'Mystra', 'Oghma', 'Selûne', 'Sune', 'Tymora']",1067052,4651,161206,24.3,29.2,65,0,"The North (slade, Ed Greenwood, Jeff Grubb, Julia Martin, Steven Schend, Jennell Jaquays, Steve Perrin, 1996), Silver Marches (Ed Greenwood, Jason Carl, 2002)","[""['elven craftwork'"", ""'dwarven craftwork'"", ""'furs'"", ""'precious metals']""]","[""['armour'"", ""'books'"", ""'manufactured goods'"", ""'pottery'"", ""'spices'"", ""'wine']""]","{""humans"": 7247.0, ""dwarves"": 12.0, ""elves"": 4659.0, ""half-elves"": 72.0, ""halflings"": 48.0, ""gnomes"": 0.0, ""half-orcs"": 0.0, ""misc."": 0.0}","{""Aristocratic"": 14.0, ""Wealthy"": 234.0, ""Comfortable"": 1549.0, ""Modest"": 2172.0, ""Poor"": 3908.0, ""Squalid"": 4268.0, ""Wretched"": 969.0}"
Mithral Hall,Dwarfholds of the North,Mirabar,4877,915274,931,"{'humans': 2696, 'dwarves': 2180, 'elves': 0, 'half-elves': 0, 'halflings': 0, 'gnomes': 0, 'half-orcs': 0, 'misc.': 0}",99,Starvation,['Gerontocracy'],"{'Aristocratic': 1, 'Wealthy': 90, 'Comfortable': 293, 'Modest': 1149, 'Poor': 1481, 'Squalid': 1064, 'Wretched': 217}",0,"[""['elven craftwork'"", ""'dwarven craftwork'"", ""'furs'"", ""'precious metals']""]","[""['armour'"", ""'books'"", ""'manufactured goods'"", ""'pottery'"", ""'spices'"", ""'wine']""]",Dagnabbet Waybeard ,"['The Argent Legion', 'Local militias']",None,"['Common', 'Chondathan', 'Illuskan']","['Corellon Larethian', 'Helm', 'Lathander', 'Lurue', 'Mielikki', 'Moradin', 'Mystra', 'Oghma', 'Selûne', 'Sune', 'Tymora']",1067052,862,161206,30.7,31,72,0,"The North (slade, Ed Greenwood, Jeff Grubb, Julia Martin, Steven Schend, Jennell Jaquays, Steve Perrin, 1996), Silver Marches (Ed Greenwood, Jason Carl, 2002)","[""['elven craftwork'"", ""'dwarven craftwork'"", ""'furs'"", ""'precious metals']""]","[""['armour'"", ""'books'"", ""'manufactured goods'"", ""'pottery'"", ""'spices'"", ""'wine']""]","{""humans"": 2696.0, ""dwarves"": 2180.0, ""elves"": 0.0, ""half-elves"": 0.0, ""halflings"": 0.0, ""gnomes"": 0.0, ""half-orcs"": 0.0, ""misc."": 0.0}","{""Aristocratic"": 1.0, ""Wealthy"": 90.0, ""Comfortable"": 293.0, ""Modest"": 1149.0, ""Poor"": 1481.0, ""Squalid"": 1064.0, ""Wretched"": 217.0}"
Newfort,The Silver Marches,Silverymoon,140,16826,16,"{'humans': 0, 'dwarves': 1, 'elves': 138, 'half-elves': 0, 'halflings': 0, 'gnomes': 0, 'half-orcs': 0, 'misc.': 0}",348,Exposure to the elements,['Democracy'],"{'Aristocratic': 0, 'Wealthy': 0, 'Comfortable': 6, 'Modest': 22, 'Poor': 45, 'Squalid': 31, 'Wretched': 2}",0,"[""['elven craftwork'"", ""'dwarven craftwork'"", ""'furs'"", ""'precious metals']""]","[""['armour'"", ""'books'"", ""'manufactured goods'"", ""'pottery'"", ""'spices'"", ""'wine']""]",High Mage Taern Hornblade,"['The Argent Legion', 'Local militias']",None,"['Common', 'Chondathan', 'Illuskan']","['Corellon Larethian', 'Helm', 'Lathander', 'Lurue', 'Mielikki', 'Moradin', 'Mystra', 'Oghma', 'Selûne', 'Sune', 'Tymora']",1067052,4651,161206,34,39.6,59,0,"The North (slade, Ed Greenwood, Jeff Grubb, Julia Martin, Steven Schend, Jennell Jaquays, Steve Perrin, 1996), Silver Marches (Ed Greenwood, Jason Carl, 2002)","[""['elven craftwork'"", ""'dwarven craftwork'"", ""'furs'"", ""'precious metals']""]","[""['armour'"", ""'books'"", ""'manufactured goods'"", ""'pottery'"", ""'spices'"", ""'wine']""]","{""humans"": 0.0, ""dwarves"": 1.0, ""elves"": 138.0, ""half-elves"": 0.0, ""halflings"": 0.0, ""gnomes"": 0.0, ""half-orcs"": 0.0, ""misc."": 0.0}","{""Aristocratic"": 0.0, ""Wealthy"": 0.0, ""Comfortable"": 6.0, ""Modest"": 22.0, ""Poor"": 45.0, ""Squalid"": 31.0, ""Wretched"": 2.0}"
Quaervaar,The Silver Marches,Silverymoon,941,120012,120,"{'humans': 83, 'dwarves': 651, 'elves': 0, 'half-elves': 206, 'halflings': 0, 'gnomes': 0, 'half-orcs': 0, 'misc.': 0}",141,Wildlife attacks,['Dictatorship'],"{'Aristocratic': 0, 'Wealthy': 5, 'Comfortable': 37, 'Modest': 160, 'Poor': 292, 'Squalid': 164, 'Wretched': 11}",0,"[""['elven craftwork'"", ""'dwarven craftwork'"", ""'furs'"", ""'precious metals']""]","[""['armour'"", ""'books'"", ""'manufactured goods'"", ""'pottery'"", ""'spices'"", ""'wine']""]",High Mage Taern Hornblade,"['The Argent Legion', 'Local militias']",None,"['Common', 'Chondathan', 'Illuskan']","['Corellon Larethian', 'Helm', 'Lathander', 'Lurue', 'Mielikki', 'Moradin', 'Mystra', 'Oghma', 'Selûne', 'Sune', 'Tymora']",1067052,4651,161206,8.3,37.9,85,0,"The North (slade, Ed Greenwood, Jeff Grubb, Julia Martin, Steven Schend, Jennell Jaquays, Steve Perrin, 1996), Silver Marches (Ed Greenwood, Jason Carl, 2002)","[""['elven craftwork'"", ""'dwarven craftwork'"", ""'furs'"", ""'precious metals']""]","[""['armour'"", ""'books'"", ""'manufactured goods'"", ""'pottery'"", ""'spices'"", ""'wine']""]","{""humans"": 83.0, ""dwarves"": 651.0, ""elves"": 0.0, ""half-elves"": 206.0, ""halflings"": 0.0, ""gnomes"": 0.0, ""half-orcs"": 0.0, ""misc."": 0.0}","{""Aristocratic"": 0.0, ""Wealthy"": 5.0, ""Comfortable"": 37.0, ""Modest"": 160.0, ""Poor"": 292.0, ""Squalid"": 164.0, ""Wretched"": 11.0}"
Rauvincross,The Silver Marches,Silverymoon,15634,3523308,7486,"{'humans': 1579, 'dwarves': 891, 'elves': 13038, 'half-elves': 0, 'halflings': 109, 'gnomes': 0, 'half-orcs': 0, 'misc.': 0}",315,Starvation,['Satrapy'],"{'Aristocratic': 69, 'Wealthy': 350, 'Comfortable': 2022, 'Modest': 1908, 'Poor': 5307, 'Squalid': 5495, 'Wretched': 1281}",1,"[""['elven craftwork'"", ""'dwarven craftwork'"", ""'furs'"", ""'precious metals']""]","[""['armour'"", ""'books'"", ""'manufactured goods'"", ""'pottery'"", ""'spices'"", ""'wine']""]",High Mage Taern Hornblade,"['The Argent Legion', 'Local militias']",guilds,"['Common', 'Chondathan', 'Illuskan']","['Corellon Larethian', 'Helm', 'Lathander', 'Lurue', 'Mielikki', 'Moradin', 'Mystra', 'Oghma', 'Selûne', 'Sune', 'Tymora']",1067052,4651,161206,20.9,33.3,84,0,"The North (slade, Ed Greenwood, Jeff Grubb, Julia Martin, Steven Schend, Jennell Jaquays, Steve Perrin, 1996), Silver Marches (Ed Greenwood, Jason Carl, 2002)","[""['elven craftwork'"", ""'dwarven craftwork'"", ""'furs'"", ""'precious metals']""]","[""['armour'"", ""'books'"", ""'manufactured goods'"", ""'pottery'"", ""'spices'"", ""'wine']""]","{""humans"": 1579.0, ""dwarves"": 891.0, ""elves"": 13038.0, ""half-elves"": 0.0, ""halflings"": 109.0, ""gnomes"": 0.0, ""half-orcs"": 0.0, ""misc."": 0.0}","{""Aristocratic"": 69.0, ""Wealthy"": 350.0, ""Comfortable"": 2022.0, ""Modest"": 1908.0, ""Poor"": 5307.0, ""Squalid"": 5495.0, ""Wretched"": 1281.0}"
Rivermoot,The Silver Marches,Silverymoon,5893,906477,916,"{'humans': 5250, 'dwarves': 559, 'elves': 82, 'half-elves': 0, 'halflings': 0, 'gnomes': 0, 'half-orcs': 0, 'misc.': 0}",63,Bandit attacks,['Matriarchy'],"{'Aristocratic': 0, 'Wealthy': 107, 'Comfortable': 416, 'Modest': 704, 'Poor': 2036, 'Squalid': 1123, 'Wretched': 334}",0,"[""['elven craftwork'"", ""'dwarven craftwork'"", ""'furs'"", ""'precious metals']""]","[""['armour'"", ""'books'"", ""'manufactured goods'"", ""'pottery'"", ""'spices'"", ""'wine']""]",High Mage Taern Hornblade,"['The Argent Legion', 'Local militias']",None,"['Common', 'Chondathan', 'Illuskan']","['Corellon Larethian', 'Helm', 'Lathander', 'Lurue', 'Mielikki', 'Moradin', 'Mystra', 'Oghma', 'Selûne', 'Sune', 'Tymora']",1067052,4651,161206,16.8,20.2,66,0,"The North (slade, Ed Greenwood, Jeff Grubb, Julia Martin, Steven Schend, Jennell Jaquays, Steve Perrin, 1996), Silver Marches (Ed Greenwood, Jason Carl, 2002)","[""['elven craftwork'"", ""'dwarven craftwork'"", ""'furs'"", ""'precious metals']""]","[""['armour'"", ""'books'"", ""'manufactured goods'"", ""'pottery'"", ""'spices'"", ""'wine']""]","{""humans"": 5250.0, ""dwarves"": 559.0, ""elves"": 82.0, ""half-elves"": 0.0, ""halflings"": 0.0, ""gnomes"": 0.0, ""half-orcs"": 0.0, ""misc."": 0.0}","{""Aristocratic"": 0.0, ""Wealthy"": 107.0, ""Comfortable"": 416.0, ""Modest"": 704.0, ""Poor"": 2036.0, ""Squalid"": 1123.0, ""Wretched"": 334.0}"
Sundabar,Dwarfholds of the North,Mirabar,801,112748,112,"{'humans': 276, 'dwarves': 504, 'elves': 8, 'half-elves': 9, 'halflings': 0, 'gnomes': 1, 'half-orcs': 0, 'misc.': 0}",127,Bandit attacks,['Satrapy'],"{'Aristocratic': 0, 'Wealthy': 7, 'Comfortable': 50, 'Modest': 112, 'Poor': 253, 'Squalid': 183, 'Wretched': 12}",0,"[""['elven craftwork'"", ""'dwarven craftwork'"", ""'furs'"", ""'precious metals']""]","[""['armour'"", ""'books'"", ""'manufactured goods'"", ""'pottery'"", ""'spices'"", ""'wine']""]",High Mage Taern Hornblade,"['The Argent Legion', 'Local militias']",Anstruth,"['Common', 'Chondathan', 'Illuskan']","['Corellon Larethian', 'Helm', 'Lathander', 'Lurue', 'Mielikki', 'Moradin', 'Mystra', 'Oghma', 'Selûne', 'Sune', 'Tymora']",1067052,862,161206,2.7,39.8,60,0,"The North (slade, Ed Greenwood, Jeff Grubb, Julia Martin, Steven Schend, Jennell Jaquays, Steve Perrin, 1996), Silver Marches (Ed Greenwood, Jason Carl, 2002)","[""['elven craftwork'"", ""'dwarven craftwork'"", ""'furs'"", ""'precious metals']""]","[""['armour'"", ""'books'"", ""'manufactured goods'"", ""'pottery'"", ""'spices'"", ""'wine']""]","{""humans"": 276.0, ""dwarves"": 504.0, ""elves"": 8.0, ""half-elves"": 9.0, ""halflings"": 0.0, ""gnomes"": 1.0, ""half-orcs"": 0.0, ""misc."": 0.0}","{""Aristocratic"": 0.0, ""Wealthy"": 7.0, ""Comfortable"": 50.0, ""Modest"": 112.0, ""Poor"": 253.0, ""Squalid"": 183.0, ""Wretched"": 12.0}"
Winter's Edge,The Silver Marches,Silverymoon,6173,1063646,1085,"{'humans': 0, 'dwarves': 135, 'elves': 5728, 'half-elves': 6, 'halflings': 0, 'gnomes': 302, 'half-orcs': 0, 'misc.': 0}",346,Magic mishaps,['Republic'],"{'Aristocratic': 1, 'Wealthy': 83, 'Comfortable': 424, 'Modest': 1121, 'Poor': 2159, 'Squalid': 1713, 'Wretched': 189}",19,"[""['elven craftwork'"", ""'dwarven craftwork'"", ""'furs'"", ""'precious metals']""]","[""['armour'"", ""'books'"", ""'manufactured goods'"", ""'pottery'"", ""'spices'"", ""'wine']""]",High Mage Taern Hornblade,"['The Argent Legion', 'Local militias']",None,"['Common', 'Chondathan', 'Illuskan']","['Corellon Larethian', 'Helm', 'Lathander', 'Lurue', 'Mielikki', 'Moradin', 'Mystra', 'Oghma', 'Selûne', 'Sune', 'Tymora']",1067052,4651,161206,24.9,20.9,74,0,"The North (slade, Ed Greenwood, Jeff Grubb, Julia Martin, Steven Schend, Jennell Jaquays, Steve Perrin, 1996), Silver Marches (Ed Greenwood, Jason Carl, 2002)","[""['elven craftwork'"", ""'dwarven craftwork'"", ""'furs'"", ""'precious metals']""]","[""['armour'"", ""'books'"", ""'manufactured goods'"", ""'pottery'"", ""'spices'"", ""'wine']""]","{""humans"": 0.0, ""dwarves"": 135.0, ""elves"": 5728.0, ""half-elves"": 6.0, ""halflings"": 0.0, ""gnomes"": 302.0, ""half-orcs"": 0.0, ""misc."": 0.0}","{""Aristocratic"": 1.0, ""Wealthy"": 83.0, ""Comfortable"": 424.0, ""Modest"": 1121.0, ""Poor"": 2159.0, ""Squalid"": 1713.0, ""Wretched"": 189.0}"
Yartar,The Sword Coast,Yartar,349,50406,50,"{'humans': 329, 'misc.': 19}",46,Old age,['Confederacy'],"{'Aristocratic': 0, 'Wealthy': 2, 'Comfortable': 23, 'Modest': 52, 'Poor': 116, 'Squalid': 89, 'Wretched': 6}",0,,,"Waterbaron of Yartar, Nestra Ruthio",None,None,,,2163294,1596573468,,48.4,38,85,100,,[],[],"{""humans"": 329.0, ""misc."": 19.0}","{""Aristocratic"": 0.0, ""Wealthy"": 2.0, ""Comfortable"": 23.0, ""Modest"": 52.0, ""Poor"": 116.0, ""Squalid"": 89.0, ""Wretched"": 6.0}"
Mintarn,The Sword Coast,Mintarn,4899,865086,871,"{'humans': 3331, 'dwarves': 1567, 'merfolk': 0}",84,Dueling accidents,['Dictatorship'],"{'Aristocratic': 0, 'Wealthy': 51, 'Comfortable': 349, 'Modest': 1043, 'Poor': 1647, 'Squalid': 957, 'Wretched': 239}",0,"[""['ships'"", ""'mercenaries'"", ""'food']""]","[""['moonshae wood'"", ""'mabadann oysters']""]","{'name': 'Tarnheel Embuirhan', 'title': 'Dictator'}",None,None,"['Common', 'Illuskan']",['Umberlee'],2163294,1596573468,617,63.3,48,78,28,"Treasures of the Savage Frontier (video game, 1992), Passage to Dawn (R.A. Salvatore, 1996)","[""['ships'"", ""'mercenaries'"", ""'food']""]","[""['moonshae wood'"", ""'mabadann oysters']""]","{""humans"": 3331.0, ""dwarves"": 1567.0, ""merfolk"": 0.0}","{""Aristocratic"": 0.0, ""Wealthy"": 51.0, ""Comfortable"": 349.0, ""Modest"": 1043.0, ""Poor"": 1647.0, ""Squalid"": 957.0, ""Wretched"": 239.0}"
Orlumbor,Orlumbor,Orlumbor,1490,238053,238,"{'humans': 1408, 'misc.': 81}",42,Disease,['Meritocracy'],"{'Aristocratic': 0, 'Wealthy': 16, 'Comfortable': 95, 'Modest': 264, 'Poor': 519, 'Squalid': 304, 'Wretched': 116}",0,"[""['ships']""]","[""['wood']""]",{'name': 'Tulgar Wrightsson'},None,None,"['Common', 'Illuskan']",['Talos'],2249,0,310,61.3,41.2,54,0,"Treasures of the Savage Frontier (video game, 1992)","[""['ships']""]","[""['wood']""]","{""humans"": 1408.0, ""misc."": 81.0}","{""Aristocratic"": 0.0, ""Wealthy"": 16.0, ""Comfortable"": 95.0, ""Modest"": 264.0, ""Poor"": 519.0, ""Squalid"": 304.0, ""Wretched"": 116.0}"
Farr Windward,Orlumbor,Orlumbor,759,90556,90,"{'humans': 755, 'misc.': 3}",46,Work-related accidents,['Autocracy'],"{'Aristocratic': 0, 'Wealthy': 2, 'Comfortable': 36, 'Modest': 98, 'Poor': 263, 'Squalid': 175, 'Wretched': 13}",0,"[""['ships']""]","[""['wood']""]",{'name': 'Tulgar Wrightsson'},None,None,"['Common', 'Illuskan']",['Talos'],2249,0,310,60.5,46.6,63,0,"Treasures of the Savage Frontier (video game, 1992)","[""['ships']""]","[""['wood']""]","{""humans"": 755.0, ""misc."": 3.0}","{""Aristocratic"": 0.0, ""Wealthy"": 2.0, ""Comfortable"": 36.0, ""Modest"": 98.0, ""Poor"": 263.0, ""Squalid"": 175.0, ""Wretched"": 13.0}"
Caer Callidyrr,Moonshae,Caer Callidyrr,22517,4691637,9069,"{'humans': 22517, 'halflings': 0, 'elves': 0, 'dwarves': 0, 'half-elves': 0, 'misc.': 0}",47,Work-related accidents,['Patriarchy'],"{'Aristocratic': 55, 'Wealthy': 563, 'Comfortable': 2009, 'Modest': 4130, 'Poor': 6928, 'Squalid': 5182, 'Wretched': 1551}",18,"[""['armour'"", ""'rose-gold'"", ""'timber'"", ""'weapons']""]","[""['coal'"", ""'horses'"", ""'minor magical items'"", ""'ore'"", ""'parchment'"", ""'silk']""]",{'name': 'High Queen Alicia Kendrick'},Various local militias,guilds,"['Aquan', 'Chondathan', 'Common', 'Dwarven', 'Elven', 'Giant', 'Illuskan', 'Sylvan']","['The Earthmother', 'Chauntea', 'Tempus']",1347449,6412,74169,87.6,62.6,44,0,"Moonshae (Douglas Niles, 1987), Halls of the High King (Ed Greenwood, 1990), Backdrop: The Moonshae Isles (Shawn Merwin, Dungeon #196, 2011)","[""['armour'"", ""'rose-gold'"", ""'timber'"", ""'weapons']""]","[""['coal'"", ""'horses'"", ""'minor magical items'"", ""'ore'"", ""'parchment'"", ""'silk']""]","{""humans"": 22517.0, ""halflings"": 0.0, ""elves"": 0.0, ""dwarves"": 0.0, ""half-elves"": 0.0, ""misc."": 0.0}","{""Aristocratic"": 55.0, ""Wealthy"": 563.0, ""Comfortable"": 2009.0, ""Modest"": 4130.0, ""Poor"": 6928.0, ""Squalid"": 5182.0, ""Wretched"": 1551.0}"
Aithelar,Moonshae,Caer Callidyrr,13140,2670157,3656,"{'humans': 13140, 'halflings': 0, 'elves': 0, 'dwarves': 0, 'half-elves': 0, 'misc.': 0}",48,Assassination,['Theocracy'],"{'Aristocratic': 20, 'Wealthy': 244, 'Comfortable': 1392, 'Modest': 2013, 'Poor': 4458, 'Squalid': 4509, 'Wretched': 1296}",10,"[""['armour'"", ""'rose-gold'"", ""'timber'"", ""'weapons']""]","[""['coal'"", ""'horses'"", ""'minor magical items'"", ""'ore'"", ""'parchment'"", ""'silk']""]",{'name': 'High Queen Alicia Kendrick'},Various local militias,None,"['Aquan', 'Chondathan', 'Common', 'Dwarven', 'Elven', 'Giant', 'Illuskan', 'Sylvan']","['The Earthmother', 'Chauntea', 'Tempus']",1347449,6412,74169,82.9,64.9,79,0,"Moonshae (Douglas Niles, 1987), Halls of the High King (Ed Greenwood, 1990), Backdrop: The Moonshae Isles (Shawn Merwin, Dungeon #196, 2011)","[""['armour'"", ""'rose-gold'"", ""'timber'"", ""'weapons']""]","[""['coal'"", ""'horses'"", ""'minor magical items'"", ""'ore'"", ""'parchment'"", ""'silk']""]","{""humans"": 13140.0, ""halflings"": 0.0, ""elves"": 0.0, ""dwarves"": 0.0, ""half-elves"": 0.0, ""misc."": 0.0}","{""Aristocratic"": 20.0, ""Wealthy"": 244.0, ""Comfortable"": 1392.0, ""Modest"": 2013.0, ""Poor"": 4458.0, ""Squalid"": 4509.0, ""Wretched"": 1296.0}"
Blackstone,Moonshae,Caer Callidyrr,810,80738,80,"{'humans': 810, 'halflings': 0, 'elves': 0, 'dwarves': 0, 'half-elves': 0, 'misc.': 0}",44,Work-related accidents,['Hierarchy'],"{'Aristocratic': 0, 'Wealthy': 1, 'Comfortable': 42, 'Modest': 62, 'Poor': 243, 'Squalid': 226, 'Wretched': 11}",0,"[""['armour'"", ""'rose-gold'"", ""'timber'"", ""'weapons']""]","[""['coal'"", ""'horses'"", ""'minor magical items'"", ""'ore'"", ""'parchment'"", ""'silk']""]",{'name': 'High Queen Alicia Kendrick'},Various local militias,None,"['Aquan', 'Chondathan', 'Common', 'Dwarven', 'Elven', 'Giant', 'Illuskan', 'Sylvan']","['The Earthmother', 'Chauntea', 'Tempus']",1347449,6412,74169,81.3,56.2,52,0,"Moonshae (Douglas Niles, 1987), Halls of the High King (Ed Greenwood, 1990), Backdrop: The Moonshae Isles (Shawn Merwin, Dungeon #196, 2011)","[""['armour'"", ""'rose-gold'"", ""'timber'"", ""'weapons']""]","[""['coal'"", ""'horses'"", ""'minor magical items'"", ""'ore'"", ""'parchment'"", ""'silk']""]","{""humans"": 810.0, ""halflings"": 0.0, ""elves"": 0.0, ""dwarves"": 0.0, ""half-elves"": 0.0, ""misc."": 0.0}","{""Aristocratic"": 0.0, ""Wealthy"": 1.0, ""Comfortable"": 42.0, ""Modest"": 62.0, ""Poor"": 243.0, ""Squalid"": 226.0, ""Wretched"": 11.0}"
Blythe,Moonshae,Caer Callidyrr,666,68364,68,"{'humans': 666, 'halflings': 0, 'elves': 0, 'dwarves': 0, 'half-elves': 0, 'misc.': 0}",40,Starvation,['Meritocracy'],"{'Aristocratic': 0, 'Wealthy': 5, 'Comfortable': 27, 'Modest': 53, 'Poor': 206, 'Squalid': 191, 'Wretched': 12}",0,"[""['armour'"", ""'rose-gold'"", ""'timber'"", ""'weapons']""]","[""['coal'"", ""'horses'"", ""'minor magical items'"", ""'ore'"", ""'parchment'"", ""'silk']""]",{'name': 'High Queen Alicia Kendrick'},Various local militias,None,"['Aquan', 'Chondathan', 'Common', 'Dwarven', 'Elven', 'Giant', 'Illuskan', 'Sylvan']","['The Earthmother', 'Chauntea', 'Tempus']",1347449,6412,74169,85.1,54.5,62,0,"Moonshae (Douglas Niles, 1987), Halls of the High King (Ed Greenwood, 1990), Backdrop: The Moonshae Isles (Shawn Merwin, Dungeon #196, 2011)","[""['armour'"", ""'rose-gold'"", ""'timber'"", ""'weapons']""]","[""['coal'"", ""'horses'"", ""'minor magical items'"", ""'ore'"", ""'parchment'"", ""'silk']""]","{""humans"": 666.0, ""halflings"": 0.0, ""elves"": 0.0, ""dwarves"": 0.0, ""half-elves"": 0.0, ""misc."": 0.0}","{""Aristocratic"": 0.0, ""Wealthy"": 5.0, ""Comfortable"": 27.0, ""Modest"": 53.0, ""Poor"": 206.0, ""Squalid"": 191.0, ""Wretched"": 12.0}"
Borth,Moonshae,Caer Callidyrr,16630,3092937,4052,"{'humans': 16630, 'halflings': 0, 'elves': 0, 'dwarves': 0, 'half-elves': 0, 'misc.': 0}",48,Assassination,['Matriarchy'],"{'Aristocratic': 17, 'Wealthy': 191, 'Comfortable': 2074, 'Modest': 1911, 'Poor': 5597, 'Squalid': 3614, 'Wretched': 1447}",15,"[""['armour'"", ""'rose-gold'"", ""'timber'"", ""'weapons']""]","[""['coal'"", ""'horses'"", ""'minor magical items'"", ""'ore'"", ""'parchment'"", ""'silk']""]",{'name': 'High Queen Alicia Kendrick'},Various local militias,guilds,"['Aquan', 'Chondathan', 'Common', 'Dwarven', 'Elven', 'Giant', 'Illuskan', 'Sylvan']","['The Earthmother', 'Chauntea', 'Tempus']",1347449,6412,74169,85.7,49.6,72,0,"Moonshae (Douglas Niles, 1987), Halls of the High King (Ed Greenwood, 1990), Backdrop: The Moonshae Isles (Shawn Merwin, Dungeon #196, 2011)","[""['armour'"", ""'rose-gold'"", ""'timber'"", ""'weapons']""]","[""['coal'"", ""'horses'"", ""'minor magical items'"", ""'ore'"", ""'parchment'"", ""'silk']""]","{""humans"": 16630.0, ""halflings"": 0.0, ""elves"": 0.0, ""dwarves"": 0.0, ""half-elves"": 0.0, ""misc."": 0.0}","{""Aristocratic"": 17.0, ""Wealthy"": 191.0, ""Comfortable"": 2074.0, ""Modest"": 1911.0, ""Poor"": 5597.0, ""Squalid"": 3614.0, ""Wretched"": 1447.0}"
Bounty,Moonshae,Caer Callidyrr,591,70080,70,"{'humans': 591, 'halflings': 0, 'elves': 0, 'dwarves': 0, 'half-elves': 0, 'misc.': 0}",49,Starvation,['Confederacy'],"{'Aristocratic': 0, 'Wealthy': 0, 'Comfortable': 35, 'Modest': 70, 'Poor': 200, 'Squalid': 120, 'Wretched': 10}",0,"[""['armour'"", ""'rose-gold'"", ""'timber'"", ""'weapons']""]","[""['coal'"", ""'horses'"", ""'minor magical items'"", ""'ore'"", ""'parchment'"", ""'silk']""]",{'name': 'High Queen Alicia Kendrick'},Various local militias,None,"['Aquan', 'Chondathan', 'Common', 'Dwarven', 'Elven', 'Giant', 'Illuskan', 'Sylvan']","['The Earthmother', 'Chauntea', 'Tempus']",1347449,6412,74169,77.1,50.7,75,0,"Moonshae (Douglas Niles, 1987), Halls of the High King (Ed Greenwood, 1990), Backdrop: The Moonshae Isles (Shawn Merwin, Dungeon #196, 2011)","[""['armour'"", ""'rose-gold'"", ""'timber'"", ""'weapons']""]","[""['coal'"", ""'horses'"", ""'minor magical items'"", ""'ore'"", ""'parchment'"", ""'silk']""]","{""humans"": 591.0, ""halflings"": 0.0, ""elves"": 0.0, ""dwarves"": 0.0, ""half-elves"": 0.0, ""misc."": 0.0}","{""Aristocratic"": 0.0, ""Wealthy"": 0.0, ""Comfortable"": 35.0, ""Modest"": 70.0, ""Poor"": 200.0, ""Squalid"": 120.0, ""Wretched"": 10.0}"
Brannoch,Moonshae,Caer Callidyrr,907,114792,114,"{'humans': 901, 'halflings': 5, 'elves': 0, 'dwarves': 0, 'half-elves': 0, 'misc.': 0}",50,Exposure to the elements,['Militocracy'],"{'Aristocratic': 0, 'Wealthy': 8, 'Comfortable': 36, 'Modest': 132, 'Poor': 275, 'Squalid': 235, 'Wretched': 9}",0,"[""['armour'"", ""'rose-gold'"", ""'timber'"", ""'weapons']""]","[""['coal'"", ""'horses'"", ""'minor magical items'"", ""'ore'"", ""'parchment'"", ""'silk']""]",{'name': 'High Queen Alicia Kendrick'},Various local militias,None,"['Aquan', 'Chondathan', 'Common', 'Dwarven', 'Elven', 'Giant', 'Illuskan', 'Sylvan']","['The Earthmother', 'Chauntea', 'Tempus']",1347449,6412,74169,82.4,59.8,48,0,"Moonshae (Douglas Niles, 1987), Halls of the High King (Ed Greenwood, 1990), Backdrop: The Moonshae Isles (Shawn Merwin, Dungeon #196, 2011)","[""['armour'"", ""'rose-gold'"", ""'timber'"", ""'weapons']""]","[""['coal'"", ""'horses'"", ""'minor magical items'"", ""'ore'"", ""'parchment'"", ""'silk']""]","{""humans"": 901.0, ""halflings"": 5.0, ""elves"": 0.0, ""dwarves"": 0.0, ""half-elves"": 0.0, ""misc."": 0.0}","{""Aristocratic"": 0.0, ""Wealthy"": 8.0, ""Comfortable"": 36.0, ""Modest"": 132.0, ""Poor"": 275.0, ""Squalid"": 235.0, ""Wretched"": 9.0}"
Bray,Moonshae,Caer Callidyrr,423,49932,49,"{'humans': 423, 'halflings': 0, 'elves': 0, 'dwarves': 0, 'half-elves': 0, 'misc.': 0}",50,Assassination,['Patriarchy'],"{'Aristocratic': 0, 'Wealthy': 3, 'Comfortable': 22, 'Modest': 40, 'Poor': 141, 'Squalid': 126, 'Wretched': 5}",0,"[""['armour'"", ""'rose-gold'"", ""'timber'"", ""'weapons']""]","[""['coal'"", ""'horses'"", ""'minor magical items'"", ""'ore'"", ""'parchment'"", ""'silk']""]",{'name': 'High Queen Alicia Kendrick'},Various local militias,None,"['Aquan', 'Chondathan', 'Common', 'Dwarven', 'Elven', 'Giant', 'Illuskan', 'Sylvan']","['The Earthmother', 'Chauntea', 'Tempus']",1347449,6412,74169,68.5,45.1,42,0,"Moonshae (Douglas Niles, 1987), Halls of the High King (Ed Greenwood, 1990), Backdrop: The Moonshae Isles (Shawn Merwin, Dungeon #196, 2011)","[""['armour'"", ""'rose-gold'"", ""'timber'"", ""'weapons']""]","[""['coal'"", ""'horses'"", ""'minor magical items'"", ""'ore'"", ""'parchment'"", ""'silk']""]","{""humans"": 423.0, ""halflings"": 0.0, ""elves"": 0.0, ""dwarves"": 0.0, ""half-elves"": 0.0, ""misc."": 0.0}","{""Aristocratic"": 0.0, ""Wealthy"": 3.0, ""Comfortable"": 22.0, ""Modest"": 40.0, ""Poor"": 141.0, ""Squalid"": 126.0, ""Wretched"": 5.0}"
Cambro,Moonshae,Caer Callidyrr,17348,3854546,8515,"{'humans': 17348, 'halflings': 0, 'elves': 0, 'dwarves': 0, 'half-elves': 0, 'misc.': 0}",47,Work-related accidents,['Patriarchy'],"{'Aristocratic': 75, 'Wealthy': 372, 'Comfortable': 1695, 'Modest': 3340, 'Poor': 5610, 'Squalid': 4704, 'Wretched': 1588}",17,"[""['armour'"", ""'rose-gold'"", ""'timber'"", ""'weapons']""]","[""['coal'"", ""'horses'"", ""'minor magical items'"", ""'ore'"", ""'parchment'"", ""'silk']""]",{'name': 'High Queen Alicia Kendrick'},Various local militias,guilds,"['Aquan', 'Chondathan', 'Common', 'Dwarven', 'Elven', 'Giant', 'Illuskan', 'Sylvan']","['The Earthmother', 'Chauntea', 'Tempus']",1347449,6412,74169,72.7,61.2,46,0,"Moonshae (Douglas Niles, 1987), Halls of the High King (Ed Greenwood, 1990), Backdrop: The Moonshae Isles (Shawn Merwin, Dungeon #196, 2011)","[""['armour'"", ""'rose-gold'"", ""'timber'"", ""'weapons']""]","[""['coal'"", ""'horses'"", ""'minor magical items'"", ""'ore'"", ""'parchment'"", ""'silk']""]","{""humans"": 17348.0, ""halflings"": 0.0, ""elves"": 0.0, ""dwarves"": 0.0, ""half-elves"": 0.0, ""misc."": 0.0}","{""Aristocratic"": 75.0, ""Wealthy"": 372.0, ""Comfortable"": 1695.0, ""Modest"": 3340.0, ""Poor"": 5610.0, ""Squalid"": 4704.0, ""Wretched"": 1588.0}"
Caer Corwell,Moonshae,Caer Callidyrr,144,17556,17,"{'humans': 136, 'halflings': 0, 'elves': 0, 'dwarves': 0, 'half-elves': 0, 'misc.': 7}",50,Magic mishaps,['Magocracy'],"{'Aristocratic': 0, 'Wealthy': 0, 'Comfortable': 6, 'Modest': 24, 'Poor': 43, 'Squalid': 35, 'Wretched': 2}",0,"[""['armour'"", ""'rose-gold'"", ""'timber'"", ""'weapons']""]","[""['coal'"", ""'horses'"", ""'minor magical items'"", ""'ore'"", ""'parchment'"", ""'silk']""]",{'name': 'High Queen Alicia Kendrick'},Various local militias,None,"['Aquan', 'Chondathan', 'Common', 'Dwarven', 'Elven', 'Giant', 'Illuskan', 'Sylvan']","['The Earthmother', 'Chauntea', 'Tempus']",1347449,6412,74169,76.3,61.5,89,0,"Moonshae (Douglas Niles, 1987), Halls of the High King (Ed Greenwood, 1990), Backdrop: The Moonshae Isles (Shawn Merwin, Dungeon #196, 2011)","[""['armour'"", ""'rose-gold'"", ""'timber'"", ""'weapons']""]","[""['coal'"", ""'horses'"", ""'minor magical items'"", ""'ore'"", ""'parchment'"", ""'silk']""]","{""humans"": 136.0, ""halflings"": 0.0, ""elves"": 0.0, ""dwarves"": 0.0, ""half-elves"": 0.0, ""misc."": 7.0}","{""Aristocratic"": 0.0, ""Wealthy"": 0.0, ""Comfortable"": 6.0, ""Modest"": 24.0, ""Poor"": 43.0, ""Squalid"": 35.0, ""Wretched"": 2.0}"
Caer Moray,Moonshae,Caer Callidyrr,16485,3434869,5288,"{'humans': 16485, 'halflings': 0, 'elves': 0, 'dwarves': 0, 'half-elves': 0, 'misc.': 0}",47,Magic mishaps,['Plutocracy'],"{'Aristocratic': 30, 'Wealthy': 477, 'Comfortable': 1359, 'Modest': 3000, 'Poor': 5326, 'Squalid': 4194, 'Wretched': 1098}",17,"[""['armour'"", ""'rose-gold'"", ""'timber'"", ""'weapons']""]","[""['coal'"", ""'horses'"", ""'minor magical items'"", ""'ore'"", ""'parchment'"", ""'silk']""]",{'name': 'High Queen Alicia Kendrick'},Various local militias,guilds,"['Aquan', 'Chondathan', 'Common', 'Dwarven', 'Elven', 'Giant', 'Illuskan', 'Sylvan']","['The Earthmother', 'Chauntea', 'Tempus']",1347449,6412,74169,78.2,51.8,89,0,"Moonshae (Douglas Niles, 1987), Halls of the High King (Ed Greenwood, 1990), Backdrop: The Moonshae Isles (Shawn Merwin, Dungeon #196, 2011)","[""['armour'"", ""'rose-gold'"", ""'timber'"", ""'weapons']""]","[""['coal'"", ""'horses'"", ""'minor magical items'"", ""'ore'"", ""'parchment'"", ""'silk']""]","{""humans"": 16485.0, ""halflings"": 0.0, ""elves"": 0.0, ""dwarves"": 0.0, ""half-elves"": 0.0, ""misc."": 0.0}","{""Aristocratic"": 30.0, ""Wealthy"": 477.0, ""Comfortable"": 1359.0, ""Modest"": 3000.0, ""Poor"": 5326.0, ""Squalid"": 4194.0, ""Wretched"": 1098.0}"
Caer Westphal,Moonshae,Caer Callidyrr,127,18104,18,"{'humans': 17, 'halflings': 9, 'elves': 0, 'dwarves': 100, 'half-elves': 0, 'misc.': 0}",142,Assassination,['Feudalism'],"{'Aristocratic': 0, 'Wealthy': 0, 'Comfortable': 8, 'Modest': 22, 'Poor': 42, 'Squalid': 32, 'Wretched': 1}",0,"[""['armour'"", ""'rose-gold'"", ""'timber'"", ""'weapons']""]","[""['coal'"", ""'horses'"", ""'minor magical items'"", ""'ore'"", ""'parchment'"", ""'silk']""]",{'name': 'High Queen Alicia Kendrick'},Various local militias,None,"['Aquan', 'Chondathan', 'Common', 'Dwarven', 'Elven', 'Giant', 'Illuskan', 'Sylvan']","['The Earthmother', 'Chauntea', 'Tempus']",1347449,6412,74169,84.4,59.5,52,0,"Moonshae (Douglas Niles, 1987), Halls of the High King (Ed Greenwood, 1990), Backdrop: The Moonshae Isles (Shawn Merwin, Dungeon #196, 2011)","[""['armour'"", ""'rose-gold'"", ""'timber'"", ""'weapons']""]","[""['coal'"", ""'horses'"", ""'minor magical items'"", ""'ore'"", ""'parchment'"", ""'silk']""]","{""humans"": 17.0, ""halflings"": 9.0, ""elves"": 0.0, ""dwarves"": 100.0, ""half-elves"": 0.0, ""misc."": 0.0}","{""Aristocratic"": 0.0, ""Wealthy"": 0.0, ""Comfortable"": 8.0, ""Modest"": 22.0, ""Poor"": 42.0, ""Squalid"": 32.0, ""Wretched"": 1.0}"
Caervu,Moonshae,Caer Callidyrr,7706,1295312,1335,"{'humans': 7706, 'halflings': 0, 'elves': 0, 'dwarves': 0, 'half-elves': 0, 'misc.': 0}",49,Exposure to the elements,['Oligarchy'],"{'Aristocratic': 2, 'Wealthy': 128, 'Comfortable': 473, 'Modest': 1380, 'Poor': 2485, 'Squalid': 1938, 'Wretched': 328}",20,"[""['armour'"", ""'rose-gold'"", ""'timber'"", ""'weapons']""]","[""['coal'"", ""'horses'"", ""'minor magical items'"", ""'ore'"", ""'parchment'"", ""'silk']""]",{'name': 'High Queen Alicia Kendrick'},Various local militias,None,"['Aquan', 'Chondathan', 'Common', 'Dwarven', 'Elven', 'Giant', 'Illuskan', 'Sylvan']","['The Earthmother', 'Chauntea', 'Tempus']",1347449,6412,74169,87.3,47.4,73,0,"Moonshae (Douglas Niles, 1987), Halls of the High King (Ed Greenwood, 1990), Backdrop: The Moonshae Isles (Shawn Merwin, Dungeon #196, 2011)","[""['armour'"", ""'rose-gold'"", ""'timber'"", ""'weapons']""]","[""['coal'"", ""'horses'"", ""'minor magical items'"", ""'ore'"", ""'parchment'"", ""'silk']""]","{""humans"": 7706.0, ""halflings"": 0.0, ""elves"": 0.0, ""dwarves"": 0.0, ""half-elves"": 0.0, ""misc."": 0.0}","{""Aristocratic"": 2.0, ""Wealthy"": 128.0, ""Comfortable"": 473.0, ""Modest"": 1380.0, ""Poor"": 2485.0, ""Squalid"": 1938.0, ""Wretched"": 328.0}"
Cobh,Moonshae,Caer Callidyrr,6860,1225268,1260,"{'humans': 6860, 'halflings': 0, 'elves': 0, 'dwarves': 0, 'half-elves': 0, 'misc.': 0}",45,Starvation,['Feudalism'],"{'Aristocratic': 2, 'Wealthy': 121, 'Comfortable': 475, 'Modest': 1312, 'Poor': 2198, 'Squalid': 1513, 'Wretched': 282}",4,"[""['armour'"", ""'rose-gold'"", ""'timber'"", ""'weapons']""]","[""['coal'"", ""'horses'"", ""'minor magical items'"", ""'ore'"", ""'parchment'"", ""'silk']""]",{'name': 'High Queen Alicia Kendrick'},Various local militias,None,"['Aquan', 'Chondathan', 'Common', 'Dwarven', 'Elven', 'Giant', 'Illuskan', 'Sylvan']","['The Earthmother', 'Chauntea', 'Tempus']",1347449,6412,74169,70.1,57.3,83,0,"Moonshae (Douglas Niles, 1987), Halls of the High King (Ed Greenwood, 1990), Backdrop: The Moonshae Isles (Shawn Merwin, Dungeon #196, 2011)","[""['armour'"", ""'rose-gold'"", ""'timber'"", ""'weapons']""]","[""['coal'"", ""'horses'"", ""'minor magical items'"", ""'ore'"", ""'parchment'"", ""'silk']""]","{""humans"": 6860.0, ""halflings"": 0.0, ""elves"": 0.0, ""dwarves"": 0.0, ""half-elves"": 0.0, ""misc."": 0.0}","{""Aristocratic"": 2.0, ""Wealthy"": 121.0, ""Comfortable"": 475.0, ""Modest"": 1312.0, ""Poor"": 2198.0, ""Squalid"": 1513.0, ""Wretched"": 282.0}"
Codfin,Moonshae,Caer Callidyrr,14155,3245981,6099,"{'humans': 14098, 'halflings': 56, 'elves': 0, 'dwarves': 0, 'half-elves': 0, 'misc.': 0}",46,Dueling accidents,['Monarchy'],"{'Aristocratic': 53, 'Wealthy': 380, 'Comfortable': 1532, 'Modest': 2397, 'Poor': 4597, 'Squalid': 4627, 'Wretched': 1409}",16,"[""['armour'"", ""'rose-gold'"", ""'timber'"", ""'weapons']""]","[""['coal'"", ""'horses'"", ""'minor magical items'"", ""'ore'"", ""'parchment'"", ""'silk']""]",{'name': 'High Queen Alicia Kendrick'},Various local militias,None,"['Aquan', 'Chondathan', 'Common', 'Dwarven', 'Elven', 'Giant', 'Illuskan', 'Sylvan']","['The Earthmother', 'Chauntea', 'Tempus']",1347449,6412,74169,78.2,49.9,60,0,"Moonshae (Douglas Niles, 1987), Halls of the High King (Ed Greenwood, 1990), Backdrop: The Moonshae Isles (Shawn Merwin, Dungeon #196, 2011)","[""['armour'"", ""'rose-gold'"", ""'timber'"", ""'weapons']""]","[""['coal'"", ""'horses'"", ""'minor magical items'"", ""'ore'"", ""'parchment'"", ""'silk']""]","{""humans"": 14098.0, ""halflings"": 56.0, ""elves"": 0.0, ""dwarves"": 0.0, ""half-elves"": 0.0, ""misc."": 0.0}","{""Aristocratic"": 53.0, ""Wealthy"": 380.0, ""Comfortable"": 1532.0, ""Modest"": 2397.0, ""Poor"": 4597.0, ""Squalid"": 4627.0, ""Wretched"": 1409.0}"
Codscove,Moonshae,Caer Callidyrr,7445,1440217,1464,"{'humans': 7445, 'halflings': 0, 'elves': 0, 'dwarves': 0, 'half-elves': 0, 'misc.': 0}",50,Dueling accidents,['Monarchy'],"{'Aristocratic': 0, 'Wealthy': 139, 'Comfortable': 592, 'Modest': 1533, 'Poor': 2385, 'Squalid': 1958, 'Wretched': 546}",0,"[""['armour'"", ""'rose-gold'"", ""'timber'"", ""'weapons']""]","[""['coal'"", ""'horses'"", ""'minor magical items'"", ""'ore'"", ""'parchment'"", ""'silk']""]",{'name': 'High Queen Alicia Kendrick'},Various local militias,None,"['Aquan', 'Chondathan', 'Common', 'Dwarven', 'Elven', 'Giant', 'Illuskan', 'Sylvan']","['The Earthmother', 'Chauntea', 'Tempus']",1347449,6412,74169,77.8,62.7,67,0,"Moonshae (Douglas Niles, 1987), Halls of the High King (Ed Greenwood, 1990), Backdrop: The Moonshae Isles (Shawn Merwin, Dungeon #196, 2011)","[""['armour'"", ""'rose-gold'"", ""'timber'"", ""'weapons']""]","[""['coal'"", ""'horses'"", ""'minor magical items'"", ""'ore'"", ""'parchment'"", ""'silk']""]","{""humans"": 7445.0, ""halflings"": 0.0, ""elves"": 0.0, ""dwarves"": 0.0, ""half-elves"": 0.0, ""misc."": 0.0}","{""Aristocratic"": 0.0, ""Wealthy"": 139.0, ""Comfortable"": 592.0, ""Modest"": 1533.0, ""Poor"": 2385.0, ""Squalid"": 1958.0, ""Wretched"": 546.0}"
Doncastle,Moonshae,Caer Callidyrr,100,12410,12,"{'humans': 100, 'halflings': 0, 'elves': 0, 'dwarves': 0, 'half-elves': 0, 'misc.': 0}",51,Disease,['Republic'],"{'Aristocratic': 0, 'Wealthy': 0, 'Comfortable': 5, 'Modest': 16, 'Poor': 31, 'Squalid': 18, 'Wretched': 1}",0,"[""['armour'"", ""'rose-gold'"", ""'timber'"", ""'weapons']""]","[""['coal'"", ""'horses'"", ""'minor magical items'"", ""'ore'"", ""'parchment'"", ""'silk']""]",{'name': 'High Queen Alicia Kendrick'},Various local militias,None,"['Aquan', 'Chondathan', 'Common', 'Dwarven', 'Elven', 'Giant', 'Illuskan', 'Sylvan']","['The Earthmother', 'Chauntea', 'Tempus']",1347449,6412,74169,78.2,59.3,77,0,"Moonshae (Douglas Niles, 1987), Halls of the High King (Ed Greenwood, 1990), Backdrop: The Moonshae Isles (Shawn Merwin, Dungeon #196, 2011)","[""['armour'"", ""'rose-gold'"", ""'timber'"", ""'weapons']""]","[""['coal'"", ""'horses'"", ""'minor magical items'"", ""'ore'"", ""'parchment'"", ""'silk']""]","{""humans"": 100.0, ""halflings"": 0.0, ""elves"": 0.0, ""dwarves"": 0.0, ""half-elves"": 0.0, ""misc."": 0.0}","{""Aristocratic"": 0.0, ""Wealthy"": 0.0, ""Comfortable"": 5.0, ""Modest"": 16.0, ""Poor"": 31.0, ""Squalid"": 18.0, ""Wretched"": 1.0}"
Dorset,Moonshae,Caer Callidyrr,13107,2920730,5433,"{'humans': 13107, 'halflings': 0, 'elves': 0, 'dwarves': 0, 'half-elves': 0, 'misc.': 0}",48,Assassination,['Plutocracy'],"{'Aristocratic': 54, 'Wealthy': 224, 'Comfortable': 1465, 'Modest': 2459, 'Poor': 4491, 'Squalid': 2788, 'Wretched': 732}",6,"[""['armour'"", ""'rose-gold'"", ""'timber'"", ""'weapons']""]","[""['coal'"", ""'horses'"", ""'minor magical items'"", ""'ore'"", ""'parchment'"", ""'silk']""]",{'name': 'High Queen Alicia Kendrick'},Various local militias,None,"['Aquan', 'Chondathan', 'Common', 'Dwarven', 'Elven', 'Giant', 'Illuskan', 'Sylvan']","['The Earthmother', 'Chauntea', 'Tempus']",1347449,6412,74169,66.1,56.1,52,0,"Moonshae (Douglas Niles, 1987), Halls of the High King (Ed Greenwood, 1990), Backdrop: The Moonshae Isles (Shawn Merwin, Dungeon #196, 2011)","[""['armour'"", ""'rose-gold'"", ""'timber'"", ""'weapons']""]","[""['coal'"", ""'horses'"", ""'minor magical items'"", ""'ore'"", ""'parchment'"", ""'silk']""]","{""humans"": 13107.0, ""halflings"": 0.0, ""elves"": 0.0, ""dwarves"": 0.0, ""half-elves"": 0.0, ""misc."": 0.0}","{""Aristocratic"": 54.0, ""Wealthy"": 224.0, ""Comfortable"": 1465.0, ""Modest"": 2459.0, ""Poor"": 4491.0, ""Squalid"": 2788.0, ""Wretched"": 732.0}"
Dultann,Moonshae,Caer Callidyrr,7597,1203478,1227,"{'humans': 7118, 'halflings': 0, 'elves': 0, 'dwarves': 0, 'half-elves': 478, 'misc.': 0}",50,Starvation,['Plutocracy'],"{'Aristocratic': 1, 'Wealthy': 108, 'Comfortable': 599, 'Modest': 1051, 'Poor': 2281, 'Squalid': 1500, 'Wretched': 402}",7,"[""['armour'"", ""'rose-gold'"", ""'timber'"", ""'weapons']""]","[""['coal'"", ""'horses'"", ""'minor magical items'"", ""'ore'"", ""'parchment'"", ""'silk']""]",{'name': 'High Queen Alicia Kendrick'},Various local militias,None,"['Aquan', 'Chondathan', 'Common', 'Dwarven', 'Elven', 'Giant', 'Illuskan', 'Sylvan']","['The Earthmother', 'Chauntea', 'Tempus']",1347449,6412,74169,76.1,53.2,81,0,"Moonshae (Douglas Niles, 1987), Halls of the High King (Ed Greenwood, 1990), Backdrop: The Moonshae Isles (Shawn Merwin, Dungeon #196, 2011)","[""['armour'"", ""'rose-gold'"", ""'timber'"", ""'weapons']""]","[""['coal'"", ""'horses'"", ""'minor magical items'"", ""'ore'"", ""'parchment'"", ""'silk']""]","{""humans"": 7118.0, ""halflings"": 0.0, ""elves"": 0.0, ""dwarves"": 0.0, ""half-elves"": 478.0, ""misc."": 0.0}","{""Aristocratic"": 1.0, ""Wealthy"": 108.0, ""Comfortable"": 599.0, ""Modest"": 1051.0, ""Poor"": 2281.0, ""Squalid"": 1500.0, ""Wretched"": 402.0}"
Dynnatt,Moonshae,Caer Callidyrr,133,12337,12,"{'humans': 133, 'halflings': 0, 'elves': 0, 'dwarves': 0, 'half-elves': 0, 'misc.': 0}",50,Starvation,['Patriarchy'],"{'Aristocratic': 0, 'Wealthy': 0, 'Comfortable': 6, 'Modest': 10, 'Poor': 45, 'Squalid': 28, 'Wretched': 2}",0,"[""['armour'"", ""'rose-gold'"", ""'timber'"", ""'weapons']""]","[""['coal'"", ""'horses'"", ""'minor magical items'"", ""'ore'"", ""'parchment'"", ""'silk']""]",{'name': 'High Queen Alicia Kendrick'},Various local militias,None,"['Aquan', 'Chondathan', 'Common', 'Dwarven', 'Elven', 'Giant', 'Illuskan', 'Sylvan']","['The Earthmother', 'Chauntea', 'Tempus']",1347449,6412,74169,77.8,60.1,95,0,"Moonshae (Douglas Niles, 1987), Halls of the High King (Ed Greenwood, 1990), Backdrop: The Moonshae Isles (Shawn Merwin, Dungeon #196, 2011)","[""['armour'"", ""'rose-gold'"", ""'timber'"", ""'weapons']""]","[""['coal'"", ""'horses'"", ""'minor magical items'"", ""'ore'"", ""'parchment'"", ""'silk']""]","{""humans"": 133.0, ""halflings"": 0.0, ""elves"": 0.0, ""dwarves"": 0.0, ""half-elves"": 0.0, ""misc."": 0.0}","{""Aristocratic"": 0.0, ""Wealthy"": 0.0, ""Comfortable"": 6.0, ""Modest"": 10.0, ""Poor"": 45.0, ""Squalid"": 28.0, ""Wretched"": 2.0}"
Dynnegall,Moonshae,Caer Callidyrr,369,53874,53,"{'humans': 369, 'halflings': 0, 'elves': 0, 'dwarves': 0, 'half-elves': 0, 'misc.': 0}",46,Poison,['Patriarchy'],"{'Aristocratic': 0, 'Wealthy': 2, 'Comfortable': 22, 'Modest': 61, 'Poor': 122, 'Squalid': 102, 'Wretched': 4}",0,"[""['armour'"", ""'rose-gold'"", ""'timber'"", ""'weapons']""]","[""['coal'"", ""'horses'"", ""'minor magical items'"", ""'ore'"", ""'parchment'"", ""'silk']""]",{'name': 'High Queen Alicia Kendrick'},Various local militias,None,"['Aquan', 'Chondathan', 'Common', 'Dwarven', 'Elven', 'Giant', 'Illuskan', 'Sylvan']","['The Earthmother', 'Chauntea', 'Tempus']",1347449,6412,74169,68.1,55.4,54,0,"Moonshae (Douglas Niles, 1987), Halls of the High King (Ed Greenwood, 1990), Backdrop: The Moonshae Isles (Shawn Merwin, Dungeon #196, 2011)","[""['armour'"", ""'rose-gold'"", ""'timber'"", ""'weapons']""]","[""['coal'"", ""'horses'"", ""'minor magical items'"", ""'ore'"", ""'parchment'"", ""'silk']""]","{""humans"": 369.0, ""halflings"": 0.0, ""elves"": 0.0, ""dwarves"": 0.0, ""half-elves"": 0.0, ""misc."": 0.0}","{""Aristocratic"": 0.0, ""Wealthy"": 2.0, ""Comfortable"": 22.0, ""Modest"": 61.0, ""Poor"": 122.0, ""Squalid"": 102.0, ""Wretched"": 4.0}"
Elyssyrr,Moonshae,Caer Callidyrr,4532,776282,783,"{'humans': 4350, 'halflings': 0, 'elves': 181, 'dwarves': 0, 'half-elves': 0, 'misc.': 0}",61,Work-related accidents,['Satrapy'],"{'Aristocratic': 0, 'Wealthy': 52, 'Comfortable': 304, 'Modest': 904, 'Poor': 1377, 'Squalid': 1314, 'Wretched': 305}",0,"[""['armour'"", ""'rose-gold'"", ""'timber'"", ""'weapons']""]","[""['coal'"", ""'horses'"", ""'minor magical items'"", ""'ore'"", ""'parchment'"", ""'silk']""]",{'name': 'High Queen Alicia Kendrick'},Various local militias,None,"['Aquan', 'Chondathan', 'Common', 'Dwarven', 'Elven', 'Giant', 'Illuskan', 'Sylvan']","['The Earthmother', 'Chauntea', 'Tempus']",1347449,6412,74169,84.8,57.8,59,0,"Moonshae (Douglas Niles, 1987), Halls of the High King (Ed Greenwood, 1990), Backdrop: The Moonshae Isles (Shawn Merwin, Dungeon #196, 2011)","[""['armour'"", ""'rose-gold'"", ""'timber'"", ""'weapons']""]","[""['coal'"", ""'horses'"", ""'minor magical items'"", ""'ore'"", ""'parchment'"", ""'silk']""]","{""humans"": 4350.0, ""halflings"": 0.0, ""elves"": 181.0, ""dwarves"": 0.0, ""half-elves"": 0.0, ""misc."": 0.0}","{""Aristocratic"": 0.0, ""Wealthy"": 52.0, ""Comfortable"": 304.0, ""Modest"": 904.0, ""Poor"": 1377.0, ""Squalid"": 1314.0, ""Wretched"": 305.0}"
Farview,Moonshae,Caer Callidyrr,764,75555,75,"{'humans': 764, 'halflings': 0, 'elves': 0, 'dwarves': 0, 'half-elves': 0, 'misc.': 0}",38,Work-related accidents,['Satrapy'],"{'Aristocratic': 0, 'Wealthy': 5, 'Comfortable': 31, 'Modest': 59, 'Poor': 249, 'Squalid': 162, 'Wretched': 10}",0,"[""['armour'"", ""'rose-gold'"", ""'timber'"", ""'weapons']""]","[""['coal'"", ""'horses'"", ""'minor magical items'"", ""'ore'"", ""'parchment'"", ""'silk']""]",{'name': 'High Queen Alicia Kendrick'},Various local militias,None,"['Aquan', 'Chondathan', 'Common', 'Dwarven', 'Elven', 'Giant', 'Illuskan', 'Sylvan']","['The Earthmother', 'Chauntea', 'Tempus']",1347449,6412,74169,81.5,64,65,0,"Moonshae (Douglas Niles, 1987), Halls of the High King (Ed Greenwood, 1990), Backdrop: The Moonshae Isles (Shawn Merwin, Dungeon #196, 2011)","[""['armour'"", ""'rose-gold'"", ""'timber'"", ""'weapons']""]","[""['coal'"", ""'horses'"", ""'minor magical items'"", ""'ore'"", ""'parchment'"", ""'silk']""]","{""humans"": 764.0, ""halflings"": 0.0, ""elves"": 0.0, ""dwarves"": 0.0, ""half-elves"": 0.0, ""misc."": 0.0}","{""Aristocratic"": 0.0, ""Wealthy"": 5.0, ""Comfortable"": 31.0, ""Modest"": 59.0, ""Poor"": 249.0, ""Squalid"": 162.0, ""Wretched"": 10.0}"
Fenton,Moonshae,Caer Callidyrr,757,87709,87,"{'humans': 757, 'halflings': 0, 'elves': 0, 'dwarves': 0, 'half-elves': 0, 'misc.': 0}",48,Magic mishaps,['Kleptocracy'],"{'Aristocratic': 0, 'Wealthy': 1, 'Comfortable': 48, 'Modest': 73, 'Poor': 253, 'Squalid': 167, 'Wretched': 12}",0,"[""['armour'"", ""'rose-gold'"", ""'timber'"", ""'weapons']""]","[""['coal'"", ""'horses'"", ""'minor magical items'"", ""'ore'"", ""'parchment'"", ""'silk']""]",{'name': 'High Queen Alicia Kendrick'},Various local militias,None,"['Aquan', 'Chondathan', 'Common', 'Dwarven', 'Elven', 'Giant', 'Illuskan', 'Sylvan']","['The Earthmother', 'Chauntea', 'Tempus']",1347449,6412,74169,85.3,53,86,0,"Moonshae (Douglas Niles, 1987), Halls of the High King (Ed Greenwood, 1990), Backdrop: The Moonshae Isles (Shawn Merwin, Dungeon #196, 2011)","[""['armour'"", ""'rose-gold'"", ""'timber'"", ""'weapons']""]","[""['coal'"", ""'horses'"", ""'minor magical items'"", ""'ore'"", ""'parchment'"", ""'silk']""]","{""humans"": 757.0, ""halflings"": 0.0, ""elves"": 0.0, ""dwarves"": 0.0, ""half-elves"": 0.0, ""misc."": 0.0}","{""Aristocratic"": 0.0, ""Wealthy"": 1.0, ""Comfortable"": 48.0, ""Modest"": 73.0, ""Poor"": 253.0, ""Squalid"": 167.0, ""Wretched"": 12.0}"
Grady,Moonshae,Caer Callidyrr,62,4964,4,"{'humans': 62, 'halflings': 0, 'elves': 0, 'dwarves': 0, 'half-elves': 0, 'misc.': 0}",51,Lack of medical care,['Democracy'],"{'Aristocratic': 0, 'Wealthy': 0, 'Comfortable': 2, 'Modest': 4, 'Poor': 20, 'Squalid': 16, 'Wretched': 0}",0,"[""['armour'"", ""'rose-gold'"", ""'timber'"", ""'weapons']""]","[""['coal'"", ""'horses'"", ""'minor magical items'"", ""'ore'"", ""'parchment'"", ""'silk']""]",{'name': 'High Queen Alicia Kendrick'},Various local militias,None,"['Aquan', 'Chondathan', 'Common', 'Dwarven', 'Elven', 'Giant', 'Illuskan', 'Sylvan']","['The Earthmother', 'Chauntea', 'Tempus']",1347449,6412,74169,77.4,51.7,53,0,"Moonshae (Douglas Niles, 1987), Halls of the High King (Ed Greenwood, 1990), Backdrop: The Moonshae Isles (Shawn Merwin, Dungeon #196, 2011)","[""['armour'"", ""'rose-gold'"", ""'timber'"", ""'weapons']""]","[""['coal'"", ""'horses'"", ""'minor magical items'"", ""'ore'"", ""'parchment'"", ""'silk']""]","{""humans"": 62.0, ""halflings"": 0.0, ""elves"": 0.0, ""dwarves"": 0.0, ""half-elves"": 0.0, ""misc."": 0.0}","{""Aristocratic"": 0.0, ""Wealthy"": 0.0, ""Comfortable"": 2.0, ""Modest"": 4.0, ""Poor"": 20.0, ""Squalid"": 16.0, ""Wretched"": 0.0}"
Graystone,Moonshae,Caer Callidyrr,1032,200896,201,"{'humans': 1025, 'halflings': 0, 'elves': 2, 'dwarves': 4, 'half-elves': 0, 'misc.': 0}",50,Work-related accidents,['Bureaucracy'],"{'Aristocratic': 0, 'Wealthy': 18, 'Comfortable': 71, 'Modest': 243, 'Poor': 314, 'Squalid': 306, 'Wretched': 52}",0,"[""['armour'"", ""'rose-gold'"", ""'timber'"", ""'weapons']""]","[""['coal'"", ""'horses'"", ""'minor magical items'"", ""'ore'"", ""'parchment'"", ""'silk']""]",{'name': 'High Queen Alicia Kendrick'},Various local militias,None,"['Aquan', 'Chondathan', 'Common', 'Dwarven', 'Elven', 'Giant', 'Illuskan', 'Sylvan']","['The Earthmother', 'Chauntea', 'Tempus']",1347449,6412,74169,82.1,54.8,71,0,"Moonshae (Douglas Niles, 1987), Halls of the High King (Ed Greenwood, 1990), Backdrop: The Moonshae Isles (Shawn Merwin, Dungeon #196, 2011)","[""['armour'"", ""'rose-gold'"", ""'timber'"", ""'weapons']""]","[""['coal'"", ""'horses'"", ""'minor magical items'"", ""'ore'"", ""'parchment'"", ""'silk']""]","{""humans"": 1025.0, ""halflings"": 0.0, ""elves"": 2.0, ""dwarves"": 4.0, ""half-elves"": 0.0, ""misc."": 0.0}","{""Aristocratic"": 0.0, ""Wealthy"": 18.0, ""Comfortable"": 71.0, ""Modest"": 243.0, ""Poor"": 314.0, ""Squalid"": 306.0, ""Wretched"": 52.0}"
Grimstad,Moonshae,Caer Callidyrr,103,8979,8,"{'humans': 103, 'halflings': 0, 'elves': 0, 'dwarves': 0, 'half-elves': 0, 'misc.': 0}",50,Assassination,['Patriarchy'],"{'Aristocratic': 0, 'Wealthy': 0, 'Comfortable': 4, 'Modest': 7, 'Poor': 34, 'Squalid': 28, 'Wretched': 2}",0,"[""['armour'"", ""'rose-gold'"", ""'timber'"", ""'weapons']""]","[""['coal'"", ""'horses'"", ""'minor magical items'"", ""'ore'"", ""'parchment'"", ""'silk']""]",{'name': 'High Queen Alicia Kendrick'},Various local militias,None,"['Aquan', 'Chondathan', 'Common', 'Dwarven', 'Elven', 'Giant', 'Illuskan', 'Sylvan']","['The Earthmother', 'Chauntea', 'Tempus']",1347449,6412,74169,72.2,48.2,74,0,"Moonshae (Douglas Niles, 1987), Halls of the High King (Ed Greenwood, 1990), Backdrop: The Moonshae Isles (Shawn Merwin, Dungeon #196, 2011)","[""['armour'"", ""'rose-gold'"", ""'timber'"", ""'weapons']""]","[""['coal'"", ""'horses'"", ""'minor magical items'"", ""'ore'"", ""'parchment'"", ""'silk']""]","{""humans"": 103.0, ""halflings"": 0.0, ""elves"": 0.0, ""dwarves"": 0.0, ""half-elves"": 0.0, ""misc."": 0.0}","{""Aristocratic"": 0.0, ""Wealthy"": 0.0, ""Comfortable"": 4.0, ""Modest"": 7.0, ""Poor"": 34.0, ""Squalid"": 28.0, ""Wretched"": 2.0}"
Harloch,Moonshae,Caer Callidyrr,460,66430,66,"{'humans': 460, 'halflings': 0, 'elves': 0, 'dwarves': 0, 'half-elves': 0, 'misc.': 0}",50,Assassination,['Monarchy'],"{'Aristocratic': 0, 'Wealthy': 2, 'Comfortable': 25, 'Modest': 83, 'Poor': 143, 'Squalid': 124, 'Wretched': 4}",0,"[""['armour'"", ""'rose-gold'"", ""'timber'"", ""'weapons']""]","[""['coal'"", ""'horses'"", ""'minor magical items'"", ""'ore'"", ""'parchment'"", ""'silk']""]",{'name': 'High Queen Alicia Kendrick'},Various local militias,None,"['Aquan', 'Chondathan', 'Common', 'Dwarven', 'Elven', 'Giant', 'Illuskan', 'Sylvan']","['The Earthmother', 'Chauntea', 'Tempus']",1347449,6412,74169,67.4,47.9,70,0,"Moonshae (Douglas Niles, 1987), Halls of the High King (Ed Greenwood, 1990), Backdrop: The Moonshae Isles (Shawn Merwin, Dungeon #196, 2011)","[""['armour'"", ""'rose-gold'"", ""'timber'"", ""'weapons']""]","[""['coal'"", ""'horses'"", ""'minor magical items'"", ""'ore'"", ""'parchment'"", ""'silk']""]","{""humans"": 460.0, ""halflings"": 0.0, ""elves"": 0.0, ""dwarves"": 0.0, ""half-elves"": 0.0, ""misc."": 0.0}","{""Aristocratic"": 0.0, ""Wealthy"": 2.0, ""Comfortable"": 25.0, ""Modest"": 83.0, ""Poor"": 143.0, ""Squalid"": 124.0, ""Wretched"": 4.0}"
Hickorydale,Moonshae,Caer Callidyrr,802,123698,123,"{'humans': 801, 'halflings': 0, 'elves': 0, 'dwarves': 0, 'half-elves': 0, 'misc.': 0}",50,Bandit attacks,['Hierarchy'],"{'Aristocratic': 0, 'Wealthy': 7, 'Comfortable': 50, 'Modest': 136, 'Poor': 267, 'Squalid': 215, 'Wretched': 13}",0,"[""['armour'"", ""'rose-gold'"", ""'timber'"", ""'weapons']""]","[""['coal'"", ""'horses'"", ""'minor magical items'"", ""'ore'"", ""'parchment'"", ""'silk']""]",{'name': 'High Queen Alicia Kendrick'},Various local militias,None,"['Aquan', 'Chondathan', 'Common', 'Dwarven', 'Elven', 'Giant', 'Illuskan', 'Sylvan']","['The Earthmother', 'Chauntea', 'Tempus']",1347449,6412,74169,65.9,49.5,58,0,"Moonshae (Douglas Niles, 1987), Halls of the High King (Ed Greenwood, 1990), Backdrop: The Moonshae Isles (Shawn Merwin, Dungeon #196, 2011)","[""['armour'"", ""'rose-gold'"", ""'timber'"", ""'weapons']""]","[""['coal'"", ""'horses'"", ""'minor magical items'"", ""'ore'"", ""'parchment'"", ""'silk']""]","{""humans"": 801.0, ""halflings"": 0.0, ""elves"": 0.0, ""dwarves"": 0.0, ""half-elves"": 0.0, ""misc."": 0.0}","{""Aristocratic"": 0.0, ""Wealthy"": 7.0, ""Comfortable"": 50.0, ""Modest"": 136.0, ""Poor"": 267.0, ""Squalid"": 215.0, ""Wretched"": 13.0}"
Horsa,Moonshae,Caer Callidyrr,181,24382,24,"{'humans': 176, 'halflings': 0, 'elves': 0, 'dwarves': 4, 'half-elves': 0, 'misc.': 0}",53,Poison,['Magocracy'],"{'Aristocratic': 0, 'Wealthy': 1, 'Comfortable': 9, 'Modest': 28, 'Poor': 59, 'Squalid': 50, 'Wretched': 3}",0,"[""['armour'"", ""'rose-gold'"", ""'timber'"", ""'weapons']""]","[""['coal'"", ""'horses'"", ""'minor magical items'"", ""'ore'"", ""'parchment'"", ""'silk']""]",{'name': 'High Queen Alicia Kendrick'},Various local militias,None,"['Aquan', 'Chondathan', 'Common', 'Dwarven', 'Elven', 'Giant', 'Illuskan', 'Sylvan']","['The Earthmother', 'Chauntea', 'Tempus']",1347449,6412,74169,76.2,45.2,63,0,"Moonshae (Douglas Niles, 1987), Halls of the High King (Ed Greenwood, 1990), Backdrop: The Moonshae Isles (Shawn Merwin, Dungeon #196, 2011)","[""['armour'"", ""'rose-gold'"", ""'timber'"", ""'weapons']""]","[""['coal'"", ""'horses'"", ""'minor magical items'"", ""'ore'"", ""'parchment'"", ""'silk']""]","{""humans"": 176.0, ""halflings"": 0.0, ""elves"": 0.0, ""dwarves"": 4.0, ""half-elves"": 0.0, ""misc."": 0.0}","{""Aristocratic"": 0.0, ""Wealthy"": 1.0, ""Comfortable"": 9.0, ""Modest"": 28.0, ""Poor"": 59.0, ""Squalid"": 50.0, ""Wretched"": 3.0}"
Horst,Moonshae,Caer Callidyrr,532,79168,79,"{'humans': 532, 'halflings': 0, 'elves': 0, 'dwarves': 0, 'half-elves': 0, 'misc.': 0}",49,Disease,['Matriarchy'],"{'Aristocratic': 0, 'Wealthy': 4, 'Comfortable': 35, 'Modest': 86, 'Poor': 168, 'Squalid': 113, 'Wretched': 7}",0,"[""['armour'"", ""'rose-gold'"", ""'timber'"", ""'weapons']""]","[""['coal'"", ""'horses'"", ""'minor magical items'"", ""'ore'"", ""'parchment'"", ""'silk']""]",{'name': 'High Queen Alicia Kendrick'},Various local militias,None,"['Aquan', 'Chondathan', 'Common', 'Dwarven', 'Elven', 'Giant', 'Illuskan', 'Sylvan']","['The Earthmother', 'Chauntea', 'Tempus']",1347449,6412,74169,65.5,63.3,86,0,"Moonshae (Douglas Niles, 1987), Halls of the High King (Ed Greenwood, 1990), Backdrop: The Moonshae Isles (Shawn Merwin, Dungeon #196, 2011)","[""['armour'"", ""'rose-gold'"", ""'timber'"", ""'weapons']""]","[""['coal'"", ""'horses'"", ""'minor magical items'"", ""'ore'"", ""'parchment'"", ""'silk']""]","{""humans"": 532.0, ""halflings"": 0.0, ""elves"": 0.0, ""dwarves"": 0.0, ""half-elves"": 0.0, ""misc."": 0.0}","{""Aristocratic"": 0.0, ""Wealthy"": 4.0, ""Comfortable"": 35.0, ""Modest"": 86.0, ""Poor"": 168.0, ""Squalid"": 113.0, ""Wretched"": 7.0}"
Highhome,Moonshae,Caer Callidyrr,8979,1697213,1765,"{'humans': 4004, 'halflings': 4974, 'elves': 0, 'dwarves': 0, 'half-elves': 0, 'misc.': 0}",62,Assassination,['Bureaucracy'],"{'Aristocratic': 3, 'Wealthy': 126, 'Comfortable': 572, 'Modest': 2142, 'Poor': 3011, 'Squalid': 2277, 'Wretched': 490}",18,"[""['armour'"", ""'rose-gold'"", ""'timber'"", ""'weapons']""]","[""['coal'"", ""'horses'"", ""'minor magical items'"", ""'ore'"", ""'parchment'"", ""'silk']""]",{'name': 'High Queen Alicia Kendrick'},Various local militias,None,"['Aquan', 'Chondathan', 'Common', 'Dwarven', 'Elven', 'Giant', 'Illuskan', 'Sylvan']","['The Earthmother', 'Chauntea', 'Tempus']",1347449,6412,74169,77,46.4,73,0,"Moonshae (Douglas Niles, 1987), Halls of the High King (Ed Greenwood, 1990), Backdrop: The Moonshae Isles (Shawn Merwin, Dungeon #196, 2011)","[""['armour'"", ""'rose-gold'"", ""'timber'"", ""'weapons']""]","[""['coal'"", ""'horses'"", ""'minor magical items'"", ""'ore'"", ""'parchment'"", ""'silk']""]","{""humans"": 4004.0, ""halflings"": 4974.0, ""elves"": 0.0, ""dwarves"": 0.0, ""half-elves"": 0.0, ""misc."": 0.0}","{""Aristocratic"": 3.0, ""Wealthy"": 126.0, ""Comfortable"": 572.0, ""Modest"": 2142.0, ""Poor"": 3011.0, ""Squalid"": 2277.0, ""Wretched"": 490.0}"
Highrock,Moonshae,Caer Callidyrr,12862,2779292,4674,"{'humans': 12862, 'halflings': 0, 'elves': 0, 'dwarves': 0, 'half-elves': 0, 'misc.': 0}",45,Poison,['Hierarchy'],"{'Aristocratic': 40, 'Wealthy': 373, 'Comfortable': 1499, 'Modest': 1386, 'Poor': 4466, 'Squalid': 4453, 'Wretched': 1150}",19,"[""['armour'"", ""'rose-gold'"", ""'timber'"", ""'weapons']""]","[""['coal'"", ""'horses'"", ""'minor magical items'"", ""'ore'"", ""'parchment'"", ""'silk']""]",{'name': 'High Queen Alicia Kendrick'},Various local militias,None,"['Aquan', 'Chondathan', 'Common', 'Dwarven', 'Elven', 'Giant', 'Illuskan', 'Sylvan']","['The Earthmother', 'Chauntea', 'Tempus']",1347449,6412,74169,68.9,58.6,81,0,"Moonshae (Douglas Niles, 1987), Halls of the High King (Ed Greenwood, 1990), Backdrop: The Moonshae Isles (Shawn Merwin, Dungeon #196, 2011)","[""['armour'"", ""'rose-gold'"", ""'timber'"", ""'weapons']""]","[""['coal'"", ""'horses'"", ""'minor magical items'"", ""'ore'"", ""'parchment'"", ""'silk']""]","{""humans"": 12862.0, ""halflings"": 0.0, ""elves"": 0.0, ""dwarves"": 0.0, ""half-elves"": 0.0, ""misc."": 0.0}","{""Aristocratic"": 40.0, ""Wealthy"": 373.0, ""Comfortable"": 1499.0, ""Modest"": 1386.0, ""Poor"": 4466.0, ""Squalid"": 4453.0, ""Wretched"": 1150.0}"
Holyhead,Moonshae,Caer Callidyrr,137,16753,16,"{'humans': 136, 'halflings': 0, 'elves': 0, 'dwarves': 0, 'half-elves': 0, 'misc.': 0}",49,Magic mishaps,['Satrapy'],"{'Aristocratic': 0, 'Wealthy': 0, 'Comfortable': 7, 'Modest': 20, 'Poor': 47, 'Squalid': 25, 'Wretched': 1}",0,"[""['armour'"", ""'rose-gold'"", ""'timber'"", ""'weapons']""]","[""['coal'"", ""'horses'"", ""'minor magical items'"", ""'ore'"", ""'parchment'"", ""'silk']""]",{'name': 'High Queen Alicia Kendrick'},Various local militias,None,"['Aquan', 'Chondathan', 'Common', 'Dwarven', 'Elven', 'Giant', 'Illuskan', 'Sylvan']","['The Earthmother', 'Chauntea', 'Tempus']",1347449,6412,74169,86.2,51.7,74,0,"Moonshae (Douglas Niles, 1987), Halls of the High King (Ed Greenwood, 1990), Backdrop: The Moonshae Isles (Shawn Merwin, Dungeon #196, 2011)","[""['armour'"", ""'rose-gold'"", ""'timber'"", ""'weapons']""]","[""['coal'"", ""'horses'"", ""'minor magical items'"", ""'ore'"", ""'parchment'"", ""'silk']""]","{""humans"": 136.0, ""halflings"": 0.0, ""elves"": 0.0, ""dwarves"": 0.0, ""half-elves"": 0.0, ""misc."": 0.0}","{""Aristocratic"": 0.0, ""Wealthy"": 0.0, ""Comfortable"": 7.0, ""Modest"": 20.0, ""Poor"": 47.0, ""Squalid"": 25.0, ""Wretched"": 1.0}"
Horstall,Moonshae,Caer Callidyrr,3059,484464,488,"{'humans': 1844, 'halflings': 0, 'elves': 0, 'dwarves': 1214, 'half-elves': 0, 'misc.': 0}",92,Exposure to the elements,['Democracy'],"{'Aristocratic': 0, 'Wealthy': 60, 'Comfortable': 200, 'Modest': 408, 'Poor': 948, 'Squalid': 897, 'Wretched': 228}",0,"[""['armour'"", ""'rose-gold'"", ""'timber'"", ""'weapons']""]","[""['coal'"", ""'horses'"", ""'minor magical items'"", ""'ore'"", ""'parchment'"", ""'silk']""]",{'name': 'High Queen Alicia Kendrick'},Various local militias,None,"['Aquan', 'Chondathan', 'Common', 'Dwarven', 'Elven', 'Giant', 'Illuskan', 'Sylvan']","['The Earthmother', 'Chauntea', 'Tempus']",1347449,6412,74169,85.4,55.2,69,0,"Moonshae (Douglas Niles, 1987), Halls of the High King (Ed Greenwood, 1990), Backdrop: The Moonshae Isles (Shawn Merwin, Dungeon #196, 2011)","[""['armour'"", ""'rose-gold'"", ""'timber'"", ""'weapons']""]","[""['coal'"", ""'horses'"", ""'minor magical items'"", ""'ore'"", ""'parchment'"", ""'silk']""]","{""humans"": 1844.0, ""halflings"": 0.0, ""elves"": 0.0, ""dwarves"": 1214.0, ""half-elves"": 0.0, ""misc."": 0.0}","{""Aristocratic"": 0.0, ""Wealthy"": 60.0, ""Comfortable"": 200.0, ""Modest"": 408.0, ""Poor"": 948.0, ""Squalid"": 897.0, ""Wretched"": 228.0}"
Hyoclaatl,Moonshae,Caer Callidyrr,168,22228,22,"{'humans': 135, 'halflings': 32, 'elves': 0, 'dwarves': 0, 'half-elves': 0, 'misc.': 0}",50,Old age,['Meritocracy'],"{'Aristocratic': 0, 'Wealthy': 1, 'Comfortable': 8, 'Modest': 27, 'Poor': 52, 'Squalid': 35, 'Wretched': 2}",0,"[""['armour'"", ""'rose-gold'"", ""'timber'"", ""'weapons']""]","[""['coal'"", ""'horses'"", ""'minor magical items'"", ""'ore'"", ""'parchment'"", ""'silk']""]",{'name': 'High Queen Alicia Kendrick'},Various local militias,None,"['Aquan', 'Chondathan', 'Common', 'Dwarven', 'Elven', 'Giant', 'Illuskan', 'Sylvan']","['The Earthmother', 'Chauntea', 'Tempus']",1347449,6412,74169,87.5,47.7,65,0,"Moonshae (Douglas Niles, 1987), Halls of the High King (Ed Greenwood, 1990), Backdrop: The Moonshae Isles (Shawn Merwin, Dungeon #196, 2011)","[""['armour'"", ""'rose-gold'"", ""'timber'"", ""'weapons']""]","[""['coal'"", ""'horses'"", ""'minor magical items'"", ""'ore'"", ""'parchment'"", ""'silk']""]","{""humans"": 135.0, ""halflings"": 32.0, ""elves"": 0.0, ""dwarves"": 0.0, ""half-elves"": 0.0, ""misc."": 0.0}","{""Aristocratic"": 0.0, ""Wealthy"": 1.0, ""Comfortable"": 8.0, ""Modest"": 27.0, ""Poor"": 52.0, ""Squalid"": 35.0, ""Wretched"": 2.0}"
Kingsbay,Moonshae,Caer Callidyrr,151,19089,19,"{'humans': 91, 'halflings': 0, 'elves': 59, 'dwarves': 0, 'half-elves': 0, 'misc.': 0}",172,Exposure to the elements,['Theocracy'],"{'Aristocratic': 0, 'Wealthy': 1, 'Comfortable': 6, 'Modest': 22, 'Poor': 49, 'Squalid': 45, 'Wretched': 2}",0,"[""['armour'"", ""'rose-gold'"", ""'timber'"", ""'weapons']""]","[""['coal'"", ""'horses'"", ""'minor magical items'"", ""'ore'"", ""'parchment'"", ""'silk']""]",{'name': 'High Queen Alicia Kendrick'},Various local militias,None,"['Aquan', 'Chondathan', 'Common', 'Dwarven', 'Elven', 'Giant', 'Illuskan', 'Sylvan']","['The Earthmother', 'Chauntea', 'Tempus']",1347449,6412,74169,66.2,56.2,49,0,"Moonshae (Douglas Niles, 1987), Halls of the High King (Ed Greenwood, 1990), Backdrop: The Moonshae Isles (Shawn Merwin, Dungeon #196, 2011)","[""['armour'"", ""'rose-gold'"", ""'timber'"", ""'weapons']""]","[""['coal'"", ""'horses'"", ""'minor magical items'"", ""'ore'"", ""'parchment'"", ""'silk']""]","{""humans"": 91.0, ""halflings"": 0.0, ""elves"": 59.0, ""dwarves"": 0.0, ""half-elves"": 0.0, ""misc."": 0.0}","{""Aristocratic"": 0.0, ""Wealthy"": 1.0, ""Comfortable"": 6.0, ""Modest"": 22.0, ""Poor"": 49.0, ""Squalid"": 45.0, ""Wretched"": 2.0}"
Koart,Moonshae,Caer Callidyrr,250,30806,30,"{'humans': 246, 'halflings': 0, 'elves': 4, 'dwarves': 0, 'half-elves': 0, 'misc.': 0}",53,Bandit attacks,['Monarchy'],"{'Aristocratic': 0, 'Wealthy': 2, 'Comfortable': 11, 'Modest': 34, 'Poor': 76, 'Squalid': 52, 'Wretched': 3}",0,"[""['armour'"", ""'rose-gold'"", ""'timber'"", ""'weapons']""]","[""['coal'"", ""'horses'"", ""'minor magical items'"", ""'ore'"", ""'parchment'"", ""'silk']""]",{'name': 'High Queen Alicia Kendrick'},Various local militias,None,"['Aquan', 'Chondathan', 'Common', 'Dwarven', 'Elven', 'Giant', 'Illuskan', 'Sylvan']","['The Earthmother', 'Chauntea', 'Tempus']",1347449,6412,74169,82.1,51.5,98,0,"Moonshae (Douglas Niles, 1987), Halls of the High King (Ed Greenwood, 1990), Backdrop: The Moonshae Isles (Shawn Merwin, Dungeon #196, 2011)","[""['armour'"", ""'rose-gold'"", ""'timber'"", ""'weapons']""]","[""['coal'"", ""'horses'"", ""'minor magical items'"", ""'ore'"", ""'parchment'"", ""'silk']""]","{""humans"": 246.0, ""halflings"": 0.0, ""elves"": 4.0, ""dwarves"": 0.0, ""half-elves"": 0.0, ""misc."": 0.0}","{""Aristocratic"": 0.0, ""Wealthy"": 2.0, ""Comfortable"": 11.0, ""Modest"": 34.0, ""Poor"": 76.0, ""Squalid"": 52.0, ""Wretched"": 3.0}"
Kork,Moonshae,Caer Callidyrr,103,10366,10,"{'humans': 101, 'halflings': 1, 'elves': 0, 'dwarves': 0, 'half-elves': 0, 'misc.': 0}",49,Poison,['Magocracy'],"{'Aristocratic': 0, 'Wealthy': 0, 'Comfortable': 6, 'Modest': 8, 'Poor': 34, 'Squalid': 16, 'Wretched': 1}",0,"[""['armour'"", ""'rose-gold'"", ""'timber'"", ""'weapons']""]","[""['coal'"", ""'horses'"", ""'minor magical items'"", ""'ore'"", ""'parchment'"", ""'silk']""]",{'name': 'High Queen Alicia Kendrick'},Various local militias,None,"['Aquan', 'Chondathan', 'Common', 'Dwarven', 'Elven', 'Giant', 'Illuskan', 'Sylvan']","['The Earthmother', 'Chauntea', 'Tempus']",1347449,6412,74169,83.6,56.7,53,0,"Moonshae (Douglas Niles, 1987), Halls of the High King (Ed Greenwood, 1990), Backdrop: The Moonshae Isles (Shawn Merwin, Dungeon #196, 2011)","[""['armour'"", ""'rose-gold'"", ""'timber'"", ""'weapons']""]","[""['coal'"", ""'horses'"", ""'minor magical items'"", ""'ore'"", ""'parchment'"", ""'silk']""]","{""humans"": 101.0, ""halflings"": 1.0, ""elves"": 0.0, ""dwarves"": 0.0, ""half-elves"": 0.0, ""misc."": 0.0}","{""Aristocratic"": 0.0, ""Wealthy"": 0.0, ""Comfortable"": 6.0, ""Modest"": 8.0, ""Poor"": 34.0, ""Squalid"": 16.0, ""Wretched"": 1.0}"
Kythyss,Moonshae,Caer Callidyrr,697,83767,83,"{'humans': 407, 'halflings': 0, 'elves': 0, 'dwarves': 289, 'half-elves': 0, 'misc.': 0}",97,Magic mishaps,['Magocracy'],"{'Aristocratic': 0, 'Wealthy': 3, 'Comfortable': 38, 'Modest': 84, 'Poor': 220, 'Squalid': 135, 'Wretched': 7}",0,"[""['armour'"", ""'rose-gold'"", ""'timber'"", ""'weapons']""]","[""['coal'"", ""'horses'"", ""'minor magical items'"", ""'ore'"", ""'parchment'"", ""'silk']""]",{'name': 'High Queen Alicia Kendrick'},Various local militias,None,"['Aquan', 'Chondathan', 'Common', 'Dwarven', 'Elven', 'Giant', 'Illuskan', 'Sylvan']","['The Earthmother', 'Chauntea', 'Tempus']",1347449,6412,74169,67.4,58.6,98,0,"Moonshae (Douglas Niles, 1987), Halls of the High King (Ed Greenwood, 1990), Backdrop: The Moonshae Isles (Shawn Merwin, Dungeon #196, 2011)","[""['armour'"", ""'rose-gold'"", ""'timber'"", ""'weapons']""]","[""['coal'"", ""'horses'"", ""'minor magical items'"", ""'ore'"", ""'parchment'"", ""'silk']""]","{""humans"": 407.0, ""halflings"": 0.0, ""elves"": 0.0, ""dwarves"": 289.0, ""half-elves"": 0.0, ""misc."": 0.0}","{""Aristocratic"": 0.0, ""Wealthy"": 3.0, ""Comfortable"": 38.0, ""Modest"": 84.0, ""Poor"": 220.0, ""Squalid"": 135.0, ""Wretched"": 7.0}"
Lehigh,Moonshae,Caer Callidyrr,149,15622,15,"{'humans': 148, 'halflings': 0, 'elves': 0, 'dwarves': 0, 'half-elves': 0, 'misc.': 0}",50,Poison,['Republic'],"{'Aristocratic': 0, 'Wealthy': 0, 'Comfortable': 9, 'Modest': 13, 'Poor': 45, 'Squalid': 28, 'Wretched': 1}",0,"[""['armour'"", ""'rose-gold'"", ""'timber'"", ""'weapons']""]","[""['coal'"", ""'horses'"", ""'minor magical items'"", ""'ore'"", ""'parchment'"", ""'silk']""]",{'name': 'High Queen Alicia Kendrick'},Various local militias,None,"['Aquan', 'Chondathan', 'Common', 'Dwarven', 'Elven', 'Giant', 'Illuskan', 'Sylvan']","['The Earthmother', 'Chauntea', 'Tempus']",1347449,6412,74169,86.1,51.2,65,0,"Moonshae (Douglas Niles, 1987), Halls of the High King (Ed Greenwood, 1990), Backdrop: The Moonshae Isles (Shawn Merwin, Dungeon #196, 2011)","[""['armour'"", ""'rose-gold'"", ""'timber'"", ""'weapons']""]","[""['coal'"", ""'horses'"", ""'minor magical items'"", ""'ore'"", ""'parchment'"", ""'silk']""]","{""humans"": 148.0, ""halflings"": 0.0, ""elves"": 0.0, ""dwarves"": 0.0, ""half-elves"": 0.0, ""misc."": 0.0}","{""Aristocratic"": 0.0, ""Wealthy"": 0.0, ""Comfortable"": 9.0, ""Modest"": 13.0, ""Poor"": 45.0, ""Squalid"": 28.0, ""Wretched"": 1.0}"
Llandrain,Moonshae,Caer Callidyrr,15308,3549442,4897,"{'humans': 15308, 'halflings': 0, 'elves': 0, 'dwarves': 0, 'half-elves': 0, 'misc.': 0}",47,Wagon Accident,['Hierarchy'],"{'Aristocratic': 20, 'Wealthy': 238, 'Comfortable': 1956, 'Modest': 3058, 'Poor': 5213, 'Squalid': 5599, 'Wretched': 1524}",16,"[""['armour'"", ""'rose-gold'"", ""'timber'"", ""'weapons']""]","[""['coal'"", ""'horses'"", ""'minor magical items'"", ""'ore'"", ""'parchment'"", ""'silk']""]",{'name': 'High Queen Alicia Kendrick'},Various local militias,guilds,"['Aquan', 'Chondathan', 'Common', 'Dwarven', 'Elven', 'Giant', 'Illuskan', 'Sylvan']","['The Earthmother', 'Chauntea', 'Tempus']",1347449,6412,74169,70.8,54.7,54,0,"Moonshae (Douglas Niles, 1987), Halls of the High King (Ed Greenwood, 1990), Backdrop: The Moonshae Isles (Shawn Merwin, Dungeon #196, 2011)","[""['armour'"", ""'rose-gold'"", ""'timber'"", ""'weapons']""]","[""['coal'"", ""'horses'"", ""'minor magical items'"", ""'ore'"", ""'parchment'"", ""'silk']""]","{""humans"": 15308.0, ""halflings"": 0.0, ""elves"": 0.0, ""dwarves"": 0.0, ""half-elves"": 0.0, ""misc."": 0.0}","{""Aristocratic"": 20.0, ""Wealthy"": 238.0, ""Comfortable"": 1956.0, ""Modest"": 3058.0, ""Poor"": 5213.0, ""Squalid"": 5599.0, ""Wretched"": 1524.0}"
Llewellyn,Moonshae,Caer Callidyrr,986,113442,113,"{'humans': 964, 'halflings': 21, 'elves': 0, 'dwarves': 0, 'half-elves': 0, 'misc.': 0}",48,Assassination,['Democracy'],"{'Aristocratic': 0, 'Wealthy': 2, 'Comfortable': 50, 'Modest': 117, 'Poor': 331, 'Squalid': 196, 'Wretched': 18}",0,"[""['armour'"", ""'rose-gold'"", ""'timber'"", ""'weapons']""]","[""['coal'"", ""'horses'"", ""'minor magical items'"", ""'ore'"", ""'parchment'"", ""'silk']""]",{'name': 'High Queen Alicia Kendrick'},Various local militias,None,"['Aquan', 'Chondathan', 'Common', 'Dwarven', 'Elven', 'Giant', 'Illuskan', 'Sylvan']","['The Earthmother', 'Chauntea', 'Tempus']",1347449,6412,74169,82.7,47.2,84,0,"Moonshae (Douglas Niles, 1987), Halls of the High King (Ed Greenwood, 1990), Backdrop: The Moonshae Isles (Shawn Merwin, Dungeon #196, 2011)","[""['armour'"", ""'rose-gold'"", ""'timber'"", ""'weapons']""]","[""['coal'"", ""'horses'"", ""'minor magical items'"", ""'ore'"", ""'parchment'"", ""'silk']""]","{""humans"": 964.0, ""halflings"": 21.0, ""elves"": 0.0, ""dwarves"": 0.0, ""half-elves"": 0.0, ""misc."": 0.0}","{""Aristocratic"": 0.0, ""Wealthy"": 2.0, ""Comfortable"": 50.0, ""Modest"": 117.0, ""Poor"": 331.0, ""Squalid"": 196.0, ""Wretched"": 18.0}"
Lowhill,Moonshae,Caer Callidyrr,1506,229256,229,"{'humans': 1504, 'halflings': 0, 'elves': 0, 'dwarves': 1, 'half-elves': 0, 'misc.': 0}",48,Exposure to the elements,['Confederacy'],"{'Aristocratic': 0, 'Wealthy': 19, 'Comfortable': 109, 'Modest': 198, 'Poor': 492, 'Squalid': 377, 'Wretched': 107}",0,"[""['armour'"", ""'rose-gold'"", ""'timber'"", ""'weapons']""]","[""['coal'"", ""'horses'"", ""'minor magical items'"", ""'ore'"", ""'parchment'"", ""'silk']""]",{'name': 'High Queen Alicia Kendrick'},Various local militias,None,"['Aquan', 'Chondathan', 'Common', 'Dwarven', 'Elven', 'Giant', 'Illuskan', 'Sylvan']","['The Earthmother', 'Chauntea', 'Tempus']",1347449,6412,74169,75.9,60.6,68,0,"Moonshae (Douglas Niles, 1987), Halls of the High King (Ed Greenwood, 1990), Backdrop: The Moonshae Isles (Shawn Merwin, Dungeon #196, 2011)","[""['armour'"", ""'rose-gold'"", ""'timber'"", ""'weapons']""]","[""['coal'"", ""'horses'"", ""'minor magical items'"", ""'ore'"", ""'parchment'"", ""'silk']""]","{""humans"": 1504.0, ""halflings"": 0.0, ""elves"": 0.0, ""dwarves"": 1.0, ""half-elves"": 0.0, ""misc."": 0.0}","{""Aristocratic"": 0.0, ""Wealthy"": 19.0, ""Comfortable"": 109.0, ""Modest"": 198.0, ""Poor"": 492.0, ""Squalid"": 377.0, ""Wretched"": 107.0}"
MacSheehan,Moonshae,Caer Callidyrr,707,86213,86,"{'humans': 707, 'halflings': 0, 'elves': 0, 'dwarves': 0, 'half-elves': 0, 'misc.': 0}",45,Bandit attacks,['Hierarchy'],"{'Aristocratic': 0, 'Wealthy': 6, 'Comfortable': 31, 'Modest': 87, 'Poor': 227, 'Squalid': 178, 'Wretched': 13}",0,"[""['armour'"", ""'rose-gold'"", ""'timber'"", ""'weapons']""]","[""['coal'"", ""'horses'"", ""'minor magical items'"", ""'ore'"", ""'parchment'"", ""'silk']""]",{'name': 'High Queen Alicia Kendrick'},Various local militias,None,"['Aquan', 'Chondathan', 'Common', 'Dwarven', 'Elven', 'Giant', 'Illuskan', 'Sylvan']","['The Earthmother', 'Chauntea', 'Tempus']",1347449,6412,74169,79.3,52.4,81,0,"Moonshae (Douglas Niles, 1987), Halls of the High King (Ed Greenwood, 1990), Backdrop: The Moonshae Isles (Shawn Merwin, Dungeon #196, 2011)","[""['armour'"", ""'rose-gold'"", ""'timber'"", ""'weapons']""]","[""['coal'"", ""'horses'"", ""'minor magical items'"", ""'ore'"", ""'parchment'"", ""'silk']""]","{""humans"": 707.0, ""halflings"": 0.0, ""elves"": 0.0, ""dwarves"": 0.0, ""half-elves"": 0.0, ""misc."": 0.0}","{""Aristocratic"": 0.0, ""Wealthy"": 6.0, ""Comfortable"": 31.0, ""Modest"": 87.0, ""Poor"": 227.0, ""Squalid"": 178.0, ""Wretched"": 13.0}"
Manger,Moonshae,Caer Callidyrr,4238,821615,828,"{'humans': 3127, 'halflings': 1110, 'elves': 0, 'dwarves': 0, 'half-elves': 0, 'misc.': 0}",55,Assassination,['Satrapy'],"{'Aristocratic': 0, 'Wealthy': 44, 'Comfortable': 301, 'Modest': 1053, 'Poor': 1479, 'Squalid': 1242, 'Wretched': 127}",0,"[""['armour'"", ""'rose-gold'"", ""'timber'"", ""'weapons']""]","[""['coal'"", ""'horses'"", ""'minor magical items'"", ""'ore'"", ""'parchment'"", ""'silk']""]",{'name': 'High Queen Alicia Kendrick'},Various local militias,None,"['Aquan', 'Chondathan', 'Common', 'Dwarven', 'Elven', 'Giant', 'Illuskan', 'Sylvan']","['The Earthmother', 'Chauntea', 'Tempus']",1347449,6412,74169,87.9,50.6,86,0,"Moonshae (Douglas Niles, 1987), Halls of the High King (Ed Greenwood, 1990), Backdrop: The Moonshae Isles (Shawn Merwin, Dungeon #196, 2011)","[""['armour'"", ""'rose-gold'"", ""'timber'"", ""'weapons']""]","[""['coal'"", ""'horses'"", ""'minor magical items'"", ""'ore'"", ""'parchment'"", ""'silk']""]","{""humans"": 3127.0, ""halflings"": 1110.0, ""elves"": 0.0, ""dwarves"": 0.0, ""half-elves"": 0.0, ""misc."": 0.0}","{""Aristocratic"": 0.0, ""Wealthy"": 44.0, ""Comfortable"": 301.0, ""Modest"": 1053.0, ""Poor"": 1479.0, ""Squalid"": 1242.0, ""Wretched"": 127.0}"
Myrrdale,Moonshae,Caer Callidyrr,934,144357,144,"{'humans': 28, 'halflings': 1, 'elves': 0, 'dwarves': 0, 'half-elves': 0, 'misc.': 904}",20,Magic mishaps,['Republic'],"{'Aristocratic': 0, 'Wealthy': 7, 'Comfortable': 56, 'Modest': 172, 'Poor': 290, 'Squalid': 255, 'Wretched': 9}",0,"[""['armour'"", ""'rose-gold'"", ""'timber'"", ""'weapons']""]","[""['coal'"", ""'horses'"", ""'minor magical items'"", ""'ore'"", ""'parchment'"", ""'silk']""]",{'name': 'High Queen Alicia Kendrick'},Various local militias,None,"['Aquan', 'Chondathan', 'Common', 'Dwarven', 'Elven', 'Giant', 'Illuskan', 'Sylvan']","['The Earthmother', 'Chauntea', 'Tempus']",1347449,6412,74169,80.9,61.6,66,0,"Moonshae (Douglas Niles, 1987), Halls of the High King (Ed Greenwood, 1990), Backdrop: The Moonshae Isles (Shawn Merwin, Dungeon #196, 2011)","[""['armour'"", ""'rose-gold'"", ""'timber'"", ""'weapons']""]","[""['coal'"", ""'horses'"", ""'minor magical items'"", ""'ore'"", ""'parchment'"", ""'silk']""]","{""humans"": 28.0, ""halflings"": 1.0, ""elves"": 0.0, ""dwarves"": 0.0, ""half-elves"": 0.0, ""misc."": 904.0}","{""Aristocratic"": 0.0, ""Wealthy"": 7.0, ""Comfortable"": 56.0, ""Modest"": 172.0, ""Poor"": 290.0, ""Squalid"": 255.0, ""Wretched"": 9.0}"
Ogden,Moonshae,Caer Callidyrr,319,43727,43,"{'humans': 319, 'halflings': 0, 'elves': 0, 'dwarves': 0, 'half-elves': 0, 'misc.': 0}",48,Disease,['Meritocracy'],"{'Aristocratic': 0, 'Wealthy': 0, 'Comfortable': 17, 'Modest': 58, 'Poor': 96, 'Squalid': 86, 'Wretched': 3}",0,"[""['armour'"", ""'rose-gold'"", ""'timber'"", ""'weapons']""]","[""['coal'"", ""'horses'"", ""'minor magical items'"", ""'ore'"", ""'parchment'"", ""'silk']""]",{'name': 'High Queen Alicia Kendrick'},Various local militias,None,"['Aquan', 'Chondathan', 'Common', 'Dwarven', 'Elven', 'Giant', 'Illuskan', 'Sylvan']","['The Earthmother', 'Chauntea', 'Tempus']",1347449,6412,74169,86.5,45.5,71,0,"Moonshae (Douglas Niles, 1987), Halls of the High King (Ed Greenwood, 1990), Backdrop: The Moonshae Isles (Shawn Merwin, Dungeon #196, 2011)","[""['armour'"", ""'rose-gold'"", ""'timber'"", ""'weapons']""]","[""['coal'"", ""'horses'"", ""'minor magical items'"", ""'ore'"", ""'parchment'"", ""'silk']""]","{""humans"": 319.0, ""halflings"": 0.0, ""elves"": 0.0, ""dwarves"": 0.0, ""half-elves"": 0.0, ""misc."": 0.0}","{""Aristocratic"": 0.0, ""Wealthy"": 0.0, ""Comfortable"": 17.0, ""Modest"": 58.0, ""Poor"": 96.0, ""Squalid"": 86.0, ""Wretched"": 3.0}"
O’Malley,Moonshae,Caer Callidyrr,150,19418,19,"{'humans': 49, 'halflings': 8, 'elves': 92, 'dwarves': 0, 'half-elves': 0, 'misc.': 0}",243,Old age,['Bureaucracy'],"{'Aristocratic': 0, 'Wealthy': 1, 'Comfortable': 6, 'Modest': 25, 'Poor': 48, 'Squalid': 26, 'Wretched': 1}",0,"[""['armour'"", ""'rose-gold'"", ""'timber'"", ""'weapons']""]","[""['coal'"", ""'horses'"", ""'minor magical items'"", ""'ore'"", ""'parchment'"", ""'silk']""]",{'name': 'High Queen Alicia Kendrick'},Various local militias,None,"['Aquan', 'Chondathan', 'Common', 'Dwarven', 'Elven', 'Giant', 'Illuskan', 'Sylvan']","['The Earthmother', 'Chauntea', 'Tempus']",1347449,6412,74169,80.4,61,92,0,"Moonshae (Douglas Niles, 1987), Halls of the High King (Ed Greenwood, 1990), Backdrop: The Moonshae Isles (Shawn Merwin, Dungeon #196, 2011)","[""['armour'"", ""'rose-gold'"", ""'timber'"", ""'weapons']""]","[""['coal'"", ""'horses'"", ""'minor magical items'"", ""'ore'"", ""'parchment'"", ""'silk']""]","{""humans"": 49.0, ""halflings"": 8.0, ""elves"": 92.0, ""dwarves"": 0.0, ""half-elves"": 0.0, ""misc."": 0.0}","{""Aristocratic"": 0.0, ""Wealthy"": 1.0, ""Comfortable"": 6.0, ""Modest"": 25.0, ""Poor"": 48.0, ""Squalid"": 26.0, ""Wretched"": 1.0}"
Pembroke,Moonshae,Caer Callidyrr,1305,242250,242,"{'humans': 1201, 'halflings': 0, 'elves': 0, 'dwarves': 0, 'half-elves': 0, 'misc.': 103}",44,Starvation,['Gerontocracy'],"{'Aristocratic': 0, 'Wealthy': 14, 'Comfortable': 89, 'Modest': 320, 'Poor': 417, 'Squalid': 263, 'Wretched': 65}",0,"[""['armour'"", ""'rose-gold'"", ""'timber'"", ""'weapons']""]","[""['coal'"", ""'horses'"", ""'minor magical items'"", ""'ore'"", ""'parchment'"", ""'silk']""]",{'name': 'High Queen Alicia Kendrick'},Various local militias,None,"['Aquan', 'Chondathan', 'Common', 'Dwarven', 'Elven', 'Giant', 'Illuskan', 'Sylvan']","['The Earthmother', 'Chauntea', 'Tempus']",1347449,6412,74169,72.8,57.6,70,0,"Moonshae (Douglas Niles, 1987), Halls of the High King (Ed Greenwood, 1990), Backdrop: The Moonshae Isles (Shawn Merwin, Dungeon #196, 2011)","[""['armour'"", ""'rose-gold'"", ""'timber'"", ""'weapons']""]","[""['coal'"", ""'horses'"", ""'minor magical items'"", ""'ore'"", ""'parchment'"", ""'silk']""]","{""humans"": 1201.0, ""halflings"": 0.0, ""elves"": 0.0, ""dwarves"": 0.0, ""half-elves"": 0.0, ""misc."": 103.0}","{""Aristocratic"": 0.0, ""Wealthy"": 14.0, ""Comfortable"": 89.0, ""Modest"": 320.0, ""Poor"": 417.0, ""Squalid"": 263.0, ""Wretched"": 65.0}"
Pengram,Moonshae,Caer Callidyrr,965,144430,144,"{'humans': 928, 'halflings': 0, 'elves': 9, 'dwarves': 0, 'half-elves': 0, 'misc.': 26}",50,Work-related accidents,['Theocracy'],"{'Aristocratic': 0, 'Wealthy': 8, 'Comfortable': 55, 'Modest': 175, 'Poor': 294, 'Squalid': 199, 'Wretched': 10}",0,"[""['armour'"", ""'rose-gold'"", ""'timber'"", ""'weapons']""]","[""['coal'"", ""'horses'"", ""'minor magical items'"", ""'ore'"", ""'parchment'"", ""'silk']""]",{'name': 'High Queen Alicia Kendrick'},Various local militias,None,"['Aquan', 'Chondathan', 'Common', 'Dwarven', 'Elven', 'Giant', 'Illuskan', 'Sylvan']","['The Earthmother', 'Chauntea', 'Tempus']",1347449,6412,74169,88.4,61.4,59,0,"Moonshae (Douglas Niles, 1987), Halls of the High King (Ed Greenwood, 1990), Backdrop: The Moonshae Isles (Shawn Merwin, Dungeon #196, 2011)","[""['armour'"", ""'rose-gold'"", ""'timber'"", ""'weapons']""]","[""['coal'"", ""'horses'"", ""'minor magical items'"", ""'ore'"", ""'parchment'"", ""'silk']""]","{""humans"": 928.0, ""halflings"": 0.0, ""elves"": 9.0, ""dwarves"": 0.0, ""half-elves"": 0.0, ""misc."": 26.0}","{""Aristocratic"": 0.0, ""Wealthy"": 8.0, ""Comfortable"": 55.0, ""Modest"": 175.0, ""Poor"": 294.0, ""Squalid"": 199.0, ""Wretched"": 10.0}"
Pontswain,Moonshae,Caer Callidyrr,418,52450,52,"{'humans': 418, 'halflings': 0, 'elves': 0, 'dwarves': 0, 'half-elves': 0, 'misc.': 0}",35,Exposure to the elements,['Autocracy'],"{'Aristocratic': 0, 'Wealthy': 1, 'Comfortable': 20, 'Modest': 60, 'Poor': 143, 'Squalid': 111, 'Wretched': 7}",0,"[""['armour'"", ""'rose-gold'"", ""'timber'"", ""'weapons']""]","[""['coal'"", ""'horses'"", ""'minor magical items'"", ""'ore'"", ""'parchment'"", ""'silk']""]",{'name': 'High Queen Alicia Kendrick'},Various local militias,None,"['Aquan', 'Chondathan', 'Common', 'Dwarven', 'Elven', 'Giant', 'Illuskan', 'Sylvan']","['The Earthmother', 'Chauntea', 'Tempus']",1347449,6412,74169,84,54.8,72,0,"Moonshae (Douglas Niles, 1987), Halls of the High King (Ed Greenwood, 1990), Backdrop: The Moonshae Isles (Shawn Merwin, Dungeon #196, 2011)","[""['armour'"", ""'rose-gold'"", ""'timber'"", ""'weapons']""]","[""['coal'"", ""'horses'"", ""'minor magical items'"", ""'ore'"", ""'parchment'"", ""'silk']""]","{""humans"": 418.0, ""halflings"": 0.0, ""elves"": 0.0, ""dwarves"": 0.0, ""half-elves"": 0.0, ""misc."": 0.0}","{""Aristocratic"": 0.0, ""Wealthy"": 1.0, ""Comfortable"": 20.0, ""Modest"": 60.0, ""Poor"": 143.0, ""Squalid"": 111.0, ""Wretched"": 7.0}"
Regents Field,Moonshae,Caer Callidyrr,8327,1554316,1603,"{'humans': 6411, 'halflings': 91, 'elves': 0, 'dwarves': 1823, 'half-elves': 0, 'misc.': 0}",70,Old age,['Kleptocracy'],"{'Aristocratic': 2, 'Wealthy': 94, 'Comfortable': 610, 'Modest': 1833, 'Poor': 2820, 'Squalid': 2454, 'Wretched': 397}",11,"[""['armour'"", ""'rose-gold'"", ""'timber'"", ""'weapons']""]","[""['coal'"", ""'horses'"", ""'minor magical items'"", ""'ore'"", ""'parchment'"", ""'silk']""]",{'name': 'High Queen Alicia Kendrick'},Various local militias,None,"['Aquan', 'Chondathan', 'Common', 'Dwarven', 'Elven', 'Giant', 'Illuskan', 'Sylvan']","['The Earthmother', 'Chauntea', 'Tempus']",1347449,6412,74169,74.8,60.1,74,0,"Moonshae (Douglas Niles, 1987), Halls of the High King (Ed Greenwood, 1990), Backdrop: The Moonshae Isles (Shawn Merwin, Dungeon #196, 2011)","[""['armour'"", ""'rose-gold'"", ""'timber'"", ""'weapons']""]","[""['coal'"", ""'horses'"", ""'minor magical items'"", ""'ore'"", ""'parchment'"", ""'silk']""]","{""humans"": 6411.0, ""halflings"": 91.0, ""elves"": 0.0, ""dwarves"": 1823.0, ""half-elves"": 0.0, ""misc."": 0.0}","{""Aristocratic"": 2.0, ""Wealthy"": 94.0, ""Comfortable"": 610.0, ""Modest"": 1833.0, ""Poor"": 2820.0, ""Squalid"": 2454.0, ""Wretched"": 397.0}"
Storaad,Moonshae,Caer Callidyrr,243,25951,25,"{'humans': 119, 'halflings': 123, 'elves': 0, 'dwarves': 0, 'half-elves': 0, 'misc.': 0}",60,Work-related accidents,['Satrapy'],"{'Aristocratic': 0, 'Wealthy': 2, 'Comfortable': 12, 'Modest': 17, 'Poor': 83, 'Squalid': 55, 'Wretched': 2}",0,"[""['armour'"", ""'rose-gold'"", ""'timber'"", ""'weapons']""]","[""['coal'"", ""'horses'"", ""'minor magical items'"", ""'ore'"", ""'parchment'"", ""'silk']""]",{'name': 'High Queen Alicia Kendrick'},Various local militias,None,"['Aquan', 'Chondathan', 'Common', 'Dwarven', 'Elven', 'Giant', 'Illuskan', 'Sylvan']","['The Earthmother', 'Chauntea', 'Tempus']",1347449,6412,74169,68.9,60.1,90,0,"Moonshae (Douglas Niles, 1987), Halls of the High King (Ed Greenwood, 1990), Backdrop: The Moonshae Isles (Shawn Merwin, Dungeon #196, 2011)","[""['armour'"", ""'rose-gold'"", ""'timber'"", ""'weapons']""]","[""['coal'"", ""'horses'"", ""'minor magical items'"", ""'ore'"", ""'parchment'"", ""'silk']""]","{""humans"": 119.0, ""halflings"": 123.0, ""elves"": 0.0, ""dwarves"": 0.0, ""half-elves"": 0.0, ""misc."": 0.0}","{""Aristocratic"": 0.0, ""Wealthy"": 2.0, ""Comfortable"": 12.0, ""Modest"": 17.0, ""Poor"": 83.0, ""Squalid"": 55.0, ""Wretched"": 2.0}"
Tetauctaa,Moonshae,Caer Callidyrr,1502,278349,279,"{'humans': 1502, 'halflings': 0, 'elves': 0, 'dwarves': 0, 'half-elves': 0, 'misc.': 0}",45,Starvation,['Meritocracy'],"{'Aristocratic': 0, 'Wealthy': 22, 'Comfortable': 117, 'Modest': 309, 'Poor': 457, 'Squalid': 402, 'Wretched': 82}",0,"[""['armour'"", ""'rose-gold'"", ""'timber'"", ""'weapons']""]","[""['coal'"", ""'horses'"", ""'minor magical items'"", ""'ore'"", ""'parchment'"", ""'silk']""]",{'name': 'High Queen Alicia Kendrick'},Various local militias,None,"['Aquan', 'Chondathan', 'Common', 'Dwarven', 'Elven', 'Giant', 'Illuskan', 'Sylvan']","['The Earthmother', 'Chauntea', 'Tempus']",1347449,6412,74169,83.3,46.4,70,0,"Moonshae (Douglas Niles, 1987), Halls of the High King (Ed Greenwood, 1990), Backdrop: The Moonshae Isles (Shawn Merwin, Dungeon #196, 2011)","[""['armour'"", ""'rose-gold'"", ""'timber'"", ""'weapons']""]","[""['coal'"", ""'horses'"", ""'minor magical items'"", ""'ore'"", ""'parchment'"", ""'silk']""]","{""humans"": 1502.0, ""halflings"": 0.0, ""elves"": 0.0, ""dwarves"": 0.0, ""half-elves"": 0.0, ""misc."": 0.0}","{""Aristocratic"": 0.0, ""Wealthy"": 22.0, ""Comfortable"": 117.0, ""Modest"": 309.0, ""Poor"": 457.0, ""Squalid"": 402.0, ""Wretched"": 82.0}"
Thorndyke,Moonshae,Caer Callidyrr,151,14381,14,"{'humans': 119, 'halflings': 0, 'elves': 0, 'dwarves': 0, 'half-elves': 31, 'misc.': 0}",58,Exposure to the elements,['Gerontocracy'],"{'Aristocratic': 0, 'Wealthy': 0, 'Comfortable': 8, 'Modest': 10, 'Poor': 48, 'Squalid': 38, 'Wretched': 1}",0,"[""['armour'"", ""'rose-gold'"", ""'timber'"", ""'weapons']""]","[""['coal'"", ""'horses'"", ""'minor magical items'"", ""'ore'"", ""'parchment'"", ""'silk']""]",{'name': 'High Queen Alicia Kendrick'},Various local militias,None,"['Aquan', 'Chondathan', 'Common', 'Dwarven', 'Elven', 'Giant', 'Illuskan', 'Sylvan']","['The Earthmother', 'Chauntea', 'Tempus']",1347449,6412,74169,81.1,58.4,68,0,"Moonshae (Douglas Niles, 1987), Halls of the High King (Ed Greenwood, 1990), Backdrop: The Moonshae Isles (Shawn Merwin, Dungeon #196, 2011)","[""['armour'"", ""'rose-gold'"", ""'timber'"", ""'weapons']""]","[""['coal'"", ""'horses'"", ""'minor magical items'"", ""'ore'"", ""'parchment'"", ""'silk']""]","{""humans"": 119.0, ""halflings"": 0.0, ""elves"": 0.0, ""dwarves"": 0.0, ""half-elves"": 31.0, ""misc."": 0.0}","{""Aristocratic"": 0.0, ""Wealthy"": 0.0, ""Comfortable"": 8.0, ""Modest"": 10.0, ""Poor"": 48.0, ""Squalid"": 38.0, ""Wretched"": 1.0}"
White Rock,Moonshae,Caer Callidyrr,751,111398,111,"{'humans': 749, 'halflings': 0, 'elves': 0, 'dwarves': 0, 'half-elves': 0, 'misc.': 0}",48,Old age,['Magocracy'],"{'Aristocratic': 0, 'Wealthy': 6, 'Comfortable': 45, 'Modest': 118, 'Poor': 259, 'Squalid': 214, 'Wretched': 9}",0,"[""['armour'"", ""'rose-gold'"", ""'timber'"", ""'weapons']""]","[""['coal'"", ""'horses'"", ""'minor magical items'"", ""'ore'"", ""'parchment'"", ""'silk']""]",{'name': 'High Queen Alicia Kendrick'},Various local militias,None,"['Aquan', 'Chondathan', 'Common', 'Dwarven', 'Elven', 'Giant', 'Illuskan', 'Sylvan']","['The Earthmother', 'Chauntea', 'Tempus']",1347449,6412,74169,84.7,59,56,0,"Moonshae (Douglas Niles, 1987), Halls of the High King (Ed Greenwood, 1990), Backdrop: The Moonshae Isles (Shawn Merwin, Dungeon #196, 2011)","[""['armour'"", ""'rose-gold'"", ""'timber'"", ""'weapons']""]","[""['coal'"", ""'horses'"", ""'minor magical items'"", ""'ore'"", ""'parchment'"", ""'silk']""]","{""humans"": 749.0, ""halflings"": 0.0, ""elves"": 0.0, ""dwarves"": 0.0, ""half-elves"": 0.0, ""misc."": 0.0}","{""Aristocratic"": 0.0, ""Wealthy"": 6.0, ""Comfortable"": 45.0, ""Modest"": 118.0, ""Poor"": 259.0, ""Squalid"": 214.0, ""Wretched"": 9.0}"
Wyngate,Moonshae,Caer Callidyrr,969,101251,101,"{'humans': 579, 'halflings': 389, 'elves': 0, 'dwarves': 0, 'half-elves': 0, 'misc.': 0}",59,Starvation,['Gerontocracy'],"{'Aristocratic': 0, 'Wealthy': 3, 'Comfortable': 51, 'Modest': 76, 'Poor': 324, 'Squalid': 226, 'Wretched': 14}",0,"[""['armour'"", ""'rose-gold'"", ""'timber'"", ""'weapons']""]","[""['coal'"", ""'horses'"", ""'minor magical items'"", ""'ore'"", ""'parchment'"", ""'silk']""]",{'name': 'High Queen Alicia Kendrick'},Various local militias,None,"['Aquan', 'Chondathan', 'Common', 'Dwarven', 'Elven', 'Giant', 'Illuskan', 'Sylvan']","['The Earthmother', 'Chauntea', 'Tempus']",1347449,6412,74169,81.6,52.4,60,0,"Moonshae (Douglas Niles, 1987), Halls of the High King (Ed Greenwood, 1990), Backdrop: The Moonshae Isles (Shawn Merwin, Dungeon #196, 2011)","[""['armour'"", ""'rose-gold'"", ""'timber'"", ""'weapons']""]","[""['coal'"", ""'horses'"", ""'minor magical items'"", ""'ore'"", ""'parchment'"", ""'silk']""]","{""humans"": 579.0, ""halflings"": 389.0, ""elves"": 0.0, ""dwarves"": 0.0, ""half-elves"": 0.0, ""misc."": 0.0}","{""Aristocratic"": 0.0, ""Wealthy"": 3.0, ""Comfortable"": 51.0, ""Modest"": 76.0, ""Poor"": 324.0, ""Squalid"": 226.0, ""Wretched"": 14.0}"
Skuld,Mulhorand,Skuld,193245,45662777,832348,"{'humans': 191699, 'misc.': 1545}",43,Starvation,['Dictatorship'],"{'Aristocratic': 364, 'Wealthy': 5732, 'Comfortable': 22301, 'Modest': 33207, 'Poor': 60729, 'Squalid': 85807, 'Wretched': 17550}",20,"[""['ale'"", ""'beer'"", ""'blank spellbooks'"", ""'gold'"", ""'granite'"", ""'paper'"", ""'precious stones']""]","[""['fine timber'"", ""'incense'"", ""'iron'"", ""'perfume'"", ""'slaves'"", ""'spices']""]","{'name': 'Pharaoh Horustep III', 'title': None}","One of the largest armies and navies in Faerûn, plus allied mercenary forces such as the Gold Swords",guilds,"['Common', 'Muhjuri', 'Mulhorandi']","['The Mulhorandi pantheon', 'Gond', 'Mask', 'Mystra', 'Red Knight']",5162467,2285413,302688,70.1,2.6,67,2,"The Old Empires (Scott Bennie, 1990), The God-Kings of Mulhorand (Ed Greenwood, George Krashos, 2020, on Twitter)","[""['ale'"", ""'beer'"", ""'blank spellbooks'"", ""'gold'"", ""'granite'"", ""'paper'"", ""'precious stones']""]","[""['fine timber'"", ""'incense'"", ""'iron'"", ""'perfume'"", ""'slaves'"", ""'spices']""]","{""humans"": 191699.0, ""misc."": 1545.0}","{""Aristocratic"": 364.0, ""Wealthy"": 5732.0, ""Comfortable"": 22301.0, ""Modest"": 33207.0, ""Poor"": 60729.0, ""Squalid"": 85807.0, ""Wretched"": 17550.0}"
Aina,Mulhorand,Skuld,1000,181222,181,"{'humans': 1000, 'misc.': 0}",47,Exposure to the elements,['Kleptocracy'],"{'Aristocratic': 0, 'Wealthy': 11, 'Comfortable': 77, 'Modest': 210, 'Poor': 349, 'Squalid': 187, 'Wretched': 36}",0,"[""['ale'"", ""'beer'"", ""'blank spellbooks'"", ""'gold'"", ""'granite'"", ""'paper'"", ""'precious stones']""]","[""['fine timber'"", ""'incense'"", ""'iron'"", ""'perfume'"", ""'slaves'"", ""'spices']""]","{'name': 'Pharaoh Horustep III', 'title': None}","One of the largest armies and navies in Faerûn, plus allied mercenary forces such as the Gold Swords",None,"['Common', 'Muhjuri', 'Mulhorandi']","['The Mulhorandi pantheon', 'Gond', 'Mask', 'Mystra', 'Red Knight']",5162467,2285413,302688,77.5,6.3,62,5,"The Old Empires (Scott Bennie, 1990), The God-Kings of Mulhorand (Ed Greenwood, George Krashos, 2020, on Twitter)","[""['ale'"", ""'beer'"", ""'blank spellbooks'"", ""'gold'"", ""'granite'"", ""'paper'"", ""'precious stones']""]","[""['fine timber'"", ""'incense'"", ""'iron'"", ""'perfume'"", ""'slaves'"", ""'spices']""]","{""humans"": 1000.0, ""misc."": 0.0}","{""Aristocratic"": 0.0, ""Wealthy"": 11.0, ""Comfortable"": 77.0, ""Modest"": 210.0, ""Poor"": 349.0, ""Squalid"": 187.0, ""Wretched"": 36.0}"
Delgora,Mulhorand,Skuld,4000,639042,649,"{'humans': 4000, 'misc.': 0}",43,Dueling accidents,['Oligarchy'],"{'Aristocratic': 1, 'Wealthy': 74, 'Comfortable': 285, 'Modest': 534, 'Poor': 1207, 'Squalid': 994, 'Wretched': 291}",14,"[""['ale'"", ""'beer'"", ""'blank spellbooks'"", ""'gold'"", ""'granite'"", ""'paper'"", ""'precious stones']""]","[""['fine timber'"", ""'incense'"", ""'iron'"", ""'perfume'"", ""'slaves'"", ""'spices']""]","{'name': 'Pharaoh Horustep III', 'title': None}","One of the largest armies and navies in Faerûn, plus allied mercenary forces such as the Gold Swords",None,"['Common', 'Muhjuri', 'Mulhorandi']","['The Mulhorandi pantheon', 'Gond', 'Mask', 'Mystra', 'Red Knight']",5162467,2285413,302688,70.1,6.9,74,4,"The Old Empires (Scott Bennie, 1990), The God-Kings of Mulhorand (Ed Greenwood, George Krashos, 2020, on Twitter)","[""['ale'"", ""'beer'"", ""'blank spellbooks'"", ""'gold'"", ""'granite'"", ""'paper'"", ""'precious stones']""]","[""['fine timber'"", ""'incense'"", ""'iron'"", ""'perfume'"", ""'slaves'"", ""'spices']""]","{""humans"": 4000.0, ""misc."": 0.0}","{""Aristocratic"": 1.0, ""Wealthy"": 74.0, ""Comfortable"": 285.0, ""Modest"": 534.0, ""Poor"": 1207.0, ""Squalid"": 994.0, ""Wretched"": 291.0}"
Gheldaneth,Mulhorand,Skuld,170413,47012036,1640643,"{'humans': 170413, 'misc.': 0}",44,Disease,['Satrapy'],"{'Aristocratic': 835, 'Wealthy': 4262, 'Comfortable': 22506, 'Modest': 40660, 'Poor': 58243, 'Squalid': 60815, 'Wretched': 17017}",15,"[""['ale'"", ""'beer'"", ""'blank spellbooks'"", ""'gold'"", ""'granite'"", ""'paper'"", ""'precious stones']""]","[""['fine timber'"", ""'incense'"", ""'iron'"", ""'perfume'"", ""'slaves'"", ""'spices']""]","{'name': 'Pharaoh Horustep III', 'title': None}","One of the largest armies and navies in Faerûn, plus allied mercenary forces such as the Gold Swords",Arcanum of Magic,"['Common', 'Muhjuri', 'Mulhorandi']","['The Mulhorandi pantheon', 'Gond', 'Mask', 'Mystra', 'Red Knight']",5162467,2285413,302688,99.9,7.5,67,6,"The Old Empires (Scott Bennie, 1990), The God-Kings of Mulhorand (Ed Greenwood, George Krashos, 2020, on Twitter)","[""['ale'"", ""'beer'"", ""'blank spellbooks'"", ""'gold'"", ""'granite'"", ""'paper'"", ""'precious stones']""]","[""['fine timber'"", ""'incense'"", ""'iron'"", ""'perfume'"", ""'slaves'"", ""'spices']""]","{""humans"": 170413.0, ""misc."": 0.0}","{""Aristocratic"": 835.0, ""Wealthy"": 4262.0, ""Comfortable"": 22506.0, ""Modest"": 40660.0, ""Poor"": 58243.0, ""Squalid"": 60815.0, ""Wretched"": 17017.0}"
Jhalhoran,Mulhorand,Skuld,1000,152387,152,"{'humans': 1000, 'misc.': 0}",42,Assassination,['Militocracy'],"{'Aristocratic': 0, 'Wealthy': 19, 'Comfortable': 66, 'Modest': 117, 'Poor': 328, 'Squalid': 269, 'Wretched': 39}",0,"[""['ale'"", ""'beer'"", ""'blank spellbooks'"", ""'gold'"", ""'granite'"", ""'paper'"", ""'precious stones']""]","[""['fine timber'"", ""'incense'"", ""'iron'"", ""'perfume'"", ""'slaves'"", ""'spices']""]","{'name': 'Pharaoh Horustep III', 'title': None}","One of the largest armies and navies in Faerûn, plus allied mercenary forces such as the Gold Swords",None,"['Common', 'Muhjuri', 'Mulhorandi']","['The Mulhorandi pantheon', 'Gond', 'Mask', 'Mystra', 'Red Knight']",5162467,2285413,302688,69.2,4.1,64,6,"The Old Empires (Scott Bennie, 1990), The God-Kings of Mulhorand (Ed Greenwood, George Krashos, 2020, on Twitter)","[""['ale'"", ""'beer'"", ""'blank spellbooks'"", ""'gold'"", ""'granite'"", ""'paper'"", ""'precious stones']""]","[""['fine timber'"", ""'incense'"", ""'iron'"", ""'perfume'"", ""'slaves'"", ""'spices']""]","{""humans"": 1000.0, ""misc."": 0.0}","{""Aristocratic"": 0.0, ""Wealthy"": 19.0, ""Comfortable"": 66.0, ""Modest"": 117.0, ""Poor"": 328.0, ""Squalid"": 269.0, ""Wretched"": 39.0}"
Klondor,Mulhorand,Skuld,1400,227869,228,"{'humans': 1400, 'misc.': 0}",44,Work-related accidents,['Militocracy'],"{'Aristocratic': 0, 'Wealthy': 16, 'Comfortable': 108, 'Modest': 232, 'Poor': 426, 'Squalid': 271, 'Wretched': 47}",0,"[""['ale'"", ""'beer'"", ""'blank spellbooks'"", ""'gold'"", ""'granite'"", ""'paper'"", ""'precious stones']""]","[""['fine timber'"", ""'incense'"", ""'iron'"", ""'perfume'"", ""'slaves'"", ""'spices']""]","{'name': 'Pharaoh Horustep III', 'title': None}","One of the largest armies and navies in Faerûn, plus allied mercenary forces such as the Gold Swords",None,"['Common', 'Muhjuri', 'Mulhorandi']","['The Mulhorandi pantheon', 'Gond', 'Mask', 'Mystra', 'Red Knight']",5162467,2285413,302688,71.2,3.1,86,16,"The Old Empires (Scott Bennie, 1990), The God-Kings of Mulhorand (Ed Greenwood, George Krashos, 2020, on Twitter)","[""['ale'"", ""'beer'"", ""'blank spellbooks'"", ""'gold'"", ""'granite'"", ""'paper'"", ""'precious stones']""]","[""['fine timber'"", ""'incense'"", ""'iron'"", ""'perfume'"", ""'slaves'"", ""'spices']""]","{""humans"": 1400.0, ""misc."": 0.0}","{""Aristocratic"": 0.0, ""Wealthy"": 16.0, ""Comfortable"": 108.0, ""Modest"": 232.0, ""Poor"": 426.0, ""Squalid"": 271.0, ""Wretched"": 47.0}"
Maerlar,Mulhorand,Skuld,5000,761134,768,"{'humans': 5000, 'misc.': 0}",42,Starvation,['Hierarchy'],"{'Aristocratic': 0, 'Wealthy': 78, 'Comfortable': 345, 'Modest': 641, 'Poor': 1582, 'Squalid': 1259, 'Wretched': 323}",0,"[""['ale'"", ""'beer'"", ""'blank spellbooks'"", ""'gold'"", ""'granite'"", ""'paper'"", ""'precious stones']""]","[""['fine timber'"", ""'incense'"", ""'iron'"", ""'perfume'"", ""'slaves'"", ""'spices']""]","{'name': 'Pharaoh Horustep III', 'title': None}","One of the largest armies and navies in Faerûn, plus allied mercenary forces such as the Gold Swords",None,"['Common', 'Muhjuri', 'Mulhorandi']","['The Mulhorandi pantheon', 'Gond', 'Mask', 'Mystra', 'Red Knight']",5162467,2285413,302688,75.7,0.9,72,13,"The Old Empires (Scott Bennie, 1990), The God-Kings of Mulhorand (Ed Greenwood, George Krashos, 2020, on Twitter)","[""['ale'"", ""'beer'"", ""'blank spellbooks'"", ""'gold'"", ""'granite'"", ""'paper'"", ""'precious stones']""]","[""['fine timber'"", ""'incense'"", ""'iron'"", ""'perfume'"", ""'slaves'"", ""'spices']""]","{""humans"": 5000.0, ""misc."": 0.0}","{""Aristocratic"": 0.0, ""Wealthy"": 78.0, ""Comfortable"": 345.0, ""Modest"": 641.0, ""Poor"": 1582.0, ""Squalid"": 1259.0, ""Wretched"": 323.0}"
Mishtan,Mulhorand,Skuld,6268,1207529,1240,"{'humans': 6268, 'misc.': 0}",40,Magic mishaps,['Militocracy'],"{'Aristocratic': 2, 'Wealthy': 117, 'Comfortable': 419, 'Modest': 1413, 'Poor': 2181, 'Squalid': 1331, 'Wretched': 272}",19,"[""['ale'"", ""'beer'"", ""'blank spellbooks'"", ""'gold'"", ""'granite'"", ""'paper'"", ""'precious stones']""]","[""['fine timber'"", ""'incense'"", ""'iron'"", ""'perfume'"", ""'slaves'"", ""'spices']""]","{'name': 'Pharaoh Horustep III', 'title': None}","One of the largest armies and navies in Faerûn, plus allied mercenary forces such as the Gold Swords",None,"['Common', 'Muhjuri', 'Mulhorandi']","['The Mulhorandi pantheon', 'Gond', 'Mask', 'Mystra', 'Red Knight']",5162467,2285413,302688,95.6,7,88,3,"The Old Empires (Scott Bennie, 1990), The God-Kings of Mulhorand (Ed Greenwood, George Krashos, 2020, on Twitter)","[""['ale'"", ""'beer'"", ""'blank spellbooks'"", ""'gold'"", ""'granite'"", ""'paper'"", ""'precious stones']""]","[""['fine timber'"", ""'incense'"", ""'iron'"", ""'perfume'"", ""'slaves'"", ""'spices']""]","{""humans"": 6268.0, ""misc."": 0.0}","{""Aristocratic"": 2.0, ""Wealthy"": 117.0, ""Comfortable"": 419.0, ""Modest"": 1413.0, ""Poor"": 2181.0, ""Squalid"": 1331.0, ""Wretched"": 272.0}"
Neldorild,Mulhorand,Skuld,40934,9782182,36856,"{'humans': 40934, 'misc.': 0}",45,Disease,['Republic'],"{'Aristocratic': 167, 'Wealthy': 1097, 'Comfortable': 4491, 'Modest': 7653, 'Poor': 12885, 'Squalid': 15305, 'Wretched': 3827}",7,"[""['ale'"", ""'beer'"", ""'blank spellbooks'"", ""'gold'"", ""'granite'"", ""'paper'"", ""'precious stones']""]","[""['fine timber'"", ""'incense'"", ""'iron'"", ""'perfume'"", ""'slaves'"", ""'spices']""]","{'name': 'Pharaoh Horustep III', 'title': None}","One of the largest armies and navies in Faerûn, plus allied mercenary forces such as the Gold Swords",guilds,"['Common', 'Muhjuri', 'Mulhorandi']","['The Mulhorandi pantheon', 'Gond', 'Mask', 'Mystra', 'Red Knight']",5162467,2285413,302688,88.4,5.1,54,9,"The Old Empires (Scott Bennie, 1990), The God-Kings of Mulhorand (Ed Greenwood, George Krashos, 2020, on Twitter)","[""['ale'"", ""'beer'"", ""'blank spellbooks'"", ""'gold'"", ""'granite'"", ""'paper'"", ""'precious stones']""]","[""['fine timber'"", ""'incense'"", ""'iron'"", ""'perfume'"", ""'slaves'"", ""'spices']""]","{""humans"": 40934.0, ""misc."": 0.0}","{""Aristocratic"": 167.0, ""Wealthy"": 1097.0, ""Comfortable"": 4491.0, ""Modest"": 7653.0, ""Poor"": 12885.0, ""Squalid"": 15305.0, ""Wretched"": 3827.0}"
Rauthil,Mulhorand,Skuld,3000,439423,442,"{'humans': 3000, 'misc.': 0}",46,Exposure to the elements,['Bureaucracy'],"{'Aristocratic': 0, 'Wealthy': 48, 'Comfortable': 201, 'Modest': 333, 'Poor': 979, 'Squalid': 811, 'Wretched': 205}",0,"[""['ale'"", ""'beer'"", ""'blank spellbooks'"", ""'gold'"", ""'granite'"", ""'paper'"", ""'precious stones']""]","[""['fine timber'"", ""'incense'"", ""'iron'"", ""'perfume'"", ""'slaves'"", ""'spices']""]","{'name': 'Pharaoh Horustep III', 'title': None}","One of the largest armies and navies in Faerûn, plus allied mercenary forces such as the Gold Swords",None,"['Common', 'Muhjuri', 'Mulhorandi']","['The Mulhorandi pantheon', 'Gond', 'Mask', 'Mystra', 'Red Knight']",5162467,2285413,302688,75.9,0.8,49,1,"The Old Empires (Scott Bennie, 1990), The God-Kings of Mulhorand (Ed Greenwood, George Krashos, 2020, on Twitter)","[""['ale'"", ""'beer'"", ""'blank spellbooks'"", ""'gold'"", ""'granite'"", ""'paper'"", ""'precious stones']""]","[""['fine timber'"", ""'incense'"", ""'iron'"", ""'perfume'"", ""'slaves'"", ""'spices']""]","{""humans"": 3000.0, ""misc."": 0.0}","{""Aristocratic"": 0.0, ""Wealthy"": 48.0, ""Comfortable"": 201.0, ""Modest"": 333.0, ""Poor"": 979.0, ""Squalid"": 811.0, ""Wretched"": 205.0}"
Sampranasz,Mulhorand,Skuld,2738,469061,471,"{'humans': 2738, 'misc.': 0}",44,Disease,['Confederacy'],"{'Aristocratic': 0, 'Wealthy': 36, 'Comfortable': 208, 'Modest': 489, 'Poor': 833, 'Squalid': 695, 'Wretched': 116}",0,"[""['ale'"", ""'beer'"", ""'blank spellbooks'"", ""'gold'"", ""'granite'"", ""'paper'"", ""'precious stones']""]","[""['fine timber'"", ""'incense'"", ""'iron'"", ""'perfume'"", ""'slaves'"", ""'spices']""]","{'name': 'Pharaoh Horustep III', 'title': None}","One of the largest armies and navies in Faerûn, plus allied mercenary forces such as the Gold Swords",None,"['Common', 'Muhjuri', 'Mulhorandi']","['The Mulhorandi pantheon', 'Gond', 'Mask', 'Mystra', 'Red Knight']",5162467,2285413,302688,75.7,7.7,63,6,"The Old Empires (Scott Bennie, 1990), The God-Kings of Mulhorand (Ed Greenwood, George Krashos, 2020, on Twitter)","[""['ale'"", ""'beer'"", ""'blank spellbooks'"", ""'gold'"", ""'granite'"", ""'paper'"", ""'precious stones']""]","[""['fine timber'"", ""'incense'"", ""'iron'"", ""'perfume'"", ""'slaves'"", ""'spices']""]","{""humans"": 2738.0, ""misc."": 0.0}","{""Aristocratic"": 0.0, ""Wealthy"": 36.0, ""Comfortable"": 208.0, ""Modest"": 489.0, ""Poor"": 833.0, ""Squalid"": 695.0, ""Wretched"": 116.0}"
Sultim,Mulhorand,Skuld,270,32777,32,"{'humans': 270, 'misc.': 0}",46,Poison,['Plutocracy'],"{'Aristocratic': 0, 'Wealthy': 0, 'Comfortable': 17, 'Modest': 34, 'Poor': 87, 'Squalid': 44, 'Wretched': 5}",0,"[""['ale'"", ""'beer'"", ""'blank spellbooks'"", ""'gold'"", ""'granite'"", ""'paper'"", ""'precious stones']""]","[""['fine timber'"", ""'incense'"", ""'iron'"", ""'perfume'"", ""'slaves'"", ""'spices']""]","{'name': 'Pharaoh Horustep III', 'title': None}","One of the largest armies and navies in Faerûn, plus allied mercenary forces such as the Gold Swords",None,"['Common', 'Muhjuri', 'Mulhorandi']","['The Mulhorandi pantheon', 'Gond', 'Mask', 'Mystra', 'Red Knight']",5162467,2285413,302688,99.7,7,78,3,"The Old Empires (Scott Bennie, 1990), The God-Kings of Mulhorand (Ed Greenwood, George Krashos, 2020, on Twitter)","[""['ale'"", ""'beer'"", ""'blank spellbooks'"", ""'gold'"", ""'granite'"", ""'paper'"", ""'precious stones']""]","[""['fine timber'"", ""'incense'"", ""'iron'"", ""'perfume'"", ""'slaves'"", ""'spices']""]","{""humans"": 270.0, ""misc."": 0.0}","{""Aristocratic"": 0.0, ""Wealthy"": 0.0, ""Comfortable"": 17.0, ""Modest"": 34.0, ""Poor"": 87.0, ""Squalid"": 44.0, ""Wretched"": 5.0}"
Surbroar,Mulhorand,Skuld,280,32959,32,"{'humans': 280, 'misc.': 0}",48,Wildlife attacks,['Confederacy'],"{'Aristocratic': 0, 'Wealthy': 0, 'Comfortable': 17, 'Modest': 31, 'Poor': 92, 'Squalid': 69, 'Wretched': 3}",0,"[""['ale'"", ""'beer'"", ""'blank spellbooks'"", ""'gold'"", ""'granite'"", ""'paper'"", ""'precious stones']""]","[""['fine timber'"", ""'incense'"", ""'iron'"", ""'perfume'"", ""'slaves'"", ""'spices']""]","{'name': 'Pharaoh Horustep III', 'title': None}","One of the largest armies and navies in Faerûn, plus allied mercenary forces such as the Gold Swords",None,"['Common', 'Muhjuri', 'Mulhorandi']","['The Mulhorandi pantheon', 'Gond', 'Mask', 'Mystra', 'Red Knight']",5162467,2285413,302688,85.6,6.3,61,5,"The Old Empires (Scott Bennie, 1990), The God-Kings of Mulhorand (Ed Greenwood, George Krashos, 2020, on Twitter)","[""['ale'"", ""'beer'"", ""'blank spellbooks'"", ""'gold'"", ""'granite'"", ""'paper'"", ""'precious stones']""]","[""['fine timber'"", ""'incense'"", ""'iron'"", ""'perfume'"", ""'slaves'"", ""'spices']""]","{""humans"": 280.0, ""misc."": 0.0}","{""Aristocratic"": 0.0, ""Wealthy"": 0.0, ""Comfortable"": 17.0, ""Modest"": 31.0, ""Poor"": 92.0, ""Squalid"": 69.0, ""Wretched"": 3.0}"
Ulzel,Mulhorand,Skuld,260,36244,36,"{'humans': 260, 'misc.': 0}",46,Poison,['Democracy'],"{'Aristocratic': 0, 'Wealthy': 1, 'Comfortable': 12, 'Modest': 47, 'Poor': 90, 'Squalid': 63, 'Wretched': 4}",0,"[""['ale'"", ""'beer'"", ""'blank spellbooks'"", ""'gold'"", ""'granite'"", ""'paper'"", ""'precious stones']""]","[""['fine timber'"", ""'incense'"", ""'iron'"", ""'perfume'"", ""'slaves'"", ""'spices']""]","{'name': 'Pharaoh Horustep III', 'title': None}","One of the largest armies and navies in Faerûn, plus allied mercenary forces such as the Gold Swords",None,"['Common', 'Muhjuri', 'Mulhorandi']","['The Mulhorandi pantheon', 'Gond', 'Mask', 'Mystra', 'Red Knight']",5162467,2285413,302688,73.6,7,84,12,"The Old Empires (Scott Bennie, 1990), The God-Kings of Mulhorand (Ed Greenwood, George Krashos, 2020, on Twitter)","[""['ale'"", ""'beer'"", ""'blank spellbooks'"", ""'gold'"", ""'granite'"", ""'paper'"", ""'precious stones']""]","[""['fine timber'"", ""'incense'"", ""'iron'"", ""'perfume'"", ""'slaves'"", ""'spices']""]","{""humans"": 260.0, ""misc."": 0.0}","{""Aristocratic"": 0.0, ""Wealthy"": 1.0, ""Comfortable"": 12.0, ""Modest"": 47.0, ""Poor"": 90.0, ""Squalid"": 63.0, ""Wretched"": 4.0}"
Bildoobaris,Narfell,Bildoobaris,29414,6003191,9849,"{'humans': 14001, 'misc.': 15412}",46,Dueling accidents,['Theocracy'],"{'Aristocratic': 34, 'Wealthy': 524, 'Comfortable': 3126, 'Modest': 5174, 'Poor': 9005, 'Squalid': 7841, 'Wretched': 2381}",0,"[""['horses']""]","[""['clothing'"", ""'jewellery']""]","{'name': 'Thalaman Harthgroth', 'title': 'Ruler of the Harthgroth tribe and Head of the Nar Tribal Council'}",Individual tribal warriors,guilds,"['Common', 'Damaran', 'Rashemi']","['Lathander', 'Tempus', 'Waukeen']",36058,908,223903,23.7,22.4,69,0,"The Bloodstone Lands (Bob Salvatore, 1989), The Horde (David Cook, 1990), Unapproachable East (Richard Baker, Matt Forbeck, Sean K. Reynolds, 2003), Lost Empires of Faerûn (Richard Baker, Ed Bonny, Travis Stout, 2005)","[""['horses']""]","[""['clothing'"", ""'jewellery']""]","{""humans"": 14001.0, ""misc."": 15412.0}","{""Aristocratic"": 34.0, ""Wealthy"": 524.0, ""Comfortable"": 3126.0, ""Modest"": 5174.0, ""Poor"": 9005.0, ""Squalid"": 7841.0, ""Wretched"": 2381.0}"
Antlerbones,Narfell,Bildoobaris,694,85665,85,"{'humans': 241, 'misc.': 452}",49,Starvation,['Dictatorship'],"{'Aristocratic': 0, 'Wealthy': 0, 'Comfortable': 40, 'Modest': 101, 'Poor': 214, 'Squalid': 109, 'Wretched': 9}",0,"[""['horses']""]","[""['clothing'"", ""'jewellery']""]","{'name': 'Thalaman Harthgroth', 'title': 'Ruler of the Harthgroth tribe and Head of the Nar Tribal Council'}",Individual tribal warriors,None,"['Common', 'Damaran', 'Rashemi']","['Lathander', 'Tempus', 'Waukeen']",36058,908,223903,36.5,29.4,58,0,"The Bloodstone Lands (Bob Salvatore, 1989), The Horde (David Cook, 1990), Unapproachable East (Richard Baker, Matt Forbeck, Sean K. Reynolds, 2003), Lost Empires of Faerûn (Richard Baker, Ed Bonny, Travis Stout, 2005)","[""['horses']""]","[""['clothing'"", ""'jewellery']""]","{""humans"": 241.0, ""misc."": 452.0}","{""Aristocratic"": 0.0, ""Wealthy"": 0.0, ""Comfortable"": 40.0, ""Modest"": 101.0, ""Poor"": 214.0, ""Squalid"": 109.0, ""Wretched"": 9.0}"
Hoarbridge,Narfell,Bildoobaris,349,35806,35,"{'humans': 349, 'misc.': 0}",46,Old age,['Theocracy'],"{'Aristocratic': 0, 'Wealthy': 2, 'Comfortable': 17, 'Modest': 27, 'Poor': 108, 'Squalid': 75, 'Wretched': 4}",0,"[""['horses']""]","[""['clothing'"", ""'jewellery']""]","{'name': 'Thalaman Harthgroth', 'title': 'Ruler of the Harthgroth tribe and Head of the Nar Tribal Council'}",Individual tribal warriors,None,"['Common', 'Damaran', 'Rashemi']","['Lathander', 'Tempus', 'Waukeen']",36058,908,223903,21.6,21.1,58,0,"The Bloodstone Lands (Bob Salvatore, 1989), The Horde (David Cook, 1990), Unapproachable East (Richard Baker, Matt Forbeck, Sean K. Reynolds, 2003), Lost Empires of Faerûn (Richard Baker, Ed Bonny, Travis Stout, 2005)","[""['horses']""]","[""['clothing'"", ""'jewellery']""]","{""humans"": 349.0, ""misc."": 0.0}","{""Aristocratic"": 0.0, ""Wealthy"": 2.0, ""Comfortable"": 17.0, ""Modest"": 27.0, ""Poor"": 108.0, ""Squalid"": 75.0, ""Wretched"": 4.0}"
Jiyyd,Narfell,Bildoobaris,461,48983,48,"{'humans': 461, 'misc.': 0}",47,Assassination,['Matriarchy'],"{'Aristocratic': 0, 'Wealthy': 0, 'Comfortable': 21, 'Modest': 52, 'Poor': 148, 'Squalid': 106, 'Wretched': 5}",0,"[""['horses']""]","[""['clothing'"", ""'jewellery']""]","{'name': 'Thalaman Harthgroth', 'title': 'Ruler of the Harthgroth tribe and Head of the Nar Tribal Council'}",Individual tribal warriors,None,"['Common', 'Damaran', 'Rashemi']","['Lathander', 'Tempus', 'Waukeen']",36058,908,223903,25,22,66,0,"The Bloodstone Lands (Bob Salvatore, 1989), The Horde (David Cook, 1990), Unapproachable East (Richard Baker, Matt Forbeck, Sean K. Reynolds, 2003), Lost Empires of Faerûn (Richard Baker, Ed Bonny, Travis Stout, 2005)","[""['horses']""]","[""['clothing'"", ""'jewellery']""]","{""humans"": 461.0, ""misc."": 0.0}","{""Aristocratic"": 0.0, ""Wealthy"": 0.0, ""Comfortable"": 21.0, ""Modest"": 52.0, ""Poor"": 148.0, ""Squalid"": 106.0, ""Wretched"": 5.0}"
Nar-Sek Qu’encesta,Narfell,Bildoobaris,1011,173630,173,"{'humans': 1011, 'misc.': 0}",46,Assassination,['Autocracy'],"{'Aristocratic': 0, 'Wealthy': 11, 'Comfortable': 70, 'Modest': 194, 'Poor': 344, 'Squalid': 289, 'Wretched': 61}",0,"[""['horses']""]","[""['clothing'"", ""'jewellery']""]","{'name': 'Thalaman Harthgroth', 'title': 'Ruler of the Harthgroth tribe and Head of the Nar Tribal Council'}",Individual tribal warriors,None,"['Common', 'Damaran', 'Rashemi']","['Lathander', 'Tempus', 'Waukeen']",36058,908,223903,23.2,37.7,53,0,"The Bloodstone Lands (Bob Salvatore, 1989), The Horde (David Cook, 1990), Unapproachable East (Richard Baker, Matt Forbeck, Sean K. Reynolds, 2003), Lost Empires of Faerûn (Richard Baker, Ed Bonny, Travis Stout, 2005)","[""['horses']""]","[""['clothing'"", ""'jewellery']""]","{""humans"": 1011.0, ""misc."": 0.0}","{""Aristocratic"": 0.0, ""Wealthy"": 11.0, ""Comfortable"": 70.0, ""Modest"": 194.0, ""Poor"": 344.0, ""Squalid"": 289.0, ""Wretched"": 61.0}"
Nar-Sek Qu’istrade,Narfell,Bildoobaris,82,6497,6,"{'humans': 82, 'misc.': 0}",46,Poisonous plants,['Oligarchy'],"{'Aristocratic': 0, 'Wealthy': 0, 'Comfortable': 4, 'Modest': 3, 'Poor': 27, 'Squalid': 14, 'Wretched': 0}",0,"[""['horses']""]","[""['clothing'"", ""'jewellery']""]","{'name': 'Thalaman Harthgroth', 'title': 'Ruler of the Harthgroth tribe and Head of the Nar Tribal Council'}",Individual tribal warriors,None,"['Common', 'Damaran', 'Rashemi']","['Lathander', 'Tempus', 'Waukeen']",36058,908,223903,7.3,37.7,59,0,"The Bloodstone Lands (Bob Salvatore, 1989), The Horde (David Cook, 1990), Unapproachable East (Richard Baker, Matt Forbeck, Sean K. Reynolds, 2003), Lost Empires of Faerûn (Richard Baker, Ed Bonny, Travis Stout, 2005)","[""['horses']""]","[""['clothing'"", ""'jewellery']""]","{""humans"": 82.0, ""misc."": 0.0}","{""Aristocratic"": 0.0, ""Wealthy"": 0.0, ""Comfortable"": 4.0, ""Modest"": 3.0, ""Poor"": 27.0, ""Squalid"": 14.0, ""Wretched"": 0.0}"
Nar-Sek Qu’tel,Narfell,Bildoobaris,413,51319,51,"{'humans': 413, 'misc.': 0}",46,Work-related accidents,['Autocracy'],"{'Aristocratic': 0, 'Wealthy': 0, 'Comfortable': 23, 'Modest': 62, 'Poor': 128, 'Squalid': 70, 'Wretched': 4}",0,"[""['horses']""]","[""['clothing'"", ""'jewellery']""]","{'name': 'Thalaman Harthgroth', 'title': 'Ruler of the Harthgroth tribe and Head of the Nar Tribal Council'}",Individual tribal warriors,None,"['Common', 'Damaran', 'Rashemi']","['Lathander', 'Tempus', 'Waukeen']",36058,908,223903,39.6,38.7,63,0,"The Bloodstone Lands (Bob Salvatore, 1989), The Horde (David Cook, 1990), Unapproachable East (Richard Baker, Matt Forbeck, Sean K. Reynolds, 2003), Lost Empires of Faerûn (Richard Baker, Ed Bonny, Travis Stout, 2005)","[""['horses']""]","[""['clothing'"", ""'jewellery']""]","{""humans"": 413.0, ""misc."": 0.0}","{""Aristocratic"": 0.0, ""Wealthy"": 0.0, ""Comfortable"": 23.0, ""Modest"": 62.0, ""Poor"": 128.0, ""Squalid"": 70.0, ""Wretched"": 4.0}"
N’Jast,Narfell,Bildoobaris,71,7336,7,"{'humans': 71, 'misc.': 0}",48,Old age,['Hierarchy'],"{'Aristocratic': 0, 'Wealthy': 0, 'Comfortable': 3, 'Modest': 9, 'Poor': 22, 'Squalid': 7, 'Wretched': 0}",0,"[""['horses']""]","[""['clothing'"", ""'jewellery']""]","{'name': 'Thalaman Harthgroth', 'title': 'Ruler of the Harthgroth tribe and Head of the Nar Tribal Council'}",Individual tribal warriors,None,"['Common', 'Damaran', 'Rashemi']","['Lathander', 'Tempus', 'Waukeen']",36058,908,223903,16.9,26.4,57,0,"The Bloodstone Lands (Bob Salvatore, 1989), The Horde (David Cook, 1990), Unapproachable East (Richard Baker, Matt Forbeck, Sean K. Reynolds, 2003), Lost Empires of Faerûn (Richard Baker, Ed Bonny, Travis Stout, 2005)","[""['horses']""]","[""['clothing'"", ""'jewellery']""]","{""humans"": 71.0, ""misc."": 0.0}","{""Aristocratic"": 0.0, ""Wealthy"": 0.0, ""Comfortable"": 3.0, ""Modest"": 9.0, ""Poor"": 22.0, ""Squalid"": 7.0, ""Wretched"": 0.0}"
Peltarch,Narfell,Bildoobaris,313,40478,40,"{'humans': 313, 'misc.': 0}",47,Old age,['Hierarchy'],"{'Aristocratic': 0, 'Wealthy': 1, 'Comfortable': 20, 'Modest': 39, 'Poor': 103, 'Squalid': 73, 'Wretched': 5}",0,"[""['horses']""]","[""['clothing'"", ""'jewellery']""]","{'name': 'Thalaman Harthgroth', 'title': 'Ruler of the Harthgroth tribe and Head of the Nar Tribal Council'}",Individual tribal warriors,None,"['Common', 'Damaran', 'Rashemi']","['Lathander', 'Tempus', 'Waukeen']",36058,908,223903,1.3,31,65,0,"The Bloodstone Lands (Bob Salvatore, 1989), The Horde (David Cook, 1990), Unapproachable East (Richard Baker, Matt Forbeck, Sean K. Reynolds, 2003), Lost Empires of Faerûn (Richard Baker, Ed Bonny, Travis Stout, 2005)","[""['horses']""]","[""['clothing'"", ""'jewellery']""]","{""humans"": 313.0, ""misc."": 0.0}","{""Aristocratic"": 0.0, ""Wealthy"": 1.0, ""Comfortable"": 20.0, ""Modest"": 39.0, ""Poor"": 103.0, ""Squalid"": 73.0, ""Wretched"": 5.0}"
Selmast,Narfell,Bildoobaris,392,42522,42,"{'humans': 392, 'misc.': 0}",49,Assassination,['Oligarchy'],"{'Aristocratic': 0, 'Wealthy': 0, 'Comfortable': 26, 'Modest': 28, 'Poor': 129, 'Squalid': 107, 'Wretched': 4}",0,"[""['horses']""]","[""['clothing'"", ""'jewellery']""]","{'name': 'Thalaman Harthgroth', 'title': 'Ruler of the Harthgroth tribe and Head of the Nar Tribal Council'}",Individual tribal warriors,None,"['Common', 'Damaran', 'Rashemi']","['Lathander', 'Tempus', 'Waukeen']",36058,908,223903,26.3,24.9,52,0,"The Bloodstone Lands (Bob Salvatore, 1989), The Horde (David Cook, 1990), Unapproachable East (Richard Baker, Matt Forbeck, Sean K. Reynolds, 2003), Lost Empires of Faerûn (Richard Baker, Ed Bonny, Travis Stout, 2005)","[""['horses']""]","[""['clothing'"", ""'jewellery']""]","{""humans"": 392.0, ""misc."": 0.0}","{""Aristocratic"": 0.0, ""Wealthy"": 0.0, ""Comfortable"": 26.0, ""Modest"": 28.0, ""Poor"": 129.0, ""Squalid"": 107.0, ""Wretched"": 4.0}"
Snowcap,Narfell,Bildoobaris,495,66868,66,"{'humans': 495, 'misc.': 0}",33,Magic mishaps,['Kleptocracy'],"{'Aristocratic': 0, 'Wealthy': 4, 'Comfortable': 21, 'Modest': 82, 'Poor': 167, 'Squalid': 98, 'Wretched': 5}",0,"[""['horses']""]","[""['clothing'"", ""'jewellery']""]","{'name': 'Thalaman Harthgroth', 'title': 'Ruler of the Harthgroth tribe and Head of the Nar Tribal Council'}",Individual tribal warriors,None,"['Common', 'Damaran', 'Rashemi']","['Lathander', 'Tempus', 'Waukeen']",36058,908,223903,6.1,20.2,39,0,"The Bloodstone Lands (Bob Salvatore, 1989), The Horde (David Cook, 1990), Unapproachable East (Richard Baker, Matt Forbeck, Sean K. Reynolds, 2003), Lost Empires of Faerûn (Richard Baker, Ed Bonny, Travis Stout, 2005)","[""['horses']""]","[""['clothing'"", ""'jewellery']""]","{""humans"": 495.0, ""misc."": 0.0}","{""Aristocratic"": 0.0, ""Wealthy"": 4.0, ""Comfortable"": 21.0, ""Modest"": 82.0, ""Poor"": 167.0, ""Squalid"": 98.0, ""Wretched"": 5.0}"
Luskan,The Sword Coast,Luskan,16000,3240689,5822,"{'humans': 14735, 'halflings': 0, 'elves': 0, 'dwarves': 0, 'half-elves': 0, 'misc.': 1264}",46,Exposure to the elements,['Dictatorship'],"{'Aristocratic': 48, 'Wealthy': 295, 'Comfortable': 1371, 'Modest': 3033, 'Poor': 4851, 'Squalid': 4734, 'Wretched': 1546}",3,"[""['weapons, ''ambergris', 'tools', 'fishing']""]",,Five High Captains,None,Blackstaff Academy,['Common'],,0,1596573468,,60,46.3,75,50,,"[""['weapons, ''ambergris', 'tools', 'fishing']""]",[],"{""humans"": 14735.0, ""halflings"": 0.0, ""elves"": 0.0, ""dwarves"": 0.0, ""half-elves"": 0.0, ""misc."": 1264.0}","{""Aristocratic"": 48.0, ""Wealthy"": 295.0, ""Comfortable"": 1371.0, ""Modest"": 3033.0, ""Poor"": 4851.0, ""Squalid"": 4734.0, ""Wretched"": 1546.0}"
